"Hash","DuplicateNo","KeepHint","Category","Name","FullPath","SizeMB","LastWrite","IsCanonical"
"00F7B3F93A9395C86F9BFA6911CD3EB50831A243BE49DF77160F9B834447F0BC","1","KEEP_CANDIDATE","RuneforgeCore","firewall-rules-pre.json","C:\RUNEFOGE_PRO\runeforge\runeforge\backups\hardening-20260423_235916\firewall-rules-pre.json","0.075","23/04/2026 11:59:26 p. m.","True"
"00F7B3F93A9395C86F9BFA6911CD3EB50831A243BE49DF77160F9B834447F0BC","2","DUPLICATE_REVIEW","RuneforgeCore","firewall-rules-pre.json","C:\RUNEFOGE_PRO\runeforge\backups\hardening-20260423_235916\firewall-rules-pre.json","0.075","23/04/2026 11:59:26 p. m.","True"
"0108F0BDC2A31D9882AA46F994E52977FF3B69B690637E2B4E2E6B2718D9ECFF","1","KEEP_CANDIDATE","RuneforgeCore","nvenc_colorspace.h","C:\RUNEFOGE_PRO\runeforge-mvp\runeforge-mvp\_archive\source-zips\Sunshine-master\Sunshine-master\src\nvenc\nvenc_colorspace.h","0","21/03/2026 08:14:42 p. m.","True"
"0108F0BDC2A31D9882AA46F994E52977FF3B69B690637E2B4E2E6B2718D9ECFF","2","DUPLICATE_REVIEW","RuneforgeCore","nvenc_colorspace.h","C:\RUNEFOGE_PRO\runeforge\runeforge\app\_archive\source-zips\Sunshine-master\Sunshine-master\src\nvenc\nvenc_colorspace.h","0","21/03/2026 08:14:42 p. m.","True"
"0108F0BDC2A31D9882AA46F994E52977FF3B69B690637E2B4E2E6B2718D9ECFF","3","DUPLICATE_REVIEW","RuneforgeCore","nvenc_colorspace.h","C:\RUNEFOGE_PRO\runeforge\app\_archive\source-zips\Sunshine-master\Sunshine-master\src\nvenc\nvenc_colorspace.h","0","21/03/2026 08:14:42 p. m.","True"
"010DAC7A97442CA6FAF869D2AB21746333A5C9B4972521283B2450074BE5EBC7","1","KEEP_CANDIDATE","RuneforgeCore","upscale_sharp_bilinear.vsh","C:\RUNEFOGE_PRO\runeforge-mvp\runeforge-mvp\retro\_downloads\PPSSPPWindowsARM64\assets\shaders\upscale_sharp_bilinear.vsh","0","15/03/2026 11:52:35 a. m.","True"
"010DAC7A97442CA6FAF869D2AB21746333A5C9B4972521283B2450074BE5EBC7","2","DUPLICATE_REVIEW","RuneforgeCore","upscale_sharp_bilinear.vsh","C:\RUNEFOGE_PRO\runeforge\runeforge\app\retro\_downloads\PPSSPPWindowsARM64\assets\shaders\upscale_sharp_bilinear.vsh","0","15/03/2026 11:52:35 a. m.","True"
"010DAC7A97442CA6FAF869D2AB21746333A5C9B4972521283B2450074BE5EBC7","3","DUPLICATE_REVIEW","RuneforgeCore","upscale_sharp_bilinear.vsh","C:\RUNEFOGE_PRO\runeforge\app\retro\_downloads\PPSSPPWindowsARM64\assets\shaders\upscale_sharp_bilinear.vsh","0","15/03/2026 11:52:35 a. m.","True"
"0136064A3606F12A4C3ADAE7F1AEF5169E60E583815C6CBD2B8255F5BE049F89","1","KEEP_CANDIDATE","MemoriaIA","MEMORIA RUNEGORGE.txt","C:\RUNEFOGE_PRO\MEMORIA RUNEGORGE.txt","0.002","13/04/2026 01:48:58 a. m.","False"
"0136064A3606F12A4C3ADAE7F1AEF5169E60E583815C6CBD2B8255F5BE049F89","2","DUPLICATE_REVIEW","MemoriaIA","MEMORIA RUNEGORGE.txt","C:\RUNEFOGE_PRO\RUNEFOGE_PRO\MEMORIA RUNEGORGE.txt","0.002","13/04/2026 01:48:58 a. m.","False"
"01614DAA2FAE28959BF00DAEF92B2637155A261B5E5A513E8229BA6577EA4478","1","KEEP_CANDIDATE","RuneforgeCore","update_clang_format.py","C:\RUNEFOGE_PRO\runeforge-mvp\runeforge-mvp\_archive\source-zips\Sunshine-master\Sunshine-master\scripts\update_clang_format.py","0.001","21/03/2026 08:14:42 p. m.","True"
"01614DAA2FAE28959BF00DAEF92B2637155A261B5E5A513E8229BA6577EA4478","2","DUPLICATE_REVIEW","RuneforgeCore","update_clang_format.py","C:\RUNEFOGE_PRO\runeforge\runeforge\app\_archive\source-zips\Sunshine-master\Sunshine-master\scripts\update_clang_format.py","0.001","21/03/2026 08:14:42 p. m.","True"
"01614DAA2FAE28959BF00DAEF92B2637155A261B5E5A513E8229BA6577EA4478","3","DUPLICATE_REVIEW","RuneforgeCore","update_clang_format.py","C:\RUNEFOGE_PRO\runeforge\app\_archive\source-zips\Sunshine-master\Sunshine-master\scripts\update_clang_format.py","0.001","21/03/2026 08:14:42 p. m.","True"
"016EDF0E968F184A8DA9C49413C1BFAAAB3FDE71593F192589A58E68E192A2A9","1","KEEP_CANDIDATE","RuneforgeCore","cartoon.vsh","C:\RUNEFOGE_PRO\runeforge-mvp\runeforge-mvp\retro\_downloads\PPSSPPWindowsARM64\assets\shaders\cartoon.vsh","0.001","15/03/2026 11:52:35 a. m.","True"
"016EDF0E968F184A8DA9C49413C1BFAAAB3FDE71593F192589A58E68E192A2A9","2","DUPLICATE_REVIEW","RuneforgeCore","cartoon.vsh","C:\RUNEFOGE_PRO\runeforge\runeforge\app\retro\_downloads\PPSSPPWindowsARM64\assets\shaders\cartoon.vsh","0.001","15/03/2026 11:52:35 a. m.","True"
"016EDF0E968F184A8DA9C49413C1BFAAAB3FDE71593F192589A58E68E192A2A9","3","DUPLICATE_REVIEW","RuneforgeCore","cartoon.vsh","C:\RUNEFOGE_PRO\runeforge\app\retro\_downloads\PPSSPPWindowsARM64\assets\shaders\cartoon.vsh","0.001","15/03/2026 11:52:35 a. m.","True"
"017E561C6505718CB99A7CDA56A7DE23B8CF3FBB300A527DEE430E2F1E3FD6CE","1","KEEP_CANDIDATE","RuneforgeCore","+PRE_DEINSTALL","C:\RUNEFOGE_PRO\runeforge-mvp\runeforge-mvp\_archive\source-zips\Sunshine-master\Sunshine-master\src_assets\bsd\misc\+PRE_DEINSTALL","0.001","21/03/2026 08:14:42 p. m.","True"
"017E561C6505718CB99A7CDA56A7DE23B8CF3FBB300A527DEE430E2F1E3FD6CE","2","DUPLICATE_REVIEW","RuneforgeCore","+PRE_DEINSTALL","C:\RUNEFOGE_PRO\runeforge\runeforge\app\_archive\source-zips\Sunshine-master\Sunshine-master\src_assets\bsd\misc\+PRE_DEINSTALL","0.001","21/03/2026 08:14:42 p. m.","True"
"017E561C6505718CB99A7CDA56A7DE23B8CF3FBB300A527DEE430E2F1E3FD6CE","3","DUPLICATE_REVIEW","RuneforgeCore","+PRE_DEINSTALL","C:\RUNEFOGE_PRO\runeforge\app\_archive\source-zips\Sunshine-master\Sunshine-master\src_assets\bsd\misc\+PRE_DEINSTALL","0.001","21/03/2026 08:14:42 p. m.","True"
"01F3427DC2DA55369402A1B8D28C41A92EAF374F7A7AF54AEF87D32D8FFF8C21","1","KEEP_CANDIDATE","RuneforgeCore","update-pages.yml","C:\RUNEFOGE_PRO\runeforge-mvp\runeforge-mvp\_archive\source-zips\Sunshine-master\Sunshine-master\.github\workflows\update-pages.yml","0.001","21/03/2026 08:14:42 p. m.","True"
"01F3427DC2DA55369402A1B8D28C41A92EAF374F7A7AF54AEF87D32D8FFF8C21","2","DUPLICATE_REVIEW","RuneforgeCore","update-pages.yml","C:\RUNEFOGE_PRO\runeforge\runeforge\app\_archive\source-zips\Sunshine-master\Sunshine-master\.github\workflows\update-pages.yml","0.001","21/03/2026 08:14:42 p. m.","True"
"01F3427DC2DA55369402A1B8D28C41A92EAF374F7A7AF54AEF87D32D8FFF8C21","3","DUPLICATE_REVIEW","RuneforgeCore","update-pages.yml","C:\RUNEFOGE_PRO\runeforge\app\_archive\source-zips\Sunshine-master\Sunshine-master\.github\workflows\update-pages.yml","0.001","21/03/2026 08:14:42 p. m.","True"
"020F139A18C1CD4EA56679AA5E7B869BA74B24AD2FAD74469DB07914C7B79EEC","1","KEEP_CANDIDATE","RuneforgeCore","uk.json","C:\RUNEFOGE_PRO\runeforge-mvp\runeforge-mvp\_archive\source-zips\Sunshine-master\Sunshine-master\src_assets\common\assets\web\public\assets\locale\uk.json","0.062","21/03/2026 08:14:42 p. m.","True"
"020F139A18C1CD4EA56679AA5E7B869BA74B24AD2FAD74469DB07914C7B79EEC","2","DUPLICATE_REVIEW","RuneforgeCore","uk.json","C:\RUNEFOGE_PRO\runeforge\runeforge\app\_archive\source-zips\Sunshine-master\Sunshine-master\src_assets\common\assets\web\public\assets\locale\uk.json","0.062","21/03/2026 08:14:42 p. m.","True"
"020F139A18C1CD4EA56679AA5E7B869BA74B24AD2FAD74469DB07914C7B79EEC","3","DUPLICATE_REVIEW","RuneforgeCore","uk.json","C:\RUNEFOGE_PRO\runeforge\app\_archive\source-zips\Sunshine-master\Sunshine-master\src_assets\common\assets\web\public\assets\locale\uk.json","0.062","21/03/2026 08:14:42 p. m.","True"
"0279EDA863BEB0B2E5E7871A5D2B074F9825468AF49EC787DE645A94AD62483C","1","KEEP_CANDIDATE","RuneforgeCore","ru_RU.ini","C:\RUNEFOGE_PRO\runeforge-mvp\runeforge-mvp\retro\_downloads\PPSSPPWindowsARM64\assets\lang\ru_RU.ini","0.092","15/03/2026 11:52:35 a. m.","True"
"0279EDA863BEB0B2E5E7871A5D2B074F9825468AF49EC787DE645A94AD62483C","2","DUPLICATE_REVIEW","RuneforgeCore","ru_RU.ini","C:\RUNEFOGE_PRO\runeforge\runeforge\app\retro\_downloads\PPSSPPWindowsARM64\assets\lang\ru_RU.ini","0.092","15/03/2026 11:52:35 a. m.","True"
"0279EDA863BEB0B2E5E7871A5D2B074F9825468AF49EC787DE645A94AD62483C","3","DUPLICATE_REVIEW","RuneforgeCore","ru_RU.ini","C:\RUNEFOGE_PRO\runeforge\app\retro\_downloads\PPSSPPWindowsARM64\assets\lang\ru_RU.ini","0.092","15/03/2026 11:52:35 a. m.","True"
"02B08CAE961DBEC4A365493125D6206B28B8FE50BAD0988AED14331B8863FAFA","1","KEEP_CANDIDATE","RuneforgeCore","nvenc_d3d11_native.cpp","C:\RUNEFOGE_PRO\runeforge-mvp\runeforge-mvp\_archive\source-zips\Sunshine-master\Sunshine-master\src\nvenc\nvenc_d3d11_native.cpp","0.002","21/03/2026 08:14:42 p. m.","True"
"02B08CAE961DBEC4A365493125D6206B28B8FE50BAD0988AED14331B8863FAFA","2","DUPLICATE_REVIEW","RuneforgeCore","nvenc_d3d11_native.cpp","C:\RUNEFOGE_PRO\runeforge\runeforge\app\_archive\source-zips\Sunshine-master\Sunshine-master\src\nvenc\nvenc_d3d11_native.cpp","0.002","21/03/2026 08:14:42 p. m.","True"
"02B08CAE961DBEC4A365493125D6206B28B8FE50BAD0988AED14331B8863FAFA","3","DUPLICATE_REVIEW","RuneforgeCore","nvenc_d3d11_native.cpp","C:\RUNEFOGE_PRO\runeforge\app\_archive\source-zips\Sunshine-master\Sunshine-master\src\nvenc\nvenc_d3d11_native.cpp","0.002","21/03/2026 08:14:42 p. m.","True"
"03C4D786461FB6E602817D6EF49664C77C2EFB41B050DBF3B520744B96AE2A30","1","KEEP_CANDIDATE","RuneforgeCore","logo-sunshine-45.png","C:\RUNEFOGE_PRO\runeforge-mvp\runeforge-mvp\_archive\source-zips\Sunshine-master\Sunshine-master\src_assets\common\assets\web\public\images\logo-sunshine-45.png","0.002","21/03/2026 08:14:42 p. m.","True"
"03C4D786461FB6E602817D6EF49664C77C2EFB41B050DBF3B520744B96AE2A30","2","DUPLICATE_REVIEW","RuneforgeCore","logo-sunshine-45.png","C:\RUNEFOGE_PRO\runeforge\runeforge\app\_archive\source-zips\Sunshine-master\Sunshine-master\src_assets\common\assets\web\public\images\logo-sunshine-45.png","0.002","21/03/2026 08:14:42 p. m.","True"
"03C4D786461FB6E602817D6EF49664C77C2EFB41B050DBF3B520744B96AE2A30","3","DUPLICATE_REVIEW","RuneforgeCore","logo-sunshine-45.png","C:\RUNEFOGE_PRO\runeforge\app\_archive\source-zips\Sunshine-master\Sunshine-master\src_assets\common\assets\web\public\images\logo-sunshine-45.png","0.002","21/03/2026 08:14:42 p. m.","True"
"0405DB474FB3772E059C0550CFD613BA94CAA77F46939D1DC97AAE3FBA0222E0","1","KEEP_CANDIDATE","RuneforgeCore","dxgi.cpp","C:\RUNEFOGE_PRO\runeforge-mvp\runeforge-mvp\_archive\source-zips\Sunshine-master\Sunshine-master\tools\dxgi.cpp","0.003","21/03/2026 08:14:42 p. m.","True"
"0405DB474FB3772E059C0550CFD613BA94CAA77F46939D1DC97AAE3FBA0222E0","2","DUPLICATE_REVIEW","RuneforgeCore","dxgi.cpp","C:\RUNEFOGE_PRO\runeforge\runeforge\app\_archive\source-zips\Sunshine-master\Sunshine-master\tools\dxgi.cpp","0.003","21/03/2026 08:14:42 p. m.","True"
"0405DB474FB3772E059C0550CFD613BA94CAA77F46939D1DC97AAE3FBA0222E0","3","DUPLICATE_REVIEW","RuneforgeCore","dxgi.cpp","C:\RUNEFOGE_PRO\runeforge\app\_archive\source-zips\Sunshine-master\Sunshine-master\tools\dxgi.cpp","0.003","21/03/2026 08:14:42 p. m.","True"
"042DE2E1C3CEEDFC9012E0B961383BCE766CF7EE62A29B01B5D964473BA867BF","1","KEEP_CANDIDATE","RuneforgeCore","RUNEFORGE_COMMANDER_V43_5_CLEAN_OPS_FUSION.ahk.20260424_194700.ui_patch.bak","C:\RUNEFOGE_PRO\runeforge\runeforge\backups\commander\RUNEFORGE_COMMANDER_V43_5_CLEAN_OPS_FUSION.ahk.20260424_194700.ui_patch.bak","0.012","24/04/2026 07:46:32 p. m.","True"
"042DE2E1C3CEEDFC9012E0B961383BCE766CF7EE62A29B01B5D964473BA867BF","2","DUPLICATE_REVIEW","RuneforgeCore","RUNEFORGE_COMMANDER_V43_5_CLEAN_OPS_FUSION.ahk.20260424_194700.ui_patch.bak","C:\RUNEFOGE_PRO\runeforge\backups\commander\RUNEFORGE_COMMANDER_V43_5_CLEAN_OPS_FUSION.ahk.20260424_194700.ui_patch.bak","0.012","24/04/2026 07:46:32 p. m.","True"
"04350080EE7EF2018FC733CDAA48C38566A4FE3DF15CCD1BF09ABAA7C7099637","1","KEEP_CANDIDATE","RuneforgeCore","PS2dumperV2_bin.7z","C:\RUNEFOGE_PRO\runeforge-mvp\runeforge-mvp\retro\tools\ps2-bios-dumper\PS2dumperV2_bin.7z","0.281","22/03/2026 08:03:00 p. m.","True"
"04350080EE7EF2018FC733CDAA48C38566A4FE3DF15CCD1BF09ABAA7C7099637","2","DUPLICATE_REVIEW","RuneforgeCore","PS2dumperV2_bin.7z","C:\RUNEFOGE_PRO\runeforge\runeforge\app\retro\tools\ps2-bios-dumper\PS2dumperV2_bin.7z","0.281","22/03/2026 08:03:00 p. m.","True"
"04350080EE7EF2018FC733CDAA48C38566A4FE3DF15CCD1BF09ABAA7C7099637","3","DUPLICATE_REVIEW","RuneforgeCore","PS2dumperV2_bin.7z","C:\RUNEFOGE_PRO\runeforge\app\retro\tools\ps2-bios-dumper\PS2dumperV2_bin.7z","0.281","22/03/2026 08:03:00 p. m.","True"
"047ADBEF86670A7C928CB977B825DB199594162226BCB5617EAE54A27C991ED0","1","KEEP_CANDIDATE","RuneforgeCore","macos.cmake","C:\RUNEFOGE_PRO\runeforge-mvp\runeforge-mvp\_archive\source-zips\Sunshine-master\Sunshine-master\cmake\macros\macos.cmake","0.001","21/03/2026 08:14:42 p. m.","True"
"047ADBEF86670A7C928CB977B825DB199594162226BCB5617EAE54A27C991ED0","2","DUPLICATE_REVIEW","RuneforgeCore","macos.cmake","C:\RUNEFOGE_PRO\runeforge\runeforge\app\_archive\source-zips\Sunshine-master\Sunshine-master\cmake\macros\macos.cmake","0.001","21/03/2026 08:14:42 p. m.","True"
"047ADBEF86670A7C928CB977B825DB199594162226BCB5617EAE54A27C991ED0","3","DUPLICATE_REVIEW","RuneforgeCore","macos.cmake","C:\RUNEFOGE_PRO\runeforge\app\_archive\source-zips\Sunshine-master\Sunshine-master\cmake\macros\macos.cmake","0.001","21/03/2026 08:14:42 p. m.","True"
"04AC3B5E3BB9F61A21779F4CC5B921CDE386BE61F0D305A2FCAFEF1766B6526C","1","KEEP_CANDIDATE","RuneforgeCore","audio.cpp","C:\RUNEFOGE_PRO\runeforge-mvp\runeforge-mvp\_archive\source-zips\Sunshine-master\Sunshine-master\src\platform\linux\audio.cpp","0.015","21/03/2026 08:14:42 p. m.","True"
"04AC3B5E3BB9F61A21779F4CC5B921CDE386BE61F0D305A2FCAFEF1766B6526C","2","DUPLICATE_REVIEW","RuneforgeCore","audio.cpp","C:\RUNEFOGE_PRO\runeforge\runeforge\app\_archive\source-zips\Sunshine-master\Sunshine-master\src\platform\linux\audio.cpp","0.015","21/03/2026 08:14:42 p. m.","True"
"04AC3B5E3BB9F61A21779F4CC5B921CDE386BE61F0D305A2FCAFEF1766B6526C","3","DUPLICATE_REVIEW","RuneforgeCore","audio.cpp","C:\RUNEFOGE_PRO\runeforge\app\_archive\source-zips\Sunshine-master\Sunshine-master\src\platform\linux\audio.cpp","0.015","21/03/2026 08:14:42 p. m.","True"
"05C8125773095FE4970F8A907C063465F98F68AB274D9E657A342397175B6C2E","1","KEEP_CANDIDATE","RuneforgeCore","ubuntu-22.04.dockerfile","C:\RUNEFOGE_PRO\runeforge-mvp\runeforge-mvp\_archive\source-zips\Sunshine-master\Sunshine-master\docker\ubuntu-22.04.dockerfile","0.003","21/03/2026 08:14:42 p. m.","True"
"05C8125773095FE4970F8A907C063465F98F68AB274D9E657A342397175B6C2E","2","DUPLICATE_REVIEW","RuneforgeCore","ubuntu-22.04.dockerfile","C:\RUNEFOGE_PRO\runeforge\runeforge\app\_archive\source-zips\Sunshine-master\Sunshine-master\docker\ubuntu-22.04.dockerfile","0.003","21/03/2026 08:14:42 p. m.","True"
"05C8125773095FE4970F8A907C063465F98F68AB274D9E657A342397175B6C2E","3","DUPLICATE_REVIEW","RuneforgeCore","ubuntu-22.04.dockerfile","C:\RUNEFOGE_PRO\runeforge\app\_archive\source-zips\Sunshine-master\Sunshine-master\docker\ubuntu-22.04.dockerfile","0.003","21/03/2026 08:14:42 p. m.","True"
"064D18153DCE62FFA4302CB7680C1021827D6BE27014429A765748951C93764B","1","KEEP_CANDIDATE","RuneforgeCore","audit-summary.txt","C:\RUNEFOGE_PRO\runeforge\runeforge\data\audits\20260423_235227\audit-summary.txt","0.001","23/04/2026 11:53:34 p. m.","True"
"064D18153DCE62FFA4302CB7680C1021827D6BE27014429A765748951C93764B","2","DUPLICATE_REVIEW","RuneforgeCore","audit-summary.txt","C:\RUNEFOGE_PRO\runeforge\data\audits\20260423_235227\audit-summary.txt","0.001","23/04/2026 11:53:34 p. m.","True"
"066547DEB91EB14CA89463FAD3A4F3E621123BE34C4EA5E587CA1A48CCA0EE36","1","KEEP_CANDIDATE","RuneforgeCore","strawberry.ini","C:\RUNEFOGE_PRO\runeforge-mvp\runeforge-mvp\retro\_downloads\PPSSPPWindowsARM64\assets\themes\strawberry.ini","0.001","15/03/2026 11:52:35 a. m.","True"
"066547DEB91EB14CA89463FAD3A4F3E621123BE34C4EA5E587CA1A48CCA0EE36","2","DUPLICATE_REVIEW","RuneforgeCore","strawberry.ini","C:\RUNEFOGE_PRO\runeforge\runeforge\app\retro\_downloads\PPSSPPWindowsARM64\assets\themes\strawberry.ini","0.001","15/03/2026 11:52:35 a. m.","True"
"066547DEB91EB14CA89463FAD3A4F3E621123BE34C4EA5E587CA1A48CCA0EE36","3","DUPLICATE_REVIEW","RuneforgeCore","strawberry.ini","C:\RUNEFOGE_PRO\runeforge\app\retro\_downloads\PPSSPPWindowsARM64\assets\themes\strawberry.ini","0.001","15/03/2026 11:52:35 a. m.","True"
"066942FDA12C0630F8961D758FABF65D3203AE031B0E66D04A719A0985AA3801","1","KEEP_CANDIDATE","RuneforgeCore","inputtino_mouse.h","C:\RUNEFOGE_PRO\runeforge-mvp\runeforge-mvp\_archive\source-zips\Sunshine-master\Sunshine-master\src\platform\linux\input\inputtino_mouse.h","0.001","21/03/2026 08:14:42 p. m.","True"
"066942FDA12C0630F8961D758FABF65D3203AE031B0E66D04A719A0985AA3801","2","DUPLICATE_REVIEW","RuneforgeCore","inputtino_mouse.h","C:\RUNEFOGE_PRO\runeforge\runeforge\app\_archive\source-zips\Sunshine-master\Sunshine-master\src\platform\linux\input\inputtino_mouse.h","0.001","21/03/2026 08:14:42 p. m.","True"
"066942FDA12C0630F8961D758FABF65D3203AE031B0E66D04A719A0985AA3801","3","DUPLICATE_REVIEW","RuneforgeCore","inputtino_mouse.h","C:\RUNEFOGE_PRO\runeforge\app\_archive\source-zips\Sunshine-master\Sunshine-master\src\platform\linux\input\inputtino_mouse.h","0.001","21/03/2026 08:14:42 p. m.","True"
"06C14C8D1E9BAFF0EE5471E6905A6403E06F347133D7BE7585FCDB95A3569E1D","1","KEEP_CANDIDATE","RuneforgeCore","Sunshine.spec","C:\RUNEFOGE_PRO\runeforge-mvp\runeforge-mvp\_archive\source-zips\Sunshine-master\Sunshine-master\packaging\linux\copr\Sunshine.spec","0.01","21/03/2026 08:14:42 p. m.","True"
"06C14C8D1E9BAFF0EE5471E6905A6403E06F347133D7BE7585FCDB95A3569E1D","2","DUPLICATE_REVIEW","RuneforgeCore","Sunshine.spec","C:\RUNEFOGE_PRO\runeforge\runeforge\app\_archive\source-zips\Sunshine-master\Sunshine-master\packaging\linux\copr\Sunshine.spec","0.01","21/03/2026 08:14:42 p. m.","True"
"06C14C8D1E9BAFF0EE5471E6905A6403E06F347133D7BE7585FCDB95A3569E1D","3","DUPLICATE_REVIEW","RuneforgeCore","Sunshine.spec","C:\RUNEFOGE_PRO\runeforge\app\_archive\source-zips\Sunshine-master\Sunshine-master\packaging\linux\copr\Sunshine.spec","0.01","21/03/2026 08:14:42 p. m.","True"
"076C377F6BB4B31618AEB529BFF1C6C94860DECE56FC3F514F67C0A2F8FE9183","1","KEEP_CANDIDATE","RuneforgeCore","PROMPT_ESTADO_ACTUAL_RUNEFORGE.txt","C:\RUNEFOGE_PRO\runeforge\runeforge\docs\PROMPT_ESTADO_ACTUAL_RUNEFORGE.txt","0.001","23/04/2026 11:53:33 p. m.","True"
"076C377F6BB4B31618AEB529BFF1C6C94860DECE56FC3F514F67C0A2F8FE9183","2","DUPLICATE_REVIEW","RuneforgeCore","PROMPT_ESTADO_ACTUAL_RUNEFORGE.txt","C:\RUNEFOGE_PRO\runeforge\runeforge\data\audits\20260423_235227\PROMPT_ESTADO_ACTUAL_RUNEFORGE.txt","0.001","23/04/2026 11:53:33 p. m.","True"
"076C377F6BB4B31618AEB529BFF1C6C94860DECE56FC3F514F67C0A2F8FE9183","3","DUPLICATE_REVIEW","RuneforgeCore","PROMPT_ESTADO_ACTUAL_RUNEFORGE.txt","C:\RUNEFOGE_PRO\runeforge\docs\PROMPT_ESTADO_ACTUAL_RUNEFORGE.txt","0.001","23/04/2026 11:53:33 p. m.","True"
"076C377F6BB4B31618AEB529BFF1C6C94860DECE56FC3F514F67C0A2F8FE9183","4","DUPLICATE_REVIEW","RuneforgeCore","PROMPT_ESTADO_ACTUAL_RUNEFORGE.txt","C:\RUNEFOGE_PRO\runeforge\data\audits\20260423_235227\PROMPT_ESTADO_ACTUAL_RUNEFORGE.txt","0.001","23/04/2026 11:53:33 p. m.","True"
"077892381F5C87CE6128B712994453A73C0559E7625AB1129EE0144A2E78E9D4","1","KEEP_CANDIDATE","RuneforgeCore","Start-Runeforge-Commander-V42.ps1","C:\RUNEFOGE_PRO\runeforge\scripts\Start-Runeforge-Commander-V42.ps1","0.001","24/04/2026 01:22:09 a. m.","True"
"077892381F5C87CE6128B712994453A73C0559E7625AB1129EE0144A2E78E9D4","2","DUPLICATE_REVIEW","RuneforgeCore","Start-Runeforge-Commander-V42.ps1","C:\RUNEFOGE_PRO\runeforge\runeforge\scripts\Start-Runeforge-Commander-V42.ps1","0.001","24/04/2026 01:22:09 a. m.","True"
"08B8CE5ECA1A327C7A8F8067458E7F07A32523A09DAA7F35A2880A8BC607F3AE","1","KEEP_CANDIDATE","RuneforgeCore","RUNEFORGE_PANEL_MINI.cmd","C:\RUNEFOGE_PRO\runeforge\RUNEFORGE_PANEL_MINI.cmd","0","25/04/2026 02:21:41 a. m.","True"
"08B8CE5ECA1A327C7A8F8067458E7F07A32523A09DAA7F35A2880A8BC607F3AE","2","DUPLICATE_REVIEW","RuneforgeCore","RUNEFORGE_PANEL_MINI.cmd.20260425_022141.v43_6_backup","C:\RUNEFOGE_PRO\runeforge\backups\commander\RUNEFORGE_PANEL_MINI.cmd.20260425_022141.v43_6_backup","0","25/04/2026 02:20:14 a. m.","True"
"08D2349ACE2F79BE4F3EE0880C7AF59057FCBE75B9BFC09CB453F4BA80113F67","1","KEEP_CANDIDATE","RuneforgeCore","convert_yuv444_packed_ayuv_ps.hlsl","C:\RUNEFOGE_PRO\runeforge-mvp\runeforge-mvp\_archive\source-zips\Sunshine-master\Sunshine-master\src_assets\windows\assets\shaders\directx\convert_yuv444_packed_ayuv_ps.hlsl","0","21/03/2026 08:14:42 p. m.","True"
"08D2349ACE2F79BE4F3EE0880C7AF59057FCBE75B9BFC09CB453F4BA80113F67","2","DUPLICATE_REVIEW","RuneforgeCore","convert_yuv444_packed_ayuv_ps.hlsl","C:\RUNEFOGE_PRO\runeforge\runeforge\app\_archive\source-zips\Sunshine-master\Sunshine-master\src_assets\windows\assets\shaders\directx\convert_yuv444_packed_ayuv_ps.hlsl","0","21/03/2026 08:14:42 p. m.","True"
"08D2349ACE2F79BE4F3EE0880C7AF59057FCBE75B9BFC09CB453F4BA80113F67","3","DUPLICATE_REVIEW","RuneforgeCore","convert_yuv444_packed_ayuv_ps.hlsl","C:\RUNEFOGE_PRO\runeforge\app\_archive\source-zips\Sunshine-master\Sunshine-master\src_assets\windows\assets\shaders\directx\convert_yuv444_packed_ayuv_ps.hlsl","0","21/03/2026 08:14:42 p. m.","True"
"097EE35EE0ECE8D070EC20FDADD00BABBB48026513684B105D9B4E5DF4203472","1","KEEP_CANDIDATE","RuneforgeCore","main.fe87e942.js.map","C:\RUNEFOGE_PRO\runeforge-mvp\runeforge-mvp\retro\_downloads\PPSSPPWindowsARM64\assets\debugger\static\js\main.fe87e942.js.map","2.132","15/03/2026 11:53:07 a. m.","True"
"097EE35EE0ECE8D070EC20FDADD00BABBB48026513684B105D9B4E5DF4203472","2","DUPLICATE_REVIEW","RuneforgeCore","main.fe87e942.js.map","C:\RUNEFOGE_PRO\runeforge\runeforge\app\retro\_downloads\PPSSPPWindowsARM64\assets\debugger\static\js\main.fe87e942.js.map","2.132","15/03/2026 11:53:07 a. m.","True"
"097EE35EE0ECE8D070EC20FDADD00BABBB48026513684B105D9B4E5DF4203472","3","DUPLICATE_REVIEW","RuneforgeCore","main.fe87e942.js.map","C:\RUNEFOGE_PRO\runeforge\app\retro\_downloads\PPSSPPWindowsARM64\assets\debugger\static\js\main.fe87e942.js.map","2.132","15/03/2026 11:53:07 a. m.","True"
"09828C736259FE0991688C0F6DE868817EC5977D3445F1E0AFBC21600F94D874","1","KEEP_CANDIDATE","RuneforgeCore","stereo_red_blue.fsh","C:\RUNEFOGE_PRO\runeforge-mvp\runeforge-mvp\retro\_downloads\PPSSPPWindowsARM64\assets\shaders\stereo_red_blue.fsh","0.001","15/03/2026 11:52:35 a. m.","True"
"09828C736259FE0991688C0F6DE868817EC5977D3445F1E0AFBC21600F94D874","2","DUPLICATE_REVIEW","RuneforgeCore","stereo_red_blue.fsh","C:\RUNEFOGE_PRO\runeforge\runeforge\app\retro\_downloads\PPSSPPWindowsARM64\assets\shaders\stereo_red_blue.fsh","0.001","15/03/2026 11:52:35 a. m.","True"
"09828C736259FE0991688C0F6DE868817EC5977D3445F1E0AFBC21600F94D874","3","DUPLICATE_REVIEW","RuneforgeCore","stereo_red_blue.fsh","C:\RUNEFOGE_PRO\runeforge\app\retro\_downloads\PPSSPPWindowsARM64\assets\shaders\stereo_red_blue.fsh","0.001","15/03/2026 11:52:35 a. m.","True"
"09A498537E09E0E2D06ED5D83A74F38C8C3FA7218424BFA63F6665AD65DA2013","1","KEEP_CANDIDATE","RuneforgeCore","RUNEFORGE_COMMANDER_V43_5_CLEAN_OPS_FUSION.ahk.20260424_194631.ui_patch.bak","C:\RUNEFOGE_PRO\runeforge\runeforge\backups\commander\RUNEFORGE_COMMANDER_V43_5_CLEAN_OPS_FUSION.ahk.20260424_194631.ui_patch.bak","0.012","24/04/2026 07:42:12 p. m.","True"
"09A498537E09E0E2D06ED5D83A74F38C8C3FA7218424BFA63F6665AD65DA2013","2","DUPLICATE_REVIEW","RuneforgeCore","RUNEFORGE_COMMANDER_V43_5_CLEAN_OPS_FUSION.ahk.20260424_194631.ui_patch.bak","C:\RUNEFOGE_PRO\runeforge\backups\commander\RUNEFORGE_COMMANDER_V43_5_CLEAN_OPS_FUSION.ahk.20260424_194631.ui_patch.bak","0.012","24/04/2026 07:42:12 p. m.","True"
"09C9C9E4FADE9408FB41F5D1EB2858DCE88254DF2933ACBB933504C8B2A5E272","1","KEEP_CANDIDATE","RuneforgeCore","inputtino_pen.cpp","C:\RUNEFOGE_PRO\runeforge-mvp\runeforge-mvp\_archive\source-zips\Sunshine-master\Sunshine-master\src\platform\linux\input\inputtino_pen.cpp","0.002","21/03/2026 08:14:42 p. m.","True"
"09C9C9E4FADE9408FB41F5D1EB2858DCE88254DF2933ACBB933504C8B2A5E272","2","DUPLICATE_REVIEW","RuneforgeCore","inputtino_pen.cpp","C:\RUNEFOGE_PRO\runeforge\runeforge\app\_archive\source-zips\Sunshine-master\Sunshine-master\src\platform\linux\input\inputtino_pen.cpp","0.002","21/03/2026 08:14:42 p. m.","True"
"09C9C9E4FADE9408FB41F5D1EB2858DCE88254DF2933ACBB933504C8B2A5E272","3","DUPLICATE_REVIEW","RuneforgeCore","inputtino_pen.cpp","C:\RUNEFOGE_PRO\runeforge\app\_archive\source-zips\Sunshine-master\Sunshine-master\src\platform\linux\input\inputtino_pen.cpp","0.002","21/03/2026 08:14:42 p. m.","True"
"0A0594497CA3EEB6200457D5871FFDA559D76E77C61F2E414460D3F0E1C45855","1","KEEP_CANDIDATE","RuneforgeCore","cuda.cpp","C:\RUNEFOGE_PRO\runeforge-mvp\runeforge-mvp\_archive\source-zips\Sunshine-master\Sunshine-master\src\platform\linux\cuda.cpp","0.029","21/03/2026 08:14:42 p. m.","True"
"0A0594497CA3EEB6200457D5871FFDA559D76E77C61F2E414460D3F0E1C45855","2","DUPLICATE_REVIEW","RuneforgeCore","cuda.cpp","C:\RUNEFOGE_PRO\runeforge\runeforge\app\_archive\source-zips\Sunshine-master\Sunshine-master\src\platform\linux\cuda.cpp","0.029","21/03/2026 08:14:42 p. m.","True"
"0A0594497CA3EEB6200457D5871FFDA559D76E77C61F2E414460D3F0E1C45855","3","DUPLICATE_REVIEW","RuneforgeCore","cuda.cpp","C:\RUNEFOGE_PRO\runeforge\app\_archive\source-zips\Sunshine-master\Sunshine-master\src\platform\linux\cuda.cpp","0.029","21/03/2026 08:14:42 p. m.","True"
"0A26DEBD8D4186AEDE2857BCBD62E0D85B2D6CB864FA45A877E998D7AC81F706","1","KEEP_CANDIDATE","RuneforgeCore","IntelQuickSyncEncoder.vue","C:\RUNEFOGE_PRO\runeforge-mvp\runeforge-mvp\_archive\source-zips\Sunshine-master\Sunshine-master\src_assets\common\assets\web\configs\tabs\encoders\IntelQuickSyncEncoder.vue","0.002","21/03/2026 08:14:42 p. m.","True"
"0A26DEBD8D4186AEDE2857BCBD62E0D85B2D6CB864FA45A877E998D7AC81F706","2","DUPLICATE_REVIEW","RuneforgeCore","IntelQuickSyncEncoder.vue","C:\RUNEFOGE_PRO\runeforge\runeforge\app\_archive\source-zips\Sunshine-master\Sunshine-master\src_assets\common\assets\web\configs\tabs\encoders\IntelQuickSyncEncoder.vue","0.002","21/03/2026 08:14:42 p. m.","True"
"0A26DEBD8D4186AEDE2857BCBD62E0D85B2D6CB864FA45A877E998D7AC81F706","3","DUPLICATE_REVIEW","RuneforgeCore","IntelQuickSyncEncoder.vue","C:\RUNEFOGE_PRO\runeforge\app\_archive\source-zips\Sunshine-master\Sunshine-master\src_assets\common\assets\web\configs\tabs\encoders\IntelQuickSyncEncoder.vue","0.002","21/03/2026 08:14:42 p. m.","True"
"0A28A98F7B250F77E63B10EF274559FD1632FE15891A3E43731068B7BBC4F275","1","KEEP_CANDIDATE","RuneforgeCore","sunshine.install","C:\RUNEFOGE_PRO\runeforge-mvp\runeforge-mvp\_archive\source-zips\Sunshine-master\Sunshine-master\packaging\linux\Arch\sunshine.install","0","21/03/2026 08:14:42 p. m.","True"
"0A28A98F7B250F77E63B10EF274559FD1632FE15891A3E43731068B7BBC4F275","2","DUPLICATE_REVIEW","RuneforgeCore","sunshine.install","C:\RUNEFOGE_PRO\runeforge\runeforge\app\_archive\source-zips\Sunshine-master\Sunshine-master\packaging\linux\Arch\sunshine.install","0","21/03/2026 08:14:42 p. m.","True"
"0A28A98F7B250F77E63B10EF274559FD1632FE15891A3E43731068B7BBC4F275","3","DUPLICATE_REVIEW","RuneforgeCore","sunshine.install","C:\RUNEFOGE_PRO\runeforge\app\_archive\source-zips\Sunshine-master\Sunshine-master\packaging\linux\Arch\sunshine.install","0","21/03/2026 08:14:42 p. m.","True"
"0A45E64960AAA412D73FF9C7AB4DE6C53C2BC881D8809D21827B1674A6A8AC5D","1","KEEP_CANDIDATE","RuneforgeCore","RUNEFORGE_CURRENT_STATE_MEMORY.md","C:\RUNEFOGE_PRO\runeforge\runeforge\docs\RUNEFORGE_CURRENT_STATE_MEMORY.md","0.042","23/04/2026 11:53:33 p. m.","True"
"0A45E64960AAA412D73FF9C7AB4DE6C53C2BC881D8809D21827B1674A6A8AC5D","2","DUPLICATE_REVIEW","RuneforgeCore","RUNEFORGE_CURRENT_STATE_MEMORY.md","C:\RUNEFOGE_PRO\runeforge\runeforge\data\audits\20260423_235227\RUNEFORGE_CURRENT_STATE_MEMORY.md","0.042","23/04/2026 11:53:33 p. m.","True"
"0A45E64960AAA412D73FF9C7AB4DE6C53C2BC881D8809D21827B1674A6A8AC5D","3","DUPLICATE_REVIEW","RuneforgeCore","RUNEFORGE_CURRENT_STATE_MEMORY.md","C:\RUNEFOGE_PRO\runeforge\docs\RUNEFORGE_CURRENT_STATE_MEMORY.md","0.042","23/04/2026 11:53:33 p. m.","True"
"0A45E64960AAA412D73FF9C7AB4DE6C53C2BC881D8809D21827B1674A6A8AC5D","4","DUPLICATE_REVIEW","RuneforgeCore","RUNEFORGE_CURRENT_STATE_MEMORY.md","C:\RUNEFOGE_PRO\runeforge\data\audits\20260423_235227\RUNEFORGE_CURRENT_STATE_MEMORY.md","0.042","23/04/2026 11:53:33 p. m.","True"
"0A9E586F9BB9FE86D3CCF99D3DA056607B3D9DE2CA1183DCC2269CBB80EC581D","1","KEEP_CANDIDATE","RuneforgeCore","audio.cpp","C:\RUNEFOGE_PRO\runeforge-mvp\runeforge-mvp\_archive\source-zips\Sunshine-master\Sunshine-master\src\platform\windows\audio.cpp","0.04","21/03/2026 08:14:42 p. m.","True"
"0A9E586F9BB9FE86D3CCF99D3DA056607B3D9DE2CA1183DCC2269CBB80EC581D","2","DUPLICATE_REVIEW","RuneforgeCore","audio.cpp","C:\RUNEFOGE_PRO\runeforge\runeforge\app\_archive\source-zips\Sunshine-master\Sunshine-master\src\platform\windows\audio.cpp","0.04","21/03/2026 08:14:42 p. m.","True"
"0A9E586F9BB9FE86D3CCF99D3DA056607B3D9DE2CA1183DCC2269CBB80EC581D","3","DUPLICATE_REVIEW","RuneforgeCore","audio.cpp","C:\RUNEFOGE_PRO\runeforge\app\_archive\source-zips\Sunshine-master\Sunshine-master\src\platform\windows\audio.cpp","0.04","21/03/2026 08:14:42 p. m.","True"
"0AAAD62D31DF390C98020288DFD152FCAA402039DC3E744CE00430C213424813","1","KEEP_CANDIDATE","RuneforgeCore","_common-lint.yml","C:\RUNEFOGE_PRO\runeforge-mvp\runeforge-mvp\_archive\source-zips\Sunshine-master\Sunshine-master\.github\workflows\_common-lint.yml","0.001","21/03/2026 08:14:42 p. m.","True"
"0AAAD62D31DF390C98020288DFD152FCAA402039DC3E744CE00430C213424813","2","DUPLICATE_REVIEW","RuneforgeCore","_common-lint.yml","C:\RUNEFOGE_PRO\runeforge\runeforge\app\_archive\source-zips\Sunshine-master\Sunshine-master\.github\workflows\_common-lint.yml","0.001","21/03/2026 08:14:42 p. m.","True"
"0AAAD62D31DF390C98020288DFD152FCAA402039DC3E744CE00430C213424813","3","DUPLICATE_REVIEW","RuneforgeCore","_common-lint.yml","C:\RUNEFOGE_PRO\runeforge\app\_archive\source-zips\Sunshine-master\Sunshine-master\.github\workflows\_common-lint.yml","0.001","21/03/2026 08:14:42 p. m.","True"
"0AEE9FD249988073E4F364CD724CB6F54AA0C57CE0B515A1FE69A65444A92C55","1","KEEP_CANDIDATE","RuneforgeCore","vfpu_rcp_lut.dat","C:\RUNEFOGE_PRO\runeforge-mvp\runeforge-mvp\retro\_downloads\PPSSPPWindowsARM64\assets\vfpu\vfpu_rcp_lut.dat","0.25","15/03/2026 11:52:35 a. m.","True"
"0AEE9FD249988073E4F364CD724CB6F54AA0C57CE0B515A1FE69A65444A92C55","2","DUPLICATE_REVIEW","RuneforgeCore","vfpu_rcp_lut.dat","C:\RUNEFOGE_PRO\runeforge\runeforge\app\retro\_downloads\PPSSPPWindowsARM64\assets\vfpu\vfpu_rcp_lut.dat","0.25","15/03/2026 11:52:35 a. m.","True"
"0AEE9FD249988073E4F364CD724CB6F54AA0C57CE0B515A1FE69A65444A92C55","3","DUPLICATE_REVIEW","RuneforgeCore","vfpu_rcp_lut.dat","C:\RUNEFOGE_PRO\runeforge\app\retro\_downloads\PPSSPPWindowsARM64\assets\vfpu\vfpu_rcp_lut.dat","0.25","15/03/2026 11:52:35 a. m.","True"
"0B182D7B071D66361A52DF8C1484AD183947FA112CC999F36F270DDF8DAE56C4","1","KEEP_CANDIDATE","RuneforgeCore","hello.txt","C:\RUNEFOGE_PRO\runeforge-mvp\runeforge-mvp\_archive\source-zips\Sunshine-master\Sunshine-master\tests\fixtures\http\hello.txt","0","21/03/2026 08:14:42 p. m.","True"
"0B182D7B071D66361A52DF8C1484AD183947FA112CC999F36F270DDF8DAE56C4","2","DUPLICATE_REVIEW","RuneforgeCore","hello.txt","C:\RUNEFOGE_PRO\runeforge\runeforge\app\_archive\source-zips\Sunshine-master\Sunshine-master\tests\fixtures\http\hello.txt","0","21/03/2026 08:14:42 p. m.","True"
"0B182D7B071D66361A52DF8C1484AD183947FA112CC999F36F270DDF8DAE56C4","3","DUPLICATE_REVIEW","RuneforgeCore","hello.txt","C:\RUNEFOGE_PRO\runeforge\app\_archive\source-zips\Sunshine-master\Sunshine-master\tests\fixtures\http\hello.txt","0","21/03/2026 08:14:42 p. m.","True"
"0B3F75B930DF8A40C10EC8CF928EB8DAB1000CFBED29B1DCD1192C71311FC00B","1","KEEP_CANDIDATE","Laboratorio","help.sh","C:\RUNEFOGE_PRO\RUNEFOGE_PRO\lab_v1_1_files\lab\scripts\cmds\help.sh","0","16/03/2026 07:45:30 p. m.","False"
"0B3F75B930DF8A40C10EC8CF928EB8DAB1000CFBED29B1DCD1192C71311FC00B","2","DUPLICATE_REVIEW","Laboratorio","help.sh","C:\RUNEFOGE_PRO\lab_v1_1_files\lab\scripts\cmds\help.sh","0","16/03/2026 07:45:30 p. m.","False"
"0CB72BDCE33780B78596001FDC6842C244AAC06E813FDDF28E3437E4DB45DD5B","1","KEEP_CANDIDATE","RuneforgeCore","ltn1.pgf","C:\RUNEFOGE_PRO\runeforge-mvp\runeforge-mvp\retro\_downloads\PPSSPPWindowsARM64\assets\flash0\font\ltn1.pgf","0.036","15/03/2026 11:52:35 a. m.","True"
"0CB72BDCE33780B78596001FDC6842C244AAC06E813FDDF28E3437E4DB45DD5B","2","DUPLICATE_REVIEW","RuneforgeCore","ltn1.pgf","C:\RUNEFOGE_PRO\runeforge\runeforge\app\retro\_downloads\PPSSPPWindowsARM64\assets\flash0\font\ltn1.pgf","0.036","15/03/2026 11:52:35 a. m.","True"
"0CB72BDCE33780B78596001FDC6842C244AAC06E813FDDF28E3437E4DB45DD5B","3","DUPLICATE_REVIEW","RuneforgeCore","ltn1.pgf","C:\RUNEFOGE_PRO\runeforge\app\retro\_downloads\PPSSPPWindowsARM64\assets\flash0\font\ltn1.pgf","0.036","15/03/2026 11:52:35 a. m.","True"
"0D0733034A3D0AD8B59F7DAAEA139C631CAF466E3ADE77405AF495E1C441A41B","1","KEEP_CANDIDATE","RuneforgeCore","padtest_ps2.elf","C:\RUNEFOGE_PRO\runeforge-mvp\runeforge-mvp\retro\tools\ps2-bios-dumper\padtest_ps2.elf","0.19","22/03/2026 08:02:28 p. m.","True"
"0D0733034A3D0AD8B59F7DAAEA139C631CAF466E3ADE77405AF495E1C441A41B","2","DUPLICATE_REVIEW","RuneforgeCore","padtest_ps2.elf","C:\RUNEFOGE_PRO\runeforge\runeforge\app\retro\tools\ps2-bios-dumper\padtest_ps2.elf","0.19","22/03/2026 08:02:28 p. m.","True"
"0D0733034A3D0AD8B59F7DAAEA139C631CAF466E3ADE77405AF495E1C441A41B","3","DUPLICATE_REVIEW","RuneforgeCore","padtest_ps2.elf","C:\RUNEFOGE_PRO\runeforge\app\retro\tools\ps2-bios-dumper\padtest_ps2.elf","0.19","22/03/2026 08:02:28 p. m.","True"
"0D14F9004EBCEEB616DD7D77CC86417CF6EABF6926D8C1CE28AE5A19AA5EE3B1","1","KEEP_CANDIDATE","RuneforgeCore","entry_handler.h","C:\RUNEFOGE_PRO\runeforge-mvp\runeforge-mvp\_archive\source-zips\Sunshine-master\Sunshine-master\src\entry_handler.h","0.003","21/03/2026 08:14:42 p. m.","True"
"0D14F9004EBCEEB616DD7D77CC86417CF6EABF6926D8C1CE28AE5A19AA5EE3B1","2","DUPLICATE_REVIEW","RuneforgeCore","entry_handler.h","C:\RUNEFOGE_PRO\runeforge\runeforge\app\_archive\source-zips\Sunshine-master\Sunshine-master\src\entry_handler.h","0.003","21/03/2026 08:14:42 p. m.","True"
"0D14F9004EBCEEB616DD7D77CC86417CF6EABF6926D8C1CE28AE5A19AA5EE3B1","3","DUPLICATE_REVIEW","RuneforgeCore","entry_handler.h","C:\RUNEFOGE_PRO\runeforge\app\_archive\source-zips\Sunshine-master\Sunshine-master\src\entry_handler.h","0.003","21/03/2026 08:14:42 p. m.","True"
"0D70DD74A063D319B2685A7F21AC61FBFA52400642B0FAD9B182F9134A58AEC5","1","KEEP_CANDIDATE","RuneforgeCore","ContainerEncoders.vue","C:\RUNEFOGE_PRO\runeforge-mvp\runeforge-mvp\_archive\source-zips\Sunshine-master\Sunshine-master\src_assets\common\assets\web\configs\tabs\ContainerEncoders.vue","0.001","21/03/2026 08:14:42 p. m.","True"
"0D70DD74A063D319B2685A7F21AC61FBFA52400642B0FAD9B182F9134A58AEC5","2","DUPLICATE_REVIEW","RuneforgeCore","ContainerEncoders.vue","C:\RUNEFOGE_PRO\runeforge\runeforge\app\_archive\source-zips\Sunshine-master\Sunshine-master\src_assets\common\assets\web\configs\tabs\ContainerEncoders.vue","0.001","21/03/2026 08:14:42 p. m.","True"
"0D70DD74A063D319B2685A7F21AC61FBFA52400642B0FAD9B182F9134A58AEC5","3","DUPLICATE_REVIEW","RuneforgeCore","ContainerEncoders.vue","C:\RUNEFOGE_PRO\runeforge\app\_archive\source-zips\Sunshine-master\Sunshine-master\src_assets\common\assets\web\configs\tabs\ContainerEncoders.vue","0.001","21/03/2026 08:14:42 p. m.","True"
"0D7121353CF3948D5059E7B79E1593B8C8123790164B6B0F8E083FDD14530A9B","1","KEEP_CANDIDATE","RuneforgeCore","entry_handler.cpp","C:\RUNEFOGE_PRO\runeforge-mvp\runeforge-mvp\_archive\source-zips\Sunshine-master\Sunshine-master\src\entry_handler.cpp","0.007","21/03/2026 08:14:42 p. m.","True"
"0D7121353CF3948D5059E7B79E1593B8C8123790164B6B0F8E083FDD14530A9B","2","DUPLICATE_REVIEW","RuneforgeCore","entry_handler.cpp","C:\RUNEFOGE_PRO\runeforge\runeforge\app\_archive\source-zips\Sunshine-master\Sunshine-master\src\entry_handler.cpp","0.007","21/03/2026 08:14:42 p. m.","True"
"0D7121353CF3948D5059E7B79E1593B8C8123790164B6B0F8E083FDD14530A9B","3","DUPLICATE_REVIEW","RuneforgeCore","entry_handler.cpp","C:\RUNEFOGE_PRO\runeforge\app\_archive\source-zips\Sunshine-master\Sunshine-master\src\entry_handler.cpp","0.007","21/03/2026 08:14:42 p. m.","True"
"0D7585B767887B3A49A08F0C1AA3FD3F85266E47AC77B95240610A1B24001CEB","1","KEEP_CANDIDATE","RuneforgeCore","convert_yuv444_packed_ayuv_ps_linear.hlsl","C:\RUNEFOGE_PRO\runeforge-mvp\runeforge-mvp\_archive\source-zips\Sunshine-master\Sunshine-master\src_assets\windows\assets\shaders\directx\convert_yuv444_packed_ayuv_ps_linear.hlsl","0","21/03/2026 08:14:42 p. m.","True"
"0D7585B767887B3A49A08F0C1AA3FD3F85266E47AC77B95240610A1B24001CEB","2","DUPLICATE_REVIEW","RuneforgeCore","convert_yuv444_packed_ayuv_ps_linear.hlsl","C:\RUNEFOGE_PRO\runeforge\runeforge\app\_archive\source-zips\Sunshine-master\Sunshine-master\src_assets\windows\assets\shaders\directx\convert_yuv444_packed_ayuv_ps_linear.hlsl","0","21/03/2026 08:14:42 p. m.","True"
"0D7585B767887B3A49A08F0C1AA3FD3F85266E47AC77B95240610A1B24001CEB","3","DUPLICATE_REVIEW","RuneforgeCore","convert_yuv444_packed_ayuv_ps_linear.hlsl","C:\RUNEFOGE_PRO\runeforge\app\_archive\source-zips\Sunshine-master\Sunshine-master\src_assets\windows\assets\shaders\directx\convert_yuv444_packed_ayuv_ps_linear.hlsl","0","21/03/2026 08:14:42 p. m.","True"
"0D84DE3E4C1C2601715B3962DD67B4DA80914121B455660D3094EE6A4C604A13","1","KEEP_CANDIDATE","RuneforgeCore","cbs.h","C:\RUNEFOGE_PRO\runeforge-mvp\runeforge-mvp\_archive\source-zips\Sunshine-master\Sunshine-master\src\cbs.h","0.001","21/03/2026 08:14:42 p. m.","True"
"0D84DE3E4C1C2601715B3962DD67B4DA80914121B455660D3094EE6A4C604A13","2","DUPLICATE_REVIEW","RuneforgeCore","cbs.h","C:\RUNEFOGE_PRO\runeforge\runeforge\app\_archive\source-zips\Sunshine-master\Sunshine-master\src\cbs.h","0.001","21/03/2026 08:14:42 p. m.","True"
"0D84DE3E4C1C2601715B3962DD67B4DA80914121B455660D3094EE6A4C604A13","3","DUPLICATE_REVIEW","RuneforgeCore","cbs.h","C:\RUNEFOGE_PRO\runeforge\app\_archive\source-zips\Sunshine-master\Sunshine-master\src\cbs.h","0.001","21/03/2026 08:14:42 p. m.","True"
"0E20D2614C933C19E6687B9541B50866F5EBAFA2C25029920F4D87AA0B911284","1","KEEP_CANDIDATE","RuneforgeCore","Runeforge V2 — Bitácora Operativa.pdf","C:\RUNEFOGE_PRO\Runeforge V2 — Bitácora Operativa.pdf","0.019","13/04/2026 01:45:38 a. m.","True"
"0E20D2614C933C19E6687B9541B50866F5EBAFA2C25029920F4D87AA0B911284","2","DUPLICATE_REVIEW","RuneforgeCore","Runeforge V2 — Bitácora Operativa.pdf","C:\RUNEFOGE_PRO\RUNEFOGE_PRO\Runeforge V2 — Bitácora Operativa.pdf","0.019","13/04/2026 01:45:38 a. m.","False"
"0E40CF1DDC1DABFB171A789D30758211E3BC2C5ECBB1D8D8AF84B6C4884117EA","1","KEEP_CANDIDATE","RuneforgeCore","theme.js","C:\RUNEFOGE_PRO\runeforge-mvp\runeforge-mvp\_archive\source-zips\Sunshine-master\Sunshine-master\src_assets\common\assets\web\theme.js","0.003","21/03/2026 08:14:42 p. m.","True"
"0E40CF1DDC1DABFB171A789D30758211E3BC2C5ECBB1D8D8AF84B6C4884117EA","2","DUPLICATE_REVIEW","RuneforgeCore","theme.js","C:\RUNEFOGE_PRO\runeforge\runeforge\app\_archive\source-zips\Sunshine-master\Sunshine-master\src_assets\common\assets\web\theme.js","0.003","21/03/2026 08:14:42 p. m.","True"
"0E40CF1DDC1DABFB171A789D30758211E3BC2C5ECBB1D8D8AF84B6C4884117EA","3","DUPLICATE_REVIEW","RuneforgeCore","theme.js","C:\RUNEFOGE_PRO\runeforge\app\_archive\source-zips\Sunshine-master\Sunshine-master\src_assets\common\assets\web\theme.js","0.003","21/03/2026 08:14:42 p. m.","True"
"0E6AC961F54F87A1C9D66106C91272FABCE0BD729F84CBA9807516E31F4131D3","1","KEEP_CANDIDATE","RuneforgeCore","main.fe87e942.js","C:\RUNEFOGE_PRO\runeforge-mvp\runeforge-mvp\retro\_downloads\PPSSPPWindowsARM64\assets\debugger\static\js\main.fe87e942.js","0.558","15/03/2026 11:53:07 a. m.","True"
"0E6AC961F54F87A1C9D66106C91272FABCE0BD729F84CBA9807516E31F4131D3","2","DUPLICATE_REVIEW","RuneforgeCore","main.fe87e942.js","C:\RUNEFOGE_PRO\runeforge\runeforge\app\retro\_downloads\PPSSPPWindowsARM64\assets\debugger\static\js\main.fe87e942.js","0.558","15/03/2026 11:53:07 a. m.","True"
"0E6AC961F54F87A1C9D66106C91272FABCE0BD729F84CBA9807516E31F4131D3","3","DUPLICATE_REVIEW","RuneforgeCore","main.fe87e942.js","C:\RUNEFOGE_PRO\runeforge\app\retro\_downloads\PPSSPPWindowsARM64\assets\debugger\static\js\main.fe87e942.js","0.558","15/03/2026 11:53:07 a. m.","True"
"0E9AFB0BFA32195014922C2A3BAA396F34D8B2D5E712C8AE917B4FE9BFF17F70","1","KEEP_CANDIDATE","RuneforgeCore",".env","C:\RUNEFOGE_PRO\runeforge-mvp\runeforge-mvp\runeforge-mvp\.env","0","27/03/2026 07:04:56 a. m.","True"
"0E9AFB0BFA32195014922C2A3BAA396F34D8B2D5E712C8AE917B4FE9BFF17F70","2","DUPLICATE_REVIEW","RuneforgeCore",".env.example","C:\RUNEFOGE_PRO\runeforge-mvp\runeforge-mvp\runeforge-mvp\.env.example","0","27/03/2026 07:04:56 a. m.","True"
"0E9AFB0BFA32195014922C2A3BAA396F34D8B2D5E712C8AE917B4FE9BFF17F70","3","DUPLICATE_REVIEW","RuneforgeCore",".env","C:\RUNEFOGE_PRO\runeforge\runeforge\app\.env","0","27/03/2026 07:04:56 a. m.","True"
"0E9AFB0BFA32195014922C2A3BAA396F34D8B2D5E712C8AE917B4FE9BFF17F70","4","DUPLICATE_REVIEW","RuneforgeCore",".env.example","C:\RUNEFOGE_PRO\runeforge\runeforge\app\.env.example","0","27/03/2026 07:04:56 a. m.","True"
"0E9AFB0BFA32195014922C2A3BAA396F34D8B2D5E712C8AE917B4FE9BFF17F70","5","DUPLICATE_REVIEW","RuneforgeCore",".env.example.20260425_025723.fix02a.bak","C:\RUNEFOGE_PRO\runeforge\backups\security\.env.example.20260425_025723.fix02a.bak","0","27/03/2026 07:04:56 a. m.","True"
"0E9AFB0BFA32195014922C2A3BAA396F34D8B2D5E712C8AE917B4FE9BFF17F70","6","DUPLICATE_REVIEW","RuneforgeCore",".env","C:\RUNEFOGE_PRO\runeforge\app\.env","0","27/03/2026 07:04:56 a. m.","True"
"0EC38EC3469AB83FC2C9939EE938341A82BC36B4245E64165872135A2D322440","1","KEEP_CANDIDATE","RuneforgeCore","input.cpp","C:\RUNEFOGE_PRO\runeforge-mvp\runeforge-mvp\_archive\source-zips\Sunshine-master\Sunshine-master\src\platform\macos\input.cpp","0.025","21/03/2026 08:14:42 p. m.","True"
"0EC38EC3469AB83FC2C9939EE938341A82BC36B4245E64165872135A2D322440","2","DUPLICATE_REVIEW","RuneforgeCore","input.cpp","C:\RUNEFOGE_PRO\runeforge\runeforge\app\_archive\source-zips\Sunshine-master\Sunshine-master\src\platform\macos\input.cpp","0.025","21/03/2026 08:14:42 p. m.","True"
"0EC38EC3469AB83FC2C9939EE938341A82BC36B4245E64165872135A2D322440","3","DUPLICATE_REVIEW","RuneforgeCore","input.cpp","C:\RUNEFOGE_PRO\runeforge\app\_archive\source-zips\Sunshine-master\Sunshine-master\src\platform\macos\input.cpp","0.025","21/03/2026 08:14:42 p. m.","True"
"0EFD43EF561FCD8C5B04F2BA5A4711EBF2D16C71FD0DFAA408E18D177223C732","1","KEEP_CANDIDATE","RuneforgeCore","alpine.ini","C:\RUNEFOGE_PRO\runeforge-mvp\runeforge-mvp\retro\_downloads\PPSSPPWindowsARM64\assets\themes\alpine.ini","0.001","15/03/2026 11:52:35 a. m.","True"
"0EFD43EF561FCD8C5B04F2BA5A4711EBF2D16C71FD0DFAA408E18D177223C732","2","DUPLICATE_REVIEW","RuneforgeCore","alpine.ini","C:\RUNEFOGE_PRO\runeforge\runeforge\app\retro\_downloads\PPSSPPWindowsARM64\assets\themes\alpine.ini","0.001","15/03/2026 11:52:35 a. m.","True"
"0EFD43EF561FCD8C5B04F2BA5A4711EBF2D16C71FD0DFAA408E18D177223C732","3","DUPLICATE_REVIEW","RuneforgeCore","alpine.ini","C:\RUNEFOGE_PRO\runeforge\app\retro\_downloads\PPSSPPWindowsARM64\assets\themes\alpine.ini","0.001","15/03/2026 11:52:35 a. m.","True"
"0F905A3E376B76D8F609C0E0443B54DF4DADB8FB9F55828CC9F44CBE7891C6FC","1","KEEP_CANDIDATE","MemoriaIA","FACTS_CANONICAL.yaml","C:\RUNEFOGE_PRO\RUNEFOGE_PRO\memoria-ia\01_normalized\FACTS_CANONICAL.yaml","0.001","14/04/2026 12:42:41 p. m.","False"
"0F905A3E376B76D8F609C0E0443B54DF4DADB8FB9F55828CC9F44CBE7891C6FC","2","DUPLICATE_REVIEW","MemoriaIA","FACTS_CANONICAL.yaml","C:\RUNEFOGE_PRO\memoria-ia\01_normalized\FACTS_CANONICAL.yaml","0.001","14/04/2026 12:42:41 p. m.","False"
"0F993B926572BF85971D7646824A673E3E53A1B694E9880BF6079FE29D343F3E","1","KEEP_CANDIDATE","RuneforgeCore","tr_TR.ini","C:\RUNEFOGE_PRO\runeforge-mvp\runeforge-mvp\retro\_downloads\PPSSPPWindowsARM64\assets\lang\tr_TR.ini","0.066","15/03/2026 11:52:35 a. m.","True"
"0F993B926572BF85971D7646824A673E3E53A1B694E9880BF6079FE29D343F3E","2","DUPLICATE_REVIEW","RuneforgeCore","tr_TR.ini","C:\RUNEFOGE_PRO\runeforge\runeforge\app\retro\_downloads\PPSSPPWindowsARM64\assets\lang\tr_TR.ini","0.066","15/03/2026 11:52:35 a. m.","True"
"0F993B926572BF85971D7646824A673E3E53A1B694E9880BF6079FE29D343F3E","3","DUPLICATE_REVIEW","RuneforgeCore","tr_TR.ini","C:\RUNEFOGE_PRO\runeforge\app\retro\_downloads\PPSSPPWindowsARM64\assets\lang\tr_TR.ini","0.066","15/03/2026 11:52:35 a. m.","True"
"0FD50ED978640D6487E64A9E276FCD0FB7E8944888085ADCAE7D3C8B0059ABC6","1","KEEP_CANDIDATE","RuneforgeCore","convert_base.hlsl","C:\RUNEFOGE_PRO\runeforge-mvp\runeforge-mvp\_archive\source-zips\Sunshine-master\Sunshine-master\src_assets\windows\assets\shaders\directx\include\convert_base.hlsl","0","21/03/2026 08:14:42 p. m.","True"
"0FD50ED978640D6487E64A9E276FCD0FB7E8944888085ADCAE7D3C8B0059ABC6","2","DUPLICATE_REVIEW","RuneforgeCore","convert_base.hlsl","C:\RUNEFOGE_PRO\runeforge\runeforge\app\_archive\source-zips\Sunshine-master\Sunshine-master\src_assets\windows\assets\shaders\directx\include\convert_base.hlsl","0","21/03/2026 08:14:42 p. m.","True"
"0FD50ED978640D6487E64A9E276FCD0FB7E8944888085ADCAE7D3C8B0059ABC6","3","DUPLICATE_REVIEW","RuneforgeCore","convert_base.hlsl","C:\RUNEFOGE_PRO\runeforge\app\_archive\source-zips\Sunshine-master\Sunshine-master\src_assets\windows\assets\shaders\directx\include\convert_base.hlsl","0","21/03/2026 08:14:42 p. m.","True"
"1017C38FCC37CED830DC68E5603725526ECADCC23BB0FDF99159622351F61676","1","KEEP_CANDIDATE","RuneforgeCore","vfpu_sin_lut8192.dat","C:\RUNEFOGE_PRO\runeforge-mvp\runeforge-mvp\retro\_downloads\PPSSPPWindowsARM64\assets\vfpu\vfpu_sin_lut8192.dat","0.004","15/03/2026 11:52:35 a. m.","True"
"1017C38FCC37CED830DC68E5603725526ECADCC23BB0FDF99159622351F61676","2","DUPLICATE_REVIEW","RuneforgeCore","vfpu_sin_lut8192.dat","C:\RUNEFOGE_PRO\runeforge\runeforge\app\retro\_downloads\PPSSPPWindowsARM64\assets\vfpu\vfpu_sin_lut8192.dat","0.004","15/03/2026 11:52:35 a. m.","True"
"1017C38FCC37CED830DC68E5603725526ECADCC23BB0FDF99159622351F61676","3","DUPLICATE_REVIEW","RuneforgeCore","vfpu_sin_lut8192.dat","C:\RUNEFOGE_PRO\runeforge\app\retro\_downloads\PPSSPPWindowsARM64\assets\vfpu\vfpu_sin_lut8192.dat","0.004","15/03/2026 11:52:35 a. m.","True"
"1020B3CC03ECED719DCEEC715B547F849B5594C4B7085143EAB50ED3E3D87AFC","1","KEEP_CANDIDATE","RuneforgeCore","asciifont_atlas.zim","C:\RUNEFOGE_PRO\runeforge-mvp\runeforge-mvp\retro\_downloads\PPSSPPWindowsARM64\assets\asciifont_atlas.zim","0.079","15/03/2026 11:52:35 a. m.","True"
"1020B3CC03ECED719DCEEC715B547F849B5594C4B7085143EAB50ED3E3D87AFC","2","DUPLICATE_REVIEW","RuneforgeCore","asciifont_atlas.zim","C:\RUNEFOGE_PRO\runeforge\runeforge\app\retro\_downloads\PPSSPPWindowsARM64\assets\asciifont_atlas.zim","0.079","15/03/2026 11:52:35 a. m.","True"
"1020B3CC03ECED719DCEEC715B547F849B5594C4B7085143EAB50ED3E3D87AFC","3","DUPLICATE_REVIEW","RuneforgeCore","asciifont_atlas.zim","C:\RUNEFOGE_PRO\runeforge\app\retro\_downloads\PPSSPPWindowsARM64\assets\asciifont_atlas.zim","0.079","15/03/2026 11:52:35 a. m.","True"
"10778F96AA21F024E34D03152ECA34271CF2BA3E63F096EFB7B3671751FF9DCE","1","KEEP_CANDIDATE","RuneforgeCore","index.20260419_055019.bak","C:\RUNEFOGE_PRO\runeforge\runeforge\backups\forge_ui\index.20260419_055019.bak","0.005","19/04/2026 05:49:47 a. m.","True"
"10778F96AA21F024E34D03152ECA34271CF2BA3E63F096EFB7B3671751FF9DCE","2","DUPLICATE_REVIEW","RuneforgeCore","index.20260419_055019.bak","C:\RUNEFOGE_PRO\runeforge\backups\forge_ui\index.20260419_055019.bak","0.005","19/04/2026 05:49:47 a. m.","True"
"10B5B777AA63D89904849E9076626DA85E1F698718E1992CA3D1487F3730677A","1","KEEP_CANDIDATE","RuneforgeCore","undo_data.cpp","C:\RUNEFOGE_PRO\runeforge-mvp\runeforge-mvp\_archive\source-zips\Sunshine-master\Sunshine-master\src\platform\windows\nvprefs\undo_data.cpp","0.003","21/03/2026 08:14:42 p. m.","True"
"10B5B777AA63D89904849E9076626DA85E1F698718E1992CA3D1487F3730677A","2","DUPLICATE_REVIEW","RuneforgeCore","undo_data.cpp","C:\RUNEFOGE_PRO\runeforge\runeforge\app\_archive\source-zips\Sunshine-master\Sunshine-master\src\platform\windows\nvprefs\undo_data.cpp","0.003","21/03/2026 08:14:42 p. m.","True"
"10B5B777AA63D89904849E9076626DA85E1F698718E1992CA3D1487F3730677A","3","DUPLICATE_REVIEW","RuneforgeCore","undo_data.cpp","C:\RUNEFOGE_PRO\runeforge\app\_archive\source-zips\Sunshine-master\Sunshine-master\src\platform\windows\nvprefs\undo_data.cpp","0.003","21/03/2026 08:14:42 p. m.","True"
"10E719B079727DBB80DDE39C31DE995A7F879F0BB2FD9B29C50A30541DB7B8A8","1","KEEP_CANDIDATE","RuneforgeCore","services-pre.json","C:\RUNEFOGE_PRO\runeforge\runeforge\backups\hardening-20260423_235916\services-pre.json","0.021","23/04/2026 11:59:26 p. m.","True"
"10E719B079727DBB80DDE39C31DE995A7F879F0BB2FD9B29C50A30541DB7B8A8","2","DUPLICATE_REVIEW","RuneforgeCore","services-pre.json","C:\RUNEFOGE_PRO\runeforge\backups\hardening-20260423_235916\services-pre.json","0.021","23/04/2026 11:59:26 p. m.","True"
"11149FFC0A2DF8ED91EE0234892658B570CAB7478D1AD4DA98DB0ADBC0EE37F1","1","KEEP_CANDIDATE","RuneforgeCore","cz_CZ.ini","C:\RUNEFOGE_PRO\runeforge-mvp\runeforge-mvp\retro\_downloads\PPSSPPWindowsARM64\assets\lang\cz_CZ.ini","0.063","15/03/2026 11:52:35 a. m.","True"
"11149FFC0A2DF8ED91EE0234892658B570CAB7478D1AD4DA98DB0ADBC0EE37F1","2","DUPLICATE_REVIEW","RuneforgeCore","cz_CZ.ini","C:\RUNEFOGE_PRO\runeforge\runeforge\app\retro\_downloads\PPSSPPWindowsARM64\assets\lang\cz_CZ.ini","0.063","15/03/2026 11:52:35 a. m.","True"
"11149FFC0A2DF8ED91EE0234892658B570CAB7478D1AD4DA98DB0ADBC0EE37F1","3","DUPLICATE_REVIEW","RuneforgeCore","cz_CZ.ini","C:\RUNEFOGE_PRO\runeforge\app\retro\_downloads\PPSSPPWindowsARM64\assets\lang\cz_CZ.ini","0.063","15/03/2026 11:52:35 a. m.","True"
"115389267BCC4B884CD53BA58DC10EBB33B83C27D06575CEF0FBEBC9EC95D6F0","1","KEEP_CANDIDATE","RuneforgeCore","README.md","C:\RUNEFOGE_PRO\runeforge-mvp\runeforge-mvp\retro\_downloads\PPSSPPWindowsARM64\README.md","0.038","15/03/2026 11:52:35 a. m.","True"
"115389267BCC4B884CD53BA58DC10EBB33B83C27D06575CEF0FBEBC9EC95D6F0","2","DUPLICATE_REVIEW","RuneforgeCore","README.md","C:\RUNEFOGE_PRO\runeforge\runeforge\app\retro\_downloads\PPSSPPWindowsARM64\README.md","0.038","15/03/2026 11:52:35 a. m.","True"
"115389267BCC4B884CD53BA58DC10EBB33B83C27D06575CEF0FBEBC9EC95D6F0","3","DUPLICATE_REVIEW","RuneforgeCore","README.md","C:\RUNEFOGE_PRO\runeforge\app\retro\_downloads\PPSSPPWindowsARM64\README.md","0.038","15/03/2026 11:52:35 a. m.","True"
"1176ACA369ABC9B669D8DA1E26E4F625A8926079928DB06B9090ED04B64562A4","1","KEEP_CANDIDATE","RuneforgeCore",".rstcheck.cfg","C:\RUNEFOGE_PRO\runeforge-mvp\runeforge-mvp\_archive\source-zips\Sunshine-master\Sunshine-master\.rstcheck.cfg","0","21/03/2026 08:14:42 p. m.","True"
"1176ACA369ABC9B669D8DA1E26E4F625A8926079928DB06B9090ED04B64562A4","2","DUPLICATE_REVIEW","RuneforgeCore",".rstcheck.cfg","C:\RUNEFOGE_PRO\runeforge\runeforge\app\_archive\source-zips\Sunshine-master\Sunshine-master\.rstcheck.cfg","0","21/03/2026 08:14:42 p. m.","True"
"1176ACA369ABC9B669D8DA1E26E4F625A8926079928DB06B9090ED04B64562A4","3","DUPLICATE_REVIEW","RuneforgeCore",".rstcheck.cfg","C:\RUNEFOGE_PRO\runeforge\app\_archive\source-zips\Sunshine-master\Sunshine-master\.rstcheck.cfg","0","21/03/2026 08:14:42 p. m.","True"
"118475ADC99D892656B59DE796B710BE8E255370EC93A99D3A01282078CB4B3E","1","KEEP_CANDIDATE","RuneforgeCore","drop_shadow.png","C:\RUNEFOGE_PRO\runeforge-mvp\runeforge-mvp\retro\_downloads\PPSSPPWindowsARM64\assets\ui_images\drop_shadow.png","0.002","15/03/2026 11:52:35 a. m.","True"
"118475ADC99D892656B59DE796B710BE8E255370EC93A99D3A01282078CB4B3E","2","DUPLICATE_REVIEW","RuneforgeCore","drop_shadow.png","C:\RUNEFOGE_PRO\runeforge\runeforge\app\retro\_downloads\PPSSPPWindowsARM64\assets\ui_images\drop_shadow.png","0.002","15/03/2026 11:52:35 a. m.","True"
"118475ADC99D892656B59DE796B710BE8E255370EC93A99D3A01282078CB4B3E","3","DUPLICATE_REVIEW","RuneforgeCore","drop_shadow.png","C:\RUNEFOGE_PRO\runeforge\app\retro\_downloads\PPSSPPWindowsARM64\assets\ui_images\drop_shadow.png","0.002","15/03/2026 11:52:35 a. m.","True"
"1184F16BC89BAD1FEA49093806784470281AF54F279B57EF0378CE33E6603870","1","KEEP_CANDIDATE","RuneforgeCore","ltn0.pgf","C:\RUNEFOGE_PRO\runeforge-mvp\runeforge-mvp\retro\_downloads\PPSSPPWindowsARM64\assets\flash0\font\ltn0.pgf","0.036","15/03/2026 11:52:35 a. m.","True"
"1184F16BC89BAD1FEA49093806784470281AF54F279B57EF0378CE33E6603870","2","DUPLICATE_REVIEW","RuneforgeCore","ltn0.pgf","C:\RUNEFOGE_PRO\runeforge\runeforge\app\retro\_downloads\PPSSPPWindowsARM64\assets\flash0\font\ltn0.pgf","0.036","15/03/2026 11:52:35 a. m.","True"
"1184F16BC89BAD1FEA49093806784470281AF54F279B57EF0378CE33E6603870","3","DUPLICATE_REVIEW","RuneforgeCore","ltn0.pgf","C:\RUNEFOGE_PRO\runeforge\app\retro\_downloads\PPSSPPWindowsARM64\assets\flash0\font\ltn0.pgf","0.036","15/03/2026 11:52:35 a. m.","True"
"11D47517033261BFD8E563B5BD29F22F984F2A7849D81BD5A659BE39E61F4BDA","1","KEEP_CANDIDATE","RuneforgeCore","ports-pre.json","C:\RUNEFOGE_PRO\runeforge\runeforge\backups\hardening-20260423_235916\ports-pre.json","0.066","23/04/2026 11:59:26 p. m.","True"
"11D47517033261BFD8E563B5BD29F22F984F2A7849D81BD5A659BE39E61F4BDA","2","DUPLICATE_REVIEW","RuneforgeCore","ports-pre.json","C:\RUNEFOGE_PRO\runeforge\backups\hardening-20260423_235916\ports-pre.json","0.066","23/04/2026 11:59:26 p. m.","True"
"121CB830B595A4D7C63B06E98932437A0D500CC87C56F0B1CAD341E8C96CF6AC","1","KEEP_CANDIDATE","RuneforgeCore","configuration-search.png","C:\RUNEFOGE_PRO\runeforge-mvp\runeforge-mvp\_archive\source-zips\Sunshine-master\Sunshine-master\docs\images\configuration-search.png","0.076","21/03/2026 08:14:42 p. m.","True"
"121CB830B595A4D7C63B06E98932437A0D500CC87C56F0B1CAD341E8C96CF6AC","2","DUPLICATE_REVIEW","RuneforgeCore","configuration-search.png","C:\RUNEFOGE_PRO\runeforge\runeforge\app\_archive\source-zips\Sunshine-master\Sunshine-master\docs\images\configuration-search.png","0.076","21/03/2026 08:14:42 p. m.","True"
"121CB830B595A4D7C63B06E98932437A0D500CC87C56F0B1CAD341E8C96CF6AC","3","DUPLICATE_REVIEW","RuneforgeCore","configuration-search.png","C:\RUNEFOGE_PRO\runeforge\app\_archive\source-zips\Sunshine-master\Sunshine-master\docs\images\configuration-search.png","0.076","21/03/2026 08:14:42 p. m.","True"
"12539F5CC2599A391E109BF618B1EF61A870B4C30B69A4F19FA00443AF0EA47B","1","KEEP_CANDIDATE","RuneforgeCore","copilot-instructions.md","C:\RUNEFOGE_PRO\runeforge-mvp\runeforge-mvp\_archive\source-zips\Sunshine-master\Sunshine-master\.github\copilot-instructions.md","0","21/03/2026 08:14:42 p. m.","True"
"12539F5CC2599A391E109BF618B1EF61A870B4C30B69A4F19FA00443AF0EA47B","2","DUPLICATE_REVIEW","RuneforgeCore","copilot-instructions.md","C:\RUNEFOGE_PRO\runeforge\runeforge\app\_archive\source-zips\Sunshine-master\Sunshine-master\.github\copilot-instructions.md","0","21/03/2026 08:14:42 p. m.","True"
"12539F5CC2599A391E109BF618B1EF61A870B4C30B69A4F19FA00443AF0EA47B","3","DUPLICATE_REVIEW","RuneforgeCore","copilot-instructions.md","C:\RUNEFOGE_PRO\runeforge\app\_archive\source-zips\Sunshine-master\Sunshine-master\.github\copilot-instructions.md","0","21/03/2026 08:14:42 p. m.","True"
"1292064FA508D60BF8DE5722A83AF192A3558E26F2DE83A95F6B5D026382156D","1","KEEP_CANDIDATE","RuneforgeCore","init.cmake","C:\RUNEFOGE_PRO\runeforge-mvp\runeforge-mvp\_archive\source-zips\Sunshine-master\Sunshine-master\cmake\prep\init.cmake","0.001","21/03/2026 08:14:42 p. m.","True"
"1292064FA508D60BF8DE5722A83AF192A3558E26F2DE83A95F6B5D026382156D","2","DUPLICATE_REVIEW","RuneforgeCore","init.cmake","C:\RUNEFOGE_PRO\runeforge\runeforge\app\_archive\source-zips\Sunshine-master\Sunshine-master\cmake\prep\init.cmake","0.001","21/03/2026 08:14:42 p. m.","True"
"1292064FA508D60BF8DE5722A83AF192A3558E26F2DE83A95F6B5D026382156D","3","DUPLICATE_REVIEW","RuneforgeCore","init.cmake","C:\RUNEFOGE_PRO\runeforge\app\_archive\source-zips\Sunshine-master\Sunshine-master\cmake\prep\init.cmake","0.001","21/03/2026 08:14:42 p. m.","True"
"12AB4230E416D0B9F4CD3B666709458CE25DEC9BEE504C77747596ADFCBE42F3","1","KEEP_CANDIDATE","RuneforgeCore","Stop-Runeforge-Watcher.ps1","C:\RUNEFOGE_PRO\runeforge\scripts\Stop-Runeforge-Watcher.ps1","0","24/04/2026 06:45:40 p. m.","True"
"12AB4230E416D0B9F4CD3B666709458CE25DEC9BEE504C77747596ADFCBE42F3","2","DUPLICATE_REVIEW","RuneforgeCore","Stop-Runeforge-Watcher.ps1","C:\RUNEFOGE_PRO\runeforge\runeforge\scripts\Stop-Runeforge-Watcher.ps1","0","24/04/2026 06:45:40 p. m.","True"
"12C1332BACBD9314A2F01E67B656203AB45EB12A449D45F26BA9E7D0F1A0F5B0","1","KEEP_CANDIDATE","RuneforgeCore","sunshine-installer.wxs","C:\RUNEFOGE_PRO\runeforge-mvp\runeforge-mvp\_archive\source-zips\Sunshine-master\Sunshine-master\cmake\packaging\wix_resources\sunshine-installer.wxs","0.006","21/03/2026 08:14:42 p. m.","True"
"12C1332BACBD9314A2F01E67B656203AB45EB12A449D45F26BA9E7D0F1A0F5B0","2","DUPLICATE_REVIEW","RuneforgeCore","sunshine-installer.wxs","C:\RUNEFOGE_PRO\runeforge\runeforge\app\_archive\source-zips\Sunshine-master\Sunshine-master\cmake\packaging\wix_resources\sunshine-installer.wxs","0.006","21/03/2026 08:14:42 p. m.","True"
"12C1332BACBD9314A2F01E67B656203AB45EB12A449D45F26BA9E7D0F1A0F5B0","3","DUPLICATE_REVIEW","RuneforgeCore","sunshine-installer.wxs","C:\RUNEFOGE_PRO\runeforge\app\_archive\source-zips\Sunshine-master\Sunshine-master\cmake\packaging\wix_resources\sunshine-installer.wxs","0.006","21/03/2026 08:14:42 p. m.","True"
"133624E160FA04C8A8BAED47F67D79FC5548E54621FA683C9C8A88076D5DEFE9","1","KEEP_CANDIDATE","RuneforgeCore","RUNEFORGE_MEMORY_CLAUSE_2026-04-24_V43.3.md","C:\RUNEFOGE_PRO\runeforge\runeforge\docs\RUNEFORGE_MEMORY_CLAUSE_2026-04-24_V43.3.md","0.001","24/04/2026 07:27:31 p. m.","True"
"133624E160FA04C8A8BAED47F67D79FC5548E54621FA683C9C8A88076D5DEFE9","2","DUPLICATE_REVIEW","RuneforgeCore","RUNEFORGE_MEMORY_CLAUSE_2026-04-24_V43.3.md","C:\RUNEFOGE_PRO\runeforge\docs\RUNEFORGE_MEMORY_CLAUSE_2026-04-24_V43.3.md","0.001","24/04/2026 07:27:31 p. m.","True"
"138650FEDD6CADF69394DF0BAA6573381F482A6DE74D545E27451C791E8B6F9F","1","KEEP_CANDIDATE","RuneforgeCore","persistence.fsh","C:\RUNEFOGE_PRO\runeforge-mvp\runeforge-mvp\retro\_downloads\PPSSPPWindowsARM64\assets\shaders\persistence.fsh","0","15/03/2026 11:52:35 a. m.","True"
"138650FEDD6CADF69394DF0BAA6573381F482A6DE74D545E27451C791E8B6F9F","2","DUPLICATE_REVIEW","RuneforgeCore","persistence.fsh","C:\RUNEFOGE_PRO\runeforge\runeforge\app\retro\_downloads\PPSSPPWindowsARM64\assets\shaders\persistence.fsh","0","15/03/2026 11:52:35 a. m.","True"
"138650FEDD6CADF69394DF0BAA6573381F482A6DE74D545E27451C791E8B6F9F","3","DUPLICATE_REVIEW","RuneforgeCore","persistence.fsh","C:\RUNEFOGE_PRO\runeforge\app\retro\_downloads\PPSSPPWindowsARM64\assets\shaders\persistence.fsh","0","15/03/2026 11:52:35 a. m.","True"
"13C859BB2C0F0146CEE0E7B2014B026EBAC4530D70F221E09A91A5F1EE20262E","1","KEEP_CANDIDATE","RuneforgeCore","az_AZ.ini","C:\RUNEFOGE_PRO\runeforge-mvp\runeforge-mvp\retro\_downloads\PPSSPPWindowsARM64\assets\lang\az_AZ.ini","0.069","15/03/2026 11:52:35 a. m.","True"
"13C859BB2C0F0146CEE0E7B2014B026EBAC4530D70F221E09A91A5F1EE20262E","2","DUPLICATE_REVIEW","RuneforgeCore","az_AZ.ini","C:\RUNEFOGE_PRO\runeforge\runeforge\app\retro\_downloads\PPSSPPWindowsARM64\assets\lang\az_AZ.ini","0.069","15/03/2026 11:52:35 a. m.","True"
"13C859BB2C0F0146CEE0E7B2014B026EBAC4530D70F221E09A91A5F1EE20262E","3","DUPLICATE_REVIEW","RuneforgeCore","az_AZ.ini","C:\RUNEFOGE_PRO\runeforge\app\retro\_downloads\PPSSPPWindowsARM64\assets\lang\az_AZ.ini","0.069","15/03/2026 11:52:35 a. m.","True"
"147EB5B554CF87A7A0924A78795E12E98B554213C6332F6ECCBD1FB4619605D9","1","KEEP_CANDIDATE","RuneforgeCore","DisplayModesSettings.vue","C:\RUNEFOGE_PRO\runeforge-mvp\runeforge-mvp\_archive\source-zips\Sunshine-master\Sunshine-master\src_assets\common\assets\web\configs\tabs\audiovideo\DisplayModesSettings.vue","0.001","21/03/2026 08:14:42 p. m.","True"
"147EB5B554CF87A7A0924A78795E12E98B554213C6332F6ECCBD1FB4619605D9","2","DUPLICATE_REVIEW","RuneforgeCore","DisplayModesSettings.vue","C:\RUNEFOGE_PRO\runeforge\runeforge\app\_archive\source-zips\Sunshine-master\Sunshine-master\src_assets\common\assets\web\configs\tabs\audiovideo\DisplayModesSettings.vue","0.001","21/03/2026 08:14:42 p. m.","True"
"147EB5B554CF87A7A0924A78795E12E98B554213C6332F6ECCBD1FB4619605D9","3","DUPLICATE_REVIEW","RuneforgeCore","DisplayModesSettings.vue","C:\RUNEFOGE_PRO\runeforge\app\_archive\source-zips\Sunshine-master\Sunshine-master\src_assets\common\assets\web\configs\tabs\audiovideo\DisplayModesSettings.vue","0.001","21/03/2026 08:14:42 p. m.","True"
"14948FA5E2D8F2D2F9D9F9349A2626F275B36C870D724B183D7C9216D676F20E","1","KEEP_CANDIDATE","RuneforgeCore","runeforge.db","C:\RUNEFOGE_PRO\runeforge-v2-ready\runeforge-v2\data\runeforge.db","0.004","19/04/2026 07:38:22 p. m.","True"
"14948FA5E2D8F2D2F9D9F9349A2626F275B36C870D724B183D7C9216D676F20E","2","DUPLICATE_REVIEW","RuneforgeCore","runeforge.db","C:\RUNEFOGE_PRO\RUNEFOGE_PRO\runeforge-v2-ready\runeforge-v2\data\runeforge.db","0.004","19/04/2026 07:38:22 p. m.","False"
"14E709D64AF95FD2874177D7E02AE953C8DF2289B9CB9EF6E9E5AFC21131EAF8","1","KEEP_CANDIDATE","RuneforgeCore","sv_SE.ini","C:\RUNEFOGE_PRO\runeforge-mvp\runeforge-mvp\retro\_downloads\PPSSPPWindowsARM64\assets\lang\sv_SE.ini","0.063","15/03/2026 11:52:35 a. m.","True"
"14E709D64AF95FD2874177D7E02AE953C8DF2289B9CB9EF6E9E5AFC21131EAF8","2","DUPLICATE_REVIEW","RuneforgeCore","sv_SE.ini","C:\RUNEFOGE_PRO\runeforge\runeforge\app\retro\_downloads\PPSSPPWindowsARM64\assets\lang\sv_SE.ini","0.063","15/03/2026 11:52:35 a. m.","True"
"14E709D64AF95FD2874177D7E02AE953C8DF2289B9CB9EF6E9E5AFC21131EAF8","3","DUPLICATE_REVIEW","RuneforgeCore","sv_SE.ini","C:\RUNEFOGE_PRO\runeforge\app\retro\_downloads\PPSSPPWindowsARM64\assets\lang\sv_SE.ini","0.063","15/03/2026 11:52:35 a. m.","True"
"1506831C116BB5DEF823FC89C80B8D4FCDD6C938B223855A67709FCFE3FB285B","1","KEEP_CANDIDATE","RuneforgeCore","vfpu_sin_lut_interval_delta.dat","C:\RUNEFOGE_PRO\runeforge-mvp\runeforge-mvp\retro\_downloads\PPSSPPWindowsARM64\assets\vfpu\vfpu_sin_lut_interval_delta.dat","0.125","15/03/2026 11:52:35 a. m.","True"
"1506831C116BB5DEF823FC89C80B8D4FCDD6C938B223855A67709FCFE3FB285B","2","DUPLICATE_REVIEW","RuneforgeCore","vfpu_sin_lut_interval_delta.dat","C:\RUNEFOGE_PRO\runeforge\runeforge\app\retro\_downloads\PPSSPPWindowsARM64\assets\vfpu\vfpu_sin_lut_interval_delta.dat","0.125","15/03/2026 11:52:35 a. m.","True"
"1506831C116BB5DEF823FC89C80B8D4FCDD6C938B223855A67709FCFE3FB285B","3","DUPLICATE_REVIEW","RuneforgeCore","vfpu_sin_lut_interval_delta.dat","C:\RUNEFOGE_PRO\runeforge\app\retro\_downloads\PPSSPPWindowsARM64\assets\vfpu\vfpu_sin_lut_interval_delta.dat","0.125","15/03/2026 11:52:35 a. m.","True"
"17B0BA8D17534B6078C03151CE86A69632BA16B3B7115053D5DB03B0A61E24A2","1","KEEP_CANDIDATE","RuneforgeCore","runeforge-ssh-repair-v2.ps1","C:\RUNEFOGE_PRO\runeforge\runeforge\app\ops\runeforge-ssh-repair-v2.ps1","0.005","17/04/2026 12:20:20 p. m.","True"
"17B0BA8D17534B6078C03151CE86A69632BA16B3B7115053D5DB03B0A61E24A2","2","DUPLICATE_REVIEW","RuneforgeCore","runeforge-ssh-repair-v2.ps1","C:\RUNEFOGE_PRO\runeforge\app\ops\runeforge-ssh-repair-v2.ps1","0.005","17/04/2026 12:20:20 p. m.","True"
"17D8E9BE3EA312FCB89372C31D52ABFCEC52B9C7FB70871FD94F58DD29BFC8EF","1","KEEP_CANDIDATE","RuneforgeCore","convert_yuv420_planar_y_ps_base.hlsl","C:\RUNEFOGE_PRO\runeforge-mvp\runeforge-mvp\_archive\source-zips\Sunshine-master\Sunshine-master\src_assets\windows\assets\shaders\directx\include\convert_yuv420_planar_y_ps_base.hlsl","0","21/03/2026 08:14:42 p. m.","True"
"17D8E9BE3EA312FCB89372C31D52ABFCEC52B9C7FB70871FD94F58DD29BFC8EF","2","DUPLICATE_REVIEW","RuneforgeCore","convert_yuv420_planar_y_ps_base.hlsl","C:\RUNEFOGE_PRO\runeforge\runeforge\app\_archive\source-zips\Sunshine-master\Sunshine-master\src_assets\windows\assets\shaders\directx\include\convert_yuv420_planar_y_ps_base.hlsl","0","21/03/2026 08:14:42 p. m.","True"
"17D8E9BE3EA312FCB89372C31D52ABFCEC52B9C7FB70871FD94F58DD29BFC8EF","3","DUPLICATE_REVIEW","RuneforgeCore","convert_yuv420_planar_y_ps_base.hlsl","C:\RUNEFOGE_PRO\runeforge\app\_archive\source-zips\Sunshine-master\Sunshine-master\src_assets\windows\assets\shaders\directx\include\convert_yuv420_planar_y_ps_base.hlsl","0","21/03/2026 08:14:42 p. m.","True"
"17F0B016AEF4C40D4BF1FF42CBD71C2591D7C1778F9EBA8896B0C7F76B26374E","1","KEEP_CANDIDATE","RuneforgeCore","prompt_canonical_matrix_v41.txt","C:\RUNEFOGE_PRO\runeforge\runeforge\data\commander\snippets\prompt_canonical_matrix_v41.txt","0.001","24/04/2026 12:41:08 a. m.","True"
"17F0B016AEF4C40D4BF1FF42CBD71C2591D7C1778F9EBA8896B0C7F76B26374E","2","DUPLICATE_REVIEW","RuneforgeCore","prompt_canonical_matrix_v41.txt","C:\RUNEFOGE_PRO\runeforge\data\commander\snippets\prompt_canonical_matrix_v41.txt","0.001","24/04/2026 12:41:08 a. m.","True"
"17F98AE8C23A9BDAC5CB513A90032DC2D57109080E0F330554D8AA7AC9A9BCD8","1","KEEP_CANDIDATE","RuneforgeCore","core.ts","C:\RUNEFOGE_PRO\runeforge-v2-ready\runeforge-v2\src\routes\core.ts","0.001","19/04/2026 07:14:23 p. m.","True"
"17F98AE8C23A9BDAC5CB513A90032DC2D57109080E0F330554D8AA7AC9A9BCD8","2","DUPLICATE_REVIEW","RuneforgeCore","core.ts","C:\RUNEFOGE_PRO\RUNEFOGE_PRO\runeforge-v2-ready\runeforge-v2\src\routes\core.ts","0.001","19/04/2026 07:14:23 p. m.","False"
"1876A039681D627FE9735356518961E46F02868C2EBA84A5EA85D2C9A307AAF9","1","KEEP_CANDIDATE","RuneforgeCore","ssh_repair_20260417_122049.log","C:\RUNEFOGE_PRO\runeforge\runeforge\app\data\trace\ssh_repair_20260417_122049.log","0.003","17/04/2026 12:20:59 p. m.","True"
"1876A039681D627FE9735356518961E46F02868C2EBA84A5EA85D2C9A307AAF9","2","DUPLICATE_REVIEW","RuneforgeCore","ssh_repair_20260417_122049.log","C:\RUNEFOGE_PRO\runeforge\app\data\trace\ssh_repair_20260417_122049.log","0.003","17/04/2026 12:20:59 p. m.","True"
"190C14B0428AC863CBF8C1BAF37F707000042B3B48A13F33F715591DD3F5E700","1","KEEP_CANDIDATE","RuneforgeCore","logo.94f885ce93dfb6d29a122402a15cccca.svg","C:\RUNEFOGE_PRO\runeforge-mvp\runeforge-mvp\retro\_downloads\PPSSPPWindowsARM64\assets\debugger\static\media\logo.94f885ce93dfb6d29a122402a15cccca.svg","0.003","15/03/2026 11:53:07 a. m.","True"
"190C14B0428AC863CBF8C1BAF37F707000042B3B48A13F33F715591DD3F5E700","2","DUPLICATE_REVIEW","RuneforgeCore","logo.94f885ce93dfb6d29a122402a15cccca.svg","C:\RUNEFOGE_PRO\runeforge\runeforge\app\retro\_downloads\PPSSPPWindowsARM64\assets\debugger\static\media\logo.94f885ce93dfb6d29a122402a15cccca.svg","0.003","15/03/2026 11:53:07 a. m.","True"
"190C14B0428AC863CBF8C1BAF37F707000042B3B48A13F33F715591DD3F5E700","3","DUPLICATE_REVIEW","RuneforgeCore","logo.94f885ce93dfb6d29a122402a15cccca.svg","C:\RUNEFOGE_PRO\runeforge\app\retro\_downloads\PPSSPPWindowsARM64\assets\debugger\static\media\logo.94f885ce93dfb6d29a122402a15cccca.svg","0.003","15/03/2026 11:53:07 a. m.","True"
"195862EAACCFECABD523A37A58E58059E80C1C5CFC74B6FA484B2E027A076004","1","KEEP_CANDIDATE","RuneforgeCore","convert_perceptual_quantizer_base.hlsl","C:\RUNEFOGE_PRO\runeforge-mvp\runeforge-mvp\_archive\source-zips\Sunshine-master\Sunshine-master\src_assets\windows\assets\shaders\directx\include\convert_perceptual_quantizer_base.hlsl","0","21/03/2026 08:14:42 p. m.","True"
"195862EAACCFECABD523A37A58E58059E80C1C5CFC74B6FA484B2E027A076004","2","DUPLICATE_REVIEW","RuneforgeCore","convert_perceptual_quantizer_base.hlsl","C:\RUNEFOGE_PRO\runeforge\runeforge\app\_archive\source-zips\Sunshine-master\Sunshine-master\src_assets\windows\assets\shaders\directx\include\convert_perceptual_quantizer_base.hlsl","0","21/03/2026 08:14:42 p. m.","True"
"195862EAACCFECABD523A37A58E58059E80C1C5CFC74B6FA484B2E027A076004","3","DUPLICATE_REVIEW","RuneforgeCore","convert_perceptual_quantizer_base.hlsl","C:\RUNEFOGE_PRO\runeforge\app\_archive\source-zips\Sunshine-master\Sunshine-master\src_assets\windows\assets\shaders\directx\include\convert_perceptual_quantizer_base.hlsl","0","21/03/2026 08:14:42 p. m.","True"
"1967D92ABD7EE2151CA9A50CEEF9210FDBF0023ECCEF294B2042F5FBBEE08067","1","KEEP_CANDIDATE","RuneforgeCore","sunshine.ico","C:\RUNEFOGE_PRO\runeforge-mvp\runeforge-mvp\_archive\source-zips\Sunshine-master\Sunshine-master\sunshine.ico","0.115","21/03/2026 08:14:42 p. m.","True"
"1967D92ABD7EE2151CA9A50CEEF9210FDBF0023ECCEF294B2042F5FBBEE08067","2","DUPLICATE_REVIEW","RuneforgeCore","sunshine.ico","C:\RUNEFOGE_PRO\runeforge\runeforge\app\_archive\source-zips\Sunshine-master\Sunshine-master\sunshine.ico","0.115","21/03/2026 08:14:42 p. m.","True"
"1967D92ABD7EE2151CA9A50CEEF9210FDBF0023ECCEF294B2042F5FBBEE08067","3","DUPLICATE_REVIEW","RuneforgeCore","sunshine.ico","C:\RUNEFOGE_PRO\runeforge\app\_archive\source-zips\Sunshine-master\Sunshine-master\sunshine.ico","0.115","21/03/2026 08:14:42 p. m.","True"
"1974D8D8D352B37965DB6D2E8D49030B711730BAAC8CE85A4C71B41030ACE5C5","1","KEEP_CANDIDATE","Laboratorio","organize.sh","C:\RUNEFOGE_PRO\RUNEFOGE_PRO\lab_v1_1_files\lab\scripts\cmds\organize.sh","0.001","16/03/2026 07:45:30 p. m.","False"
"1974D8D8D352B37965DB6D2E8D49030B711730BAAC8CE85A4C71B41030ACE5C5","2","DUPLICATE_REVIEW","Laboratorio","organize.sh","C:\RUNEFOGE_PRO\lab_v1_1_files\lab\scripts\cmds\organize.sh","0.001","16/03/2026 07:45:30 p. m.","False"
"1A757F510D04C78A5CAE5831F6365E5F38F49F1F27B1CE6CECD0656BF4E60DE8","1","KEEP_CANDIDATE","RuneforgeCore","system-status.ps1","C:\RUNEFOGE_PRO\runeforge-v2-ready\runeforge-v2\scripts\system-status.ps1","0","13/04/2026 01:35:16 a. m.","True"
"1A757F510D04C78A5CAE5831F6365E5F38F49F1F27B1CE6CECD0656BF4E60DE8","2","DUPLICATE_REVIEW","RuneforgeCore","system-status.ps1","C:\RUNEFOGE_PRO\RUNEFOGE_PRO\runeforge-v2-ready\runeforge-v2\scripts\system-status.ps1","0","13/04/2026 01:35:16 a. m.","False"
"1A8B2AF4B74FA60637ED09244E00B6EE930E2BAD08DD06CB7B170B2C3D344500","1","KEEP_CANDIDATE","RuneforgeCore","config.h","C:\RUNEFOGE_PRO\runeforge-mvp\runeforge-mvp\_archive\source-zips\Sunshine-master\Sunshine-master\src\config.h","0.008","21/03/2026 08:14:42 p. m.","True"
"1A8B2AF4B74FA60637ED09244E00B6EE930E2BAD08DD06CB7B170B2C3D344500","2","DUPLICATE_REVIEW","RuneforgeCore","config.h","C:\RUNEFOGE_PRO\runeforge\runeforge\app\_archive\source-zips\Sunshine-master\Sunshine-master\src\config.h","0.008","21/03/2026 08:14:42 p. m.","True"
"1A8B2AF4B74FA60637ED09244E00B6EE930E2BAD08DD06CB7B170B2C3D344500","3","DUPLICATE_REVIEW","RuneforgeCore","config.h","C:\RUNEFOGE_PRO\runeforge\app\_archive\source-zips\Sunshine-master\Sunshine-master\src\config.h","0.008","21/03/2026 08:14:42 p. m.","True"
"1ABB6DB90AB1D5D4CDDA9186C2A45F1D35B21B15DDAA9CC69469C9F8C747FEA2","1","KEEP_CANDIDATE","RuneforgeCore","traceRepo.ts","C:\RUNEFOGE_PRO\runeforge-v2-ready\runeforge-v2\src\trace\traceRepo.ts","0.001","13/04/2026 01:35:16 a. m.","True"
"1ABB6DB90AB1D5D4CDDA9186C2A45F1D35B21B15DDAA9CC69469C9F8C747FEA2","2","DUPLICATE_REVIEW","RuneforgeCore","traceRepo.ts","C:\RUNEFOGE_PRO\RUNEFOGE_PRO\runeforge-v2-ready\runeforge-v2\src\trace\traceRepo.ts","0.001","13/04/2026 01:35:16 a. m.","False"
"1AEBD426039AB92C666A6EE698E66EB8B39087129ECFC572CF102D5445ADEE7D","1","KEEP_CANDIDATE","RuneforgeCore","windows.cmake","C:\RUNEFOGE_PRO\runeforge-mvp\runeforge-mvp\_archive\source-zips\Sunshine-master\Sunshine-master\cmake\macros\windows.cmake","0","21/03/2026 08:14:42 p. m.","True"
"1AEBD426039AB92C666A6EE698E66EB8B39087129ECFC572CF102D5445ADEE7D","2","DUPLICATE_REVIEW","RuneforgeCore","windows.cmake","C:\RUNEFOGE_PRO\runeforge\runeforge\app\_archive\source-zips\Sunshine-master\Sunshine-master\cmake\macros\windows.cmake","0","21/03/2026 08:14:42 p. m.","True"
"1AEBD426039AB92C666A6EE698E66EB8B39087129ECFC572CF102D5445ADEE7D","3","DUPLICATE_REVIEW","RuneforgeCore","windows.cmake","C:\RUNEFOGE_PRO\runeforge\app\_archive\source-zips\Sunshine-master\Sunshine-master\cmake\macros\windows.cmake","0","21/03/2026 08:14:42 p. m.","True"
"1B3694E58FC00557F5EA4CB85B76C980D91E999F1CF3BEE7635278D189BBE263","1","KEEP_CANDIDATE","RuneforgeCore","httpcommon.cpp","C:\RUNEFOGE_PRO\runeforge-mvp\runeforge-mvp\_archive\source-zips\Sunshine-master\Sunshine-master\src\httpcommon.cpp","0.007","21/03/2026 08:14:42 p. m.","True"
"1B3694E58FC00557F5EA4CB85B76C980D91E999F1CF3BEE7635278D189BBE263","2","DUPLICATE_REVIEW","RuneforgeCore","httpcommon.cpp","C:\RUNEFOGE_PRO\runeforge\runeforge\app\_archive\source-zips\Sunshine-master\Sunshine-master\src\httpcommon.cpp","0.007","21/03/2026 08:14:42 p. m.","True"
"1B3694E58FC00557F5EA4CB85B76C980D91E999F1CF3BEE7635278D189BBE263","3","DUPLICATE_REVIEW","RuneforgeCore","httpcommon.cpp","C:\RUNEFOGE_PRO\runeforge\app\_archive\source-zips\Sunshine-master\Sunshine-master\src\httpcommon.cpp","0.007","21/03/2026 08:14:42 p. m.","True"
"1B7F2CB51135FA0645B4BEAD36B6C345F5D90B3C231836319A2BE86FD24A281A","1","KEEP_CANDIDATE","RuneforgeCore","boost.json","C:\RUNEFOGE_PRO\runeforge-mvp\runeforge-mvp\_archive\source-zips\Sunshine-master\Sunshine-master\packaging\linux\flatpak\modules\boost.json","0.001","21/03/2026 08:14:42 p. m.","True"
"1B7F2CB51135FA0645B4BEAD36B6C345F5D90B3C231836319A2BE86FD24A281A","2","DUPLICATE_REVIEW","RuneforgeCore","boost.json","C:\RUNEFOGE_PRO\runeforge\runeforge\app\_archive\source-zips\Sunshine-master\Sunshine-master\packaging\linux\flatpak\modules\boost.json","0.001","21/03/2026 08:14:42 p. m.","True"
"1B7F2CB51135FA0645B4BEAD36B6C345F5D90B3C231836319A2BE86FD24A281A","3","DUPLICATE_REVIEW","RuneforgeCore","boost.json","C:\RUNEFOGE_PRO\runeforge\app\_archive\source-zips\Sunshine-master\Sunshine-master\packaging\linux\flatpak\modules\boost.json","0.001","21/03/2026 08:14:42 p. m.","True"
"1C5B87EB7B13D7D50A5354C5970F73E8071880385339530EC8793572798010AF","1","KEEP_CANDIDATE","RuneforgeCore","apps.json","C:\RUNEFOGE_PRO\runeforge-mvp\runeforge-mvp\_archive\source-zips\Sunshine-master\Sunshine-master\packaging\linux\flatpak\apps.json","0","21/03/2026 08:14:42 p. m.","True"
"1C5B87EB7B13D7D50A5354C5970F73E8071880385339530EC8793572798010AF","2","DUPLICATE_REVIEW","RuneforgeCore","apps.json","C:\RUNEFOGE_PRO\runeforge\runeforge\app\_archive\source-zips\Sunshine-master\Sunshine-master\packaging\linux\flatpak\apps.json","0","21/03/2026 08:14:42 p. m.","True"
"1C5B87EB7B13D7D50A5354C5970F73E8071880385339530EC8793572798010AF","3","DUPLICATE_REVIEW","RuneforgeCore","apps.json","C:\RUNEFOGE_PRO\runeforge\app\_archive\source-zips\Sunshine-master\Sunshine-master\packaging\linux\flatpak\apps.json","0","21/03/2026 08:14:42 p. m.","True"
"1D0AC98D221D73E95893B749883D0DB4F5365CCEEBC79B259D89C36A11EC29B2","1","KEEP_CANDIDATE","RuneforgeCore","ai.client.js","C:\RUNEFOGE_PRO\runeforge-mvp\runeforge-mvp\src\adapters\ai\ai.client.js","0","20/03/2026 06:15:07 a. m.","True"
"1D0AC98D221D73E95893B749883D0DB4F5365CCEEBC79B259D89C36A11EC29B2","2","DUPLICATE_REVIEW","RuneforgeCore","ai.client.js","C:\RUNEFOGE_PRO\runeforge-mvp\runeforge-mvp\runeforge-mvp\src\adapters\ai\ai.client.js","0","20/03/2026 12:15:06 a. m.","True"
"1D0AC98D221D73E95893B749883D0DB4F5365CCEEBC79B259D89C36A11EC29B2","3","DUPLICATE_REVIEW","RuneforgeCore","ai.client.js","C:\RUNEFOGE_PRO\runeforge\runeforge\app\src\adapters\ai\ai.client.js","0","20/03/2026 12:15:06 a. m.","True"
"1D0AC98D221D73E95893B749883D0DB4F5365CCEEBC79B259D89C36A11EC29B2","4","DUPLICATE_REVIEW","RuneforgeCore","ai.client.js","C:\RUNEFOGE_PRO\runeforge\app\src\adapters\ai\ai.client.js","0","20/03/2026 12:15:06 a. m.","True"
"1D1E2CD109CB3AD4C746400A9A11543AA02BB9A6DCFAEF0ABD8991D347125DA5","1","KEEP_CANDIDATE","RuneforgeCore","convert_yuv444_packed_y410_ps_perceptual_quantizer.hlsl","C:\RUNEFOGE_PRO\runeforge-mvp\runeforge-mvp\_archive\source-zips\Sunshine-master\Sunshine-master\src_assets\windows\assets\shaders\directx\convert_yuv444_packed_y410_ps_perceptual_quantizer.hlsl","0","21/03/2026 08:14:42 p. m.","True"
"1D1E2CD109CB3AD4C746400A9A11543AA02BB9A6DCFAEF0ABD8991D347125DA5","2","DUPLICATE_REVIEW","RuneforgeCore","convert_yuv444_packed_y410_ps_perceptual_quantizer.hlsl","C:\RUNEFOGE_PRO\runeforge\runeforge\app\_archive\source-zips\Sunshine-master\Sunshine-master\src_assets\windows\assets\shaders\directx\convert_yuv444_packed_y410_ps_perceptual_quantizer.hlsl","0","21/03/2026 08:14:42 p. m.","True"
"1D1E2CD109CB3AD4C746400A9A11543AA02BB9A6DCFAEF0ABD8991D347125DA5","3","DUPLICATE_REVIEW","RuneforgeCore","convert_yuv444_packed_y410_ps_perceptual_quantizer.hlsl","C:\RUNEFOGE_PRO\runeforge\app\_archive\source-zips\Sunshine-master\Sunshine-master\src_assets\windows\assets\shaders\directx\convert_yuv444_packed_y410_ps_perceptual_quantizer.hlsl","0","21/03/2026 08:14:42 p. m.","True"
"1D258979D63AB7F6F82BD166FBCD547452DF1CE45EE762AFEC64AD4DC6233EB1","1","KEEP_CANDIDATE","RuneforgeCore","latest-terminal-export.txt","C:\RUNEFOGE_PRO\runeforge\data\commander\exports\latest-terminal-export.txt","0.003","25/04/2026 02:56:05 a. m.","True"
"1D258979D63AB7F6F82BD166FBCD547452DF1CE45EE762AFEC64AD4DC6233EB1","2","DUPLICATE_REVIEW","RuneforgeCore","latest-terminal-export.clean.txt","C:\RUNEFOGE_PRO\runeforge\data\commander\exports\latest-terminal-export.clean.txt","0.003","25/04/2026 02:56:05 a. m.","True"
"1D258979D63AB7F6F82BD166FBCD547452DF1CE45EE762AFEC64AD4DC6233EB1","3","DUPLICATE_REVIEW","RuneforgeCore","capture_fix02a_source_read_20260425_025605.txt","C:\RUNEFOGE_PRO\runeforge\data\commander\exports\capture_fix02a_source_read_20260425_025605.txt","0.003","25/04/2026 02:56:05 a. m.","True"
"1D5EE50AACCC07CC5AD6396A21EB408564CAEA76D4657D4B2D24184AEF1156E5","1","KEEP_CANDIDATE","RuneforgeCore","bg.json","C:\RUNEFOGE_PRO\runeforge-mvp\runeforge-mvp\_archive\source-zips\Sunshine-master\Sunshine-master\src_assets\common\assets\web\public\assets\locale\bg.json","0.07","21/03/2026 08:14:42 p. m.","True"
"1D5EE50AACCC07CC5AD6396A21EB408564CAEA76D4657D4B2D24184AEF1156E5","2","DUPLICATE_REVIEW","RuneforgeCore","bg.json","C:\RUNEFOGE_PRO\runeforge\runeforge\app\_archive\source-zips\Sunshine-master\Sunshine-master\src_assets\common\assets\web\public\assets\locale\bg.json","0.07","21/03/2026 08:14:42 p. m.","True"
"1D5EE50AACCC07CC5AD6396A21EB408564CAEA76D4657D4B2D24184AEF1156E5","3","DUPLICATE_REVIEW","RuneforgeCore","bg.json","C:\RUNEFOGE_PRO\runeforge\app\_archive\source-zips\Sunshine-master\Sunshine-master\src_assets\common\assets\web\public\assets\locale\bg.json","0.07","21/03/2026 08:14:42 p. m.","True"
"1D7434341DBEF3723D029A4EB42C217641DB79D8CFA7F698A156AA35A730E82B","1","KEEP_CANDIDATE","RuneforgeCore","01-sunshine-welcome-page.png","C:\RUNEFOGE_PRO\runeforge-mvp\runeforge-mvp\_archive\source-zips\Sunshine-master\Sunshine-master\gh-pages-template\assets\img\screenshots\01-sunshine-welcome-page.png","0.13","21/03/2026 08:14:42 p. m.","True"
"1D7434341DBEF3723D029A4EB42C217641DB79D8CFA7F698A156AA35A730E82B","2","DUPLICATE_REVIEW","RuneforgeCore","01-sunshine-welcome-page.png","C:\RUNEFOGE_PRO\runeforge\runeforge\app\_archive\source-zips\Sunshine-master\Sunshine-master\gh-pages-template\assets\img\screenshots\01-sunshine-welcome-page.png","0.13","21/03/2026 08:14:42 p. m.","True"
"1D7434341DBEF3723D029A4EB42C217641DB79D8CFA7F698A156AA35A730E82B","3","DUPLICATE_REVIEW","RuneforgeCore","01-sunshine-welcome-page.png","C:\RUNEFOGE_PRO\runeforge\app\_archive\source-zips\Sunshine-master\Sunshine-master\gh-pages-template\assets\img\screenshots\01-sunshine-welcome-page.png","0.13","21/03/2026 08:14:42 p. m.","True"
"1DAFE19097A7DD5C67AA93B31A16EE12E55151FB53BADDD89DC92A9B3585ACEC","1","KEEP_CANDIDATE","RuneforgeCore","common.cmake","C:\RUNEFOGE_PRO\runeforge-mvp\runeforge-mvp\_archive\source-zips\Sunshine-master\Sunshine-master\cmake\packaging\common.cmake","0.002","21/03/2026 08:14:42 p. m.","True"
"1DAFE19097A7DD5C67AA93B31A16EE12E55151FB53BADDD89DC92A9B3585ACEC","2","DUPLICATE_REVIEW","RuneforgeCore","common.cmake","C:\RUNEFOGE_PRO\runeforge\runeforge\app\_archive\source-zips\Sunshine-master\Sunshine-master\cmake\packaging\common.cmake","0.002","21/03/2026 08:14:42 p. m.","True"
"1DAFE19097A7DD5C67AA93B31A16EE12E55151FB53BADDD89DC92A9B3585ACEC","3","DUPLICATE_REVIEW","RuneforgeCore","common.cmake","C:\RUNEFOGE_PRO\runeforge\app\_archive\source-zips\Sunshine-master\Sunshine-master\cmake\packaging\common.cmake","0.002","21/03/2026 08:14:42 p. m.","True"
"1E578127E0D5A53840251F17472F68808BC5D6E1662046B7779218B7694275CB","1","KEEP_CANDIDATE","RuneforgeCore","PS2dumperV2_iso.7z","C:\RUNEFOGE_PRO\runeforge-mvp\runeforge-mvp\retro\tools\ps2-bios-dumper\PS2dumperV2_iso.7z","0.432","22/03/2026 08:03:08 p. m.","True"
"1E578127E0D5A53840251F17472F68808BC5D6E1662046B7779218B7694275CB","2","DUPLICATE_REVIEW","RuneforgeCore","PS2dumperV2_iso.7z","C:\RUNEFOGE_PRO\runeforge\runeforge\app\retro\tools\ps2-bios-dumper\PS2dumperV2_iso.7z","0.432","22/03/2026 08:03:08 p. m.","True"
"1E578127E0D5A53840251F17472F68808BC5D6E1662046B7779218B7694275CB","3","DUPLICATE_REVIEW","RuneforgeCore","PS2dumperV2_iso.7z","C:\RUNEFOGE_PRO\runeforge\app\retro\tools\ps2-bios-dumper\PS2dumperV2_iso.7z","0.432","22/03/2026 08:03:08 p. m.","True"
"1E95C32040815CB1F7742B8FD570E0CE1A1AF2B1BF0C84BF90CB69C719136231","1","KEEP_CANDIDATE","RuneforgeCore","PolicyConfig.h","C:\RUNEFOGE_PRO\runeforge-mvp\runeforge-mvp\_archive\source-zips\Sunshine-master\Sunshine-master\src\platform\windows\PolicyConfig.h","0.003","21/03/2026 08:14:42 p. m.","True"
"1E95C32040815CB1F7742B8FD570E0CE1A1AF2B1BF0C84BF90CB69C719136231","2","DUPLICATE_REVIEW","RuneforgeCore","PolicyConfig.h","C:\RUNEFOGE_PRO\runeforge\runeforge\app\_archive\source-zips\Sunshine-master\Sunshine-master\src\platform\windows\PolicyConfig.h","0.003","21/03/2026 08:14:42 p. m.","True"
"1E95C32040815CB1F7742B8FD570E0CE1A1AF2B1BF0C84BF90CB69C719136231","3","DUPLICATE_REVIEW","RuneforgeCore","PolicyConfig.h","C:\RUNEFOGE_PRO\runeforge\app\_archive\source-zips\Sunshine-master\Sunshine-master\src\platform\windows\PolicyConfig.h","0.003","21/03/2026 08:14:42 p. m.","True"
"1E99F2D7153B1B859697A05A44F989378D050E5499B8F287D02F55303A9E01C2","1","KEEP_CANDIDATE","RuneforgeCore","unix.cmake","C:\RUNEFOGE_PRO\runeforge-mvp\runeforge-mvp\_archive\source-zips\Sunshine-master\Sunshine-master\cmake\dependencies\unix.cmake","0","21/03/2026 08:14:42 p. m.","True"
"1E99F2D7153B1B859697A05A44F989378D050E5499B8F287D02F55303A9E01C2","2","DUPLICATE_REVIEW","RuneforgeCore","unix.cmake","C:\RUNEFOGE_PRO\runeforge\runeforge\app\_archive\source-zips\Sunshine-master\Sunshine-master\cmake\dependencies\unix.cmake","0","21/03/2026 08:14:42 p. m.","True"
"1E99F2D7153B1B859697A05A44F989378D050E5499B8F287D02F55303A9E01C2","3","DUPLICATE_REVIEW","RuneforgeCore","unix.cmake","C:\RUNEFOGE_PRO\runeforge\app\_archive\source-zips\Sunshine-master\Sunshine-master\cmake\dependencies\unix.cmake","0","21/03/2026 08:14:42 p. m.","True"
"1EE7284938ACB2A3A7F9EE362CD830DA591B1EF9F5917D81AA89EE755D42F11B","1","KEEP_CANDIDATE","RuneforgeCore","Start-Runeforge-Commander-V43_5.ps1","C:\RUNEFOGE_PRO\runeforge\runeforge\scripts\Start-Runeforge-Commander-V43_5.ps1","0.001","24/04/2026 07:48:15 p. m.","True"
"1EE7284938ACB2A3A7F9EE362CD830DA591B1EF9F5917D81AA89EE755D42F11B","2","DUPLICATE_REVIEW","RuneforgeCore","Start-Runeforge-Commander-V43_5.ps1.20260425_021248.launcher_backup","C:\RUNEFOGE_PRO\runeforge\backups\commander\Start-Runeforge-Commander-V43_5.ps1.20260425_021248.launcher_backup","0.001","24/04/2026 07:48:15 p. m.","True"
"1EFD6195BE8AC708CC5791DBF496E8C2DB89C325B43D40D9B57B7D65F1DC1FE5","1","KEEP_CANDIDATE","RuneforgeCore","Boost_Sunshine.cmake","C:\RUNEFOGE_PRO\runeforge-mvp\runeforge-mvp\_archive\source-zips\Sunshine-master\Sunshine-master\cmake\dependencies\Boost_Sunshine.cmake","0.003","21/03/2026 08:14:42 p. m.","True"
"1EFD6195BE8AC708CC5791DBF496E8C2DB89C325B43D40D9B57B7D65F1DC1FE5","2","DUPLICATE_REVIEW","RuneforgeCore","Boost_Sunshine.cmake","C:\RUNEFOGE_PRO\runeforge\runeforge\app\_archive\source-zips\Sunshine-master\Sunshine-master\cmake\dependencies\Boost_Sunshine.cmake","0.003","21/03/2026 08:14:42 p. m.","True"
"1EFD6195BE8AC708CC5791DBF496E8C2DB89C325B43D40D9B57B7D65F1DC1FE5","3","DUPLICATE_REVIEW","RuneforgeCore","Boost_Sunshine.cmake","C:\RUNEFOGE_PRO\runeforge\app\_archive\source-zips\Sunshine-master\Sunshine-master\cmake\dependencies\Boost_Sunshine.cmake","0.003","21/03/2026 08:14:42 p. m.","True"
"1F21F023137B0CF6EC25474BF30C2AA9DDBF469EC6D9553E5FAD50773E835E37","1","KEEP_CANDIDATE","RuneforgeCore","request_extraction_v41.txt","C:\RUNEFOGE_PRO\runeforge\runeforge\data\commander\snippets\request_extraction_v41.txt","0.001","24/04/2026 12:41:08 a. m.","True"
"1F21F023137B0CF6EC25474BF30C2AA9DDBF469EC6D9553E5FAD50773E835E37","2","DUPLICATE_REVIEW","RuneforgeCore","request_extraction_v41.txt","C:\RUNEFOGE_PRO\runeforge\data\commander\snippets\request_extraction_v41.txt","0.001","24/04/2026 12:41:08 a. m.","True"
"1F3D89E06F52A310C96A04F24CB7A0429DF8A51532E1173F89ABD477CF5A5F88","1","KEEP_CANDIDATE","RuneforgeCore","logging.h","C:\RUNEFOGE_PRO\runeforge-mvp\runeforge-mvp\_archive\source-zips\Sunshine-master\Sunshine-master\src\logging.h","0.006","21/03/2026 08:14:42 p. m.","True"
"1F3D89E06F52A310C96A04F24CB7A0429DF8A51532E1173F89ABD477CF5A5F88","2","DUPLICATE_REVIEW","RuneforgeCore","logging.h","C:\RUNEFOGE_PRO\runeforge\runeforge\app\_archive\source-zips\Sunshine-master\Sunshine-master\src\logging.h","0.006","21/03/2026 08:14:42 p. m.","True"
"1F3D89E06F52A310C96A04F24CB7A0429DF8A51532E1173F89ABD477CF5A5F88","3","DUPLICATE_REVIEW","RuneforgeCore","logging.h","C:\RUNEFOGE_PRO\runeforge\app\_archive\source-zips\Sunshine-master\Sunshine-master\src\logging.h","0.006","21/03/2026 08:14:42 p. m.","True"
"1F4E77DC88044026F14969CB5EE5F4FAB7C0E33063DDEDC245FBDCA037DA44D9","1","KEEP_CANDIDATE","RuneforgeCore","pt_PT.ini","C:\RUNEFOGE_PRO\runeforge-mvp\runeforge-mvp\retro\_downloads\PPSSPPWindowsARM64\assets\lang\pt_PT.ini","0.07","15/03/2026 11:52:35 a. m.","True"
"1F4E77DC88044026F14969CB5EE5F4FAB7C0E33063DDEDC245FBDCA037DA44D9","2","DUPLICATE_REVIEW","RuneforgeCore","pt_PT.ini","C:\RUNEFOGE_PRO\runeforge\runeforge\app\retro\_downloads\PPSSPPWindowsARM64\assets\lang\pt_PT.ini","0.07","15/03/2026 11:52:35 a. m.","True"
"1F4E77DC88044026F14969CB5EE5F4FAB7C0E33063DDEDC245FBDCA037DA44D9","3","DUPLICATE_REVIEW","RuneforgeCore","pt_PT.ini","C:\RUNEFOGE_PRO\runeforge\app\retro\_downloads\PPSSPPWindowsARM64\assets\lang\pt_PT.ini","0.07","15/03/2026 11:52:35 a. m.","True"
"1F6954BD0113F37759D7E411B916147A0393795002C335C2DB524EA87533F19C","1","KEEP_CANDIDATE","RuneforgeCore","upscale_bicubic.vsh","C:\RUNEFOGE_PRO\runeforge-mvp\runeforge-mvp\retro\_downloads\PPSSPPWindowsARM64\assets\shaders\upscale_bicubic.vsh","0","15/03/2026 11:52:35 a. m.","True"
"1F6954BD0113F37759D7E411B916147A0393795002C335C2DB524EA87533F19C","2","DUPLICATE_REVIEW","RuneforgeCore","upscale_bicubic.vsh","C:\RUNEFOGE_PRO\runeforge\runeforge\app\retro\_downloads\PPSSPPWindowsARM64\assets\shaders\upscale_bicubic.vsh","0","15/03/2026 11:52:35 a. m.","True"
"1F6954BD0113F37759D7E411B916147A0393795002C335C2DB524EA87533F19C","3","DUPLICATE_REVIEW","RuneforgeCore","upscale_bicubic.vsh","C:\RUNEFOGE_PRO\runeforge\app\retro\_downloads\PPSSPPWindowsARM64\assets\shaders\upscale_bicubic.vsh","0","15/03/2026 11:52:35 a. m.","True"
"1FD941DC73F32CB0B247E5CA6B3F650869726475BE394E4B3687ADB3D630BA59","1","KEEP_CANDIDATE","RuneforgeCore","jv_ID.ini","C:\RUNEFOGE_PRO\runeforge-mvp\runeforge-mvp\retro\_downloads\PPSSPPWindowsARM64\assets\lang\jv_ID.ini","0.061","15/03/2026 11:52:35 a. m.","True"
"1FD941DC73F32CB0B247E5CA6B3F650869726475BE394E4B3687ADB3D630BA59","2","DUPLICATE_REVIEW","RuneforgeCore","jv_ID.ini","C:\RUNEFOGE_PRO\runeforge\runeforge\app\retro\_downloads\PPSSPPWindowsARM64\assets\lang\jv_ID.ini","0.061","15/03/2026 11:52:35 a. m.","True"
"1FD941DC73F32CB0B247E5CA6B3F650869726475BE394E4B3687ADB3D630BA59","3","DUPLICATE_REVIEW","RuneforgeCore","jv_ID.ini","C:\RUNEFOGE_PRO\runeforge\app\retro\_downloads\PPSSPPWindowsARM64\assets\lang\jv_ID.ini","0.061","15/03/2026 11:52:35 a. m.","True"
"2036D812FBF2C59EADA182C96DFCD03380E9E4B1B8419DE03C71B20EED80EF2C","1","KEEP_CANDIDATE","RuneforgeCore","ffmpeg.cmake","C:\RUNEFOGE_PRO\runeforge-mvp\runeforge-mvp\_archive\source-zips\Sunshine-master\Sunshine-master\cmake\dependencies\ffmpeg.cmake","0.006","21/03/2026 08:14:42 p. m.","True"
"2036D812FBF2C59EADA182C96DFCD03380E9E4B1B8419DE03C71B20EED80EF2C","2","DUPLICATE_REVIEW","RuneforgeCore","ffmpeg.cmake","C:\RUNEFOGE_PRO\runeforge\runeforge\app\_archive\source-zips\Sunshine-master\Sunshine-master\cmake\dependencies\ffmpeg.cmake","0.006","21/03/2026 08:14:42 p. m.","True"
"2036D812FBF2C59EADA182C96DFCD03380E9E4B1B8419DE03C71B20EED80EF2C","3","DUPLICATE_REVIEW","RuneforgeCore","ffmpeg.cmake","C:\RUNEFOGE_PRO\runeforge\app\_archive\source-zips\Sunshine-master\Sunshine-master\cmake\dependencies\ffmpeg.cmake","0.006","21/03/2026 08:14:42 p. m.","True"
"210850D5118CA4F654E9B30DAB1AF588E61A947B048D21FC945A3F00DB91D8E6","1","KEEP_CANDIDATE","RuneforgeCore","skill-router.js","C:\RUNEFOGE_PRO\runeforge-mvp\runeforge-mvp\runeforge-mvp\src\modules\chat\skill-router.js","0.001","27/03/2026 12:57:16 a. m.","True"
"210850D5118CA4F654E9B30DAB1AF588E61A947B048D21FC945A3F00DB91D8E6","2","DUPLICATE_REVIEW","RuneforgeCore","skill-router.js","C:\RUNEFOGE_PRO\runeforge\runeforge\app\src\modules\chat\skill-router.js","0.001","27/03/2026 12:57:16 a. m.","True"
"210850D5118CA4F654E9B30DAB1AF588E61A947B048D21FC945A3F00DB91D8E6","3","DUPLICATE_REVIEW","RuneforgeCore","skill-router.js","C:\RUNEFOGE_PRO\runeforge\app\src\modules\chat\skill-router.js","0.001","27/03/2026 12:57:16 a. m.","True"
"210850D5118CA4F654E9B30DAB1AF588E61A947B048D21FC945A3F00DB91D8E6","4","DUPLICATE_REVIEW","RuneforgeCore","skill-router.js","C:\RUNEFOGE_PRO\runeforge-mvp\runeforge-mvp\src\modules\chat\skill-router.js","0.001","26/03/2026 06:57:16 p. m.","True"
"21F750DB6891374818BBEC9496182E1438ECBE61F8B288A2A33894E5B39D7BDC","1","KEEP_CANDIDATE","RuneforgeCore","ppsspp.xml","C:\RUNEFOGE_PRO\runeforge-mvp\runeforge-mvp\retro\_downloads\PPSSPPWindowsARM64\assets\mime\ppsspp.xml","0.001","15/03/2026 11:52:35 a. m.","True"
"21F750DB6891374818BBEC9496182E1438ECBE61F8B288A2A33894E5B39D7BDC","2","DUPLICATE_REVIEW","RuneforgeCore","ppsspp.xml","C:\RUNEFOGE_PRO\runeforge\runeforge\app\retro\_downloads\PPSSPPWindowsARM64\assets\mime\ppsspp.xml","0.001","15/03/2026 11:52:35 a. m.","True"
"21F750DB6891374818BBEC9496182E1438ECBE61F8B288A2A33894E5B39D7BDC","3","DUPLICATE_REVIEW","RuneforgeCore","ppsspp.xml","C:\RUNEFOGE_PRO\runeforge\app\retro\_downloads\PPSSPPWindowsARM64\assets\mime\ppsspp.xml","0.001","15/03/2026 11:52:35 a. m.","True"
"226A2C547E65255F84FC17E6343419B825040E42B63F99D52002359F84EA74AD","1","KEEP_CANDIDATE","RuneforgeCore","ms_MY.ini","C:\RUNEFOGE_PRO\runeforge-mvp\runeforge-mvp\retro\_downloads\PPSSPPWindowsARM64\assets\lang\ms_MY.ini","0.061","15/03/2026 11:52:35 a. m.","True"
"226A2C547E65255F84FC17E6343419B825040E42B63F99D52002359F84EA74AD","2","DUPLICATE_REVIEW","RuneforgeCore","ms_MY.ini","C:\RUNEFOGE_PRO\runeforge\runeforge\app\retro\_downloads\PPSSPPWindowsARM64\assets\lang\ms_MY.ini","0.061","15/03/2026 11:52:35 a. m.","True"
"226A2C547E65255F84FC17E6343419B825040E42B63F99D52002359F84EA74AD","3","DUPLICATE_REVIEW","RuneforgeCore","ms_MY.ini","C:\RUNEFOGE_PRO\runeforge\app\retro\_downloads\PPSSPPWindowsARM64\assets\lang\ms_MY.ini","0.061","15/03/2026 11:52:35 a. m.","True"
"22986CC41AF17B08708B5CB55563DE281BE8D36FD15D33A00E6F59867265E336","1","KEEP_CANDIDATE","RuneforgeCore","ci-freebsd.yml","C:\RUNEFOGE_PRO\runeforge-mvp\runeforge-mvp\_archive\source-zips\Sunshine-master\Sunshine-master\.github\workflows\ci-freebsd.yml","0.008","21/03/2026 08:14:42 p. m.","True"
"22986CC41AF17B08708B5CB55563DE281BE8D36FD15D33A00E6F59867265E336","2","DUPLICATE_REVIEW","RuneforgeCore","ci-freebsd.yml","C:\RUNEFOGE_PRO\runeforge\runeforge\app\_archive\source-zips\Sunshine-master\Sunshine-master\.github\workflows\ci-freebsd.yml","0.008","21/03/2026 08:14:42 p. m.","True"
"22986CC41AF17B08708B5CB55563DE281BE8D36FD15D33A00E6F59867265E336","3","DUPLICATE_REVIEW","RuneforgeCore","ci-freebsd.yml","C:\RUNEFOGE_PRO\runeforge\app\_archive\source-zips\Sunshine-master\Sunshine-master\.github\workflows\ci-freebsd.yml","0.008","21/03/2026 08:14:42 p. m.","True"
"22C2AF935E40C66E44385823027D72863B3969F2FBD2400A7D8F063484E5E12B","1","KEEP_CANDIDATE","RuneforgeCore","libevdev_Sunshine.cmake","C:\RUNEFOGE_PRO\runeforge-mvp\runeforge-mvp\_archive\source-zips\Sunshine-master\Sunshine-master\cmake\dependencies\libevdev_Sunshine.cmake","0.002","21/03/2026 08:14:42 p. m.","True"
"22C2AF935E40C66E44385823027D72863B3969F2FBD2400A7D8F063484E5E12B","2","DUPLICATE_REVIEW","RuneforgeCore","libevdev_Sunshine.cmake","C:\RUNEFOGE_PRO\runeforge\runeforge\app\_archive\source-zips\Sunshine-master\Sunshine-master\cmake\dependencies\libevdev_Sunshine.cmake","0.002","21/03/2026 08:14:42 p. m.","True"
"22C2AF935E40C66E44385823027D72863B3969F2FBD2400A7D8F063484E5E12B","3","DUPLICATE_REVIEW","RuneforgeCore","libevdev_Sunshine.cmake","C:\RUNEFOGE_PRO\runeforge\app\_archive\source-zips\Sunshine-master\Sunshine-master\cmake\dependencies\libevdev_Sunshine.cmake","0.002","21/03/2026 08:14:42 p. m.","True"
"22CCE8E5C9B16050B7B2B544635FB6B8D5C2255B68E21B3CC68479B0B3BB1C2D","1","KEEP_CANDIDATE","RuneforgeCore","server.js.20260419_045136.bak","C:\RUNEFOGE_PRO\runeforge\runeforge\backups\api_chat\server.js.20260419_045136.bak","0","19/04/2026 04:17:25 a. m.","True"
"22CCE8E5C9B16050B7B2B544635FB6B8D5C2255B68E21B3CC68479B0B3BB1C2D","2","DUPLICATE_REVIEW","RuneforgeCore","server.js.20260419_045136.bak","C:\RUNEFOGE_PRO\runeforge\backups\api_chat\server.js.20260419_045136.bak","0","19/04/2026 04:17:25 a. m.","True"
"236061706165B9E5018C5597FECB4F914CD7C2106FE879FC228B7BDD5396D659","1","KEEP_CANDIDATE","RuneforgeCore","main.3eab8a01.css","C:\RUNEFOGE_PRO\runeforge-mvp\runeforge-mvp\retro\_downloads\PPSSPPWindowsARM64\assets\debugger\static\css\main.3eab8a01.css","0.015","15/03/2026 11:53:07 a. m.","True"
"236061706165B9E5018C5597FECB4F914CD7C2106FE879FC228B7BDD5396D659","2","DUPLICATE_REVIEW","RuneforgeCore","main.3eab8a01.css","C:\RUNEFOGE_PRO\runeforge\runeforge\app\retro\_downloads\PPSSPPWindowsARM64\assets\debugger\static\css\main.3eab8a01.css","0.015","15/03/2026 11:53:07 a. m.","True"
"236061706165B9E5018C5597FECB4F914CD7C2106FE879FC228B7BDD5396D659","3","DUPLICATE_REVIEW","RuneforgeCore","main.3eab8a01.css","C:\RUNEFOGE_PRO\runeforge\app\retro\_downloads\PPSSPPWindowsARM64\assets\debugger\static\css\main.3eab8a01.css","0.015","15/03/2026 11:53:07 a. m.","True"
"23849546BBBBE1C59D7F60BCE37BA30A2C509F54464F4D4330BAC8047CE683FD","1","KEEP_CANDIDATE","RuneforgeCore","common.h","C:\RUNEFOGE_PRO\runeforge-mvp\runeforge-mvp\_archive\source-zips\Sunshine-master\Sunshine-master\src\platform\common.h","0.026","21/03/2026 08:14:42 p. m.","True"
"23849546BBBBE1C59D7F60BCE37BA30A2C509F54464F4D4330BAC8047CE683FD","2","DUPLICATE_REVIEW","RuneforgeCore","common.h","C:\RUNEFOGE_PRO\runeforge\runeforge\app\_archive\source-zips\Sunshine-master\Sunshine-master\src\platform\common.h","0.026","21/03/2026 08:14:42 p. m.","True"
"23849546BBBBE1C59D7F60BCE37BA30A2C509F54464F4D4330BAC8047CE683FD","3","DUPLICATE_REVIEW","RuneforgeCore","common.h","C:\RUNEFOGE_PRO\runeforge\app\_archive\source-zips\Sunshine-master\Sunshine-master\src\platform\common.h","0.026","21/03/2026 08:14:42 p. m.","True"
"23E47BC479123DDF4E5CDCC4FB569B9862BC55EDDF3C98046C17D93FB0D4B5D6","1","KEEP_CANDIDATE","RuneforgeCore","SoftwareEncoder.vue","C:\RUNEFOGE_PRO\runeforge-mvp\runeforge-mvp\_archive\source-zips\Sunshine-master\Sunshine-master\src_assets\common\assets\web\configs\tabs\encoders\SoftwareEncoder.vue","0.002","21/03/2026 08:14:42 p. m.","True"
"23E47BC479123DDF4E5CDCC4FB569B9862BC55EDDF3C98046C17D93FB0D4B5D6","2","DUPLICATE_REVIEW","RuneforgeCore","SoftwareEncoder.vue","C:\RUNEFOGE_PRO\runeforge\runeforge\app\_archive\source-zips\Sunshine-master\Sunshine-master\src_assets\common\assets\web\configs\tabs\encoders\SoftwareEncoder.vue","0.002","21/03/2026 08:14:42 p. m.","True"
"23E47BC479123DDF4E5CDCC4FB569B9862BC55EDDF3C98046C17D93FB0D4B5D6","3","DUPLICATE_REVIEW","RuneforgeCore","SoftwareEncoder.vue","C:\RUNEFOGE_PRO\runeforge\app\_archive\source-zips\Sunshine-master\Sunshine-master\src_assets\common\assets\web\configs\tabs\encoders\SoftwareEncoder.vue","0.002","21/03/2026 08:14:42 p. m.","True"
"23E9C64A46DFBE34386F8C94A3029C9D2B3A819CFEE486EA436042AA8038873B","1","KEEP_CANDIDATE","RuneforgeCore","locale.js","C:\RUNEFOGE_PRO\runeforge-mvp\runeforge-mvp\_archive\source-zips\Sunshine-master\Sunshine-master\src_assets\common\assets\web\locale.js","0.001","21/03/2026 08:14:42 p. m.","True"
"23E9C64A46DFBE34386F8C94A3029C9D2B3A819CFEE486EA436042AA8038873B","2","DUPLICATE_REVIEW","RuneforgeCore","locale.js","C:\RUNEFOGE_PRO\runeforge\runeforge\app\_archive\source-zips\Sunshine-master\Sunshine-master\src_assets\common\assets\web\locale.js","0.001","21/03/2026 08:14:42 p. m.","True"
"23E9C64A46DFBE34386F8C94A3029C9D2B3A819CFEE486EA436042AA8038873B","3","DUPLICATE_REVIEW","RuneforgeCore","locale.js","C:\RUNEFOGE_PRO\runeforge\app\_archive\source-zips\Sunshine-master\Sunshine-master\src_assets\common\assets\web\locale.js","0.001","21/03/2026 08:14:42 p. m.","True"
"23EE63E2F55AD13C27DF65197FCB63AD80F2E5523F26E4E12E3D8F6B2DCAAC5A","1","KEEP_CANDIDATE","RuneforgeCore","PKGBUILD","C:\RUNEFOGE_PRO\runeforge-mvp\runeforge-mvp\_archive\source-zips\Sunshine-master\Sunshine-master\packaging\linux\Arch\PKGBUILD","0.006","21/03/2026 08:14:42 p. m.","True"
"23EE63E2F55AD13C27DF65197FCB63AD80F2E5523F26E4E12E3D8F6B2DCAAC5A","2","DUPLICATE_REVIEW","RuneforgeCore","PKGBUILD","C:\RUNEFOGE_PRO\runeforge\runeforge\app\_archive\source-zips\Sunshine-master\Sunshine-master\packaging\linux\Arch\PKGBUILD","0.006","21/03/2026 08:14:42 p. m.","True"
"23EE63E2F55AD13C27DF65197FCB63AD80F2E5523F26E4E12E3D8F6B2DCAAC5A","3","DUPLICATE_REVIEW","RuneforgeCore","PKGBUILD","C:\RUNEFOGE_PRO\runeforge\app\_archive\source-zips\Sunshine-master\Sunshine-master\packaging\linux\Arch\PKGBUILD","0.006","21/03/2026 08:14:42 p. m.","True"
"240A18EE1B0E94F9DD14966BE0C71B2D0555A4863119E2B7B8C87A940E7157B1","1","KEEP_CANDIDATE","RuneforgeCore","unix.cmake","C:\RUNEFOGE_PRO\runeforge-mvp\runeforge-mvp\_archive\source-zips\Sunshine-master\Sunshine-master\cmake\compile_definitions\unix.cmake","0","21/03/2026 08:14:42 p. m.","True"
"240A18EE1B0E94F9DD14966BE0C71B2D0555A4863119E2B7B8C87A940E7157B1","2","DUPLICATE_REVIEW","RuneforgeCore","unix.cmake","C:\RUNEFOGE_PRO\runeforge\runeforge\app\_archive\source-zips\Sunshine-master\Sunshine-master\cmake\compile_definitions\unix.cmake","0","21/03/2026 08:14:42 p. m.","True"
"240A18EE1B0E94F9DD14966BE0C71B2D0555A4863119E2B7B8C87A940E7157B1","3","DUPLICATE_REVIEW","RuneforgeCore","unix.cmake","C:\RUNEFOGE_PRO\runeforge\app\_archive\source-zips\Sunshine-master\Sunshine-master\cmake\compile_definitions\unix.cmake","0","21/03/2026 08:14:42 p. m.","True"
"24BDDBB34B59B9A714E3C1F9A0335B3FBBFCEDF8D04E71F95ADF1B4295FBB13B","1","KEEP_CANDIDATE","RuneforgeCore","vfpu_sin_lut_delta.dat","C:\RUNEFOGE_PRO\runeforge-mvp\runeforge-mvp\retro\_downloads\PPSSPPWindowsARM64\assets\vfpu\vfpu_sin_lut_delta.dat","0.25","15/03/2026 11:52:35 a. m.","True"
"24BDDBB34B59B9A714E3C1F9A0335B3FBBFCEDF8D04E71F95ADF1B4295FBB13B","2","DUPLICATE_REVIEW","RuneforgeCore","vfpu_sin_lut_delta.dat","C:\RUNEFOGE_PRO\runeforge\runeforge\app\retro\_downloads\PPSSPPWindowsARM64\assets\vfpu\vfpu_sin_lut_delta.dat","0.25","15/03/2026 11:52:35 a. m.","True"
"24BDDBB34B59B9A714E3C1F9A0335B3FBBFCEDF8D04E71F95ADF1B4295FBB13B","3","DUPLICATE_REVIEW","RuneforgeCore","vfpu_sin_lut_delta.dat","C:\RUNEFOGE_PRO\runeforge\app\retro\_downloads\PPSSPPWindowsARM64\assets\vfpu\vfpu_sin_lut_delta.dat","0.25","15/03/2026 11:52:35 a. m.","True"
"24D752EE979E6E2C2FF61E37610509FC3A0B5E0EFD1953E4647DEB364D16FA7C","1","KEEP_CANDIDATE","RuneforgeCore","system_tray.h","C:\RUNEFOGE_PRO\runeforge-mvp\runeforge-mvp\_archive\source-zips\Sunshine-master\Sunshine-master\src\system_tray.h","0.003","21/03/2026 08:14:42 p. m.","True"
"24D752EE979E6E2C2FF61E37610509FC3A0B5E0EFD1953E4647DEB364D16FA7C","2","DUPLICATE_REVIEW","RuneforgeCore","system_tray.h","C:\RUNEFOGE_PRO\runeforge\runeforge\app\_archive\source-zips\Sunshine-master\Sunshine-master\src\system_tray.h","0.003","21/03/2026 08:14:42 p. m.","True"
"24D752EE979E6E2C2FF61E37610509FC3A0B5E0EFD1953E4647DEB364D16FA7C","3","DUPLICATE_REVIEW","RuneforgeCore","system_tray.h","C:\RUNEFOGE_PRO\runeforge\app\_archive\source-zips\Sunshine-master\Sunshine-master\src\system_tray.h","0.003","21/03/2026 08:14:42 p. m.","True"
"24E10E4A57E2418A8C162EE32F16537B29442A5082222EE8EB170C305EF3EDB4","1","KEEP_CANDIDATE","RuneforgeCore","images.svg","C:\RUNEFOGE_PRO\runeforge-mvp\runeforge-mvp\retro\_downloads\PPSSPPWindowsARM64\assets\ui_images\images.svg","0.257","15/03/2026 11:52:35 a. m.","True"
"24E10E4A57E2418A8C162EE32F16537B29442A5082222EE8EB170C305EF3EDB4","2","DUPLICATE_REVIEW","RuneforgeCore","images.svg","C:\RUNEFOGE_PRO\runeforge\runeforge\app\retro\_downloads\PPSSPPWindowsARM64\assets\ui_images\images.svg","0.257","15/03/2026 11:52:35 a. m.","True"
"24E10E4A57E2418A8C162EE32F16537B29442A5082222EE8EB170C305EF3EDB4","3","DUPLICATE_REVIEW","RuneforgeCore","images.svg","C:\RUNEFOGE_PRO\runeforge\app\retro\_downloads\PPSSPPWindowsARM64\assets\ui_images\images.svg","0.257","15/03/2026 11:52:35 a. m.","True"
"24F39514A467A3CBAC680A9DE3F4D2A65B38B88912AD14D54AA144F91DDC87B5","1","KEEP_CANDIDATE","RuneforgeCore","doc-styles.css","C:\RUNEFOGE_PRO\runeforge-mvp\runeforge-mvp\_archive\source-zips\Sunshine-master\Sunshine-master\docs\doc-styles.css","0","21/03/2026 08:14:42 p. m.","True"
"24F39514A467A3CBAC680A9DE3F4D2A65B38B88912AD14D54AA144F91DDC87B5","2","DUPLICATE_REVIEW","RuneforgeCore","doc-styles.css","C:\RUNEFOGE_PRO\runeforge\runeforge\app\_archive\source-zips\Sunshine-master\Sunshine-master\docs\doc-styles.css","0","21/03/2026 08:14:42 p. m.","True"
"24F39514A467A3CBAC680A9DE3F4D2A65B38B88912AD14D54AA144F91DDC87B5","3","DUPLICATE_REVIEW","RuneforgeCore","doc-styles.css","C:\RUNEFOGE_PRO\runeforge\app\_archive\source-zips\Sunshine-master\Sunshine-master\docs\doc-styles.css","0","21/03/2026 08:14:42 p. m.","True"
"250707A1D89256F804446FDCFBDD1475CAE75540AC3CF985D615C6C723E158FC","1","KEEP_CANDIDATE","RuneforgeCore","favicon.ico","C:\RUNEFOGE_PRO\runeforge-mvp\runeforge-mvp\retro\_downloads\PPSSPPWindowsARM64\assets\debugger\favicon.ico","0.107","15/03/2026 11:53:07 a. m.","True"
"250707A1D89256F804446FDCFBDD1475CAE75540AC3CF985D615C6C723E158FC","2","DUPLICATE_REVIEW","RuneforgeCore","favicon.ico","C:\RUNEFOGE_PRO\runeforge\runeforge\app\retro\_downloads\PPSSPPWindowsARM64\assets\debugger\favicon.ico","0.107","15/03/2026 11:53:07 a. m.","True"
"250707A1D89256F804446FDCFBDD1475CAE75540AC3CF985D615C6C723E158FC","3","DUPLICATE_REVIEW","RuneforgeCore","favicon.ico","C:\RUNEFOGE_PRO\runeforge\app\retro\_downloads\PPSSPPWindowsARM64\assets\debugger\favicon.ico","0.107","15/03/2026 11:53:07 a. m.","True"
"250BABD8A242D7EAAA84284C78D5E2273B29E61D0D8C01B65414E3248D7C1164","1","KEEP_CANDIDATE","RuneforgeCore","ltn4.pgf","C:\RUNEFOGE_PRO\runeforge-mvp\runeforge-mvp\retro\_downloads\PPSSPPWindowsARM64\assets\flash0\font\ltn4.pgf","0.038","15/03/2026 11:52:35 a. m.","True"
"250BABD8A242D7EAAA84284C78D5E2273B29E61D0D8C01B65414E3248D7C1164","2","DUPLICATE_REVIEW","RuneforgeCore","ltn4.pgf","C:\RUNEFOGE_PRO\runeforge\runeforge\app\retro\_downloads\PPSSPPWindowsARM64\assets\flash0\font\ltn4.pgf","0.038","15/03/2026 11:52:35 a. m.","True"
"250BABD8A242D7EAAA84284C78D5E2273B29E61D0D8C01B65414E3248D7C1164","3","DUPLICATE_REVIEW","RuneforgeCore","ltn4.pgf","C:\RUNEFOGE_PRO\runeforge\app\retro\_downloads\PPSSPPWindowsARM64\assets\flash0\font\ltn4.pgf","0.038","15/03/2026 11:52:35 a. m.","True"
"25204033D26A59DC878CE29FBA78D016636280C4F69F15A71B107270929829EE","1","KEEP_CANDIDATE","RuneforgeCore","AdobeStock_305732536_1920x1280.jpg","C:\RUNEFOGE_PRO\runeforge-mvp\runeforge-mvp\_archive\source-zips\Sunshine-master\Sunshine-master\gh-pages-template\assets\img\banners\AdobeStock_305732536_1920x1280.jpg","1.37","21/03/2026 08:14:42 p. m.","True"
"25204033D26A59DC878CE29FBA78D016636280C4F69F15A71B107270929829EE","2","DUPLICATE_REVIEW","RuneforgeCore","AdobeStock_305732536_1920x1280.jpg","C:\RUNEFOGE_PRO\runeforge\runeforge\app\_archive\source-zips\Sunshine-master\Sunshine-master\gh-pages-template\assets\img\banners\AdobeStock_305732536_1920x1280.jpg","1.37","21/03/2026 08:14:42 p. m.","True"
"25204033D26A59DC878CE29FBA78D016636280C4F69F15A71B107270929829EE","3","DUPLICATE_REVIEW","RuneforgeCore","AdobeStock_305732536_1920x1280.jpg","C:\RUNEFOGE_PRO\runeforge\app\_archive\source-zips\Sunshine-master\Sunshine-master\gh-pages-template\assets\img\banners\AdobeStock_305732536_1920x1280.jpg","1.37","21/03/2026 08:14:42 p. m.","True"
"25A0DDDDBF33BAB98A88F9C95A678FB93D54BE17B1D08A1A90131161B42EEEC5","1","KEEP_CANDIDATE","RuneforgeCore","vfpu_log2_lut65536_quadratic.dat","C:\RUNEFOGE_PRO\runeforge-mvp\runeforge-mvp\retro\_downloads\PPSSPPWindowsARM64\assets\vfpu\vfpu_log2_lut65536_quadratic.dat","0","15/03/2026 11:52:35 a. m.","True"
"25A0DDDDBF33BAB98A88F9C95A678FB93D54BE17B1D08A1A90131161B42EEEC5","2","DUPLICATE_REVIEW","RuneforgeCore","vfpu_log2_lut65536_quadratic.dat","C:\RUNEFOGE_PRO\runeforge\runeforge\app\retro\_downloads\PPSSPPWindowsARM64\assets\vfpu\vfpu_log2_lut65536_quadratic.dat","0","15/03/2026 11:52:35 a. m.","True"
"25A0DDDDBF33BAB98A88F9C95A678FB93D54BE17B1D08A1A90131161B42EEEC5","3","DUPLICATE_REVIEW","RuneforgeCore","vfpu_log2_lut65536_quadratic.dat","C:\RUNEFOGE_PRO\runeforge\app\retro\_downloads\PPSSPPWindowsARM64\assets\vfpu\vfpu_log2_lut65536_quadratic.dat","0","15/03/2026 11:52:35 a. m.","True"
"25B0EFA79CF1B6656B35356483AD2B1191626550D59B5943ED681E82B945BD73","1","KEEP_CANDIDATE","RuneforgeCore","ltn13.pgf","C:\RUNEFOGE_PRO\runeforge-mvp\runeforge-mvp\retro\_downloads\PPSSPPWindowsARM64\assets\flash0\font\ltn13.pgf","0.028","15/03/2026 11:52:35 a. m.","True"
"25B0EFA79CF1B6656B35356483AD2B1191626550D59B5943ED681E82B945BD73","2","DUPLICATE_REVIEW","RuneforgeCore","ltn13.pgf","C:\RUNEFOGE_PRO\runeforge\runeforge\app\retro\_downloads\PPSSPPWindowsARM64\assets\flash0\font\ltn13.pgf","0.028","15/03/2026 11:52:35 a. m.","True"
"25B0EFA79CF1B6656B35356483AD2B1191626550D59B5943ED681E82B945BD73","3","DUPLICATE_REVIEW","RuneforgeCore","ltn13.pgf","C:\RUNEFOGE_PRO\runeforge\app\retro\_downloads\PPSSPPWindowsARM64\assets\flash0\font\ltn13.pgf","0.028","15/03/2026 11:52:35 a. m.","True"
"26036FF7504350EF6EE1061B14A874787CC0C11AF4203347FA98C1DD53CFE234","1","KEEP_CANDIDATE","RuneforgeCore","ubuntu-24.04.dockerfile","C:\RUNEFOGE_PRO\runeforge-mvp\runeforge-mvp\_archive\source-zips\Sunshine-master\Sunshine-master\docker\ubuntu-24.04.dockerfile","0.003","21/03/2026 08:14:42 p. m.","True"
"26036FF7504350EF6EE1061B14A874787CC0C11AF4203347FA98C1DD53CFE234","2","DUPLICATE_REVIEW","RuneforgeCore","ubuntu-24.04.dockerfile","C:\RUNEFOGE_PRO\runeforge\runeforge\app\_archive\source-zips\Sunshine-master\Sunshine-master\docker\ubuntu-24.04.dockerfile","0.003","21/03/2026 08:14:42 p. m.","True"
"26036FF7504350EF6EE1061B14A874787CC0C11AF4203347FA98C1DD53CFE234","3","DUPLICATE_REVIEW","RuneforgeCore","ubuntu-24.04.dockerfile","C:\RUNEFOGE_PRO\runeforge\app\_archive\source-zips\Sunshine-master\Sunshine-master\docker\ubuntu-24.04.dockerfile","0.003","21/03/2026 08:14:42 p. m.","True"
"264D391796EB40A8ACF87D832E634A9FB9C547C5844EA10BDE275E24394E0C76","1","KEEP_CANDIDATE","RuneforgeCore","Advanced.vue","C:\RUNEFOGE_PRO\runeforge-mvp\runeforge-mvp\_archive\source-zips\Sunshine-master\Sunshine-master\src_assets\common\assets\web\configs\tabs\Advanced.vue","0.004","21/03/2026 08:14:42 p. m.","True"
"264D391796EB40A8ACF87D832E634A9FB9C547C5844EA10BDE275E24394E0C76","2","DUPLICATE_REVIEW","RuneforgeCore","Advanced.vue","C:\RUNEFOGE_PRO\runeforge\runeforge\app\_archive\source-zips\Sunshine-master\Sunshine-master\src_assets\common\assets\web\configs\tabs\Advanced.vue","0.004","21/03/2026 08:14:42 p. m.","True"
"264D391796EB40A8ACF87D832E634A9FB9C547C5844EA10BDE275E24394E0C76","3","DUPLICATE_REVIEW","RuneforgeCore","Advanced.vue","C:\RUNEFOGE_PRO\runeforge\app\_archive\source-zips\Sunshine-master\Sunshine-master\src_assets\common\assets\web\configs\tabs\Advanced.vue","0.004","21/03/2026 08:14:42 p. m.","True"
"26A173366B420596279D69894384387E4867E66BE73CEDD1EE5CDA5EC96A31FA","1","KEEP_CANDIDATE","RuneforgeCore","font_atlas.meta","C:\RUNEFOGE_PRO\runeforge-mvp\runeforge-mvp\retro\_downloads\PPSSPPWindowsARM64\assets\font_atlas.meta","0.052","15/03/2026 11:52:35 a. m.","True"
"26A173366B420596279D69894384387E4867E66BE73CEDD1EE5CDA5EC96A31FA","2","DUPLICATE_REVIEW","RuneforgeCore","font_atlas.meta","C:\RUNEFOGE_PRO\runeforge\runeforge\app\retro\_downloads\PPSSPPWindowsARM64\assets\font_atlas.meta","0.052","15/03/2026 11:52:35 a. m.","True"
"26A173366B420596279D69894384387E4867E66BE73CEDD1EE5CDA5EC96A31FA","3","DUPLICATE_REVIEW","RuneforgeCore","font_atlas.meta","C:\RUNEFOGE_PRO\runeforge\app\retro\_downloads\PPSSPPWindowsARM64\assets\font_atlas.meta","0.052","15/03/2026 11:52:35 a. m.","True"
"271A280502E6139B695A7A59F6B67F6B92C9F09F92D692E59299EF50C865C98F","1","KEEP_CANDIDATE","RuneforgeCore","validate-backend.ps1","C:\RUNEFOGE_PRO\runeforge\scripts\backend\validate-backend.ps1","0","19/04/2026 04:01:29 a. m.","True"
"271A280502E6139B695A7A59F6B67F6B92C9F09F92D692E59299EF50C865C98F","2","DUPLICATE_REVIEW","RuneforgeCore","validate-backend.ps1","C:\RUNEFOGE_PRO\runeforge\runeforge\scripts\backend\validate-backend.ps1","0","19/04/2026 04:01:29 a. m.","True"
"2739F68B483B28AE0BBD2B37B905C939C929450C568CC7089F253A507193FBE2","1","KEEP_CANDIDATE","RuneforgeCore","split-themes.png","C:\RUNEFOGE_PRO\runeforge-mvp\runeforge-mvp\_archive\source-zips\Sunshine-master\Sunshine-master\docs\images\split-themes.png","0.154","21/03/2026 08:14:42 p. m.","True"
"2739F68B483B28AE0BBD2B37B905C939C929450C568CC7089F253A507193FBE2","2","DUPLICATE_REVIEW","RuneforgeCore","split-themes.png","C:\RUNEFOGE_PRO\runeforge\runeforge\app\_archive\source-zips\Sunshine-master\Sunshine-master\docs\images\split-themes.png","0.154","21/03/2026 08:14:42 p. m.","True"
"2739F68B483B28AE0BBD2B37B905C939C929450C568CC7089F253A507193FBE2","3","DUPLICATE_REVIEW","RuneforgeCore","split-themes.png","C:\RUNEFOGE_PRO\runeforge\app\_archive\source-zips\Sunshine-master\Sunshine-master\docs\images\split-themes.png","0.154","21/03/2026 08:14:42 p. m.","True"
"27607238A587FEBA1E1B80AD36305507DAF5A49281F75881F4696F1DA83A0E1B","1","KEEP_CANDIDATE","RuneforgeCore","convert_yuv420_planar_y_ps_linear.hlsl","C:\RUNEFOGE_PRO\runeforge-mvp\runeforge-mvp\_archive\source-zips\Sunshine-master\Sunshine-master\src_assets\windows\assets\shaders\directx\convert_yuv420_planar_y_ps_linear.hlsl","0","21/03/2026 08:14:42 p. m.","True"
"27607238A587FEBA1E1B80AD36305507DAF5A49281F75881F4696F1DA83A0E1B","2","DUPLICATE_REVIEW","RuneforgeCore","convert_yuv420_planar_y_ps_linear.hlsl","C:\RUNEFOGE_PRO\runeforge\runeforge\app\_archive\source-zips\Sunshine-master\Sunshine-master\src_assets\windows\assets\shaders\directx\convert_yuv420_planar_y_ps_linear.hlsl","0","21/03/2026 08:14:42 p. m.","True"
"27607238A587FEBA1E1B80AD36305507DAF5A49281F75881F4696F1DA83A0E1B","3","DUPLICATE_REVIEW","RuneforgeCore","convert_yuv420_planar_y_ps_linear.hlsl","C:\RUNEFOGE_PRO\runeforge\app\_archive\source-zips\Sunshine-master\Sunshine-master\src_assets\windows\assets\shaders\directx\convert_yuv420_planar_y_ps_linear.hlsl","0","21/03/2026 08:14:42 p. m.","True"
"281ABB26C1A1B67E763C6C37E4E0E0F67CEA985A6DB8CD079F4CE01085B90850","1","KEEP_CANDIDATE","RuneforgeCore","ConvertUV.frag","C:\RUNEFOGE_PRO\runeforge-mvp\runeforge-mvp\_archive\source-zips\Sunshine-master\Sunshine-master\src_assets\linux\assets\shaders\opengl\ConvertUV.frag","0.001","21/03/2026 08:14:42 p. m.","True"
"281ABB26C1A1B67E763C6C37E4E0E0F67CEA985A6DB8CD079F4CE01085B90850","2","DUPLICATE_REVIEW","RuneforgeCore","ConvertUV.frag","C:\RUNEFOGE_PRO\runeforge\runeforge\app\_archive\source-zips\Sunshine-master\Sunshine-master\src_assets\linux\assets\shaders\opengl\ConvertUV.frag","0.001","21/03/2026 08:14:42 p. m.","True"
"281ABB26C1A1B67E763C6C37E4E0E0F67CEA985A6DB8CD079F4CE01085B90850","3","DUPLICATE_REVIEW","RuneforgeCore","ConvertUV.frag","C:\RUNEFOGE_PRO\runeforge\app\_archive\source-zips\Sunshine-master\Sunshine-master\src_assets\linux\assets\shaders\opengl\ConvertUV.frag","0.001","21/03/2026 08:14:42 p. m.","True"
"283C7E926C22E7FF93FCFFB25F1B369321193A179EC4D591D31EE444997DD4FF","1","KEEP_CANDIDATE","RuneforgeCore","RUNEFORGE_COMMANDER_V43_4_CLEAN_OPS.ahk","C:\RUNEFOGE_PRO\runeforge\scripts\ahk\RUNEFORGE_COMMANDER_V43_4_CLEAN_OPS.ahk","0.006","24/04/2026 07:35:54 p. m.","True"
"283C7E926C22E7FF93FCFFB25F1B369321193A179EC4D591D31EE444997DD4FF","2","DUPLICATE_REVIEW","RuneforgeCore","RUNEFORGE_COMMANDER_V43_4_CLEAN_OPS.ahk","C:\RUNEFOGE_PRO\runeforge\runeforge\scripts\ahk\RUNEFORGE_COMMANDER_V43_4_CLEAN_OPS.ahk","0.006","24/04/2026 07:35:54 p. m.","True"
"290F8962A85CA182AB3345C74612467B9223697CE74F95E9802F4C5A08222AA1","1","KEEP_CANDIDATE","RuneforgeCore","app_examples.md","C:\RUNEFOGE_PRO\runeforge-mvp\runeforge-mvp\_archive\source-zips\Sunshine-master\Sunshine-master\docs\app_examples.md","0.02","21/03/2026 08:14:42 p. m.","True"
"290F8962A85CA182AB3345C74612467B9223697CE74F95E9802F4C5A08222AA1","2","DUPLICATE_REVIEW","RuneforgeCore","app_examples.md","C:\RUNEFOGE_PRO\runeforge\runeforge\app\_archive\source-zips\Sunshine-master\Sunshine-master\docs\app_examples.md","0.02","21/03/2026 08:14:42 p. m.","True"
"290F8962A85CA182AB3345C74612467B9223697CE74F95E9802F4C5A08222AA1","3","DUPLICATE_REVIEW","RuneforgeCore","app_examples.md","C:\RUNEFOGE_PRO\runeforge\app\_archive\source-zips\Sunshine-master\Sunshine-master\docs\app_examples.md","0.02","21/03/2026 08:14:42 p. m.","True"
"29B1826B2DDF5D0F68C2E8D451792F14B0E6A93214CAE3F64EE1C5C23CBE46D6","1","KEEP_CANDIDATE","RuneforgeCore","base_vs_types.hlsl","C:\RUNEFOGE_PRO\runeforge-mvp\runeforge-mvp\_archive\source-zips\Sunshine-master\Sunshine-master\src_assets\windows\assets\shaders\directx\include\base_vs_types.hlsl","0.001","21/03/2026 08:14:42 p. m.","True"
"29B1826B2DDF5D0F68C2E8D451792F14B0E6A93214CAE3F64EE1C5C23CBE46D6","2","DUPLICATE_REVIEW","RuneforgeCore","base_vs_types.hlsl","C:\RUNEFOGE_PRO\runeforge\runeforge\app\_archive\source-zips\Sunshine-master\Sunshine-master\src_assets\windows\assets\shaders\directx\include\base_vs_types.hlsl","0.001","21/03/2026 08:14:42 p. m.","True"
"29B1826B2DDF5D0F68C2E8D451792F14B0E6A93214CAE3F64EE1C5C23CBE46D6","3","DUPLICATE_REVIEW","RuneforgeCore","base_vs_types.hlsl","C:\RUNEFOGE_PRO\runeforge\app\_archive\source-zips\Sunshine-master\Sunshine-master\src_assets\windows\assets\shaders\directx\include\base_vs_types.hlsl","0.001","21/03/2026 08:14:42 p. m.","True"
"29BC1335D368988BBC450D51331436DB0C2D97C4A3C5DAAE6455D5DA1EB2B7D1","1","KEEP_CANDIDATE","RuneforgeCore","display_ram.cpp","C:\RUNEFOGE_PRO\runeforge-mvp\runeforge-mvp\_archive\source-zips\Sunshine-master\Sunshine-master\src\platform\windows\display_ram.cpp","0.013","21/03/2026 08:14:42 p. m.","True"
"29BC1335D368988BBC450D51331436DB0C2D97C4A3C5DAAE6455D5DA1EB2B7D1","2","DUPLICATE_REVIEW","RuneforgeCore","display_ram.cpp","C:\RUNEFOGE_PRO\runeforge\runeforge\app\_archive\source-zips\Sunshine-master\Sunshine-master\src\platform\windows\display_ram.cpp","0.013","21/03/2026 08:14:42 p. m.","True"
"29BC1335D368988BBC450D51331436DB0C2D97C4A3C5DAAE6455D5DA1EB2B7D1","3","DUPLICATE_REVIEW","RuneforgeCore","display_ram.cpp","C:\RUNEFOGE_PRO\runeforge\app\_archive\source-zips\Sunshine-master\Sunshine-master\src\platform\windows\display_ram.cpp","0.013","21/03/2026 08:14:42 p. m.","True"
"29E5ABC3CAC21DD63E11C28A382D15B3A92F6BAD82158CF2E972E61B4224D20E","1","KEEP_CANDIDATE","RuneforgeCore","en_GB.json","C:\RUNEFOGE_PRO\runeforge-mvp\runeforge-mvp\_archive\source-zips\Sunshine-master\Sunshine-master\src_assets\common\assets\web\public\assets\locale\en_GB.json","0.037","21/03/2026 08:14:42 p. m.","True"
"29E5ABC3CAC21DD63E11C28A382D15B3A92F6BAD82158CF2E972E61B4224D20E","2","DUPLICATE_REVIEW","RuneforgeCore","en_GB.json","C:\RUNEFOGE_PRO\runeforge\runeforge\app\_archive\source-zips\Sunshine-master\Sunshine-master\src_assets\common\assets\web\public\assets\locale\en_GB.json","0.037","21/03/2026 08:14:42 p. m.","True"
"29E5ABC3CAC21DD63E11C28A382D15B3A92F6BAD82158CF2E972E61B4224D20E","3","DUPLICATE_REVIEW","RuneforgeCore","en_GB.json","C:\RUNEFOGE_PRO\runeforge\app\_archive\source-zips\Sunshine-master\Sunshine-master\src_assets\common\assets\web\public\assets\locale\en_GB.json","0.037","21/03/2026 08:14:42 p. m.","True"
"2A2921690A9A9A4F56E0FA3F7F9B8F30CFFE3CD78A7C6BFEB7A60EA836356212","1","KEEP_CANDIDATE","RuneforgeCore","test_http_pairing.cpp","C:\RUNEFOGE_PRO\runeforge-mvp\runeforge-mvp\_archive\source-zips\Sunshine-master\Sunshine-master\tests\unit\test_http_pairing.cpp","0.013","21/03/2026 08:14:42 p. m.","True"
"2A2921690A9A9A4F56E0FA3F7F9B8F30CFFE3CD78A7C6BFEB7A60EA836356212","2","DUPLICATE_REVIEW","RuneforgeCore","test_http_pairing.cpp","C:\RUNEFOGE_PRO\runeforge\runeforge\app\_archive\source-zips\Sunshine-master\Sunshine-master\tests\unit\test_http_pairing.cpp","0.013","21/03/2026 08:14:42 p. m.","True"
"2A2921690A9A9A4F56E0FA3F7F9B8F30CFFE3CD78A7C6BFEB7A60EA836356212","3","DUPLICATE_REVIEW","RuneforgeCore","test_http_pairing.cpp","C:\RUNEFOGE_PRO\runeforge\app\_archive\source-zips\Sunshine-master\Sunshine-master\tests\unit\test_http_pairing.cpp","0.013","21/03/2026 08:14:42 p. m.","True"
"2A49B1380E9F4435AD1E703CF6C928EE8B6A46BA9352F00B15BCF2B14E759AF1","1","KEEP_CANDIDATE","RuneforgeCore","_update-flathub-repo.yml","C:\RUNEFOGE_PRO\runeforge-mvp\runeforge-mvp\_archive\source-zips\Sunshine-master\Sunshine-master\.github\workflows\_update-flathub-repo.yml","0.001","21/03/2026 08:14:42 p. m.","True"
"2A49B1380E9F4435AD1E703CF6C928EE8B6A46BA9352F00B15BCF2B14E759AF1","2","DUPLICATE_REVIEW","RuneforgeCore","_update-flathub-repo.yml","C:\RUNEFOGE_PRO\runeforge\runeforge\app\_archive\source-zips\Sunshine-master\Sunshine-master\.github\workflows\_update-flathub-repo.yml","0.001","21/03/2026 08:14:42 p. m.","True"
"2A49B1380E9F4435AD1E703CF6C928EE8B6A46BA9352F00B15BCF2B14E759AF1","3","DUPLICATE_REVIEW","RuneforgeCore","_update-flathub-repo.yml","C:\RUNEFOGE_PRO\runeforge\app\_archive\source-zips\Sunshine-master\Sunshine-master\.github\workflows\_update-flathub-repo.yml","0.001","21/03/2026 08:14:42 p. m.","True"
"2ABEA831B8E97A5E391F3914D1FF4CFD7F388A26BDB9AA05FC565D6D0A0DB4DE","1","KEEP_CANDIDATE","RuneforgeCore","runeforge_estado_2026-04-13_07-47-25.txt","C:\RUNEFOGE_PRO\RUNEFOGE_PRO\diagnostico\runeforge_estado_2026-04-13_07-47-25.txt","0.004","13/04/2026 07:47:34 a. m.","False"
"2ABEA831B8E97A5E391F3914D1FF4CFD7F388A26BDB9AA05FC565D6D0A0DB4DE","2","DUPLICATE_REVIEW","RuneforgeCore","runeforge_estado_2026-04-13_07-47-25.txt","C:\RUNEFOGE_PRO\diagnostico\runeforge_estado_2026-04-13_07-47-25.txt","0.004","13/04/2026 07:47:34 a. m.","False"
"2AC23B8467B1142CE2D759D6E6C98E76F356FD600F654CB0BF6400793B764880","1","KEEP_CANDIDATE","RuneforgeCore","test_mouse.cpp","C:\RUNEFOGE_PRO\runeforge-mvp\runeforge-mvp\_archive\source-zips\Sunshine-master\Sunshine-master\tests\unit\test_mouse.cpp","0.004","21/03/2026 08:14:42 p. m.","True"
"2AC23B8467B1142CE2D759D6E6C98E76F356FD600F654CB0BF6400793B764880","2","DUPLICATE_REVIEW","RuneforgeCore","test_mouse.cpp","C:\RUNEFOGE_PRO\runeforge\runeforge\app\_archive\source-zips\Sunshine-master\Sunshine-master\tests\unit\test_mouse.cpp","0.004","21/03/2026 08:14:42 p. m.","True"
"2AC23B8467B1142CE2D759D6E6C98E76F356FD600F654CB0BF6400793B764880","3","DUPLICATE_REVIEW","RuneforgeCore","test_mouse.cpp","C:\RUNEFOGE_PRO\runeforge\app\_archive\source-zips\Sunshine-master\Sunshine-master\tests\unit\test_mouse.cpp","0.004","21/03/2026 08:14:42 p. m.","True"
"2B68B7953F75ECEAA89028CCA7EB08EF80D854E5C6CE7F2DC2A43168DE942E33","1","KEEP_CANDIDATE","RuneforgeCore","applications.png","C:\RUNEFOGE_PRO\runeforge-mvp\runeforge-mvp\_archive\source-zips\Sunshine-master\Sunshine-master\docs\images\applications.png","0.376","21/03/2026 08:14:42 p. m.","True"
"2B68B7953F75ECEAA89028CCA7EB08EF80D854E5C6CE7F2DC2A43168DE942E33","2","DUPLICATE_REVIEW","RuneforgeCore","applications.png","C:\RUNEFOGE_PRO\runeforge\runeforge\app\_archive\source-zips\Sunshine-master\Sunshine-master\docs\images\applications.png","0.376","21/03/2026 08:14:42 p. m.","True"
"2B68B7953F75ECEAA89028CCA7EB08EF80D854E5C6CE7F2DC2A43168DE942E33","3","DUPLICATE_REVIEW","RuneforgeCore","applications.png","C:\RUNEFOGE_PRO\runeforge\app\_archive\source-zips\Sunshine-master\Sunshine-master\docs\images\applications.png","0.376","21/03/2026 08:14:42 p. m.","True"
"2B7605D9A1FAECD7A2B02B31C8E507DBA7FAE66CB69139B7B922E329CA65D10F","1","KEEP_CANDIDATE","RuneforgeCore","sunshine-pausing.svg","C:\RUNEFOGE_PRO\runeforge-mvp\runeforge-mvp\_archive\source-zips\Sunshine-master\Sunshine-master\src_assets\common\assets\web\public\images\sunshine-pausing.svg","0.004","21/03/2026 08:14:42 p. m.","True"
"2B7605D9A1FAECD7A2B02B31C8E507DBA7FAE66CB69139B7B922E329CA65D10F","2","DUPLICATE_REVIEW","RuneforgeCore","sunshine-pausing.svg","C:\RUNEFOGE_PRO\runeforge\runeforge\app\_archive\source-zips\Sunshine-master\Sunshine-master\src_assets\common\assets\web\public\images\sunshine-pausing.svg","0.004","21/03/2026 08:14:42 p. m.","True"
"2B7605D9A1FAECD7A2B02B31C8E507DBA7FAE66CB69139B7B922E329CA65D10F","3","DUPLICATE_REVIEW","RuneforgeCore","sunshine-pausing.svg","C:\RUNEFOGE_PRO\runeforge\app\_archive\source-zips\Sunshine-master\Sunshine-master\src_assets\common\assets\web\public\images\sunshine-pausing.svg","0.004","21/03/2026 08:14:42 p. m.","True"
"2BB4E1375C7CEC2D89A66B2D9CF3407264EF8877DCDBE4CA2BCEEF8A0AABAD59","1","KEEP_CANDIDATE","RuneforgeCore","test_rswrapper.cpp","C:\RUNEFOGE_PRO\runeforge-mvp\runeforge-mvp\_archive\source-zips\Sunshine-master\Sunshine-master\tests\unit\test_rswrapper.cpp","0.001","21/03/2026 08:14:42 p. m.","True"
"2BB4E1375C7CEC2D89A66B2D9CF3407264EF8877DCDBE4CA2BCEEF8A0AABAD59","2","DUPLICATE_REVIEW","RuneforgeCore","test_rswrapper.cpp","C:\RUNEFOGE_PRO\runeforge\runeforge\app\_archive\source-zips\Sunshine-master\Sunshine-master\tests\unit\test_rswrapper.cpp","0.001","21/03/2026 08:14:42 p. m.","True"
"2BB4E1375C7CEC2D89A66B2D9CF3407264EF8877DCDBE4CA2BCEEF8A0AABAD59","3","DUPLICATE_REVIEW","RuneforgeCore","test_rswrapper.cpp","C:\RUNEFOGE_PRO\runeforge\app\_archive\source-zips\Sunshine-master\Sunshine-master\tests\unit\test_rswrapper.cpp","0.001","21/03/2026 08:14:42 p. m.","True"
"2C30C3A66C48F4BB0867A6B74B2CFCC0458C72C1097A1F59ED3CF9336879BC44","1","KEEP_CANDIDATE","RuneforgeCore","general.js","C:\RUNEFOGE_PRO\runeforge-mvp\runeforge-mvp\runeforge-mvp\src\modules\chat\skills\general.js","0","27/03/2026 07:04:54 a. m.","True"
"2C30C3A66C48F4BB0867A6B74B2CFCC0458C72C1097A1F59ED3CF9336879BC44","2","DUPLICATE_REVIEW","RuneforgeCore","general.js","C:\RUNEFOGE_PRO\runeforge\runeforge\app\src\modules\chat\skills\general.js","0","27/03/2026 07:04:54 a. m.","True"
"2C30C3A66C48F4BB0867A6B74B2CFCC0458C72C1097A1F59ED3CF9336879BC44","3","DUPLICATE_REVIEW","RuneforgeCore","general.js","C:\RUNEFOGE_PRO\runeforge\app\src\modules\chat\skills\general.js","0","27/03/2026 07:04:54 a. m.","True"
"2C30C3A66C48F4BB0867A6B74B2CFCC0458C72C1097A1F59ED3CF9336879BC44","4","DUPLICATE_REVIEW","RuneforgeCore","general.js","C:\RUNEFOGE_PRO\runeforge-mvp\runeforge-mvp\src\modules\chat\skills\general.js","0","27/03/2026 01:04:53 a. m.","True"
"2C8746DB9871B954C53D714298913225B9B395A4367852A4494D1C7B1B5EF13F","1","KEEP_CANDIDATE","RuneforgeCore","FindWayland.cmake","C:\RUNEFOGE_PRO\runeforge-mvp\runeforge-mvp\_archive\source-zips\Sunshine-master\Sunshine-master\cmake\FindWayland.cmake","0.004","21/03/2026 08:14:42 p. m.","True"
"2C8746DB9871B954C53D714298913225B9B395A4367852A4494D1C7B1B5EF13F","2","DUPLICATE_REVIEW","RuneforgeCore","FindWayland.cmake","C:\RUNEFOGE_PRO\runeforge\runeforge\app\_archive\source-zips\Sunshine-master\Sunshine-master\cmake\FindWayland.cmake","0.004","21/03/2026 08:14:42 p. m.","True"
"2C8746DB9871B954C53D714298913225B9B395A4367852A4494D1C7B1B5EF13F","3","DUPLICATE_REVIEW","RuneforgeCore","FindWayland.cmake","C:\RUNEFOGE_PRO\runeforge\app\_archive\source-zips\Sunshine-master\Sunshine-master\cmake\FindWayland.cmake","0.004","21/03/2026 08:14:42 p. m.","True"
"2CD2819EEAE4718353D7D3D0EFC7C93AFDC96C573DFDAE0E1A72BD1D0F9832BA","1","KEEP_CANDIDATE","RuneforgeCore","unix.cmake","C:\RUNEFOGE_PRO\runeforge-mvp\runeforge-mvp\_archive\source-zips\Sunshine-master\Sunshine-master\cmake\macros\unix.cmake","0","21/03/2026 08:14:42 p. m.","True"
"2CD2819EEAE4718353D7D3D0EFC7C93AFDC96C573DFDAE0E1A72BD1D0F9832BA","2","DUPLICATE_REVIEW","RuneforgeCore","unix.cmake","C:\RUNEFOGE_PRO\runeforge\runeforge\app\_archive\source-zips\Sunshine-master\Sunshine-master\cmake\macros\unix.cmake","0","21/03/2026 08:14:42 p. m.","True"
"2CD2819EEAE4718353D7D3D0EFC7C93AFDC96C573DFDAE0E1A72BD1D0F9832BA","3","DUPLICATE_REVIEW","RuneforgeCore","unix.cmake","C:\RUNEFOGE_PRO\runeforge\app\_archive\source-zips\Sunshine-master\Sunshine-master\cmake\macros\unix.cmake","0","21/03/2026 08:14:42 p. m.","True"
"2CE3277FC2EAA9188F7AFA341DADFD041447C07482D7AEA8C5DBD1A3C869181C","1","KEEP_CANDIDATE","RuneforgeCore","vfpu_log2_lut.dat","C:\RUNEFOGE_PRO\runeforge-mvp\runeforge-mvp\retro\_downloads\PPSSPPWindowsARM64\assets\vfpu\vfpu_log2_lut.dat","2","15/03/2026 11:52:35 a. m.","True"
"2CE3277FC2EAA9188F7AFA341DADFD041447C07482D7AEA8C5DBD1A3C869181C","2","DUPLICATE_REVIEW","RuneforgeCore","vfpu_log2_lut.dat","C:\RUNEFOGE_PRO\runeforge\runeforge\app\retro\_downloads\PPSSPPWindowsARM64\assets\vfpu\vfpu_log2_lut.dat","2","15/03/2026 11:52:35 a. m.","True"
"2CE3277FC2EAA9188F7AFA341DADFD041447C07482D7AEA8C5DBD1A3C869181C","3","DUPLICATE_REVIEW","RuneforgeCore","vfpu_log2_lut.dat","C:\RUNEFOGE_PRO\runeforge\app\retro\_downloads\PPSSPPWindowsARM64\assets\vfpu\vfpu_log2_lut.dat","2","15/03/2026 11:52:35 a. m.","True"
"2CE57E9FF93A894569D977AD6D03DF5AE1A9678D3DD512F37DF7EBB9B81041C4","1","KEEP_CANDIDATE","RuneforgeCore","inputtino_keyboard.h","C:\RUNEFOGE_PRO\runeforge-mvp\runeforge-mvp\_archive\source-zips\Sunshine-master\Sunshine-master\src\platform\linux\input\inputtino_keyboard.h","0","21/03/2026 08:14:42 p. m.","True"
"2CE57E9FF93A894569D977AD6D03DF5AE1A9678D3DD512F37DF7EBB9B81041C4","2","DUPLICATE_REVIEW","RuneforgeCore","inputtino_keyboard.h","C:\RUNEFOGE_PRO\runeforge\runeforge\app\_archive\source-zips\Sunshine-master\Sunshine-master\src\platform\linux\input\inputtino_keyboard.h","0","21/03/2026 08:14:42 p. m.","True"
"2CE57E9FF93A894569D977AD6D03DF5AE1A9678D3DD512F37DF7EBB9B81041C4","3","DUPLICATE_REVIEW","RuneforgeCore","inputtino_keyboard.h","C:\RUNEFOGE_PRO\runeforge\app\_archive\source-zips\Sunshine-master\Sunshine-master\src\platform\linux\input\inputtino_keyboard.h","0","21/03/2026 08:14:42 p. m.","True"
"2CF512BAA4CA8E4ECB6D4B66C1F4A826E5F970C5F7F4C44DC429C330432AB7E0","1","KEEP_CANDIDATE","RuneforgeCore","sunshine.sh","C:\RUNEFOGE_PRO\runeforge-mvp\runeforge-mvp\_archive\source-zips\Sunshine-master\Sunshine-master\packaging\linux\flatpak\scripts\sunshine.sh","0","21/03/2026 08:14:42 p. m.","True"
"2CF512BAA4CA8E4ECB6D4B66C1F4A826E5F970C5F7F4C44DC429C330432AB7E0","2","DUPLICATE_REVIEW","RuneforgeCore","sunshine.sh","C:\RUNEFOGE_PRO\runeforge\runeforge\app\_archive\source-zips\Sunshine-master\Sunshine-master\packaging\linux\flatpak\scripts\sunshine.sh","0","21/03/2026 08:14:42 p. m.","True"
"2CF512BAA4CA8E4ECB6D4B66C1F4A826E5F970C5F7F4C44DC429C330432AB7E0","3","DUPLICATE_REVIEW","RuneforgeCore","sunshine.sh","C:\RUNEFOGE_PRO\runeforge\app\_archive\source-zips\Sunshine-master\Sunshine-master\packaging\linux\flatpak\scripts\sunshine.sh","0","21/03/2026 08:14:42 p. m.","True"
"2D20ACF31E60311D2580777CE91BDD6802DC35C2713ED10538B32293DB3D9B01","1","KEEP_CANDIDATE","RuneforgeCore","driver_settings.h","C:\RUNEFOGE_PRO\runeforge-mvp\runeforge-mvp\_archive\source-zips\Sunshine-master\Sunshine-master\src\platform\windows\nvprefs\driver_settings.h","0.002","21/03/2026 08:14:42 p. m.","True"
"2D20ACF31E60311D2580777CE91BDD6802DC35C2713ED10538B32293DB3D9B01","2","DUPLICATE_REVIEW","RuneforgeCore","driver_settings.h","C:\RUNEFOGE_PRO\runeforge\runeforge\app\_archive\source-zips\Sunshine-master\Sunshine-master\src\platform\windows\nvprefs\driver_settings.h","0.002","21/03/2026 08:14:42 p. m.","True"
"2D20ACF31E60311D2580777CE91BDD6802DC35C2713ED10538B32293DB3D9B01","3","DUPLICATE_REVIEW","RuneforgeCore","driver_settings.h","C:\RUNEFOGE_PRO\runeforge\app\_archive\source-zips\Sunshine-master\Sunshine-master\src\platform\windows\nvprefs\driver_settings.h","0.002","21/03/2026 08:14:42 p. m.","True"
"2D6D4EAAD3DE26239582E618A0E2D180CDCB66CFEF8BBAE33D1E948A62A9DC1A","1","KEEP_CANDIDATE","RuneforgeCore","sync.h","C:\RUNEFOGE_PRO\runeforge-mvp\runeforge-mvp\_archive\source-zips\Sunshine-master\Sunshine-master\src\sync.h","0.001","21/03/2026 08:14:42 p. m.","True"
"2D6D4EAAD3DE26239582E618A0E2D180CDCB66CFEF8BBAE33D1E948A62A9DC1A","2","DUPLICATE_REVIEW","RuneforgeCore","sync.h","C:\RUNEFOGE_PRO\runeforge\runeforge\app\_archive\source-zips\Sunshine-master\Sunshine-master\src\sync.h","0.001","21/03/2026 08:14:42 p. m.","True"
"2D6D4EAAD3DE26239582E618A0E2D180CDCB66CFEF8BBAE33D1E948A62A9DC1A","3","DUPLICATE_REVIEW","RuneforgeCore","sync.h","C:\RUNEFOGE_PRO\runeforge\app\_archive\source-zips\Sunshine-master\Sunshine-master\src\sync.h","0.001","21/03/2026 08:14:42 p. m.","True"
"2DADB00E7C4BE9A8DA12D17BD6356571C5644F4D956503F0A1882D6B79435A4D","1","KEEP_CANDIDATE","RuneforgeCore","_update-docs.yml","C:\RUNEFOGE_PRO\runeforge-mvp\runeforge-mvp\_archive\source-zips\Sunshine-master\Sunshine-master\.github\workflows\_update-docs.yml","0.001","21/03/2026 08:14:42 p. m.","True"
"2DADB00E7C4BE9A8DA12D17BD6356571C5644F4D956503F0A1882D6B79435A4D","2","DUPLICATE_REVIEW","RuneforgeCore","_update-docs.yml","C:\RUNEFOGE_PRO\runeforge\runeforge\app\_archive\source-zips\Sunshine-master\Sunshine-master\.github\workflows\_update-docs.yml","0.001","21/03/2026 08:14:42 p. m.","True"
"2DADB00E7C4BE9A8DA12D17BD6356571C5644F4D956503F0A1882D6B79435A4D","3","DUPLICATE_REVIEW","RuneforgeCore","_update-docs.yml","C:\RUNEFOGE_PRO\runeforge\app\_archive\source-zips\Sunshine-master\Sunshine-master\.github\workflows\_update-docs.yml","0.001","21/03/2026 08:14:42 p. m.","True"
"2DE92DBE3B8D7DDF19127E87C95B76D0613D44397F4BF558B08213EECD8AC10D","1","KEEP_CANDIDATE","RuneforgeCore","index.20260419_054947.bak","C:\RUNEFOGE_PRO\runeforge\runeforge\backups\forge_ui\index.20260419_054947.bak","0.005","19/04/2026 04:17:25 a. m.","True"
"2DE92DBE3B8D7DDF19127E87C95B76D0613D44397F4BF558B08213EECD8AC10D","2","DUPLICATE_REVIEW","RuneforgeCore","index.20260419_054947.bak","C:\RUNEFOGE_PRO\runeforge\backups\forge_ui\index.20260419_054947.bak","0.005","19/04/2026 04:17:25 a. m.","True"
"2E9E207B4FE310598F34CE3170E2FE8FBD4CA0E38A007F036F9C42C1CE3590A7","1","KEEP_CANDIDATE","RuneforgeCore","common.cmake","C:\RUNEFOGE_PRO\runeforge-mvp\runeforge-mvp\_archive\source-zips\Sunshine-master\Sunshine-master\cmake\compile_definitions\common.cmake","0.006","21/03/2026 08:14:42 p. m.","True"
"2E9E207B4FE310598F34CE3170E2FE8FBD4CA0E38A007F036F9C42C1CE3590A7","2","DUPLICATE_REVIEW","RuneforgeCore","common.cmake","C:\RUNEFOGE_PRO\runeforge\runeforge\app\_archive\source-zips\Sunshine-master\Sunshine-master\cmake\compile_definitions\common.cmake","0.006","21/03/2026 08:14:42 p. m.","True"
"2E9E207B4FE310598F34CE3170E2FE8FBD4CA0E38A007F036F9C42C1CE3590A7","3","DUPLICATE_REVIEW","RuneforgeCore","common.cmake","C:\RUNEFOGE_PRO\runeforge\app\_archive\source-zips\Sunshine-master\Sunshine-master\cmake\compile_definitions\common.cmake","0.006","21/03/2026 08:14:42 p. m.","True"
"2EADB18C05D8F492B46C23BCBAD4F4811C98CF717145536CCFE136787845F2ED","1","KEEP_CANDIDATE","RuneforgeCore","ppge_atlas.meta","C:\RUNEFOGE_PRO\runeforge-mvp\runeforge-mvp\retro\_downloads\PPSSPPWindowsARM64\assets\ppge_atlas.meta","0.048","15/03/2026 11:52:35 a. m.","True"
"2EADB18C05D8F492B46C23BCBAD4F4811C98CF717145536CCFE136787845F2ED","2","DUPLICATE_REVIEW","RuneforgeCore","ppge_atlas.meta","C:\RUNEFOGE_PRO\runeforge\runeforge\app\retro\_downloads\PPSSPPWindowsARM64\assets\ppge_atlas.meta","0.048","15/03/2026 11:52:35 a. m.","True"
"2EADB18C05D8F492B46C23BCBAD4F4811C98CF717145536CCFE136787845F2ED","3","DUPLICATE_REVIEW","RuneforgeCore","ppge_atlas.meta","C:\RUNEFOGE_PRO\runeforge\app\retro\_downloads\PPSSPPWindowsARM64\assets\ppge_atlas.meta","0.048","15/03/2026 11:52:35 a. m.","True"
"2ECC34752EB7B60FC0D2BDCEF3252B7863606CAAD2E324EE483559A8FCC1FBD5","1","KEEP_CANDIDATE","RuneforgeCore","performance_tuning.md","C:\RUNEFOGE_PRO\runeforge-mvp\runeforge-mvp\_archive\source-zips\Sunshine-master\Sunshine-master\docs\performance_tuning.md","0.001","21/03/2026 08:14:42 p. m.","True"
"2ECC34752EB7B60FC0D2BDCEF3252B7863606CAAD2E324EE483559A8FCC1FBD5","2","DUPLICATE_REVIEW","RuneforgeCore","performance_tuning.md","C:\RUNEFOGE_PRO\runeforge\runeforge\app\_archive\source-zips\Sunshine-master\Sunshine-master\docs\performance_tuning.md","0.001","21/03/2026 08:14:42 p. m.","True"
"2ECC34752EB7B60FC0D2BDCEF3252B7863606CAAD2E324EE483559A8FCC1FBD5","3","DUPLICATE_REVIEW","RuneforgeCore","performance_tuning.md","C:\RUNEFOGE_PRO\runeforge\app\_archive\source-zips\Sunshine-master\Sunshine-master\docs\performance_tuning.md","0.001","21/03/2026 08:14:42 p. m.","True"
"2F00A4ADD375D19E0905CC79587D585972255B66EB3FFD66829C9007372FBF91","1","KEEP_CANDIDATE","RuneforgeCore","psp_display.png","C:\RUNEFOGE_PRO\runeforge-mvp\runeforge-mvp\retro\_downloads\PPSSPPWindowsARM64\assets\ui_images\psp_display.png","0","15/03/2026 11:52:35 a. m.","True"
"2F00A4ADD375D19E0905CC79587D585972255B66EB3FFD66829C9007372FBF91","2","DUPLICATE_REVIEW","RuneforgeCore","psp_display.png","C:\RUNEFOGE_PRO\runeforge\runeforge\app\retro\_downloads\PPSSPPWindowsARM64\assets\ui_images\psp_display.png","0","15/03/2026 11:52:35 a. m.","True"
"2F00A4ADD375D19E0905CC79587D585972255B66EB3FFD66829C9007372FBF91","3","DUPLICATE_REVIEW","RuneforgeCore","psp_display.png","C:\RUNEFOGE_PRO\runeforge\app\retro\_downloads\PPSSPPWindowsARM64\assets\ui_images\psp_display.png","0","15/03/2026 11:52:35 a. m.","True"
"2F24CAE8ED1EA5929D6589CAE9FA5F2D3E4A946B0E38037314BD92B696AADA06","1","KEEP_CANDIDATE","RuneforgeCore","forge.routes.js","C:\RUNEFOGE_PRO\runeforge-mvp\runeforge-mvp\src\modules\forge\forge.routes.js","0.002","20/03/2026 06:15:07 a. m.","True"
"2F24CAE8ED1EA5929D6589CAE9FA5F2D3E4A946B0E38037314BD92B696AADA06","2","DUPLICATE_REVIEW","RuneforgeCore","forge.routes.js","C:\RUNEFOGE_PRO\runeforge-mvp\runeforge-mvp\runeforge-mvp\src\modules\forge\forge.routes.js","0.002","20/03/2026 12:15:06 a. m.","True"
"2F24CAE8ED1EA5929D6589CAE9FA5F2D3E4A946B0E38037314BD92B696AADA06","3","DUPLICATE_REVIEW","RuneforgeCore","forge.routes.js","C:\RUNEFOGE_PRO\runeforge\runeforge\app\src\modules\forge\forge.routes.js","0.002","20/03/2026 12:15:06 a. m.","True"
"2F24CAE8ED1EA5929D6589CAE9FA5F2D3E4A946B0E38037314BD92B696AADA06","4","DUPLICATE_REVIEW","RuneforgeCore","forge.routes.js","C:\RUNEFOGE_PRO\runeforge\app\src\modules\forge\forge.routes.js","0.002","20/03/2026 12:15:06 a. m.","True"
"2F2EE97FB9D40A9F65E90990FE3FF6A56CD3D3B00FB367EE8665EE08E09C6C52","1","KEEP_CANDIDATE","RuneforgeCore","api.js","C:\RUNEFOGE_PRO\runeforge-mvp\runeforge-mvp\_archive\source-zips\Sunshine-master\Sunshine-master\docs\api.js","0.005","21/03/2026 08:14:42 p. m.","True"
"2F2EE97FB9D40A9F65E90990FE3FF6A56CD3D3B00FB367EE8665EE08E09C6C52","2","DUPLICATE_REVIEW","RuneforgeCore","api.js","C:\RUNEFOGE_PRO\runeforge\runeforge\app\_archive\source-zips\Sunshine-master\Sunshine-master\docs\api.js","0.005","21/03/2026 08:14:42 p. m.","True"
"2F2EE97FB9D40A9F65E90990FE3FF6A56CD3D3B00FB367EE8665EE08E09C6C52","3","DUPLICATE_REVIEW","RuneforgeCore","api.js","C:\RUNEFOGE_PRO\runeforge\app\_archive\source-zips\Sunshine-master\Sunshine-master\docs\api.js","0.005","21/03/2026 08:14:42 p. m.","True"
"2F889B2D8AEE3084466BB5683B456122926C3404C2674C4A37D187168CB22499","1","KEEP_CANDIDATE","RuneforgeCore","de.json","C:\RUNEFOGE_PRO\runeforge-mvp\runeforge-mvp\_archive\source-zips\Sunshine-master\Sunshine-master\src_assets\common\assets\web\public\assets\locale\de.json","0.042","21/03/2026 08:14:42 p. m.","True"
"2F889B2D8AEE3084466BB5683B456122926C3404C2674C4A37D187168CB22499","2","DUPLICATE_REVIEW","RuneforgeCore","de.json","C:\RUNEFOGE_PRO\runeforge\runeforge\app\_archive\source-zips\Sunshine-master\Sunshine-master\src_assets\common\assets\web\public\assets\locale\de.json","0.042","21/03/2026 08:14:42 p. m.","True"
"2F889B2D8AEE3084466BB5683B456122926C3404C2674C4A37D187168CB22499","3","DUPLICATE_REVIEW","RuneforgeCore","de.json","C:\RUNEFOGE_PRO\runeforge\app\_archive\source-zips\Sunshine-master\Sunshine-master\src_assets\common\assets\web\public\assets\locale\de.json","0.042","21/03/2026 08:14:42 p. m.","True"
"305854BAAF74B4AD65E5C08B3CF34DB09FAF6CDE4C2C56CC487A8BA78FB1299D","1","KEEP_CANDIDATE","RuneforgeCore","test_locale_consistency.cpp","C:\RUNEFOGE_PRO\runeforge-mvp\runeforge-mvp\_archive\source-zips\Sunshine-master\Sunshine-master\tests\integration\test_locale_consistency.cpp","0.011","21/03/2026 08:14:42 p. m.","True"
"305854BAAF74B4AD65E5C08B3CF34DB09FAF6CDE4C2C56CC487A8BA78FB1299D","2","DUPLICATE_REVIEW","RuneforgeCore","test_locale_consistency.cpp","C:\RUNEFOGE_PRO\runeforge\runeforge\app\_archive\source-zips\Sunshine-master\Sunshine-master\tests\integration\test_locale_consistency.cpp","0.011","21/03/2026 08:14:42 p. m.","True"
"305854BAAF74B4AD65E5C08B3CF34DB09FAF6CDE4C2C56CC487A8BA78FB1299D","3","DUPLICATE_REVIEW","RuneforgeCore","test_locale_consistency.cpp","C:\RUNEFOGE_PRO\runeforge\app\_archive\source-zips\Sunshine-master\Sunshine-master\tests\integration\test_locale_consistency.cpp","0.011","21/03/2026 08:14:42 p. m.","True"
"30BD28E207C181ACF2BDF056E6EEBC1ECC99491E4DE88103D6D103EDB45C1917","1","KEEP_CANDIDATE","RuneforgeCore","install-service.bat","C:\RUNEFOGE_PRO\runeforge-mvp\runeforge-mvp\_archive\source-zips\Sunshine-master\Sunshine-master\src_assets\windows\misc\service\install-service.bat","0.002","21/03/2026 08:14:42 p. m.","True"
"30BD28E207C181ACF2BDF056E6EEBC1ECC99491E4DE88103D6D103EDB45C1917","2","DUPLICATE_REVIEW","RuneforgeCore","install-service.bat","C:\RUNEFOGE_PRO\runeforge\runeforge\app\_archive\source-zips\Sunshine-master\Sunshine-master\src_assets\windows\misc\service\install-service.bat","0.002","21/03/2026 08:14:42 p. m.","True"
"30BD28E207C181ACF2BDF056E6EEBC1ECC99491E4DE88103D6D103EDB45C1917","3","DUPLICATE_REVIEW","RuneforgeCore","install-service.bat","C:\RUNEFOGE_PRO\runeforge\app\_archive\source-zips\Sunshine-master\Sunshine-master\src_assets\windows\misc\service\install-service.bat","0.002","21/03/2026 08:14:42 p. m.","True"
"30E0E592D5334882C9366D7564858D63A1D694051BFE372866DA53E4926BD24E","1","KEEP_CANDIDATE","RuneforgeCore","linux_build.sh","C:\RUNEFOGE_PRO\runeforge-mvp\runeforge-mvp\_archive\source-zips\Sunshine-master\Sunshine-master\scripts\linux_build.sh","0.023","21/03/2026 08:14:42 p. m.","True"
"30E0E592D5334882C9366D7564858D63A1D694051BFE372866DA53E4926BD24E","2","DUPLICATE_REVIEW","RuneforgeCore","linux_build.sh","C:\RUNEFOGE_PRO\runeforge\runeforge\app\_archive\source-zips\Sunshine-master\Sunshine-master\scripts\linux_build.sh","0.023","21/03/2026 08:14:42 p. m.","True"
"30E0E592D5334882C9366D7564858D63A1D694051BFE372866DA53E4926BD24E","3","DUPLICATE_REVIEW","RuneforgeCore","linux_build.sh","C:\RUNEFOGE_PRO\runeforge\app\_archive\source-zips\Sunshine-master\Sunshine-master\scripts\linux_build.sh","0.023","21/03/2026 08:14:42 p. m.","True"
"313F1194D188A932F14AB43261AE70137770CDBB7890B4022F1BDCD0A489A419","1","KEEP_CANDIDATE","RuneforgeCore","release.md","C:\RUNEFOGE_PRO\runeforge-mvp\runeforge-mvp\_archive\source-zips\Sunshine-master\Sunshine-master\docs\maintainers\release.md","0.003","21/03/2026 08:14:42 p. m.","True"
"313F1194D188A932F14AB43261AE70137770CDBB7890B4022F1BDCD0A489A419","2","DUPLICATE_REVIEW","RuneforgeCore","release.md","C:\RUNEFOGE_PRO\runeforge\runeforge\app\_archive\source-zips\Sunshine-master\Sunshine-master\docs\maintainers\release.md","0.003","21/03/2026 08:14:42 p. m.","True"
"313F1194D188A932F14AB43261AE70137770CDBB7890B4022F1BDCD0A489A419","3","DUPLICATE_REVIEW","RuneforgeCore","release.md","C:\RUNEFOGE_PRO\runeforge\app\_archive\source-zips\Sunshine-master\Sunshine-master\docs\maintainers\release.md","0.003","21/03/2026 08:14:42 p. m.","True"
"31A07754E9FF9FFA44E8D6BE0C8112E532DEBC47296091E419535D9A5D34AF81","1","KEEP_CANDIDATE","RuneforgeCore","config.ts","C:\RUNEFOGE_PRO\runeforge-v2-ready\runeforge-v2\src\core\config.ts","0.001","13/04/2026 01:35:16 a. m.","True"
"31A07754E9FF9FFA44E8D6BE0C8112E532DEBC47296091E419535D9A5D34AF81","2","DUPLICATE_REVIEW","RuneforgeCore","config.ts","C:\RUNEFOGE_PRO\RUNEFOGE_PRO\runeforge-v2-ready\runeforge-v2\src\core\config.ts","0.001","13/04/2026 01:35:16 a. m.","False"
"31BBA7C13D8ED2C4FF301E1238BCCC3F4B43B9082E963E76F0552D3BB9B549CF","1","KEEP_CANDIDATE","RuneforgeCore","display_base.cpp","C:\RUNEFOGE_PRO\runeforge-mvp\runeforge-mvp\_archive\source-zips\Sunshine-master\Sunshine-master\src\platform\windows\display_base.cpp","0.043","21/03/2026 08:14:42 p. m.","True"
"31BBA7C13D8ED2C4FF301E1238BCCC3F4B43B9082E963E76F0552D3BB9B549CF","2","DUPLICATE_REVIEW","RuneforgeCore","display_base.cpp","C:\RUNEFOGE_PRO\runeforge\runeforge\app\_archive\source-zips\Sunshine-master\Sunshine-master\src\platform\windows\display_base.cpp","0.043","21/03/2026 08:14:42 p. m.","True"
"31BBA7C13D8ED2C4FF301E1238BCCC3F4B43B9082E963E76F0552D3BB9B549CF","3","DUPLICATE_REVIEW","RuneforgeCore","display_base.cpp","C:\RUNEFOGE_PRO\runeforge\app\_archive\source-zips\Sunshine-master\Sunshine-master\src\platform\windows\display_base.cpp","0.043","21/03/2026 08:14:42 p. m.","True"
"31DEE38C08A0CFCB83A5DEEF1D4995E046B2753D96F7F689FEB7EEE788C54818","1","KEEP_CANDIDATE","RuneforgeCore","av_video.h","C:\RUNEFOGE_PRO\runeforge-mvp\runeforge-mvp\_archive\source-zips\Sunshine-master\Sunshine-master\src\platform\macos\av_video.h","0.001","21/03/2026 08:14:42 p. m.","True"
"31DEE38C08A0CFCB83A5DEEF1D4995E046B2753D96F7F689FEB7EEE788C54818","2","DUPLICATE_REVIEW","RuneforgeCore","av_video.h","C:\RUNEFOGE_PRO\runeforge\runeforge\app\_archive\source-zips\Sunshine-master\Sunshine-master\src\platform\macos\av_video.h","0.001","21/03/2026 08:14:42 p. m.","True"
"31DEE38C08A0CFCB83A5DEEF1D4995E046B2753D96F7F689FEB7EEE788C54818","3","DUPLICATE_REVIEW","RuneforgeCore","av_video.h","C:\RUNEFOGE_PRO\runeforge\app\_archive\source-zips\Sunshine-master\Sunshine-master\src\platform\macos\av_video.h","0.001","21/03/2026 08:14:42 p. m.","True"
"31F1EDC8245235B0F02915CE14011BDC412CBBDF70931414F516C0567219E624","1","KEEP_CANDIDATE","RuneforgeCore","globals.cpp","C:\RUNEFOGE_PRO\runeforge-mvp\runeforge-mvp\_archive\source-zips\Sunshine-master\Sunshine-master\src\globals.cpp","0","21/03/2026 08:14:42 p. m.","True"
"31F1EDC8245235B0F02915CE14011BDC412CBBDF70931414F516C0567219E624","2","DUPLICATE_REVIEW","RuneforgeCore","globals.cpp","C:\RUNEFOGE_PRO\runeforge\runeforge\app\_archive\source-zips\Sunshine-master\Sunshine-master\src\globals.cpp","0","21/03/2026 08:14:42 p. m.","True"
"31F1EDC8245235B0F02915CE14011BDC412CBBDF70931414F516C0567219E624","3","DUPLICATE_REVIEW","RuneforgeCore","globals.cpp","C:\RUNEFOGE_PRO\runeforge\app\_archive\source-zips\Sunshine-master\Sunshine-master\src\globals.cpp","0","21/03/2026 08:14:42 p. m.","True"
"321769DF432D384F6E1FED68228A2EC5FA1C8534059DB084634980EC4B96C8EC","1","KEEP_CANDIDATE","RuneforgeCore","Runeforge V2 Scaffold Base.pdf","C:\RUNEFOGE_PRO\Runeforge V2 Scaffold Base.pdf","0.016","13/04/2026 01:47:49 a. m.","True"
"321769DF432D384F6E1FED68228A2EC5FA1C8534059DB084634980EC4B96C8EC","2","DUPLICATE_REVIEW","RuneforgeCore","Runeforge V2 Scaffold Base.pdf","C:\RUNEFOGE_PRO\RUNEFOGE_PRO\Runeforge V2 Scaffold Base.pdf","0.016","13/04/2026 01:47:49 a. m.","False"
"32512C811CAE70BF2C09152487D728EF5623B9BFCA1553FE79548944E5310773","1","KEEP_CANDIDATE","Laboratorio","toolbox.sh","C:\RUNEFOGE_PRO\RUNEFOGE_PRO\lab_v1_1_files\lab\scripts\toolbox.sh","0","16/03/2026 07:45:30 p. m.","False"
"32512C811CAE70BF2C09152487D728EF5623B9BFCA1553FE79548944E5310773","2","DUPLICATE_REVIEW","Laboratorio","toolbox.sh","C:\RUNEFOGE_PRO\lab_v1_1_files\lab\scripts\toolbox.sh","0","16/03/2026 07:45:30 p. m.","False"
"328E1CCDEEE85F39FDE9C0A4414A0408FEB501DF575AE3A82D71247059692B19","1","KEEP_CANDIDATE","RuneforgeCore","service.ts","C:\RUNEFOGE_PRO\runeforge-v2-ready\runeforge-v2\src\modules\chat\service.ts","0","13/04/2026 01:35:16 a. m.","True"
"328E1CCDEEE85F39FDE9C0A4414A0408FEB501DF575AE3A82D71247059692B19","2","DUPLICATE_REVIEW","RuneforgeCore","service.ts","C:\RUNEFOGE_PRO\RUNEFOGE_PRO\runeforge-v2-ready\runeforge-v2\src\modules\chat\service.ts","0","13/04/2026 01:35:16 a. m.","False"
"330C31AF920EC2E6885160EA6D6ACA9D7E7971EC0B0C9AE5AB05830F14A420DC","1","KEEP_CANDIDATE","RuneforgeCore","semantic.yml","C:\RUNEFOGE_PRO\runeforge-mvp\runeforge-mvp\_archive\source-zips\Sunshine-master\Sunshine-master\.github\semantic.yml","0.001","21/03/2026 08:14:42 p. m.","True"
"330C31AF920EC2E6885160EA6D6ACA9D7E7971EC0B0C9AE5AB05830F14A420DC","2","DUPLICATE_REVIEW","RuneforgeCore","semantic.yml","C:\RUNEFOGE_PRO\runeforge\runeforge\app\_archive\source-zips\Sunshine-master\Sunshine-master\.github\semantic.yml","0.001","21/03/2026 08:14:42 p. m.","True"
"330C31AF920EC2E6885160EA6D6ACA9D7E7971EC0B0C9AE5AB05830F14A420DC","3","DUPLICATE_REVIEW","RuneforgeCore","semantic.yml","C:\RUNEFOGE_PRO\runeforge\app\_archive\source-zips\Sunshine-master\Sunshine-master\.github\semantic.yml","0.001","21/03/2026 08:14:42 p. m.","True"
"334EDAB54B75D64E597C13655EAAED93DCE116C8E469C0DFFA6E657C1C12D686","1","KEEP_CANDIDATE","RuneforgeCore","rswrapper.c","C:\RUNEFOGE_PRO\runeforge-mvp\runeforge-mvp\_archive\source-zips\Sunshine-master\Sunshine-master\src\rswrapper.c","0.005","21/03/2026 08:14:42 p. m.","True"
"334EDAB54B75D64E597C13655EAAED93DCE116C8E469C0DFFA6E657C1C12D686","2","DUPLICATE_REVIEW","RuneforgeCore","rswrapper.c","C:\RUNEFOGE_PRO\runeforge\runeforge\app\_archive\source-zips\Sunshine-master\Sunshine-master\src\rswrapper.c","0.005","21/03/2026 08:14:42 p. m.","True"
"334EDAB54B75D64E597C13655EAAED93DCE116C8E469C0DFFA6E657C1C12D686","3","DUPLICATE_REVIEW","RuneforgeCore","rswrapper.c","C:\RUNEFOGE_PRO\runeforge\app\_archive\source-zips\Sunshine-master\Sunshine-master\src\rswrapper.c","0.005","21/03/2026 08:14:42 p. m.","True"
"336A6EB3FD35316070B6EAEAE696D18E984D9EE259908426C70C4BF87EC46E69","1","KEEP_CANDIDATE","RuneforgeCore","publish.cpp","C:\RUNEFOGE_PRO\runeforge-mvp\runeforge-mvp\_archive\source-zips\Sunshine-master\Sunshine-master\src\platform\macos\publish.cpp","0.005","21/03/2026 08:14:42 p. m.","True"
"336A6EB3FD35316070B6EAEAE696D18E984D9EE259908426C70C4BF87EC46E69","2","DUPLICATE_REVIEW","RuneforgeCore","publish.cpp","C:\RUNEFOGE_PRO\runeforge\runeforge\app\_archive\source-zips\Sunshine-master\Sunshine-master\src\platform\macos\publish.cpp","0.005","21/03/2026 08:14:42 p. m.","True"
"336A6EB3FD35316070B6EAEAE696D18E984D9EE259908426C70C4BF87EC46E69","3","DUPLICATE_REVIEW","RuneforgeCore","publish.cpp","C:\RUNEFOGE_PRO\runeforge\app\_archive\source-zips\Sunshine-master\Sunshine-master\src\platform\macos\publish.cpp","0.005","21/03/2026 08:14:42 p. m.","True"
"3395352354D84CE341B22DCBEE8BF72E0AC2ECE0BB422E2C0A468D97CBC9AD4C","1","KEEP_CANDIDATE","RuneforgeCore","da_DK.ini","C:\RUNEFOGE_PRO\runeforge-mvp\runeforge-mvp\retro\_downloads\PPSSPPWindowsARM64\assets\lang\da_DK.ini","0.061","15/03/2026 11:52:35 a. m.","True"
"3395352354D84CE341B22DCBEE8BF72E0AC2ECE0BB422E2C0A468D97CBC9AD4C","2","DUPLICATE_REVIEW","RuneforgeCore","da_DK.ini","C:\RUNEFOGE_PRO\runeforge\runeforge\app\retro\_downloads\PPSSPPWindowsARM64\assets\lang\da_DK.ini","0.061","15/03/2026 11:52:35 a. m.","True"
"3395352354D84CE341B22DCBEE8BF72E0AC2ECE0BB422E2C0A468D97CBC9AD4C","3","DUPLICATE_REVIEW","RuneforgeCore","da_DK.ini","C:\RUNEFOGE_PRO\runeforge\app\retro\_downloads\PPSSPPWindowsARM64\assets\lang\da_DK.ini","0.061","15/03/2026 11:52:35 a. m.","True"
"33A0830B1D14F6B507ADC06831CF64B7EDFC1124E9C4D8C753016577C4F45F96","1","KEEP_CANDIDATE","RuneforgeCore","video.h","C:\RUNEFOGE_PRO\runeforge-mvp\runeforge-mvp\_archive\source-zips\Sunshine-master\Sunshine-master\src\video.h","0.012","21/03/2026 08:14:42 p. m.","True"
"33A0830B1D14F6B507ADC06831CF64B7EDFC1124E9C4D8C753016577C4F45F96","2","DUPLICATE_REVIEW","RuneforgeCore","video.h","C:\RUNEFOGE_PRO\runeforge\runeforge\app\_archive\source-zips\Sunshine-master\Sunshine-master\src\video.h","0.012","21/03/2026 08:14:42 p. m.","True"
"33A0830B1D14F6B507ADC06831CF64B7EDFC1124E9C4D8C753016577C4F45F96","3","DUPLICATE_REVIEW","RuneforgeCore","video.h","C:\RUNEFOGE_PRO\runeforge\app\_archive\source-zips\Sunshine-master\Sunshine-master\src\video.h","0.012","21/03/2026 08:14:42 p. m.","True"
"33ECE89E668450531F53C122060BBFE39F3C0EEBF5028F1F537636C5498BE696","1","KEEP_CANDIDATE","RuneforgeCore","convert_yuv420_packed_uv_type0_ps_linear.hlsl","C:\RUNEFOGE_PRO\runeforge-mvp\runeforge-mvp\_archive\source-zips\Sunshine-master\Sunshine-master\src_assets\windows\assets\shaders\directx\convert_yuv420_packed_uv_type0_ps_linear.hlsl","0","21/03/2026 08:14:42 p. m.","True"
"33ECE89E668450531F53C122060BBFE39F3C0EEBF5028F1F537636C5498BE696","2","DUPLICATE_REVIEW","RuneforgeCore","convert_yuv420_packed_uv_type0_ps_linear.hlsl","C:\RUNEFOGE_PRO\runeforge\runeforge\app\_archive\source-zips\Sunshine-master\Sunshine-master\src_assets\windows\assets\shaders\directx\convert_yuv420_packed_uv_type0_ps_linear.hlsl","0","21/03/2026 08:14:42 p. m.","True"
"33ECE89E668450531F53C122060BBFE39F3C0EEBF5028F1F537636C5498BE696","3","DUPLICATE_REVIEW","RuneforgeCore","convert_yuv420_packed_uv_type0_ps_linear.hlsl","C:\RUNEFOGE_PRO\runeforge\app\_archive\source-zips\Sunshine-master\Sunshine-master\src_assets\windows\assets\shaders\directx\convert_yuv420_packed_uv_type0_ps_linear.hlsl","0","21/03/2026 08:14:42 p. m.","True"
"343F1535948740362086618B75CEF2FD460A22A6F4386C3AC2F0A27A719F03D5","1","KEEP_CANDIDATE","RuneforgeCore",".clang-format","C:\RUNEFOGE_PRO\runeforge-mvp\runeforge-mvp\_archive\source-zips\Sunshine-master\Sunshine-master\.clang-format","0.003","21/03/2026 08:14:42 p. m.","True"
"343F1535948740362086618B75CEF2FD460A22A6F4386C3AC2F0A27A719F03D5","2","DUPLICATE_REVIEW","RuneforgeCore",".clang-format","C:\RUNEFOGE_PRO\runeforge\runeforge\app\_archive\source-zips\Sunshine-master\Sunshine-master\.clang-format","0.003","21/03/2026 08:14:42 p. m.","True"
"343F1535948740362086618B75CEF2FD460A22A6F4386C3AC2F0A27A719F03D5","3","DUPLICATE_REVIEW","RuneforgeCore",".clang-format","C:\RUNEFOGE_PRO\runeforge\app\_archive\source-zips\Sunshine-master\Sunshine-master\.clang-format","0.003","21/03/2026 08:14:42 p. m.","True"
"3458FFAB6DCE4A5D46A0CB33B5F4804D7E66C217D4D43AA0453A118CBE56DCF6","1","KEEP_CANDIDATE","Laboratorio","run.sh","C:\RUNEFOGE_PRO\RUNEFOGE_PRO\lab_v1_1_files\lab\scripts\cmds\run.sh","0","16/03/2026 07:45:30 p. m.","False"
"3458FFAB6DCE4A5D46A0CB33B5F4804D7E66C217D4D43AA0453A118CBE56DCF6","2","DUPLICATE_REVIEW","Laboratorio","run.sh","C:\RUNEFOGE_PRO\lab_v1_1_files\lab\scripts\cmds\run.sh","0","16/03/2026 07:45:30 p. m.","False"
"347E8334065CC3D484D166411645537419E4372B4F66B698E1D33DBD37573B97","1","KEEP_CANDIDATE","RuneforgeCore","Start-Runeforge-Shell.ps1.20260425_022141.v43_6_backup","C:\RUNEFOGE_PRO\runeforge\backups\commander\Start-Runeforge-Shell.ps1.20260425_022141.v43_6_backup","0.013","25/04/2026 02:20:14 a. m.","True"
"347E8334065CC3D484D166411645537419E4372B4F66B698E1D33DBD37573B97","2","DUPLICATE_REVIEW","RuneforgeCore","Start-Runeforge-Shell.ps1.20260425_022402.rf_panel_fix.bak","C:\RUNEFOGE_PRO\runeforge\backups\commander\Start-Runeforge-Shell.ps1.20260425_022402.rf_panel_fix.bak","0.013","25/04/2026 02:20:14 a. m.","True"
"34B9E75DAECA9ACD9357B4473C4F453EA9665F8E3BD7A096D068656D2E35B2BE","1","KEEP_CANDIDATE","RuneforgeCore","it_IT.ini","C:\RUNEFOGE_PRO\runeforge-mvp\runeforge-mvp\retro\_downloads\PPSSPPWindowsARM64\assets\lang\it_IT.ini","0.068","15/03/2026 11:52:35 a. m.","True"
"34B9E75DAECA9ACD9357B4473C4F453EA9665F8E3BD7A096D068656D2E35B2BE","2","DUPLICATE_REVIEW","RuneforgeCore","it_IT.ini","C:\RUNEFOGE_PRO\runeforge\runeforge\app\retro\_downloads\PPSSPPWindowsARM64\assets\lang\it_IT.ini","0.068","15/03/2026 11:52:35 a. m.","True"
"34B9E75DAECA9ACD9357B4473C4F453EA9665F8E3BD7A096D068656D2E35B2BE","3","DUPLICATE_REVIEW","RuneforgeCore","it_IT.ini","C:\RUNEFOGE_PRO\runeforge\app\retro\_downloads\PPSSPPWindowsARM64\assets\lang\it_IT.ini","0.068","15/03/2026 11:52:35 a. m.","True"
"34C426CF6BE7210BD91665F7F216CCE6692B9A99245E02E0666EEA6E4D1A2434","1","KEEP_CANDIDATE","RuneforgeCore","confighttp.cpp","C:\RUNEFOGE_PRO\runeforge-mvp\runeforge-mvp\_archive\source-zips\Sunshine-master\Sunshine-master\src\confighttp.cpp","0.059","21/03/2026 08:14:42 p. m.","True"
"34C426CF6BE7210BD91665F7F216CCE6692B9A99245E02E0666EEA6E4D1A2434","2","DUPLICATE_REVIEW","RuneforgeCore","confighttp.cpp","C:\RUNEFOGE_PRO\runeforge\runeforge\app\_archive\source-zips\Sunshine-master\Sunshine-master\src\confighttp.cpp","0.059","21/03/2026 08:14:42 p. m.","True"
"34C426CF6BE7210BD91665F7F216CCE6692B9A99245E02E0666EEA6E4D1A2434","3","DUPLICATE_REVIEW","RuneforgeCore","confighttp.cpp","C:\RUNEFOGE_PRO\runeforge\app\_archive\source-zips\Sunshine-master\Sunshine-master\src\confighttp.cpp","0.059","21/03/2026 08:14:42 p. m.","True"
"368AABCA04441D53EECB3986EAB2A18E590DE101DB620618DF5D2C30F4306966","1","KEEP_CANDIDATE","RuneforgeCore","code_backend_check.ps1","C:\RUNEFOGE_PRO\runeforge\runeforge\data\commander\snippets\code_backend_check.ps1","0.001","24/04/2026 01:04:37 a. m.","True"
"368AABCA04441D53EECB3986EAB2A18E590DE101DB620618DF5D2C30F4306966","2","DUPLICATE_REVIEW","RuneforgeCore","code_backend_check.ps1","C:\RUNEFOGE_PRO\runeforge\data\commander\snippets\code_backend_check.ps1","0.001","24/04/2026 01:04:37 a. m.","True"
"37BBC93157C2084F302973267A9B572731D7EC17BC6783FD721532AECF12D976","1","KEEP_CANDIDATE","RuneforgeCore","ci.yml","C:\RUNEFOGE_PRO\runeforge-mvp\runeforge-mvp\_archive\source-zips\Sunshine-master\Sunshine-master\.github\workflows\ci.yml","0.011","21/03/2026 08:14:42 p. m.","True"
"37BBC93157C2084F302973267A9B572731D7EC17BC6783FD721532AECF12D976","2","DUPLICATE_REVIEW","RuneforgeCore","ci.yml","C:\RUNEFOGE_PRO\runeforge\runeforge\app\_archive\source-zips\Sunshine-master\Sunshine-master\.github\workflows\ci.yml","0.011","21/03/2026 08:14:42 p. m.","True"
"37BBC93157C2084F302973267A9B572731D7EC17BC6783FD721532AECF12D976","3","DUPLICATE_REVIEW","RuneforgeCore","ci.yml","C:\RUNEFOGE_PRO\runeforge\app\_archive\source-zips\Sunshine-master\Sunshine-master\.github\workflows\ci.yml","0.011","21/03/2026 08:14:42 p. m.","True"
"388490C6BE9773BA7181EDEA9770BCB88767C04C962A5AE5503C8B19AF93697E","1","KEEP_CANDIDATE","RuneforgeCore","kmsgrab.cpp","C:\RUNEFOGE_PRO\runeforge-mvp\runeforge-mvp\_archive\source-zips\Sunshine-master\Sunshine-master\src\platform\linux\kmsgrab.cpp","0.059","21/03/2026 08:14:42 p. m.","True"
"388490C6BE9773BA7181EDEA9770BCB88767C04C962A5AE5503C8B19AF93697E","2","DUPLICATE_REVIEW","RuneforgeCore","kmsgrab.cpp","C:\RUNEFOGE_PRO\runeforge\runeforge\app\_archive\source-zips\Sunshine-master\Sunshine-master\src\platform\linux\kmsgrab.cpp","0.059","21/03/2026 08:14:42 p. m.","True"
"388490C6BE9773BA7181EDEA9770BCB88767C04C962A5AE5503C8B19AF93697E","3","DUPLICATE_REVIEW","RuneforgeCore","kmsgrab.cpp","C:\RUNEFOGE_PRO\runeforge\app\_archive\source-zips\Sunshine-master\Sunshine-master\src\platform\linux\kmsgrab.cpp","0.059","21/03/2026 08:14:42 p. m.","True"
"38DC17B227DB923CA436A5A7812BF79D9C4BC370A31290D5DB773C5536BB8DAA","1","KEEP_CANDIDATE","RuneforgeCore","runeforge_audit_report.md","C:\RUNEFOGE_PRO\runeforge\runeforge\data\audits\20260423_235227\runeforge_audit_report.md","0.103","23/04/2026 11:53:33 p. m.","True"
"38DC17B227DB923CA436A5A7812BF79D9C4BC370A31290D5DB773C5536BB8DAA","2","DUPLICATE_REVIEW","RuneforgeCore","runeforge_audit_report.md","C:\RUNEFOGE_PRO\runeforge\data\audits\20260423_235227\runeforge_audit_report.md","0.103","23/04/2026 11:53:33 p. m.","True"
"38FD8D88C493EDB732D18B5F2AE33ACAD9D1B721C806D9F02E0E70DF09C15AB6","1","KEEP_CANDIDATE","RuneforgeCore","backend.port","C:\RUNEFOGE_PRO\runeforge\scripts\backend\backend.port","0","19/04/2026 05:50:35 a. m.","True"
"38FD8D88C493EDB732D18B5F2AE33ACAD9D1B721C806D9F02E0E70DF09C15AB6","2","DUPLICATE_REVIEW","RuneforgeCore","backend.port","C:\RUNEFOGE_PRO\runeforge\runeforge\scripts\backend\backend.port","0","19/04/2026 05:50:35 a. m.","True"
"394C2F399369A569E63E5CF4FD7A5F1A6120C7988AB4086AD2D80D48461EB1DA","1","KEEP_CANDIDATE","RuneforgeCore","avahi.json","C:\RUNEFOGE_PRO\runeforge-mvp\runeforge-mvp\_archive\source-zips\Sunshine-master\Sunshine-master\packaging\linux\flatpak\modules\avahi.json","0.001","21/03/2026 08:14:42 p. m.","True"
"394C2F399369A569E63E5CF4FD7A5F1A6120C7988AB4086AD2D80D48461EB1DA","2","DUPLICATE_REVIEW","RuneforgeCore","avahi.json","C:\RUNEFOGE_PRO\runeforge\runeforge\app\_archive\source-zips\Sunshine-master\Sunshine-master\packaging\linux\flatpak\modules\avahi.json","0.001","21/03/2026 08:14:42 p. m.","True"
"394C2F399369A569E63E5CF4FD7A5F1A6120C7988AB4086AD2D80D48461EB1DA","3","DUPLICATE_REVIEW","RuneforgeCore","avahi.json","C:\RUNEFOGE_PRO\runeforge\app\_archive\source-zips\Sunshine-master\Sunshine-master\packaging\linux\flatpak\modules\avahi.json","0.001","21/03/2026 08:14:42 p. m.","True"
"3972DC9744F6499F0F9B2DBF76696F2AE7AD8AF9B23DDE66D6AF86C9DFB36986","1","KEEP_CANDIDATE","RuneforgeCore","LICENSE","C:\RUNEFOGE_PRO\runeforge-mvp\runeforge-mvp\_archive\source-zips\Sunshine-master\Sunshine-master\LICENSE","0.034","21/03/2026 08:14:42 p. m.","True"
"3972DC9744F6499F0F9B2DBF76696F2AE7AD8AF9B23DDE66D6AF86C9DFB36986","2","DUPLICATE_REVIEW","RuneforgeCore","LICENSE","C:\RUNEFOGE_PRO\runeforge\runeforge\app\_archive\source-zips\Sunshine-master\Sunshine-master\LICENSE","0.034","21/03/2026 08:14:42 p. m.","True"
"3972DC9744F6499F0F9B2DBF76696F2AE7AD8AF9B23DDE66D6AF86C9DFB36986","3","DUPLICATE_REVIEW","RuneforgeCore","LICENSE","C:\RUNEFOGE_PRO\runeforge\app\_archive\source-zips\Sunshine-master\Sunshine-master\LICENSE","0.034","21/03/2026 08:14:42 p. m.","True"
"39D40036B7660EA3741266D1998DB37098F107206B24ABBE82E1C67206E71984","1","KEEP_CANDIDATE","RuneforgeCore","capture_20260424_192341.txt","C:\RUNEFOGE_PRO\runeforge\runeforge\data\commander\exports\capture_20260424_192341.txt","0","24/04/2026 07:23:41 p. m.","True"
"39D40036B7660EA3741266D1998DB37098F107206B24ABBE82E1C67206E71984","2","DUPLICATE_REVIEW","RuneforgeCore","capture_20260424_192341.txt","C:\RUNEFOGE_PRO\runeforge\data\commander\exports\capture_20260424_192341.txt","0","24/04/2026 07:23:41 p. m.","True"
"3A4B6E87EBDEF62DCEB49B717CB8E85AF2BDCEBA4DB509E19AAF7420361C520F","1","KEEP_CANDIDATE","RuneforgeCore","backend_perfil.json","C:\RUNEFOGE_PRO\runeforge\runeforge\docs\backend_perfil\backend_perfil.json","0","19/04/2026 04:13:07 a. m.","True"
"3A4B6E87EBDEF62DCEB49B717CB8E85AF2BDCEBA4DB509E19AAF7420361C520F","2","DUPLICATE_REVIEW","RuneforgeCore","backend_perfil.json","C:\RUNEFOGE_PRO\runeforge\docs\backend_perfil\backend_perfil.json","0","19/04/2026 04:13:07 a. m.","True"
"3A70A9EFC1D062AD2FD4BA2AAFB130FE936216FAA589EF06C42B3C6142BD528D","1","KEEP_CANDIDATE","RuneforgeCore","summary_20260415_021003.txt","C:\RUNEFOGE_PRO\runeforge-datahub\data\reports\summary_20260415_021003.txt","0.001","15/04/2026 02:10:23 a. m.","True"
"3A70A9EFC1D062AD2FD4BA2AAFB130FE936216FAA589EF06C42B3C6142BD528D","2","DUPLICATE_REVIEW","RuneforgeCore","summary_20260415_021003.txt","C:\RUNEFOGE_PRO\RUNEFOGE_PRO\runeforge-datahub\data\reports\summary_20260415_021003.txt","0.001","15/04/2026 02:10:23 a. m.","False"
"3A95BED8F0359C105E88AD211B1336FF35DCA84C7A438352091931B26BBFD3A4","1","KEEP_CANDIDATE","RuneforgeCore","AmdAmfEncoder.vue","C:\RUNEFOGE_PRO\runeforge-mvp\runeforge-mvp\_archive\source-zips\Sunshine-master\Sunshine-master\src_assets\common\assets\web\configs\tabs\encoders\AmdAmfEncoder.vue","0.005","21/03/2026 08:14:42 p. m.","True"
"3A95BED8F0359C105E88AD211B1336FF35DCA84C7A438352091931B26BBFD3A4","2","DUPLICATE_REVIEW","RuneforgeCore","AmdAmfEncoder.vue","C:\RUNEFOGE_PRO\runeforge\runeforge\app\_archive\source-zips\Sunshine-master\Sunshine-master\src_assets\common\assets\web\configs\tabs\encoders\AmdAmfEncoder.vue","0.005","21/03/2026 08:14:42 p. m.","True"
"3A95BED8F0359C105E88AD211B1336FF35DCA84C7A438352091931B26BBFD3A4","3","DUPLICATE_REVIEW","RuneforgeCore","AmdAmfEncoder.vue","C:\RUNEFOGE_PRO\runeforge\app\_archive\source-zips\Sunshine-master\Sunshine-master\src_assets\common\assets\web\configs\tabs\encoders\AmdAmfEncoder.vue","0.005","21/03/2026 08:14:42 p. m.","True"
"3AB7FCF6956D0281ADA94D501FC6D1CFA8FC034F139E25FED6C829F723D92A95","1","KEEP_CANDIDATE","RuneforgeCore","ppge_atlas.zim","C:\RUNEFOGE_PRO\runeforge-mvp\runeforge-mvp\retro\_downloads\PPSSPPWindowsARM64\assets\ppge_atlas.zim","0.636","15/03/2026 11:52:35 a. m.","True"
"3AB7FCF6956D0281ADA94D501FC6D1CFA8FC034F139E25FED6C829F723D92A95","2","DUPLICATE_REVIEW","RuneforgeCore","ppge_atlas.zim","C:\RUNEFOGE_PRO\runeforge\runeforge\app\retro\_downloads\PPSSPPWindowsARM64\assets\ppge_atlas.zim","0.636","15/03/2026 11:52:35 a. m.","True"
"3AB7FCF6956D0281ADA94D501FC6D1CFA8FC034F139E25FED6C829F723D92A95","3","DUPLICATE_REVIEW","RuneforgeCore","ppge_atlas.zim","C:\RUNEFOGE_PRO\runeforge\app\retro\_downloads\PPSSPPWindowsARM64\assets\ppge_atlas.zim","0.636","15/03/2026 11:52:35 a. m.","True"
"3B9319441C11272A7A1815569984A77A8B0615FE0CBA8711AF7EF58902924289","1","KEEP_CANDIDATE","RuneforgeCore","runeforge_estado_2026-04-13_07-47-25.json","C:\RUNEFOGE_PRO\RUNEFOGE_PRO\diagnostico\runeforge_estado_2026-04-13_07-47-25.json","0.008","13/04/2026 07:47:33 a. m.","False"
"3B9319441C11272A7A1815569984A77A8B0615FE0CBA8711AF7EF58902924289","2","DUPLICATE_REVIEW","RuneforgeCore","runeforge_estado_2026-04-13_07-47-25.json","C:\RUNEFOGE_PRO\diagnostico\runeforge_estado_2026-04-13_07-47-25.json","0.008","13/04/2026 07:47:33 a. m.","False"
"3B9361A8808D42DF0892FC570C51248D7CC461FBA1CCF30423A47D5200FC4EE4","1","KEEP_CANDIDATE","RuneforgeCore","Invoke-Runeforge-Capture.ps1","C:\RUNEFOGE_PRO\runeforge\scripts\Invoke-Runeforge-Capture.ps1","0.009","24/04/2026 07:35:53 p. m.","True"
"3B9361A8808D42DF0892FC570C51248D7CC461FBA1CCF30423A47D5200FC4EE4","2","DUPLICATE_REVIEW","RuneforgeCore","Invoke-Runeforge-Capture.ps1","C:\RUNEFOGE_PRO\runeforge\runeforge\scripts\Invoke-Runeforge-Capture.ps1","0.009","24/04/2026 07:35:53 p. m.","True"
"3BB352DFACDC6D2962356FCF3AC5D9C2C7378FA3B412E1D3C5D65188E34680C2","1","KEEP_CANDIDATE","RuneforgeCore","dev.lizardbyte.app.Sunshine.desktop","C:\RUNEFOGE_PRO\runeforge-mvp\runeforge-mvp\_archive\source-zips\Sunshine-master\Sunshine-master\packaging\linux\dev.lizardbyte.app.Sunshine.desktop","0","21/03/2026 08:14:42 p. m.","True"
"3BB352DFACDC6D2962356FCF3AC5D9C2C7378FA3B412E1D3C5D65188E34680C2","2","DUPLICATE_REVIEW","RuneforgeCore","dev.lizardbyte.app.Sunshine.desktop","C:\RUNEFOGE_PRO\runeforge\runeforge\app\_archive\source-zips\Sunshine-master\Sunshine-master\packaging\linux\dev.lizardbyte.app.Sunshine.desktop","0","21/03/2026 08:14:42 p. m.","True"
"3BB352DFACDC6D2962356FCF3AC5D9C2C7378FA3B412E1D3C5D65188E34680C2","3","DUPLICATE_REVIEW","RuneforgeCore","dev.lizardbyte.app.Sunshine.desktop","C:\RUNEFOGE_PRO\runeforge\app\_archive\source-zips\Sunshine-master\Sunshine-master\packaging\linux\dev.lizardbyte.app.Sunshine.desktop","0","21/03/2026 08:14:42 p. m.","True"
"3BD4A0E00107A2AE684EF81D958C3F2BF979CDA98B654EFB890540AAC5EEE07A","1","KEEP_CANDIDATE","Laboratorio","backup.sh","C:\RUNEFOGE_PRO\RUNEFOGE_PRO\lab_v1_1_files\lab\scripts\cmds\backup.sh","0","16/03/2026 07:45:30 p. m.","False"
"3BD4A0E00107A2AE684EF81D958C3F2BF979CDA98B654EFB890540AAC5EEE07A","2","DUPLICATE_REVIEW","Laboratorio","backup.sh","C:\RUNEFOGE_PRO\lab_v1_1_files\lab\scripts\cmds\backup.sh","0","16/03/2026 07:45:30 p. m.","False"
"3C2755CA907B77D12D900A255488424C0A8059BFB556556866D64348AE56E71B","1","KEEP_CANDIDATE","RuneforgeCore","sunshine.svg","C:\RUNEFOGE_PRO\runeforge-mvp\runeforge-mvp\_archive\source-zips\Sunshine-master\Sunshine-master\sunshine.svg","0.002","21/03/2026 08:14:42 p. m.","True"
"3C2755CA907B77D12D900A255488424C0A8059BFB556556866D64348AE56E71B","2","DUPLICATE_REVIEW","RuneforgeCore","sunshine.svg","C:\RUNEFOGE_PRO\runeforge\runeforge\app\_archive\source-zips\Sunshine-master\Sunshine-master\sunshine.svg","0.002","21/03/2026 08:14:42 p. m.","True"
"3C2755CA907B77D12D900A255488424C0A8059BFB556556866D64348AE56E71B","3","DUPLICATE_REVIEW","RuneforgeCore","sunshine.svg","C:\RUNEFOGE_PRO\runeforge\app\_archive\source-zips\Sunshine-master\Sunshine-master\sunshine.svg","0.002","21/03/2026 08:14:42 p. m.","True"
"3C8B4090BC72EA88DD755E8A03BA4E2A0167D664CAF6B5A9A96579D2FE5864E0","1","KEEP_CANDIDATE","RuneforgeCore","macos.cmake","C:\RUNEFOGE_PRO\runeforge-mvp\runeforge-mvp\_archive\source-zips\Sunshine-master\Sunshine-master\cmake\compile_definitions\macos.cmake","0.002","21/03/2026 08:14:42 p. m.","True"
"3C8B4090BC72EA88DD755E8A03BA4E2A0167D664CAF6B5A9A96579D2FE5864E0","2","DUPLICATE_REVIEW","RuneforgeCore","macos.cmake","C:\RUNEFOGE_PRO\runeforge\runeforge\app\_archive\source-zips\Sunshine-master\Sunshine-master\cmake\compile_definitions\macos.cmake","0.002","21/03/2026 08:14:42 p. m.","True"
"3C8B4090BC72EA88DD755E8A03BA4E2A0167D664CAF6B5A9A96579D2FE5864E0","3","DUPLICATE_REVIEW","RuneforgeCore","macos.cmake","C:\RUNEFOGE_PRO\runeforge\app\_archive\source-zips\Sunshine-master\Sunshine-master\cmake\compile_definitions\macos.cmake","0.002","21/03/2026 08:14:42 p. m.","True"
"3CAC9A3BB0B2B6027D2D1135916EFB9F3F5D578B1B6F633A20D05B1CABF9E89E","1","KEEP_CANDIDATE","RuneforgeCore","package-lock.json","C:\RUNEFOGE_PRO\runeforge-v2-ready\runeforge-v2\package-lock.json","0.052","19/04/2026 07:12:10 p. m.","True"
"3CAC9A3BB0B2B6027D2D1135916EFB9F3F5D578B1B6F633A20D05B1CABF9E89E","2","DUPLICATE_REVIEW","RuneforgeCore","package-lock.json","C:\RUNEFOGE_PRO\RUNEFOGE_PRO\runeforge-v2-ready\runeforge-v2\package-lock.json","0.052","19/04/2026 07:12:10 p. m.","False"
"3CF9C1835C142EDB4B81F0824238E9B212BA5DD4F6EBBCB670C9A5D21D992E94","1","KEEP_CANDIDATE","RuneforgeCore","tex_4xbrz.csh","C:\RUNEFOGE_PRO\runeforge-mvp\runeforge-mvp\retro\_downloads\PPSSPPWindowsARM64\assets\shaders\tex_4xbrz.csh","0.015","15/03/2026 11:52:35 a. m.","True"
"3CF9C1835C142EDB4B81F0824238E9B212BA5DD4F6EBBCB670C9A5D21D992E94","2","DUPLICATE_REVIEW","RuneforgeCore","tex_4xbrz.csh","C:\RUNEFOGE_PRO\runeforge\runeforge\app\retro\_downloads\PPSSPPWindowsARM64\assets\shaders\tex_4xbrz.csh","0.015","15/03/2026 11:52:35 a. m.","True"
"3CF9C1835C142EDB4B81F0824238E9B212BA5DD4F6EBBCB670C9A5D21D992E94","3","DUPLICATE_REVIEW","RuneforgeCore","tex_4xbrz.csh","C:\RUNEFOGE_PRO\runeforge\app\retro\_downloads\PPSSPPWindowsARM64\assets\shaders\tex_4xbrz.csh","0.015","15/03/2026 11:52:35 a. m.","True"
"3D5307AC2272E574CF48F9F807808C0C032207BCD30705F2C12DA7DC5A4660C8","1","KEEP_CANDIDATE","RuneforgeCore","test_logging.cpp","C:\RUNEFOGE_PRO\runeforge-mvp\runeforge-mvp\_archive\source-zips\Sunshine-master\Sunshine-master\tests\unit\test_logging.cpp","0.001","21/03/2026 08:14:42 p. m.","True"
"3D5307AC2272E574CF48F9F807808C0C032207BCD30705F2C12DA7DC5A4660C8","2","DUPLICATE_REVIEW","RuneforgeCore","test_logging.cpp","C:\RUNEFOGE_PRO\runeforge\runeforge\app\_archive\source-zips\Sunshine-master\Sunshine-master\tests\unit\test_logging.cpp","0.001","21/03/2026 08:14:42 p. m.","True"
"3D5307AC2272E574CF48F9F807808C0C032207BCD30705F2C12DA7DC5A4660C8","3","DUPLICATE_REVIEW","RuneforgeCore","test_logging.cpp","C:\RUNEFOGE_PRO\runeforge\app\_archive\source-zips\Sunshine-master\Sunshine-master\tests\unit\test_logging.cpp","0.001","21/03/2026 08:14:42 p. m.","True"
"3D6F804DD3D476145F9FB30C897C9B1D4E7BC5E2BCCCEA025E2B0E4CD790A645","1","KEEP_CANDIDATE","RuneforgeCore","fsr_rcas.fsh","C:\RUNEFOGE_PRO\runeforge-mvp\runeforge-mvp\retro\_downloads\PPSSPPWindowsARM64\assets\shaders\fsr_rcas.fsh","0.004","15/03/2026 11:52:35 a. m.","True"
"3D6F804DD3D476145F9FB30C897C9B1D4E7BC5E2BCCCEA025E2B0E4CD790A645","2","DUPLICATE_REVIEW","RuneforgeCore","fsr_rcas.fsh","C:\RUNEFOGE_PRO\runeforge\runeforge\app\retro\_downloads\PPSSPPWindowsARM64\assets\shaders\fsr_rcas.fsh","0.004","15/03/2026 11:52:35 a. m.","True"
"3D6F804DD3D476145F9FB30C897C9B1D4E7BC5E2BCCCEA025E2B0E4CD790A645","3","DUPLICATE_REVIEW","RuneforgeCore","fsr_rcas.fsh","C:\RUNEFOGE_PRO\runeforge\app\retro\_downloads\PPSSPPWindowsARM64\assets\shaders\fsr_rcas.fsh","0.004","15/03/2026 11:52:35 a. m.","True"
"3DB67C404F66E54FE564D6107F0A11515DAA0948BF1D1522B03FC42DBD81C84B","1","KEEP_CANDIDATE","RuneforgeCore","main.3eab8a01.css.map","C:\RUNEFOGE_PRO\runeforge-mvp\runeforge-mvp\retro\_downloads\PPSSPPWindowsARM64\assets\debugger\static\css\main.3eab8a01.css.map","0.027","15/03/2026 11:53:07 a. m.","True"
"3DB67C404F66E54FE564D6107F0A11515DAA0948BF1D1522B03FC42DBD81C84B","2","DUPLICATE_REVIEW","RuneforgeCore","main.3eab8a01.css.map","C:\RUNEFOGE_PRO\runeforge\runeforge\app\retro\_downloads\PPSSPPWindowsARM64\assets\debugger\static\css\main.3eab8a01.css.map","0.027","15/03/2026 11:53:07 a. m.","True"
"3DB67C404F66E54FE564D6107F0A11515DAA0948BF1D1522B03FC42DBD81C84B","3","DUPLICATE_REVIEW","RuneforgeCore","main.3eab8a01.css.map","C:\RUNEFOGE_PRO\runeforge\app\retro\_downloads\PPSSPPWindowsARM64\assets\debugger\static\css\main.3eab8a01.css.map","0.027","15/03/2026 11:53:07 a. m.","True"
"3DC35576C563390504AD96AF098DCCC41460BD618EF9A0E8A1FCA780B8D83BAB","1","KEEP_CANDIDATE","RuneforgeCore","adhoc-servers.json","C:\RUNEFOGE_PRO\runeforge-mvp\runeforge-mvp\retro\_downloads\PPSSPPWindowsARM64\assets\adhoc-servers.json","0.004","15/03/2026 11:52:35 a. m.","True"
"3DC35576C563390504AD96AF098DCCC41460BD618EF9A0E8A1FCA780B8D83BAB","2","DUPLICATE_REVIEW","RuneforgeCore","adhoc-servers.json","C:\RUNEFOGE_PRO\runeforge\runeforge\app\retro\_downloads\PPSSPPWindowsARM64\assets\adhoc-servers.json","0.004","15/03/2026 11:52:35 a. m.","True"
"3DC35576C563390504AD96AF098DCCC41460BD618EF9A0E8A1FCA780B8D83BAB","3","DUPLICATE_REVIEW","RuneforgeCore","adhoc-servers.json","C:\RUNEFOGE_PRO\runeforge\app\retro\_downloads\PPSSPPWindowsARM64\assets\adhoc-servers.json","0.004","15/03/2026 11:52:35 a. m.","True"
"3E32BCC76EBECE37532C84AD0E6748E34ABF19815EC8322D76991CE36D11656E","1","KEEP_CANDIDATE","RuneforgeCore","wayland.cpp","C:\RUNEFOGE_PRO\runeforge-mvp\runeforge-mvp\_archive\source-zips\Sunshine-master\Sunshine-master\src\platform\linux\wayland.cpp","0.016","21/03/2026 08:14:42 p. m.","True"
"3E32BCC76EBECE37532C84AD0E6748E34ABF19815EC8322D76991CE36D11656E","2","DUPLICATE_REVIEW","RuneforgeCore","wayland.cpp","C:\RUNEFOGE_PRO\runeforge\runeforge\app\_archive\source-zips\Sunshine-master\Sunshine-master\src\platform\linux\wayland.cpp","0.016","21/03/2026 08:14:42 p. m.","True"
"3E32BCC76EBECE37532C84AD0E6748E34ABF19815EC8322D76991CE36D11656E","3","DUPLICATE_REVIEW","RuneforgeCore","wayland.cpp","C:\RUNEFOGE_PRO\runeforge\app\_archive\source-zips\Sunshine-master\Sunshine-master\src\platform\linux\wayland.cpp","0.016","21/03/2026 08:14:42 p. m.","True"
"3E97FDC8439073D8FF1C68013412A2B723B244B51E3D84BA6FBB14257512FED9","1","KEEP_CANDIDATE","RuneforgeCore","test_common.cpp","C:\RUNEFOGE_PRO\runeforge-mvp\runeforge-mvp\_archive\source-zips\Sunshine-master\Sunshine-master\tests\unit\platform\test_common.cpp","0.001","21/03/2026 08:14:42 p. m.","True"
"3E97FDC8439073D8FF1C68013412A2B723B244B51E3D84BA6FBB14257512FED9","2","DUPLICATE_REVIEW","RuneforgeCore","test_common.cpp","C:\RUNEFOGE_PRO\runeforge\runeforge\app\_archive\source-zips\Sunshine-master\Sunshine-master\tests\unit\platform\test_common.cpp","0.001","21/03/2026 08:14:42 p. m.","True"
"3E97FDC8439073D8FF1C68013412A2B723B244B51E3D84BA6FBB14257512FED9","3","DUPLICATE_REVIEW","RuneforgeCore","test_common.cpp","C:\RUNEFOGE_PRO\runeforge\app\_archive\source-zips\Sunshine-master\Sunshine-master\tests\unit\platform\test_common.cpp","0.001","21/03/2026 08:14:42 p. m.","True"
"3EE3FA8FA20327466AC164B0AEA5A2004ABCD89CA5ABF10E3205FB6D6B23854F","1","KEEP_CANDIDATE","RuneforgeCore","telemetria.ts","C:\RUNEFOGE_PRO\runeforge-v2-ready\runeforge-v2\src\modules\chat\skills\telemetria.ts","0","13/04/2026 01:35:16 a. m.","True"
"3EE3FA8FA20327466AC164B0AEA5A2004ABCD89CA5ABF10E3205FB6D6B23854F","2","DUPLICATE_REVIEW","RuneforgeCore","telemetria.ts","C:\RUNEFOGE_PRO\RUNEFOGE_PRO\runeforge-v2-ready\runeforge-v2\src\modules\chat\skills\telemetria.ts","0","13/04/2026 01:35:16 a. m.","False"
"3F1A3F85852FAFC3A198904F6EFC1FCE5AE1013775AC40DA35BD52EC82D38E41","1","KEEP_CANDIDATE","RuneforgeCore","Roboto_Condensed-Light.ttf","C:\RUNEFOGE_PRO\runeforge-mvp\runeforge-mvp\retro\_downloads\PPSSPPWindowsARM64\assets\Roboto_Condensed-Light.ttf","0.139","15/03/2026 11:52:35 a. m.","True"
"3F1A3F85852FAFC3A198904F6EFC1FCE5AE1013775AC40DA35BD52EC82D38E41","2","DUPLICATE_REVIEW","RuneforgeCore","Roboto_Condensed-Light.ttf","C:\RUNEFOGE_PRO\runeforge\runeforge\app\retro\_downloads\PPSSPPWindowsARM64\assets\Roboto_Condensed-Light.ttf","0.139","15/03/2026 11:52:35 a. m.","True"
"3F1A3F85852FAFC3A198904F6EFC1FCE5AE1013775AC40DA35BD52EC82D38E41","3","DUPLICATE_REVIEW","RuneforgeCore","Roboto_Condensed-Light.ttf","C:\RUNEFOGE_PRO\runeforge\app\retro\_downloads\PPSSPPWindowsARM64\assets\Roboto_Condensed-Light.ttf","0.139","15/03/2026 11:52:35 a. m.","True"
"3F2046991A301441BDD4E9B906F91E4AD5051E43CA49764FDE82EC4B9C076026","1","KEEP_CANDIDATE","RuneforgeCore","convert_yuv444_planar_ps.hlsl","C:\RUNEFOGE_PRO\runeforge-mvp\runeforge-mvp\_archive\source-zips\Sunshine-master\Sunshine-master\src_assets\windows\assets\shaders\directx\convert_yuv444_planar_ps.hlsl","0","21/03/2026 08:14:42 p. m.","True"
"3F2046991A301441BDD4E9B906F91E4AD5051E43CA49764FDE82EC4B9C076026","2","DUPLICATE_REVIEW","RuneforgeCore","convert_yuv444_planar_ps.hlsl","C:\RUNEFOGE_PRO\runeforge\runeforge\app\_archive\source-zips\Sunshine-master\Sunshine-master\src_assets\windows\assets\shaders\directx\convert_yuv444_planar_ps.hlsl","0","21/03/2026 08:14:42 p. m.","True"
"3F2046991A301441BDD4E9B906F91E4AD5051E43CA49764FDE82EC4B9C076026","3","DUPLICATE_REVIEW","RuneforgeCore","convert_yuv444_planar_ps.hlsl","C:\RUNEFOGE_PRO\runeforge\app\_archive\source-zips\Sunshine-master\Sunshine-master\src_assets\windows\assets\shaders\directx\convert_yuv444_planar_ps.hlsl","0","21/03/2026 08:14:42 p. m.","True"
"3F34DECD124736651E32FFD2890E77204648FDEC300B0E3AE896997660716EF9","1","KEEP_CANDIDATE","RuneforgeCore","localize.yml","C:\RUNEFOGE_PRO\runeforge-mvp\runeforge-mvp\_archive\source-zips\Sunshine-master\Sunshine-master\.github\workflows\localize.yml","0.003","21/03/2026 08:14:42 p. m.","True"
"3F34DECD124736651E32FFD2890E77204648FDEC300B0E3AE896997660716EF9","2","DUPLICATE_REVIEW","RuneforgeCore","localize.yml","C:\RUNEFOGE_PRO\runeforge\runeforge\app\_archive\source-zips\Sunshine-master\Sunshine-master\.github\workflows\localize.yml","0.003","21/03/2026 08:14:42 p. m.","True"
"3F34DECD124736651E32FFD2890E77204648FDEC300B0E3AE896997660716EF9","3","DUPLICATE_REVIEW","RuneforgeCore","localize.yml","C:\RUNEFOGE_PRO\runeforge\app\_archive\source-zips\Sunshine-master\Sunshine-master\.github\workflows\localize.yml","0.003","21/03/2026 08:14:42 p. m.","True"
"3F8BA602FDAD536008A45FAE52BAB217CCB5D151483F1F9CD088CD3ADE8AB08E","1","KEEP_CANDIDATE","RuneforgeCore","crypto.cpp","C:\RUNEFOGE_PRO\runeforge-mvp\runeforge-mvp\_archive\source-zips\Sunshine-master\Sunshine-master\src\crypto.cpp","0.016","21/03/2026 08:14:42 p. m.","True"
"3F8BA602FDAD536008A45FAE52BAB217CCB5D151483F1F9CD088CD3ADE8AB08E","2","DUPLICATE_REVIEW","RuneforgeCore","crypto.cpp","C:\RUNEFOGE_PRO\runeforge\runeforge\app\_archive\source-zips\Sunshine-master\Sunshine-master\src\crypto.cpp","0.016","21/03/2026 08:14:42 p. m.","True"
"3F8BA602FDAD536008A45FAE52BAB217CCB5D151483F1F9CD088CD3ADE8AB08E","3","DUPLICATE_REVIEW","RuneforgeCore","crypto.cpp","C:\RUNEFOGE_PRO\runeforge\app\_archive\source-zips\Sunshine-master\Sunshine-master\src\crypto.cpp","0.016","21/03/2026 08:14:42 p. m.","True"
"3FB3E223E3656BFAE52A51604F259B41050B4232A4F577F5932A99F97C53C79F","1","KEEP_CANDIDATE","RuneforgeCore","linux.cmake","C:\RUNEFOGE_PRO\runeforge-mvp\runeforge-mvp\_archive\source-zips\Sunshine-master\Sunshine-master\cmake\packaging\linux.cmake","0.007","21/03/2026 08:14:42 p. m.","True"
"3FB3E223E3656BFAE52A51604F259B41050B4232A4F577F5932A99F97C53C79F","2","DUPLICATE_REVIEW","RuneforgeCore","linux.cmake","C:\RUNEFOGE_PRO\runeforge\runeforge\app\_archive\source-zips\Sunshine-master\Sunshine-master\cmake\packaging\linux.cmake","0.007","21/03/2026 08:14:42 p. m.","True"
"3FB3E223E3656BFAE52A51604F259B41050B4232A4F577F5932A99F97C53C79F","3","DUPLICATE_REVIEW","RuneforgeCore","linux.cmake","C:\RUNEFOGE_PRO\runeforge\app\_archive\source-zips\Sunshine-master\Sunshine-master\cmake\packaging\linux.cmake","0.007","21/03/2026 08:14:42 p. m.","True"
"3FDA7B691AC7A9DC03B3A3FD2089FB2881F8AC3CD94717A97DF178C242B4DFB9","1","KEEP_CANDIDATE","RuneforgeCore","check-runeforge.ps1","C:\RUNEFOGE_PRO\runeforge-mvp\runeforge-mvp\check-runeforge.ps1","0.001","27/03/2026 07:04:56 a. m.","True"
"3FDA7B691AC7A9DC03B3A3FD2089FB2881F8AC3CD94717A97DF178C242B4DFB9","2","DUPLICATE_REVIEW","RuneforgeCore","check-runeforge.ps1","C:\RUNEFOGE_PRO\runeforge\runeforge\app\check-runeforge.ps1","0.001","27/03/2026 07:04:56 a. m.","True"
"3FDA7B691AC7A9DC03B3A3FD2089FB2881F8AC3CD94717A97DF178C242B4DFB9","3","DUPLICATE_REVIEW","RuneforgeCore","check-runeforge.ps1","C:\RUNEFOGE_PRO\runeforge\app\check-runeforge.ps1","0.001","27/03/2026 07:04:56 a. m.","True"
"3FEA190C8AA6120DEAF8BF4A08B1930EF92E9962B203913C7425A6F5B36DA242","1","KEEP_CANDIDATE","RuneforgeCore","macos.cmake","C:\RUNEFOGE_PRO\runeforge-mvp\runeforge-mvp\_archive\source-zips\Sunshine-master\Sunshine-master\cmake\dependencies\macos.cmake","0.001","21/03/2026 08:14:42 p. m.","True"
"3FEA190C8AA6120DEAF8BF4A08B1930EF92E9962B203913C7425A6F5B36DA242","2","DUPLICATE_REVIEW","RuneforgeCore","macos.cmake","C:\RUNEFOGE_PRO\runeforge\runeforge\app\_archive\source-zips\Sunshine-master\Sunshine-master\cmake\dependencies\macos.cmake","0.001","21/03/2026 08:14:42 p. m.","True"
"3FEA190C8AA6120DEAF8BF4A08B1930EF92E9962B203913C7425A6F5B36DA242","3","DUPLICATE_REVIEW","RuneforgeCore","macos.cmake","C:\RUNEFOGE_PRO\runeforge\app\_archive\source-zips\Sunshine-master\Sunshine-master\cmake\dependencies\macos.cmake","0.001","21/03/2026 08:14:42 p. m.","True"
"4032C15A35B6B9352F91613B2B48A593B702548AFFD145F7E0E629479254EB03","1","KEEP_CANDIDATE","RuneforgeCore","cuda-12-math_functions.patch","C:\RUNEFOGE_PRO\runeforge-mvp\runeforge-mvp\_archive\source-zips\Sunshine-master\Sunshine-master\packaging\linux\patches\aarch64\cuda-12-math_functions.patch","0.003","21/03/2026 08:14:42 p. m.","True"
"4032C15A35B6B9352F91613B2B48A593B702548AFFD145F7E0E629479254EB03","2","DUPLICATE_REVIEW","RuneforgeCore","cuda-12-math_functions.patch","C:\RUNEFOGE_PRO\runeforge\runeforge\app\_archive\source-zips\Sunshine-master\Sunshine-master\packaging\linux\patches\aarch64\cuda-12-math_functions.patch","0.003","21/03/2026 08:14:42 p. m.","True"
"4032C15A35B6B9352F91613B2B48A593B702548AFFD145F7E0E629479254EB03","3","DUPLICATE_REVIEW","RuneforgeCore","cuda-12-math_functions.patch","C:\RUNEFOGE_PRO\runeforge\app\_archive\source-zips\Sunshine-master\Sunshine-master\packaging\linux\patches\aarch64\cuda-12-math_functions.patch","0.003","21/03/2026 08:14:42 p. m.","True"
"403C93C0D6EAB86884B51B7BA96F070E2943981A2E4E02BFAB4D3352D2189762","1","KEEP_CANDIDATE","RuneforgeCore","General.vue","C:\RUNEFOGE_PRO\runeforge-mvp\runeforge-mvp\_archive\source-zips\Sunshine-master\Sunshine-master\src_assets\common\assets\web\configs\tabs\General.vue","0.005","21/03/2026 08:14:42 p. m.","True"
"403C93C0D6EAB86884B51B7BA96F070E2943981A2E4E02BFAB4D3352D2189762","2","DUPLICATE_REVIEW","RuneforgeCore","General.vue","C:\RUNEFOGE_PRO\runeforge\runeforge\app\_archive\source-zips\Sunshine-master\Sunshine-master\src_assets\common\assets\web\configs\tabs\General.vue","0.005","21/03/2026 08:14:42 p. m.","True"
"403C93C0D6EAB86884B51B7BA96F070E2943981A2E4E02BFAB4D3352D2189762","3","DUPLICATE_REVIEW","RuneforgeCore","General.vue","C:\RUNEFOGE_PRO\runeforge\app\_archive\source-zips\Sunshine-master\Sunshine-master\src_assets\common\assets\web\configs\tabs\General.vue","0.005","21/03/2026 08:14:42 p. m.","True"
"40B222FA55F576D1B1ED7E0E342A2F7D06C98BA54887957C248F84262C770115","1","KEEP_CANDIDATE","RuneforgeCore","unix.cmake","C:\RUNEFOGE_PRO\runeforge-mvp\runeforge-mvp\_archive\source-zips\Sunshine-master\Sunshine-master\cmake\packaging\unix.cmake","0","21/03/2026 08:14:42 p. m.","True"
"40B222FA55F576D1B1ED7E0E342A2F7D06C98BA54887957C248F84262C770115","2","DUPLICATE_REVIEW","RuneforgeCore","unix.cmake","C:\RUNEFOGE_PRO\runeforge\runeforge\app\_archive\source-zips\Sunshine-master\Sunshine-master\cmake\packaging\unix.cmake","0","21/03/2026 08:14:42 p. m.","True"
"40B222FA55F576D1B1ED7E0E342A2F7D06C98BA54887957C248F84262C770115","3","DUPLICATE_REVIEW","RuneforgeCore","unix.cmake","C:\RUNEFOGE_PRO\runeforge\app\_archive\source-zips\Sunshine-master\Sunshine-master\cmake\packaging\unix.cmake","0","21/03/2026 08:14:42 p. m.","True"
"40D21B921F099A95CDBE4CC41208AC0409BC907396F5D31280FA51EACC77FD1C","1","KEEP_CANDIDATE","RuneforgeCore","svg_sources.txt","C:\RUNEFOGE_PRO\runeforge-mvp\runeforge-mvp\retro\_downloads\PPSSPPWindowsARM64\assets\ui_images\svg_sources.txt","0","15/03/2026 11:52:35 a. m.","True"
"40D21B921F099A95CDBE4CC41208AC0409BC907396F5D31280FA51EACC77FD1C","2","DUPLICATE_REVIEW","RuneforgeCore","svg_sources.txt","C:\RUNEFOGE_PRO\runeforge\runeforge\app\retro\_downloads\PPSSPPWindowsARM64\assets\ui_images\svg_sources.txt","0","15/03/2026 11:52:35 a. m.","True"
"40D21B921F099A95CDBE4CC41208AC0409BC907396F5D31280FA51EACC77FD1C","3","DUPLICATE_REVIEW","RuneforgeCore","svg_sources.txt","C:\RUNEFOGE_PRO\runeforge\app\retro\_downloads\PPSSPPWindowsARM64\assets\ui_images\svg_sources.txt","0","15/03/2026 11:52:35 a. m.","True"
"40FCB0F56B6F5C3D8AECA23CAB75A27810F9F4454D91450DE50D0512E38AC606","1","KEEP_CANDIDATE","RuneforgeCore","logger.js","C:\RUNEFOGE_PRO\runeforge-mvp\runeforge-mvp\src\shared\logger.js","0.001","20/03/2026 06:15:07 a. m.","True"
"40FCB0F56B6F5C3D8AECA23CAB75A27810F9F4454D91450DE50D0512E38AC606","2","DUPLICATE_REVIEW","RuneforgeCore","logger.js","C:\RUNEFOGE_PRO\runeforge-mvp\runeforge-mvp\runeforge-mvp\src\shared\logger.js","0.001","20/03/2026 12:15:06 a. m.","True"
"40FCB0F56B6F5C3D8AECA23CAB75A27810F9F4454D91450DE50D0512E38AC606","3","DUPLICATE_REVIEW","RuneforgeCore","logger.js","C:\RUNEFOGE_PRO\runeforge\runeforge\app\src\shared\logger.js","0.001","20/03/2026 12:15:06 a. m.","True"
"40FCB0F56B6F5C3D8AECA23CAB75A27810F9F4454D91450DE50D0512E38AC606","4","DUPLICATE_REVIEW","RuneforgeCore","logger.js","C:\RUNEFOGE_PRO\runeforge\app\src\shared\logger.js","0.001","20/03/2026 12:15:06 a. m.","True"
"418DD88590F2A2CFE4D45B27ABE5E547A81ECF3EA00C90AFEC86740D6012D9C8","1","KEEP_CANDIDATE","RuneforgeCore","vfpu_asin_lut_indices.dat","C:\RUNEFOGE_PRO\runeforge-mvp\runeforge-mvp\retro\_downloads\PPSSPPWindowsARM64\assets\vfpu\vfpu_asin_lut_indices.dat","0.762","15/03/2026 11:52:35 a. m.","True"
"418DD88590F2A2CFE4D45B27ABE5E547A81ECF3EA00C90AFEC86740D6012D9C8","2","DUPLICATE_REVIEW","RuneforgeCore","vfpu_asin_lut_indices.dat","C:\RUNEFOGE_PRO\runeforge\runeforge\app\retro\_downloads\PPSSPPWindowsARM64\assets\vfpu\vfpu_asin_lut_indices.dat","0.762","15/03/2026 11:52:35 a. m.","True"
"418DD88590F2A2CFE4D45B27ABE5E547A81ECF3EA00C90AFEC86740D6012D9C8","3","DUPLICATE_REVIEW","RuneforgeCore","vfpu_asin_lut_indices.dat","C:\RUNEFOGE_PRO\runeforge\app\retro\_downloads\PPSSPPWindowsARM64\assets\vfpu\vfpu_asin_lut_indices.dat","0.762","15/03/2026 11:52:35 a. m.","True"
"423F02ADF39E98FAC7987293A375E69AA96DCBD1F436B3823C836FBE7CDF2790","1","KEEP_CANDIDATE","RuneforgeCore","convert_yuv420_packed_uv_type0s_ps_perceptual_quantizer.hlsl","C:\RUNEFOGE_PRO\runeforge-mvp\runeforge-mvp\_archive\source-zips\Sunshine-master\Sunshine-master\src_assets\windows\assets\shaders\directx\convert_yuv420_packed_uv_type0s_ps_perceptual_quantizer.hlsl","0","21/03/2026 08:14:42 p. m.","True"
"423F02ADF39E98FAC7987293A375E69AA96DCBD1F436B3823C836FBE7CDF2790","2","DUPLICATE_REVIEW","RuneforgeCore","convert_yuv420_packed_uv_type0s_ps_perceptual_quantizer.hlsl","C:\RUNEFOGE_PRO\runeforge\runeforge\app\_archive\source-zips\Sunshine-master\Sunshine-master\src_assets\windows\assets\shaders\directx\convert_yuv420_packed_uv_type0s_ps_perceptual_quantizer.hlsl","0","21/03/2026 08:14:42 p. m.","True"
"423F02ADF39E98FAC7987293A375E69AA96DCBD1F436B3823C836FBE7CDF2790","3","DUPLICATE_REVIEW","RuneforgeCore","convert_yuv420_packed_uv_type0s_ps_perceptual_quantizer.hlsl","C:\RUNEFOGE_PRO\runeforge\app\_archive\source-zips\Sunshine-master\Sunshine-master\src_assets\windows\assets\shaders\directx\convert_yuv420_packed_uv_type0s_ps_perceptual_quantizer.hlsl","0","21/03/2026 08:14:42 p. m.","True"
"42B6FAF19E948E024EEAB3E777EADE13DF9DCF47496060803E4C617533CAEDEE","1","KEEP_CANDIDATE","RuneforgeCore","platform-i18n.js","C:\RUNEFOGE_PRO\runeforge-mvp\runeforge-mvp\_archive\source-zips\Sunshine-master\Sunshine-master\src_assets\common\assets\web\platform-i18n.js","0.002","21/03/2026 08:14:42 p. m.","True"
"42B6FAF19E948E024EEAB3E777EADE13DF9DCF47496060803E4C617533CAEDEE","2","DUPLICATE_REVIEW","RuneforgeCore","platform-i18n.js","C:\RUNEFOGE_PRO\runeforge\runeforge\app\_archive\source-zips\Sunshine-master\Sunshine-master\src_assets\common\assets\web\platform-i18n.js","0.002","21/03/2026 08:14:42 p. m.","True"
"42B6FAF19E948E024EEAB3E777EADE13DF9DCF47496060803E4C617533CAEDEE","3","DUPLICATE_REVIEW","RuneforgeCore","platform-i18n.js","C:\RUNEFOGE_PRO\runeforge\app\_archive\source-zips\Sunshine-master\Sunshine-master\src_assets\common\assets\web\platform-i18n.js","0.002","21/03/2026 08:14:42 p. m.","True"
"431B97FD0F5BDEFDF9D760D0D2393BC108CA6689DD4DD40C17839F17FEF9FB60","1","KEEP_CANDIDATE","RuneforgeCore","uninstall-service.bat","C:\RUNEFOGE_PRO\runeforge-mvp\runeforge-mvp\_archive\source-zips\Sunshine-master\Sunshine-master\src_assets\windows\misc\service\uninstall-service.bat","0.001","21/03/2026 08:14:42 p. m.","True"
"431B97FD0F5BDEFDF9D760D0D2393BC108CA6689DD4DD40C17839F17FEF9FB60","2","DUPLICATE_REVIEW","RuneforgeCore","uninstall-service.bat","C:\RUNEFOGE_PRO\runeforge\runeforge\app\_archive\source-zips\Sunshine-master\Sunshine-master\src_assets\windows\misc\service\uninstall-service.bat","0.001","21/03/2026 08:14:42 p. m.","True"
"431B97FD0F5BDEFDF9D760D0D2393BC108CA6689DD4DD40C17839F17FEF9FB60","3","DUPLICATE_REVIEW","RuneforgeCore","uninstall-service.bat","C:\RUNEFOGE_PRO\runeforge\app\_archive\source-zips\Sunshine-master\Sunshine-master\src_assets\windows\misc\service\uninstall-service.bat","0.001","21/03/2026 08:14:42 p. m.","True"
"439653CEE12E1A3C3B60DF99847883FA8E41E4405D36269C976CE94853E8115C","1","KEEP_CANDIDATE","RuneforgeCore","prompt_analyze_latest_clean.txt","C:\RUNEFOGE_PRO\runeforge\runeforge\data\commander\snippets\prompt_analyze_latest_clean.txt","0","24/04/2026 07:42:10 p. m.","True"
"439653CEE12E1A3C3B60DF99847883FA8E41E4405D36269C976CE94853E8115C","2","DUPLICATE_REVIEW","RuneforgeCore","prompt_analyze_latest_clean.txt","C:\RUNEFOGE_PRO\runeforge\data\commander\snippets\prompt_analyze_latest_clean.txt","0","24/04/2026 07:42:10 p. m.","True"
"43FBBD5D19ED2AD4C47DEBABEA340439CAE7ABE63C4EC41DDEA9E09988212E67","1","KEEP_CANDIDATE","RuneforgeCore","ja.json","C:\RUNEFOGE_PRO\runeforge-mvp\runeforge-mvp\_archive\source-zips\Sunshine-master\Sunshine-master\src_assets\common\assets\web\public\assets\locale\ja.json","0.049","21/03/2026 08:14:42 p. m.","True"
"43FBBD5D19ED2AD4C47DEBABEA340439CAE7ABE63C4EC41DDEA9E09988212E67","2","DUPLICATE_REVIEW","RuneforgeCore","ja.json","C:\RUNEFOGE_PRO\runeforge\runeforge\app\_archive\source-zips\Sunshine-master\Sunshine-master\src_assets\common\assets\web\public\assets\locale\ja.json","0.049","21/03/2026 08:14:42 p. m.","True"
"43FBBD5D19ED2AD4C47DEBABEA340439CAE7ABE63C4EC41DDEA9E09988212E67","3","DUPLICATE_REVIEW","RuneforgeCore","ja.json","C:\RUNEFOGE_PRO\runeforge\app\_archive\source-zips\Sunshine-master\Sunshine-master\src_assets\common\assets\web\public\assets\locale\ja.json","0.049","21/03/2026 08:14:42 p. m.","True"
"44136FA355B3678A1146AD16F7E8649E94FB4FC21FE77E8310C060F61CAAFF8A","1","KEEP_CANDIDATE","RuneforgeCore",".prettierrc.json","C:\RUNEFOGE_PRO\runeforge-mvp\runeforge-mvp\_archive\source-zips\Sunshine-master\Sunshine-master\.prettierrc.json","0","21/03/2026 08:14:42 p. m.","True"
"44136FA355B3678A1146AD16F7E8649E94FB4FC21FE77E8310C060F61CAAFF8A","2","DUPLICATE_REVIEW","RuneforgeCore",".prettierrc.json","C:\RUNEFOGE_PRO\runeforge\runeforge\app\_archive\source-zips\Sunshine-master\Sunshine-master\.prettierrc.json","0","21/03/2026 08:14:42 p. m.","True"
"44136FA355B3678A1146AD16F7E8649E94FB4FC21FE77E8310C060F61CAAFF8A","3","DUPLICATE_REVIEW","RuneforgeCore",".prettierrc.json","C:\RUNEFOGE_PRO\runeforge\app\_archive\source-zips\Sunshine-master\Sunshine-master\.prettierrc.json","0","21/03/2026 08:14:42 p. m.","True"
"44B9CDA21F85DDAA98B87D23EEB5488D04FED6CE0BC8F5E0E5ECEBADB68D98FA","1","KEEP_CANDIDATE","RuneforgeCore","pt_BR.json","C:\RUNEFOGE_PRO\runeforge-mvp\runeforge-mvp\_archive\source-zips\Sunshine-master\Sunshine-master\src_assets\common\assets\web\public\assets\locale\pt_BR.json","0.043","21/03/2026 08:14:42 p. m.","True"
"44B9CDA21F85DDAA98B87D23EEB5488D04FED6CE0BC8F5E0E5ECEBADB68D98FA","2","DUPLICATE_REVIEW","RuneforgeCore","pt_BR.json","C:\RUNEFOGE_PRO\runeforge\runeforge\app\_archive\source-zips\Sunshine-master\Sunshine-master\src_assets\common\assets\web\public\assets\locale\pt_BR.json","0.043","21/03/2026 08:14:42 p. m.","True"
"44B9CDA21F85DDAA98B87D23EEB5488D04FED6CE0BC8F5E0E5ECEBADB68D98FA","3","DUPLICATE_REVIEW","RuneforgeCore","pt_BR.json","C:\RUNEFOGE_PRO\runeforge\app\_archive\source-zips\Sunshine-master\Sunshine-master\src_assets\common\assets\web\public\assets\locale\pt_BR.json","0.043","21/03/2026 08:14:42 p. m.","True"
"456185CC5CB87CACD4AE25ABC966000B15821B12202EEAEA1D104E8E51BEB9BD","1","KEEP_CANDIDATE","RuneforgeCore","README.md","C:\RUNEFOGE_PRO\runeforge-v2-ready\runeforge-v2\README.md","0.001","13/04/2026 01:35:15 a. m.","True"
"456185CC5CB87CACD4AE25ABC966000B15821B12202EEAEA1D104E8E51BEB9BD","2","DUPLICATE_REVIEW","RuneforgeCore","README.md","C:\RUNEFOGE_PRO\RUNEFOGE_PRO\runeforge-v2-ready\runeforge-v2\README.md","0.001","13/04/2026 01:35:15 a. m.","False"
"457402581E6667FEF56918AB843F118D9BA787320DBF400A8E093363ACE04FC9","1","KEEP_CANDIDATE","RuneforgeCore","test_config_consistency.cpp","C:\RUNEFOGE_PRO\runeforge-mvp\runeforge-mvp\_archive\source-zips\Sunshine-master\Sunshine-master\tests\integration\test_config_consistency.cpp","0.023","21/03/2026 08:14:42 p. m.","True"
"457402581E6667FEF56918AB843F118D9BA787320DBF400A8E093363ACE04FC9","2","DUPLICATE_REVIEW","RuneforgeCore","test_config_consistency.cpp","C:\RUNEFOGE_PRO\runeforge\runeforge\app\_archive\source-zips\Sunshine-master\Sunshine-master\tests\integration\test_config_consistency.cpp","0.023","21/03/2026 08:14:42 p. m.","True"
"457402581E6667FEF56918AB843F118D9BA787320DBF400A8E093363ACE04FC9","3","DUPLICATE_REVIEW","RuneforgeCore","test_config_consistency.cpp","C:\RUNEFOGE_PRO\runeforge\app\_archive\source-zips\Sunshine-master\Sunshine-master\tests\integration\test_config_consistency.cpp","0.023","21/03/2026 08:14:42 p. m.","True"
"45CE04CAB2CA8C8DDD328E18B0557B72E31663ADC88DCBC3920DA67E3D29CCE6","1","KEEP_CANDIDATE","RuneforgeCore","tex_mmpx.csh","C:\RUNEFOGE_PRO\runeforge-mvp\runeforge-mvp\retro\_downloads\PPSSPPWindowsARM64\assets\shaders\tex_mmpx.csh","0.005","15/03/2026 11:52:35 a. m.","True"
"45CE04CAB2CA8C8DDD328E18B0557B72E31663ADC88DCBC3920DA67E3D29CCE6","2","DUPLICATE_REVIEW","RuneforgeCore","tex_mmpx.csh","C:\RUNEFOGE_PRO\runeforge\runeforge\app\retro\_downloads\PPSSPPWindowsARM64\assets\shaders\tex_mmpx.csh","0.005","15/03/2026 11:52:35 a. m.","True"
"45CE04CAB2CA8C8DDD328E18B0557B72E31663ADC88DCBC3920DA67E3D29CCE6","3","DUPLICATE_REVIEW","RuneforgeCore","tex_mmpx.csh","C:\RUNEFOGE_PRO\runeforge\app\retro\_downloads\PPSSPPWindowsARM64\assets\shaders\tex_mmpx.csh","0.005","15/03/2026 11:52:35 a. m.","True"
"45EC32795C3E7AC6307DEA37C0EDEBA5817FD7A40DEC475D75B80DF66CFD2A73","1","KEEP_CANDIDATE","RuneforgeCore",".gitmodules","C:\RUNEFOGE_PRO\runeforge-mvp\runeforge-mvp\_archive\source-zips\Sunshine-master\Sunshine-master\.gitmodules","0.003","21/03/2026 08:14:42 p. m.","True"
"45EC32795C3E7AC6307DEA37C0EDEBA5817FD7A40DEC475D75B80DF66CFD2A73","2","DUPLICATE_REVIEW","RuneforgeCore",".gitmodules","C:\RUNEFOGE_PRO\runeforge\runeforge\app\_archive\source-zips\Sunshine-master\Sunshine-master\.gitmodules","0.003","21/03/2026 08:14:42 p. m.","True"
"45EC32795C3E7AC6307DEA37C0EDEBA5817FD7A40DEC475D75B80DF66CFD2A73","3","DUPLICATE_REVIEW","RuneforgeCore",".gitmodules","C:\RUNEFOGE_PRO\runeforge\app\_archive\source-zips\Sunshine-master\Sunshine-master\.gitmodules","0.003","21/03/2026 08:14:42 p. m.","True"
"46026C77E721526E71EBDAE4F52F4806A8F840274B6C576FA17B491360F0386D","1","KEEP_CANDIDATE","RuneforgeCore","Watch-TerminalExport.ps1","C:\RUNEFOGE_PRO\runeforge\scripts\Watch-TerminalExport.ps1","0.004","24/04/2026 06:45:40 p. m.","True"
"46026C77E721526E71EBDAE4F52F4806A8F840274B6C576FA17B491360F0386D","2","DUPLICATE_REVIEW","RuneforgeCore","Watch-TerminalExport.ps1","C:\RUNEFOGE_PRO\runeforge\runeforge\scripts\Watch-TerminalExport.ps1","0.004","24/04/2026 06:45:40 p. m.","True"
"461E1DD13DA436A468EB1C5A320B56B62A2392934B8CAE8BF56DFD282CE587A7","1","KEEP_CANDIDATE","RuneforgeCore","wayland.h","C:\RUNEFOGE_PRO\runeforge-mvp\runeforge-mvp\_archive\source-zips\Sunshine-master\Sunshine-master\src\platform\linux\wayland.h","0.007","21/03/2026 08:14:42 p. m.","True"
"461E1DD13DA436A468EB1C5A320B56B62A2392934B8CAE8BF56DFD282CE587A7","2","DUPLICATE_REVIEW","RuneforgeCore","wayland.h","C:\RUNEFOGE_PRO\runeforge\runeforge\app\_archive\source-zips\Sunshine-master\Sunshine-master\src\platform\linux\wayland.h","0.007","21/03/2026 08:14:42 p. m.","True"
"461E1DD13DA436A468EB1C5A320B56B62A2392934B8CAE8BF56DFD282CE587A7","3","DUPLICATE_REVIEW","RuneforgeCore","wayland.h","C:\RUNEFOGE_PRO\runeforge\app\_archive\source-zips\Sunshine-master\Sunshine-master\src\platform\linux\wayland.h","0.007","21/03/2026 08:14:42 p. m.","True"
"46D585D103C9265393ED7C79BC4DB7D047DAF855C52358F4311A54D275E7FB74","1","KEEP_CANDIDATE","RuneforgeCore","vfpu_sin_lut_exceptions.dat","C:\RUNEFOGE_PRO\runeforge-mvp\runeforge-mvp\retro\_downloads\PPSSPPWindowsARM64\assets\vfpu\vfpu_sin_lut_exceptions.dat","0.083","15/03/2026 11:52:35 a. m.","True"
"46D585D103C9265393ED7C79BC4DB7D047DAF855C52358F4311A54D275E7FB74","2","DUPLICATE_REVIEW","RuneforgeCore","vfpu_sin_lut_exceptions.dat","C:\RUNEFOGE_PRO\runeforge\runeforge\app\retro\_downloads\PPSSPPWindowsARM64\assets\vfpu\vfpu_sin_lut_exceptions.dat","0.083","15/03/2026 11:52:35 a. m.","True"
"46D585D103C9265393ED7C79BC4DB7D047DAF855C52358F4311A54D275E7FB74","3","DUPLICATE_REVIEW","RuneforgeCore","vfpu_sin_lut_exceptions.dat","C:\RUNEFOGE_PRO\runeforge\app\retro\_downloads\PPSSPPWindowsARM64\assets\vfpu\vfpu_sin_lut_exceptions.dat","0.083","15/03/2026 11:52:35 a. m.","True"
"46F0D56CBB4E1033E915645DEC499D4F3715DC895615FCFB0715B8F7162D4F58","1","KEEP_CANDIDATE","RuneforgeCore","display.mm","C:\RUNEFOGE_PRO\runeforge-mvp\runeforge-mvp\_archive\source-zips\Sunshine-master\Sunshine-master\src\platform\macos\display.mm","0.008","21/03/2026 08:14:42 p. m.","True"
"46F0D56CBB4E1033E915645DEC499D4F3715DC895615FCFB0715B8F7162D4F58","2","DUPLICATE_REVIEW","RuneforgeCore","display.mm","C:\RUNEFOGE_PRO\runeforge\runeforge\app\_archive\source-zips\Sunshine-master\Sunshine-master\src\platform\macos\display.mm","0.008","21/03/2026 08:14:42 p. m.","True"
"46F0D56CBB4E1033E915645DEC499D4F3715DC895615FCFB0715B8F7162D4F58","3","DUPLICATE_REVIEW","RuneforgeCore","display.mm","C:\RUNEFOGE_PRO\runeforge\app\_archive\source-zips\Sunshine-master\Sunshine-master\src\platform\macos\display.mm","0.008","21/03/2026 08:14:42 p. m.","True"
"470AD0C159653B091E70669E0E4BEE8FEB2BE20AE463CBD85C6D55D9AAFD0E90","1","KEEP_CANDIDATE","RuneforgeCore","commander-ops-memory.txt","C:\RUNEFOGE_PRO\runeforge\runeforge\data\commander\commander-ops-memory.txt","0.003","24/04/2026 07:31:57 p. m.","True"
"470AD0C159653B091E70669E0E4BEE8FEB2BE20AE463CBD85C6D55D9AAFD0E90","2","DUPLICATE_REVIEW","RuneforgeCore","commander-ops-memory.txt","C:\RUNEFOGE_PRO\runeforge\data\commander\commander-ops-memory.txt","0.003","24/04/2026 07:31:57 p. m.","True"
"4740877A3DF7F3D362822E71C7C5EB267824E93ACF4576BEA8F68B5485E5EA2C","1","KEEP_CANDIDATE","RuneforgeCore","tools-tests-pad.tar.gz","C:\RUNEFOGE_PRO\runeforge-mvp\runeforge-mvp\retro\tools\ps2-bios-dumper\tools-tests-pad.tar.gz","0","22/03/2026 08:02:48 p. m.","True"
"4740877A3DF7F3D362822E71C7C5EB267824E93ACF4576BEA8F68B5485E5EA2C","2","DUPLICATE_REVIEW","RuneforgeCore","tools-tests-pad.tar.gz","C:\RUNEFOGE_PRO\runeforge\runeforge\app\retro\tools\ps2-bios-dumper\tools-tests-pad.tar.gz","0","22/03/2026 08:02:48 p. m.","True"
"4740877A3DF7F3D362822E71C7C5EB267824E93ACF4576BEA8F68B5485E5EA2C","3","DUPLICATE_REVIEW","RuneforgeCore","tools-tests-pad.tar.gz","C:\RUNEFOGE_PRO\runeforge\app\retro\tools\ps2-bios-dumper\tools-tests-pad.tar.gz","0","22/03/2026 08:02:48 p. m.","True"
"47721DAAFF839A4750789F0D144D63BD2A6EF564064BFE8229DF54B0BD5AE9DF","1","KEEP_CANDIDATE","RuneforgeCore","check-game-host.ps1","C:\RUNEFOGE_PRO\runeforge-mvp\runeforge-mvp\ops\games\check-game-host.ps1","0.001","21/03/2026 09:07:58 p. m.","True"
"47721DAAFF839A4750789F0D144D63BD2A6EF564064BFE8229DF54B0BD5AE9DF","2","DUPLICATE_REVIEW","RuneforgeCore","check-game-host.ps1","C:\RUNEFOGE_PRO\runeforge\runeforge\app\ops\games\check-game-host.ps1","0.001","21/03/2026 09:07:58 p. m.","True"
"47721DAAFF839A4750789F0D144D63BD2A6EF564064BFE8229DF54B0BD5AE9DF","3","DUPLICATE_REVIEW","RuneforgeCore","check-game-host.ps1","C:\RUNEFOGE_PRO\runeforge\app\ops\games\check-game-host.ps1","0.001","21/03/2026 09:07:58 p. m.","True"
"477C3FBCD1E9C796A0E23BD201220706C30CD787E5BE5753F9E0D385B7577761","1","KEEP_CANDIDATE","RuneforgeCore","desktop.png","C:\RUNEFOGE_PRO\runeforge-mvp\runeforge-mvp\_archive\source-zips\Sunshine-master\Sunshine-master\src_assets\common\assets\desktop.png","0.008","21/03/2026 08:14:42 p. m.","True"
"477C3FBCD1E9C796A0E23BD201220706C30CD787E5BE5753F9E0D385B7577761","2","DUPLICATE_REVIEW","RuneforgeCore","desktop.png","C:\RUNEFOGE_PRO\runeforge\runeforge\app\_archive\source-zips\Sunshine-master\Sunshine-master\src_assets\common\assets\desktop.png","0.008","21/03/2026 08:14:42 p. m.","True"
"477C3FBCD1E9C796A0E23BD201220706C30CD787E5BE5753F9E0D385B7577761","3","DUPLICATE_REVIEW","RuneforgeCore","desktop.png","C:\RUNEFOGE_PRO\runeforge\app\_archive\source-zips\Sunshine-master\Sunshine-master\src_assets\common\assets\desktop.png","0.008","21/03/2026 08:14:42 p. m.","True"
"478E780EB9E6AA039E9D3A509508E5E78CAAE370992A44CB0C1D1F0C6B026348","1","KEEP_CANDIDATE","RuneforgeCore","60-sunshine.conf","C:\RUNEFOGE_PRO\runeforge-mvp\runeforge-mvp\_archive\source-zips\Sunshine-master\Sunshine-master\src_assets\linux\misc\60-sunshine.conf","0","21/03/2026 08:14:42 p. m.","True"
"478E780EB9E6AA039E9D3A509508E5E78CAAE370992A44CB0C1D1F0C6B026348","2","DUPLICATE_REVIEW","RuneforgeCore","60-sunshine.conf","C:\RUNEFOGE_PRO\runeforge\runeforge\app\_archive\source-zips\Sunshine-master\Sunshine-master\src_assets\linux\misc\60-sunshine.conf","0","21/03/2026 08:14:42 p. m.","True"
"478E780EB9E6AA039E9D3A509508E5E78CAAE370992A44CB0C1D1F0C6B026348","3","DUPLICATE_REVIEW","RuneforgeCore","60-sunshine.conf","C:\RUNEFOGE_PRO\runeforge\app\_archive\source-zips\Sunshine-master\Sunshine-master\src_assets\linux\misc\60-sunshine.conf","0","21/03/2026 08:14:42 p. m.","True"
"479F38A83820D6E7731147E22DE6AA6FF69A9133EF6F926720809B1FA918A1CA","1","KEEP_CANDIDATE","RuneforgeCore","inputtino_touch.h","C:\RUNEFOGE_PRO\runeforge-mvp\runeforge-mvp\_archive\source-zips\Sunshine-master\Sunshine-master\src\platform\linux\input\inputtino_touch.h","0","21/03/2026 08:14:42 p. m.","True"
"479F38A83820D6E7731147E22DE6AA6FF69A9133EF6F926720809B1FA918A1CA","2","DUPLICATE_REVIEW","RuneforgeCore","inputtino_touch.h","C:\RUNEFOGE_PRO\runeforge\runeforge\app\_archive\source-zips\Sunshine-master\Sunshine-master\src\platform\linux\input\inputtino_touch.h","0","21/03/2026 08:14:42 p. m.","True"
"479F38A83820D6E7731147E22DE6AA6FF69A9133EF6F926720809B1FA918A1CA","3","DUPLICATE_REVIEW","RuneforgeCore","inputtino_touch.h","C:\RUNEFOGE_PRO\runeforge\app\_archive\source-zips\Sunshine-master\Sunshine-master\src\platform\linux\input\inputtino_touch.h","0","21/03/2026 08:14:42 p. m.","True"
"47CD8F46DD1FF97B229E8DC498B2CFE1C5BB6F85CA33B4B565425C8F5080815C","1","KEEP_CANDIDATE","RuneforgeCore","test_display_device.cpp","C:\RUNEFOGE_PRO\runeforge-mvp\runeforge-mvp\_archive\source-zips\Sunshine-master\Sunshine-master\tests\unit\test_display_device.cpp","0.035","21/03/2026 08:14:42 p. m.","True"
"47CD8F46DD1FF97B229E8DC498B2CFE1C5BB6F85CA33B4B565425C8F5080815C","2","DUPLICATE_REVIEW","RuneforgeCore","test_display_device.cpp","C:\RUNEFOGE_PRO\runeforge\runeforge\app\_archive\source-zips\Sunshine-master\Sunshine-master\tests\unit\test_display_device.cpp","0.035","21/03/2026 08:14:42 p. m.","True"
"47CD8F46DD1FF97B229E8DC498B2CFE1C5BB6F85CA33B4B565425C8F5080815C","3","DUPLICATE_REVIEW","RuneforgeCore","test_display_device.cpp","C:\RUNEFOGE_PRO\runeforge\app\_archive\source-zips\Sunshine-master\Sunshine-master\tests\unit\test_display_device.cpp","0.035","21/03/2026 08:14:42 p. m.","True"
"483C9356AFA814688416CD55DC96F92A8279EA47D5C3BA8FCA098C78AC1BB6AD","1","KEEP_CANDIDATE","RuneforgeCore","dev.lizardbyte.app.Sunshine.desktop","C:\RUNEFOGE_PRO\runeforge-mvp\runeforge-mvp\_archive\source-zips\Sunshine-master\Sunshine-master\packaging\linux\AppImage\dev.lizardbyte.app.Sunshine.desktop","0","21/03/2026 08:14:42 p. m.","True"
"483C9356AFA814688416CD55DC96F92A8279EA47D5C3BA8FCA098C78AC1BB6AD","2","DUPLICATE_REVIEW","RuneforgeCore","dev.lizardbyte.app.Sunshine.desktop","C:\RUNEFOGE_PRO\runeforge\runeforge\app\_archive\source-zips\Sunshine-master\Sunshine-master\packaging\linux\AppImage\dev.lizardbyte.app.Sunshine.desktop","0","21/03/2026 08:14:42 p. m.","True"
"483C9356AFA814688416CD55DC96F92A8279EA47D5C3BA8FCA098C78AC1BB6AD","3","DUPLICATE_REVIEW","RuneforgeCore","dev.lizardbyte.app.Sunshine.desktop","C:\RUNEFOGE_PRO\runeforge\app\_archive\source-zips\Sunshine-master\Sunshine-master\packaging\linux\AppImage\dev.lizardbyte.app.Sunshine.desktop","0","21/03/2026 08:14:42 p. m.","True"
"4842D7F2FE148394604522879B3516E770F9B31E739EC1556DEB7C8CC0F64910","1","KEEP_CANDIDATE","RuneforgeCore","routes.ts","C:\RUNEFOGE_PRO\runeforge-v2-ready\runeforge-v2\src\modules\chat\routes.ts","0.001","13/04/2026 01:35:16 a. m.","True"
"4842D7F2FE148394604522879B3516E770F9B31E739EC1556DEB7C8CC0F64910","2","DUPLICATE_REVIEW","RuneforgeCore","routes.ts","C:\RUNEFOGE_PRO\RUNEFOGE_PRO\runeforge-v2-ready\runeforge-v2\src\modules\chat\routes.ts","0.001","13/04/2026 01:35:16 a. m.","False"
"488BF444A78147B42B5736B703AA5B69CE6ED3A917C77F4864C31EFF06DAAE92","1","KEEP_CANDIDATE","RuneforgeCore","zh.json","C:\RUNEFOGE_PRO\runeforge-mvp\runeforge-mvp\_archive\source-zips\Sunshine-master\Sunshine-master\src_assets\common\assets\web\public\assets\locale\zh.json","0.036","21/03/2026 08:14:42 p. m.","True"
"488BF444A78147B42B5736B703AA5B69CE6ED3A917C77F4864C31EFF06DAAE92","2","DUPLICATE_REVIEW","RuneforgeCore","zh.json","C:\RUNEFOGE_PRO\runeforge\runeforge\app\_archive\source-zips\Sunshine-master\Sunshine-master\src_assets\common\assets\web\public\assets\locale\zh.json","0.036","21/03/2026 08:14:42 p. m.","True"
"488BF444A78147B42B5736B703AA5B69CE6ED3A917C77F4864C31EFF06DAAE92","3","DUPLICATE_REVIEW","RuneforgeCore","zh.json","C:\RUNEFOGE_PRO\runeforge\app\_archive\source-zips\Sunshine-master\Sunshine-master\src_assets\common\assets\web\public\assets\locale\zh.json","0.036","21/03/2026 08:14:42 p. m.","True"
"48ADAF3B4C46D605296178CE292AE3DD8CFE9A26990EE7D14E50556F77D910E3","1","KEEP_CANDIDATE","RuneforgeCore","commander-db.json","C:\RUNEFOGE_PRO\runeforge\runeforge\data\commander\commander-db.json","0.001","24/04/2026 01:15:44 a. m.","True"
"48ADAF3B4C46D605296178CE292AE3DD8CFE9A26990EE7D14E50556F77D910E3","2","DUPLICATE_REVIEW","RuneforgeCore","commander-db.json","C:\RUNEFOGE_PRO\runeforge\data\commander\commander-db.json","0.001","24/04/2026 01:15:44 a. m.","True"
"48D401302E4942F0CB7310045C50C4CE02980E3391BD4B127446A382000E0FBA","1","KEEP_CANDIDATE","RuneforgeCore","getting_started.md","C:\RUNEFOGE_PRO\runeforge-mvp\runeforge-mvp\_archive\source-zips\Sunshine-master\Sunshine-master\docs\getting_started.md","0.022","21/03/2026 08:14:42 p. m.","True"
"48D401302E4942F0CB7310045C50C4CE02980E3391BD4B127446A382000E0FBA","2","DUPLICATE_REVIEW","RuneforgeCore","getting_started.md","C:\RUNEFOGE_PRO\runeforge\runeforge\app\_archive\source-zips\Sunshine-master\Sunshine-master\docs\getting_started.md","0.022","21/03/2026 08:14:42 p. m.","True"
"48D401302E4942F0CB7310045C50C4CE02980E3391BD4B127446A382000E0FBA","3","DUPLICATE_REVIEW","RuneforgeCore","getting_started.md","C:\RUNEFOGE_PRO\runeforge\app\_archive\source-zips\Sunshine-master\Sunshine-master\docs\getting_started.md","0.022","21/03/2026 08:14:42 p. m.","True"
"48E111A3D06CC1153A9C28B4CD7C93F79807FF89449BF159D409CA2CDC4A6803","1","KEEP_CANDIDATE","RuneforgeCore","VideotoolboxEncoder.vue","C:\RUNEFOGE_PRO\runeforge-mvp\runeforge-mvp\_archive\source-zips\Sunshine-master\Sunshine-master\src_assets\common\assets\web\configs\tabs\encoders\VideotoolboxEncoder.vue","0.001","21/03/2026 08:14:42 p. m.","True"
"48E111A3D06CC1153A9C28B4CD7C93F79807FF89449BF159D409CA2CDC4A6803","2","DUPLICATE_REVIEW","RuneforgeCore","VideotoolboxEncoder.vue","C:\RUNEFOGE_PRO\runeforge\runeforge\app\_archive\source-zips\Sunshine-master\Sunshine-master\src_assets\common\assets\web\configs\tabs\encoders\VideotoolboxEncoder.vue","0.001","21/03/2026 08:14:42 p. m.","True"
"48E111A3D06CC1153A9C28B4CD7C93F79807FF89449BF159D409CA2CDC4A6803","3","DUPLICATE_REVIEW","RuneforgeCore","VideotoolboxEncoder.vue","C:\RUNEFOGE_PRO\runeforge\app\_archive\source-zips\Sunshine-master\Sunshine-master\src_assets\common\assets\web\configs\tabs\encoders\VideotoolboxEncoder.vue","0.001","21/03/2026 08:14:42 p. m.","True"
"49A39E23AD380A766BCF297765DEB19265F34B0FCC19AECE7E902E3108336CDD","1","KEEP_CANDIDATE","RuneforgeCore","stream.cpp","C:\RUNEFOGE_PRO\runeforge-mvp\runeforge-mvp\_archive\source-zips\Sunshine-master\Sunshine-master\src\stream.cpp","0.076","21/03/2026 08:14:42 p. m.","True"
"49A39E23AD380A766BCF297765DEB19265F34B0FCC19AECE7E902E3108336CDD","2","DUPLICATE_REVIEW","RuneforgeCore","stream.cpp","C:\RUNEFOGE_PRO\runeforge\runeforge\app\_archive\source-zips\Sunshine-master\Sunshine-master\src\stream.cpp","0.076","21/03/2026 08:14:42 p. m.","True"
"49A39E23AD380A766BCF297765DEB19265F34B0FCC19AECE7E902E3108336CDD","3","DUPLICATE_REVIEW","RuneforgeCore","stream.cpp","C:\RUNEFOGE_PRO\runeforge\app\_archive\source-zips\Sunshine-master\Sunshine-master\src\stream.cpp","0.076","21/03/2026 08:14:42 p. m.","True"
"49F82FB6437DF1F31CF6CF6FE326E28CBF10AB5C40A9891C47241787E3B56854","1","KEEP_CANDIDATE","RuneforgeCore","inputtino_touch.cpp","C:\RUNEFOGE_PRO\runeforge-mvp\runeforge-mvp\_archive\source-zips\Sunshine-master\Sunshine-master\src\platform\linux\input\inputtino_touch.cpp","0.002","21/03/2026 08:14:42 p. m.","True"
"49F82FB6437DF1F31CF6CF6FE326E28CBF10AB5C40A9891C47241787E3B56854","2","DUPLICATE_REVIEW","RuneforgeCore","inputtino_touch.cpp","C:\RUNEFOGE_PRO\runeforge\runeforge\app\_archive\source-zips\Sunshine-master\Sunshine-master\src\platform\linux\input\inputtino_touch.cpp","0.002","21/03/2026 08:14:42 p. m.","True"
"49F82FB6437DF1F31CF6CF6FE326E28CBF10AB5C40A9891C47241787E3B56854","3","DUPLICATE_REVIEW","RuneforgeCore","inputtino_touch.cpp","C:\RUNEFOGE_PRO\runeforge\app\_archive\source-zips\Sunshine-master\Sunshine-master\src\platform\linux\input\inputtino_touch.cpp","0.002","21/03/2026 08:14:42 p. m.","True"
"4A2573BEB38355EB61C345B7D4E77654645B63971DE951E8673655863B2B1F36","1","KEEP_CANDIDATE","RuneforgeCore","psp_color.fsh","C:\RUNEFOGE_PRO\runeforge-mvp\runeforge-mvp\retro\_downloads\PPSSPPWindowsARM64\assets\shaders\psp_color.fsh","0.001","15/03/2026 11:52:35 a. m.","True"
"4A2573BEB38355EB61C345B7D4E77654645B63971DE951E8673655863B2B1F36","2","DUPLICATE_REVIEW","RuneforgeCore","psp_color.fsh","C:\RUNEFOGE_PRO\runeforge\runeforge\app\retro\_downloads\PPSSPPWindowsARM64\assets\shaders\psp_color.fsh","0.001","15/03/2026 11:52:35 a. m.","True"
"4A2573BEB38355EB61C345B7D4E77654645B63971DE951E8673655863B2B1F36","3","DUPLICATE_REVIEW","RuneforgeCore","psp_color.fsh","C:\RUNEFOGE_PRO\runeforge\app\retro\_downloads\PPSSPPWindowsARM64\assets\shaders\psp_color.fsh","0.001","15/03/2026 11:52:35 a. m.","True"
"4AA91A427974218FF1825275257A050332D314924C77940818CD118E76D625FF","1","KEEP_CANDIDATE","RuneforgeCore","test_external_commands.cpp","C:\RUNEFOGE_PRO\runeforge-mvp\runeforge-mvp\_archive\source-zips\Sunshine-master\Sunshine-master\tests\integration\test_external_commands.cpp","0.006","21/03/2026 08:14:42 p. m.","True"
"4AA91A427974218FF1825275257A050332D314924C77940818CD118E76D625FF","2","DUPLICATE_REVIEW","RuneforgeCore","test_external_commands.cpp","C:\RUNEFOGE_PRO\runeforge\runeforge\app\_archive\source-zips\Sunshine-master\Sunshine-master\tests\integration\test_external_commands.cpp","0.006","21/03/2026 08:14:42 p. m.","True"
"4AA91A427974218FF1825275257A050332D314924C77940818CD118E76D625FF","3","DUPLICATE_REVIEW","RuneforgeCore","test_external_commands.cpp","C:\RUNEFOGE_PRO\runeforge\app\_archive\source-zips\Sunshine-master\Sunshine-master\tests\integration\test_external_commands.cpp","0.006","21/03/2026 08:14:42 p. m.","True"
"4AB43137EBED97D8BBEC829B32D4B343F9895E0B14EC1C884C1B44DFA35D5204","1","KEEP_CANDIDATE","RuneforgeCore","ltn15.pgf","C:\RUNEFOGE_PRO\runeforge-mvp\runeforge-mvp\retro\_downloads\PPSSPPWindowsARM64\assets\flash0\font\ltn15.pgf","0.029","15/03/2026 11:52:35 a. m.","True"
"4AB43137EBED97D8BBEC829B32D4B343F9895E0B14EC1C884C1B44DFA35D5204","2","DUPLICATE_REVIEW","RuneforgeCore","ltn15.pgf","C:\RUNEFOGE_PRO\runeforge\runeforge\app\retro\_downloads\PPSSPPWindowsARM64\assets\flash0\font\ltn15.pgf","0.029","15/03/2026 11:52:35 a. m.","True"
"4AB43137EBED97D8BBEC829B32D4B343F9895E0B14EC1C884C1B44DFA35D5204","3","DUPLICATE_REVIEW","RuneforgeCore","ltn15.pgf","C:\RUNEFOGE_PRO\runeforge\app\retro\_downloads\PPSSPPWindowsARM64\assets\flash0\font\ltn15.pgf","0.029","15/03/2026 11:52:35 a. m.","True"
"4B08D0B123A6F85A2B57294639E2A87AE0B7D4D7151DE772895859F012EA68DD","1","KEEP_CANDIDATE","RuneforgeCore","tex_mmpx_adv.csh","C:\RUNEFOGE_PRO\runeforge-mvp\runeforge-mvp\retro\_downloads\PPSSPPWindowsARM64\assets\shaders\tex_mmpx_adv.csh","0.047","15/03/2026 11:52:35 a. m.","True"
"4B08D0B123A6F85A2B57294639E2A87AE0B7D4D7151DE772895859F012EA68DD","2","DUPLICATE_REVIEW","RuneforgeCore","tex_mmpx_adv.csh","C:\RUNEFOGE_PRO\runeforge\runeforge\app\retro\_downloads\PPSSPPWindowsARM64\assets\shaders\tex_mmpx_adv.csh","0.047","15/03/2026 11:52:35 a. m.","True"
"4B08D0B123A6F85A2B57294639E2A87AE0B7D4D7151DE772895859F012EA68DD","3","DUPLICATE_REVIEW","RuneforgeCore","tex_mmpx_adv.csh","C:\RUNEFOGE_PRO\runeforge\app\retro\_downloads\PPSSPPWindowsARM64\assets\shaders\tex_mmpx_adv.csh","0.047","15/03/2026 11:52:35 a. m.","True"
"4BE8A1836E583F09EB7621E1E05D71F36D43B3E3398BD95327DC54647D99E72C","1","KEEP_CANDIDATE","RuneforgeCore","he_IL.ini","C:\RUNEFOGE_PRO\runeforge-mvp\runeforge-mvp\retro\_downloads\PPSSPPWindowsARM64\assets\lang\he_IL.ini","0.063","15/03/2026 11:52:35 a. m.","True"
"4BE8A1836E583F09EB7621E1E05D71F36D43B3E3398BD95327DC54647D99E72C","2","DUPLICATE_REVIEW","RuneforgeCore","he_IL.ini","C:\RUNEFOGE_PRO\runeforge\runeforge\app\retro\_downloads\PPSSPPWindowsARM64\assets\lang\he_IL.ini","0.063","15/03/2026 11:52:35 a. m.","True"
"4BE8A1836E583F09EB7621E1E05D71F36D43B3E3398BD95327DC54647D99E72C","3","DUPLICATE_REVIEW","RuneforgeCore","he_IL.ini","C:\RUNEFOGE_PRO\runeforge\app\retro\_downloads\PPSSPPWindowsARM64\assets\lang\he_IL.ini","0.063","15/03/2026 11:52:35 a. m.","True"
"4BF6F858B55171917B0244D170027205AC33CE45BD3B157A9E21F4BE266CE983","1","KEEP_CANDIDATE","RuneforgeCore","publish.cpp","C:\RUNEFOGE_PRO\runeforge-mvp\runeforge-mvp\_archive\source-zips\Sunshine-master\Sunshine-master\src\platform\windows\publish.cpp","0.007","21/03/2026 08:14:42 p. m.","True"
"4BF6F858B55171917B0244D170027205AC33CE45BD3B157A9E21F4BE266CE983","2","DUPLICATE_REVIEW","RuneforgeCore","publish.cpp","C:\RUNEFOGE_PRO\runeforge\runeforge\app\_archive\source-zips\Sunshine-master\Sunshine-master\src\platform\windows\publish.cpp","0.007","21/03/2026 08:14:42 p. m.","True"
"4BF6F858B55171917B0244D170027205AC33CE45BD3B157A9E21F4BE266CE983","3","DUPLICATE_REVIEW","RuneforgeCore","publish.cpp","C:\RUNEFOGE_PRO\runeforge\app\_archive\source-zips\Sunshine-master\Sunshine-master\src\platform\windows\publish.cpp","0.007","21/03/2026 08:14:42 p. m.","True"
"4C594E9067538971E32A5DCD5063A9AA353C9630AFD2C905B90BACD0BD45FB38","1","KEEP_CANDIDATE","RuneforgeCore","nvenc_base.h","C:\RUNEFOGE_PRO\runeforge-mvp\runeforge-mvp\_archive\source-zips\Sunshine-master\Sunshine-master\src\nvenc\nvenc_base.h","0.006","21/03/2026 08:14:42 p. m.","True"
"4C594E9067538971E32A5DCD5063A9AA353C9630AFD2C905B90BACD0BD45FB38","2","DUPLICATE_REVIEW","RuneforgeCore","nvenc_base.h","C:\RUNEFOGE_PRO\runeforge\runeforge\app\_archive\source-zips\Sunshine-master\Sunshine-master\src\nvenc\nvenc_base.h","0.006","21/03/2026 08:14:42 p. m.","True"
"4C594E9067538971E32A5DCD5063A9AA353C9630AFD2C905B90BACD0BD45FB38","3","DUPLICATE_REVIEW","RuneforgeCore","nvenc_base.h","C:\RUNEFOGE_PRO\runeforge\app\_archive\source-zips\Sunshine-master\Sunshine-master\src\nvenc\nvenc_base.h","0.006","21/03/2026 08:14:42 p. m.","True"
"4C8384BDC8F6BFAC793E4B6BA619E965AC244F3F461EBEFB9F1F087D9A54582F","1","KEEP_CANDIDATE","RuneforgeCore","inputtino_gamepad.h","C:\RUNEFOGE_PRO\runeforge-mvp\runeforge-mvp\_archive\source-zips\Sunshine-master\Sunshine-master\src\platform\linux\input\inputtino_gamepad.h","0.001","21/03/2026 08:14:42 p. m.","True"
"4C8384BDC8F6BFAC793E4B6BA619E965AC244F3F461EBEFB9F1F087D9A54582F","2","DUPLICATE_REVIEW","RuneforgeCore","inputtino_gamepad.h","C:\RUNEFOGE_PRO\runeforge\runeforge\app\_archive\source-zips\Sunshine-master\Sunshine-master\src\platform\linux\input\inputtino_gamepad.h","0.001","21/03/2026 08:14:42 p. m.","True"
"4C8384BDC8F6BFAC793E4B6BA619E965AC244F3F461EBEFB9F1F087D9A54582F","3","DUPLICATE_REVIEW","RuneforgeCore","inputtino_gamepad.h","C:\RUNEFOGE_PRO\runeforge\app\_archive\source-zips\Sunshine-master\Sunshine-master\src\platform\linux\input\inputtino_gamepad.h","0.001","21/03/2026 08:14:42 p. m.","True"
"4D39B160392E5B1973181005E3EE33EA784795B5B560AC8B5A2AD6DAE9A3C18B","1","KEEP_CANDIDATE","RuneforgeCore","lt-LT.ini","C:\RUNEFOGE_PRO\runeforge-mvp\runeforge-mvp\retro\_downloads\PPSSPPWindowsARM64\assets\lang\lt-LT.ini","0.064","15/03/2026 11:52:35 a. m.","True"
"4D39B160392E5B1973181005E3EE33EA784795B5B560AC8B5A2AD6DAE9A3C18B","2","DUPLICATE_REVIEW","RuneforgeCore","lt-LT.ini","C:\RUNEFOGE_PRO\runeforge\runeforge\app\retro\_downloads\PPSSPPWindowsARM64\assets\lang\lt-LT.ini","0.064","15/03/2026 11:52:35 a. m.","True"
"4D39B160392E5B1973181005E3EE33EA784795B5B560AC8B5A2AD6DAE9A3C18B","3","DUPLICATE_REVIEW","RuneforgeCore","lt-LT.ini","C:\RUNEFOGE_PRO\runeforge\app\retro\_downloads\PPSSPPWindowsARM64\assets\lang\lt-LT.ini","0.064","15/03/2026 11:52:35 a. m.","True"
"4D8D926F5F04D3ADDBF3EFD439BED8561237EC69CAEDE30F50218AA9CC004DA5","1","KEEP_CANDIDATE","RuneforgeCore","upscale_spline36.vsh","C:\RUNEFOGE_PRO\runeforge-mvp\runeforge-mvp\retro\_downloads\PPSSPPWindowsARM64\assets\shaders\upscale_spline36.vsh","0","15/03/2026 11:52:35 a. m.","True"
"4D8D926F5F04D3ADDBF3EFD439BED8561237EC69CAEDE30F50218AA9CC004DA5","2","DUPLICATE_REVIEW","RuneforgeCore","upscale_spline36.vsh","C:\RUNEFOGE_PRO\runeforge\runeforge\app\retro\_downloads\PPSSPPWindowsARM64\assets\shaders\upscale_spline36.vsh","0","15/03/2026 11:52:35 a. m.","True"
"4D8D926F5F04D3ADDBF3EFD439BED8561237EC69CAEDE30F50218AA9CC004DA5","3","DUPLICATE_REVIEW","RuneforgeCore","upscale_spline36.vsh","C:\RUNEFOGE_PRO\runeforge\app\retro\_downloads\PPSSPPWindowsARM64\assets\shaders\upscale_spline36.vsh","0","15/03/2026 11:52:35 a. m.","True"
"4E3CE2F6A77607B717D9C78A8F2A24963D60F39D5EA84EAED63B53CADA052BB8","1","KEEP_CANDIDATE","RuneforgeCore","FindUdev.cmake","C:\RUNEFOGE_PRO\runeforge-mvp\runeforge-mvp\_archive\source-zips\Sunshine-master\Sunshine-master\cmake\FindUdev.cmake","0.002","21/03/2026 08:14:42 p. m.","True"
"4E3CE2F6A77607B717D9C78A8F2A24963D60F39D5EA84EAED63B53CADA052BB8","2","DUPLICATE_REVIEW","RuneforgeCore","FindUdev.cmake","C:\RUNEFOGE_PRO\runeforge\runeforge\app\_archive\source-zips\Sunshine-master\Sunshine-master\cmake\FindUdev.cmake","0.002","21/03/2026 08:14:42 p. m.","True"
"4E3CE2F6A77607B717D9C78A8F2A24963D60F39D5EA84EAED63B53CADA052BB8","3","DUPLICATE_REVIEW","RuneforgeCore","FindUdev.cmake","C:\RUNEFOGE_PRO\runeforge\app\_archive\source-zips\Sunshine-master\Sunshine-master\cmake\FindUdev.cmake","0.002","21/03/2026 08:14:42 p. m.","True"
"4E7CCFE7DF3287CD60E445D80B74C2BB11022FD7815319EFA69333EB4074BE8E","1","KEEP_CANDIDATE","RuneforgeCore","sunshine-locked.svg","C:\RUNEFOGE_PRO\runeforge-mvp\runeforge-mvp\_archive\source-zips\Sunshine-master\Sunshine-master\src_assets\common\assets\web\public\images\sunshine-locked.svg","0.004","21/03/2026 08:14:42 p. m.","True"
"4E7CCFE7DF3287CD60E445D80B74C2BB11022FD7815319EFA69333EB4074BE8E","2","DUPLICATE_REVIEW","RuneforgeCore","sunshine-locked.svg","C:\RUNEFOGE_PRO\runeforge\runeforge\app\_archive\source-zips\Sunshine-master\Sunshine-master\src_assets\common\assets\web\public\images\sunshine-locked.svg","0.004","21/03/2026 08:14:42 p. m.","True"
"4E7CCFE7DF3287CD60E445D80B74C2BB11022FD7815319EFA69333EB4074BE8E","3","DUPLICATE_REVIEW","RuneforgeCore","sunshine-locked.svg","C:\RUNEFOGE_PRO\runeforge\app\_archive\source-zips\Sunshine-master\Sunshine-master\src_assets\common\assets\web\public\images\sunshine-locked.svg","0.004","21/03/2026 08:14:42 p. m.","True"
"4F248C2E5F7A759D87365E26AD9277608C17CD37499F8D27604672A5CC9A6D73","1","KEEP_CANDIDATE","RuneforgeCore","README_ESTRUCTURA.txt","C:\RUNEFOGE_PRO\runeforge\README_ESTRUCTURA.txt","0","19/04/2026 03:25:06 a. m.","True"
"4F248C2E5F7A759D87365E26AD9277608C17CD37499F8D27604672A5CC9A6D73","2","DUPLICATE_REVIEW","RuneforgeCore","README_ESTRUCTURA.txt","C:\RUNEFOGE_PRO\runeforge\runeforge\README_ESTRUCTURA.txt","0","19/04/2026 03:25:06 a. m.","True"
"4FDDE548A53920F096698DD974C4973B98EC9BFECF2B510E064D263F5C380B3C","1","KEEP_CANDIDATE","RuneforgeCore","input.cpp","C:\RUNEFOGE_PRO\runeforge-mvp\runeforge-mvp\_archive\source-zips\Sunshine-master\Sunshine-master\src\input.cpp","0.057","21/03/2026 08:14:42 p. m.","True"
"4FDDE548A53920F096698DD974C4973B98EC9BFECF2B510E064D263F5C380B3C","2","DUPLICATE_REVIEW","RuneforgeCore","input.cpp","C:\RUNEFOGE_PRO\runeforge\runeforge\app\_archive\source-zips\Sunshine-master\Sunshine-master\src\input.cpp","0.057","21/03/2026 08:14:42 p. m.","True"
"4FDDE548A53920F096698DD974C4973B98EC9BFECF2B510E064D263F5C380B3C","3","DUPLICATE_REVIEW","RuneforgeCore","input.cpp","C:\RUNEFOGE_PRO\runeforge\app\_archive\source-zips\Sunshine-master\Sunshine-master\src\input.cpp","0.057","21/03/2026 08:14:42 p. m.","True"
"5022BE0D12067E26EAA898A3C8A4E3210DB362E20D936446F45690BC689ECFED","1","KEEP_CANDIDATE","RuneforgeCore","_update-homebrew-repo.yml","C:\RUNEFOGE_PRO\runeforge-mvp\runeforge-mvp\_archive\source-zips\Sunshine-master\Sunshine-master\.github\workflows\_update-homebrew-repo.yml","0.001","21/03/2026 08:14:42 p. m.","True"
"5022BE0D12067E26EAA898A3C8A4E3210DB362E20D936446F45690BC689ECFED","2","DUPLICATE_REVIEW","RuneforgeCore","_update-homebrew-repo.yml","C:\RUNEFOGE_PRO\runeforge\runeforge\app\_archive\source-zips\Sunshine-master\Sunshine-master\.github\workflows\_update-homebrew-repo.yml","0.001","21/03/2026 08:14:42 p. m.","True"
"5022BE0D12067E26EAA898A3C8A4E3210DB362E20D936446F45690BC689ECFED","3","DUPLICATE_REVIEW","RuneforgeCore","_update-homebrew-repo.yml","C:\RUNEFOGE_PRO\runeforge\app\_archive\source-zips\Sunshine-master\Sunshine-master\.github\workflows\_update-homebrew-repo.yml","0.001","21/03/2026 08:14:42 p. m.","True"
"50E86C6535F46FD779A030A2627A937F422D115769584905F9277FF766C80D03","1","KEEP_CANDIDATE","RuneforgeCore","sunshine-playing-16.png","C:\RUNEFOGE_PRO\runeforge-mvp\runeforge-mvp\_archive\source-zips\Sunshine-master\Sunshine-master\src_assets\common\assets\web\public\images\sunshine-playing-16.png","0.001","21/03/2026 08:14:42 p. m.","True"
"50E86C6535F46FD779A030A2627A937F422D115769584905F9277FF766C80D03","2","DUPLICATE_REVIEW","RuneforgeCore","sunshine-playing-16.png","C:\RUNEFOGE_PRO\runeforge\runeforge\app\_archive\source-zips\Sunshine-master\Sunshine-master\src_assets\common\assets\web\public\images\sunshine-playing-16.png","0.001","21/03/2026 08:14:42 p. m.","True"
"50E86C6535F46FD779A030A2627A937F422D115769584905F9277FF766C80D03","3","DUPLICATE_REVIEW","RuneforgeCore","sunshine-playing-16.png","C:\RUNEFOGE_PRO\runeforge\app\_archive\source-zips\Sunshine-master\Sunshine-master\src_assets\common\assets\web\public\images\sunshine-playing-16.png","0.001","21/03/2026 08:14:42 p. m.","True"
"512A1418AEABED6C6FA17F9A24921F7E934BCA16488DBA2CCF92049E3A3D5AA3","1","KEEP_CANDIDATE","RuneforgeCore","start-runeforge.cmd","C:\RUNEFOGE_PRO\runeforge-mvp\runeforge-mvp\start-runeforge.cmd","0","27/03/2026 07:04:56 a. m.","True"
"512A1418AEABED6C6FA17F9A24921F7E934BCA16488DBA2CCF92049E3A3D5AA3","2","DUPLICATE_REVIEW","RuneforgeCore","start-runeforge.cmd","C:\RUNEFOGE_PRO\runeforge\runeforge\app\retro\start-runeforge.cmd","0","27/03/2026 07:04:56 a. m.","True"
"512A1418AEABED6C6FA17F9A24921F7E934BCA16488DBA2CCF92049E3A3D5AA3","3","DUPLICATE_REVIEW","RuneforgeCore","start-runeforge.cmd","C:\RUNEFOGE_PRO\runeforge\app\retro\start-runeforge.cmd","0","27/03/2026 07:04:56 a. m.","True"
"5219E1DFA01C7E320D584B8B722A27D374345495B453E08932FA312517713186","1","KEEP_CANDIDATE","RuneforgeCore","prompt_code_injection_safe_v41.txt","C:\RUNEFOGE_PRO\runeforge\runeforge\data\commander\snippets\prompt_code_injection_safe_v41.txt","0","24/04/2026 12:41:08 a. m.","True"
"5219E1DFA01C7E320D584B8B722A27D374345495B453E08932FA312517713186","2","DUPLICATE_REVIEW","RuneforgeCore","prompt_code_injection_safe_v41.txt","C:\RUNEFOGE_PRO\runeforge\data\commander\snippets\prompt_code_injection_safe_v41.txt","0","24/04/2026 12:41:08 a. m.","True"
"5246CAFC01A6618CD444FE93FF7645EBB938D8DBC71F7B9CC00DF7C0298420F8","1","KEEP_CANDIDATE","RuneforgeCore","tailscaleGuard.ts","C:\RUNEFOGE_PRO\runeforge-v2-ready\runeforge-v2\src\core\tailscaleGuard.ts","0.001","13/04/2026 01:35:16 a. m.","True"
"5246CAFC01A6618CD444FE93FF7645EBB938D8DBC71F7B9CC00DF7C0298420F8","2","DUPLICATE_REVIEW","RuneforgeCore","tailscaleGuard.ts","C:\RUNEFOGE_PRO\RUNEFOGE_PRO\runeforge-v2-ready\runeforge-v2\src\core\tailscaleGuard.ts","0.001","13/04/2026 01:35:16 a. m.","False"
"5251391F8D434ED67AF68A77C2E925DF1020131CAC62186D9429D2E3805273CB","1","KEEP_CANDIDATE","RuneforgeCore","convert_yuv444_ps_base.hlsl","C:\RUNEFOGE_PRO\runeforge-mvp\runeforge-mvp\_archive\source-zips\Sunshine-master\Sunshine-master\src_assets\windows\assets\shaders\directx\include\convert_yuv444_ps_base.hlsl","0.001","21/03/2026 08:14:42 p. m.","True"
"5251391F8D434ED67AF68A77C2E925DF1020131CAC62186D9429D2E3805273CB","2","DUPLICATE_REVIEW","RuneforgeCore","convert_yuv444_ps_base.hlsl","C:\RUNEFOGE_PRO\runeforge\runeforge\app\_archive\source-zips\Sunshine-master\Sunshine-master\src_assets\windows\assets\shaders\directx\include\convert_yuv444_ps_base.hlsl","0.001","21/03/2026 08:14:42 p. m.","True"
"5251391F8D434ED67AF68A77C2E925DF1020131CAC62186D9429D2E3805273CB","3","DUPLICATE_REVIEW","RuneforgeCore","convert_yuv444_ps_base.hlsl","C:\RUNEFOGE_PRO\runeforge\app\_archive\source-zips\Sunshine-master\Sunshine-master\src_assets\windows\assets\shaders\directx\include\convert_yuv444_ps_base.hlsl","0.001","21/03/2026 08:14:42 p. m.","True"
"527C43ABECCD960057CA55AD581E4B3C06BED76375586E546A63AAE68EF8F444","1","KEEP_CANDIDATE","RuneforgeCore","microphone.mm","C:\RUNEFOGE_PRO\runeforge-mvp\runeforge-mvp\_archive\source-zips\Sunshine-master\Sunshine-master\src\platform\macos\microphone.mm","0.004","21/03/2026 08:14:42 p. m.","True"
"527C43ABECCD960057CA55AD581E4B3C06BED76375586E546A63AAE68EF8F444","2","DUPLICATE_REVIEW","RuneforgeCore","microphone.mm","C:\RUNEFOGE_PRO\runeforge\runeforge\app\_archive\source-zips\Sunshine-master\Sunshine-master\src\platform\macos\microphone.mm","0.004","21/03/2026 08:14:42 p. m.","True"
"527C43ABECCD960057CA55AD581E4B3C06BED76375586E546A63AAE68EF8F444","3","DUPLICATE_REVIEW","RuneforgeCore","microphone.mm","C:\RUNEFOGE_PRO\runeforge\app\_archive\source-zips\Sunshine-master\Sunshine-master\src\platform\macos\microphone.mm","0.004","21/03/2026 08:14:42 p. m.","True"
"5379B0B6322D84C2B7E78D3FC4EDD8E453B47DFC585B34DB4F99C2C3672B7BE2","1","KEEP_CANDIDATE","RuneforgeCore","nv12_zero_device.cpp","C:\RUNEFOGE_PRO\runeforge-mvp\runeforge-mvp\_archive\source-zips\Sunshine-master\Sunshine-master\src\platform\macos\nv12_zero_device.cpp","0.002","21/03/2026 08:14:42 p. m.","True"
"5379B0B6322D84C2B7E78D3FC4EDD8E453B47DFC585B34DB4F99C2C3672B7BE2","2","DUPLICATE_REVIEW","RuneforgeCore","nv12_zero_device.cpp","C:\RUNEFOGE_PRO\runeforge\runeforge\app\_archive\source-zips\Sunshine-master\Sunshine-master\src\platform\macos\nv12_zero_device.cpp","0.002","21/03/2026 08:14:42 p. m.","True"
"5379B0B6322D84C2B7E78D3FC4EDD8E453B47DFC585B34DB4F99C2C3672B7BE2","3","DUPLICATE_REVIEW","RuneforgeCore","nv12_zero_device.cpp","C:\RUNEFOGE_PRO\runeforge\app\_archive\source-zips\Sunshine-master\Sunshine-master\src\platform\macos\nv12_zero_device.cpp","0.002","21/03/2026 08:14:42 p. m.","True"
"53C2905E21968BF4293E8545DD6DC0DE2C9029A9842B65469D26F37E97E310BA","1","KEEP_CANDIDATE","RuneforgeCore","errors.ts","C:\RUNEFOGE_PRO\runeforge-v2-ready\runeforge-v2\src\core\errors.ts","0","13/04/2026 01:35:16 a. m.","True"
"53C2905E21968BF4293E8545DD6DC0DE2C9029A9842B65469D26F37E97E310BA","2","DUPLICATE_REVIEW","RuneforgeCore","errors.ts","C:\RUNEFOGE_PRO\RUNEFOGE_PRO\runeforge-v2-ready\runeforge-v2\src\core\errors.ts","0","13/04/2026 01:35:16 a. m.","False"
"5402422A718095F0D082521AEF7DC9916C10B0A2D32BEA1423D96B6CCC3B57A2","1","KEEP_CANDIDATE","RuneforgeCore",".env","C:\RUNEFOGE_PRO\runeforge-v2-ready\runeforge-v2\.env","0","19/04/2026 07:37:46 p. m.","True"
"5402422A718095F0D082521AEF7DC9916C10B0A2D32BEA1423D96B6CCC3B57A2","2","DUPLICATE_REVIEW","RuneforgeCore",".env","C:\RUNEFOGE_PRO\RUNEFOGE_PRO\runeforge-v2-ready\runeforge-v2\.env","0","19/04/2026 07:37:46 p. m.","False"
"540761B1C6AFCE86F5EC19E557083198E08B9846F90C7085161391B20DF135DA","1","KEEP_CANDIDATE","RuneforgeCore","FindLIBCAP.cmake","C:\RUNEFOGE_PRO\runeforge-mvp\runeforge-mvp\_archive\source-zips\Sunshine-master\Sunshine-master\cmake\FindLIBCAP.cmake","0.001","21/03/2026 08:14:42 p. m.","True"
"540761B1C6AFCE86F5EC19E557083198E08B9846F90C7085161391B20DF135DA","2","DUPLICATE_REVIEW","RuneforgeCore","FindLIBCAP.cmake","C:\RUNEFOGE_PRO\runeforge\runeforge\app\_archive\source-zips\Sunshine-master\Sunshine-master\cmake\FindLIBCAP.cmake","0.001","21/03/2026 08:14:42 p. m.","True"
"540761B1C6AFCE86F5EC19E557083198E08B9846F90C7085161391B20DF135DA","3","DUPLICATE_REVIEW","RuneforgeCore","FindLIBCAP.cmake","C:\RUNEFOGE_PRO\runeforge\app\_archive\source-zips\Sunshine-master\Sunshine-master\cmake\FindLIBCAP.cmake","0.001","21/03/2026 08:14:42 p. m.","True"
"540E0AC78896D98E8F30BE06C473ECCF2F8CD430E597E1A09CA9FE911DFE6637","1","KEEP_CANDIDATE","RuneforgeCore","naturalA.vsh","C:\RUNEFOGE_PRO\runeforge-mvp\runeforge-mvp\retro\_downloads\PPSSPPWindowsARM64\assets\shaders\naturalA.vsh","0","15/03/2026 11:52:35 a. m.","True"
"540E0AC78896D98E8F30BE06C473ECCF2F8CD430E597E1A09CA9FE911DFE6637","2","DUPLICATE_REVIEW","RuneforgeCore","naturalA.vsh","C:\RUNEFOGE_PRO\runeforge\runeforge\app\retro\_downloads\PPSSPPWindowsARM64\assets\shaders\naturalA.vsh","0","15/03/2026 11:52:35 a. m.","True"
"540E0AC78896D98E8F30BE06C473ECCF2F8CD430E597E1A09CA9FE911DFE6637","3","DUPLICATE_REVIEW","RuneforgeCore","naturalA.vsh","C:\RUNEFOGE_PRO\runeforge\app\retro\_downloads\PPSSPPWindowsARM64\assets\shaders\naturalA.vsh","0","15/03/2026 11:52:35 a. m.","True"
"5447B067994E47DAFDDF7B7C507D56384493B5FDA359238D6498556FFE00EFA9","1","KEEP_CANDIDATE","RuneforgeCore","convert_yuv420_packed_uv_type0_vs.hlsl","C:\RUNEFOGE_PRO\runeforge-mvp\runeforge-mvp\_archive\source-zips\Sunshine-master\Sunshine-master\src_assets\windows\assets\shaders\directx\convert_yuv420_packed_uv_type0_vs.hlsl","0","21/03/2026 08:14:42 p. m.","True"
"5447B067994E47DAFDDF7B7C507D56384493B5FDA359238D6498556FFE00EFA9","2","DUPLICATE_REVIEW","RuneforgeCore","convert_yuv420_packed_uv_type0_vs.hlsl","C:\RUNEFOGE_PRO\runeforge\runeforge\app\_archive\source-zips\Sunshine-master\Sunshine-master\src_assets\windows\assets\shaders\directx\convert_yuv420_packed_uv_type0_vs.hlsl","0","21/03/2026 08:14:42 p. m.","True"
"5447B067994E47DAFDDF7B7C507D56384493B5FDA359238D6498556FFE00EFA9","3","DUPLICATE_REVIEW","RuneforgeCore","convert_yuv420_packed_uv_type0_vs.hlsl","C:\RUNEFOGE_PRO\runeforge\app\_archive\source-zips\Sunshine-master\Sunshine-master\src_assets\windows\assets\shaders\directx\convert_yuv420_packed_uv_type0_vs.hlsl","0","21/03/2026 08:14:42 p. m.","True"
"54922D86535C9B064C4B1D1570AC8ABC04388B16E086A9F64AE0487B78297CE1","1","KEEP_CANDIDATE","RuneforgeCore","nvhttp.h","C:\RUNEFOGE_PRO\runeforge-mvp\runeforge-mvp\_archive\source-zips\Sunshine-master\Sunshine-master\src\nvhttp.h","0.006","21/03/2026 08:14:42 p. m.","True"
"54922D86535C9B064C4B1D1570AC8ABC04388B16E086A9F64AE0487B78297CE1","2","DUPLICATE_REVIEW","RuneforgeCore","nvhttp.h","C:\RUNEFOGE_PRO\runeforge\runeforge\app\_archive\source-zips\Sunshine-master\Sunshine-master\src\nvhttp.h","0.006","21/03/2026 08:14:42 p. m.","True"
"54922D86535C9B064C4B1D1570AC8ABC04388B16E086A9F64AE0487B78297CE1","3","DUPLICATE_REVIEW","RuneforgeCore","nvhttp.h","C:\RUNEFOGE_PRO\runeforge\app\_archive\source-zips\Sunshine-master\Sunshine-master\src\nvhttp.h","0.006","21/03/2026 08:14:42 p. m.","True"
"54A7FFAACB21027F488971E645E4ED866AF526289AF006029201875F6FB3CBE1","1","KEEP_CANDIDATE","RuneforgeCore","normalization-plan.md","C:\RUNEFOGE_PRO\runeforge\runeforge\data\audits\20260423_235227\normalization-plan.md","0.001","23/04/2026 11:53:33 p. m.","True"
"54A7FFAACB21027F488971E645E4ED866AF526289AF006029201875F6FB3CBE1","2","DUPLICATE_REVIEW","RuneforgeCore","normalization-plan.md","C:\RUNEFOGE_PRO\runeforge\data\audits\20260423_235227\normalization-plan.md","0.001","23/04/2026 11:53:33 p. m.","True"
"5548D693B91632BEB0BF91C5C5E20CEA0F838CFBFB08BBB7A6456B4050D58548","1","KEEP_CANDIDATE","RuneforgeCore","nvenc_d3d11_on_cuda.h","C:\RUNEFOGE_PRO\runeforge-mvp\runeforge-mvp\_archive\source-zips\Sunshine-master\Sunshine-master\src\nvenc\nvenc_d3d11_on_cuda.h","0.002","21/03/2026 08:14:42 p. m.","True"
"5548D693B91632BEB0BF91C5C5E20CEA0F838CFBFB08BBB7A6456B4050D58548","2","DUPLICATE_REVIEW","RuneforgeCore","nvenc_d3d11_on_cuda.h","C:\RUNEFOGE_PRO\runeforge\runeforge\app\_archive\source-zips\Sunshine-master\Sunshine-master\src\nvenc\nvenc_d3d11_on_cuda.h","0.002","21/03/2026 08:14:42 p. m.","True"
"5548D693B91632BEB0BF91C5C5E20CEA0F838CFBFB08BBB7A6456B4050D58548","3","DUPLICATE_REVIEW","RuneforgeCore","nvenc_d3d11_on_cuda.h","C:\RUNEFOGE_PRO\runeforge\app\_archive\source-zips\Sunshine-master\Sunshine-master\src\nvenc\nvenc_d3d11_on_cuda.h","0.002","21/03/2026 08:14:42 p. m.","True"
"55577C6629C71B5BB62A7C936E61C44BA33A509361C0A3BE36F4AD639B674067","1","KEEP_CANDIDATE","RuneforgeCore","dev.lizardbyte.app.Sunshine.terminal.desktop","C:\RUNEFOGE_PRO\runeforge-mvp\runeforge-mvp\_archive\source-zips\Sunshine-master\Sunshine-master\packaging\linux\dev.lizardbyte.app.Sunshine.terminal.desktop","0","21/03/2026 08:14:42 p. m.","True"
"55577C6629C71B5BB62A7C936E61C44BA33A509361C0A3BE36F4AD639B674067","2","DUPLICATE_REVIEW","RuneforgeCore","dev.lizardbyte.app.Sunshine.terminal.desktop","C:\RUNEFOGE_PRO\runeforge\runeforge\app\_archive\source-zips\Sunshine-master\Sunshine-master\packaging\linux\dev.lizardbyte.app.Sunshine.terminal.desktop","0","21/03/2026 08:14:42 p. m.","True"
"55577C6629C71B5BB62A7C936E61C44BA33A509361C0A3BE36F4AD639B674067","3","DUPLICATE_REVIEW","RuneforgeCore","dev.lizardbyte.app.Sunshine.terminal.desktop","C:\RUNEFOGE_PRO\runeforge\app\_archive\source-zips\Sunshine-master\Sunshine-master\packaging\linux\dev.lizardbyte.app.Sunshine.terminal.desktop","0","21/03/2026 08:14:42 p. m.","True"
"55B53FD123985DEAD2BBFD92DCD2FF0AD49D62A1C941CE5538E0CF11E68915D8","1","KEEP_CANDIDATE","RuneforgeCore","inputtino_keyboard.cpp","C:\RUNEFOGE_PRO\runeforge-mvp\runeforge-mvp\_archive\source-zips\Sunshine-master\Sunshine-master\src\platform\linux\input\inputtino_keyboard.cpp","0.005","21/03/2026 08:14:42 p. m.","True"
"55B53FD123985DEAD2BBFD92DCD2FF0AD49D62A1C941CE5538E0CF11E68915D8","2","DUPLICATE_REVIEW","RuneforgeCore","inputtino_keyboard.cpp","C:\RUNEFOGE_PRO\runeforge\runeforge\app\_archive\source-zips\Sunshine-master\Sunshine-master\src\platform\linux\input\inputtino_keyboard.cpp","0.005","21/03/2026 08:14:42 p. m.","True"
"55B53FD123985DEAD2BBFD92DCD2FF0AD49D62A1C941CE5538E0CF11E68915D8","3","DUPLICATE_REVIEW","RuneforgeCore","inputtino_keyboard.cpp","C:\RUNEFOGE_PRO\runeforge\app\_archive\source-zips\Sunshine-master\Sunshine-master\src\platform\linux\input\inputtino_keyboard.cpp","0.005","21/03/2026 08:14:42 p. m.","True"
"55BBE574923D59BCDCD78A2EE179BCCE90C52ECD3791E4DA53C0D59FDA5783E0","1","KEEP_CANDIDATE","RuneforgeCore","ci-macos.yml","C:\RUNEFOGE_PRO\runeforge-mvp\runeforge-mvp\_archive\source-zips\Sunshine-master\Sunshine-master\.github\workflows\ci-macos.yml","0.01","21/03/2026 08:14:42 p. m.","True"
"55BBE574923D59BCDCD78A2EE179BCCE90C52ECD3791E4DA53C0D59FDA5783E0","2","DUPLICATE_REVIEW","RuneforgeCore","ci-macos.yml","C:\RUNEFOGE_PRO\runeforge\runeforge\app\_archive\source-zips\Sunshine-master\Sunshine-master\.github\workflows\ci-macos.yml","0.01","21/03/2026 08:14:42 p. m.","True"
"55BBE574923D59BCDCD78A2EE179BCCE90C52ECD3791E4DA53C0D59FDA5783E0","3","DUPLICATE_REVIEW","RuneforgeCore","ci-macos.yml","C:\RUNEFOGE_PRO\runeforge\app\_archive\source-zips\Sunshine-master\Sunshine-master\.github\workflows\ci-macos.yml","0.01","21/03/2026 08:14:42 p. m.","True"
"55C8BA1C24C2D72C6A4FA784CD4BCF9220AB45057B80B77CE675A1C20FED0288","1","KEEP_CANDIDATE","RuneforgeCore","Start-Runeforge-Shell.ps1.20260424_190207.v43_3.bak","C:\RUNEFOGE_PRO\runeforge\runeforge\backups\v43\Start-Runeforge-Shell.ps1.20260424_190207.v43_3.bak","0.006","24/04/2026 06:57:24 p. m.","True"
"55C8BA1C24C2D72C6A4FA784CD4BCF9220AB45057B80B77CE675A1C20FED0288","2","DUPLICATE_REVIEW","RuneforgeCore","Start-Runeforge-Shell.ps1.20260424_190207.v43_3.bak","C:\RUNEFOGE_PRO\runeforge\backups\v43\Start-Runeforge-Shell.ps1.20260424_190207.v43_3.bak","0.006","24/04/2026 06:57:24 p. m.","True"
"56123F7ADDDDC027D6E5C64D40FFD58341639D5D48E758155F65A47B0D609478","1","KEEP_CANDIDATE","RuneforgeCore","Scene.vert","C:\RUNEFOGE_PRO\runeforge-mvp\runeforge-mvp\_archive\source-zips\Sunshine-master\Sunshine-master\src_assets\linux\assets\shaders\opengl\Scene.vert","0","21/03/2026 08:14:42 p. m.","True"
"56123F7ADDDDC027D6E5C64D40FFD58341639D5D48E758155F65A47B0D609478","2","DUPLICATE_REVIEW","RuneforgeCore","Scene.vert","C:\RUNEFOGE_PRO\runeforge\runeforge\app\_archive\source-zips\Sunshine-master\Sunshine-master\src_assets\linux\assets\shaders\opengl\Scene.vert","0","21/03/2026 08:14:42 p. m.","True"
"56123F7ADDDDC027D6E5C64D40FFD58341639D5D48E758155F65A47B0D609478","3","DUPLICATE_REVIEW","RuneforgeCore","Scene.vert","C:\RUNEFOGE_PRO\runeforge\app\_archive\source-zips\Sunshine-master\Sunshine-master\src_assets\linux\assets\shaders\opengl\Scene.vert","0","21/03/2026 08:14:42 p. m.","True"
"565D7C64C640F53BAE1AA77A0E40A481759F3E8BF1A6AD2B4FE3AF084A746838","1","KEEP_CANDIDATE","RuneforgeCore",".dockerignore","C:\RUNEFOGE_PRO\runeforge-mvp\runeforge-mvp\_archive\source-zips\Sunshine-master\Sunshine-master\.dockerignore","0","21/03/2026 08:14:42 p. m.","True"
"565D7C64C640F53BAE1AA77A0E40A481759F3E8BF1A6AD2B4FE3AF084A746838","2","DUPLICATE_REVIEW","RuneforgeCore",".dockerignore","C:\RUNEFOGE_PRO\runeforge\runeforge\app\_archive\source-zips\Sunshine-master\Sunshine-master\.dockerignore","0","21/03/2026 08:14:42 p. m.","True"
"565D7C64C640F53BAE1AA77A0E40A481759F3E8BF1A6AD2B4FE3AF084A746838","3","DUPLICATE_REVIEW","RuneforgeCore",".dockerignore","C:\RUNEFOGE_PRO\runeforge\app\_archive\source-zips\Sunshine-master\Sunshine-master\.dockerignore","0","21/03/2026 08:14:42 p. m.","True"
"566B96E4C8DC17BC1C1AE43E3E5BA566A3EBADA720B98FD3B0AA7668525805C4","1","KEEP_CANDIDATE","RuneforgeCore","whatsapp.webhook.routes.js","C:\RUNEFOGE_PRO\runeforge-mvp\runeforge-mvp\src\adapters\whatsapp\whatsapp.webhook.routes.js","0.001","20/03/2026 06:15:07 a. m.","True"
"566B96E4C8DC17BC1C1AE43E3E5BA566A3EBADA720B98FD3B0AA7668525805C4","2","DUPLICATE_REVIEW","RuneforgeCore","whatsapp.webhook.routes.js","C:\RUNEFOGE_PRO\runeforge-mvp\runeforge-mvp\runeforge-mvp\src\adapters\whatsapp\whatsapp.webhook.routes.js","0.001","20/03/2026 12:15:06 a. m.","True"
"566B96E4C8DC17BC1C1AE43E3E5BA566A3EBADA720B98FD3B0AA7668525805C4","3","DUPLICATE_REVIEW","RuneforgeCore","whatsapp.webhook.routes.js","C:\RUNEFOGE_PRO\runeforge\runeforge\app\src\adapters\whatsapp\whatsapp.webhook.routes.js","0.001","20/03/2026 12:15:06 a. m.","True"
"566B96E4C8DC17BC1C1AE43E3E5BA566A3EBADA720B98FD3B0AA7668525805C4","4","DUPLICATE_REVIEW","RuneforgeCore","whatsapp.webhook.routes.js","C:\RUNEFOGE_PRO\runeforge\app\src\adapters\whatsapp\whatsapp.webhook.routes.js","0.001","20/03/2026 12:15:06 a. m.","True"
"5687DA9C0D6B7A2580B301741B4A762DB95CFF677C6311E9CA0FDFFE6710F0C0","1","KEEP_CANDIDATE","RuneforgeCore","nl_NL.ini","C:\RUNEFOGE_PRO\runeforge-mvp\runeforge-mvp\retro\_downloads\PPSSPPWindowsARM64\assets\lang\nl_NL.ini","0.063","15/03/2026 11:52:35 a. m.","True"
"5687DA9C0D6B7A2580B301741B4A762DB95CFF677C6311E9CA0FDFFE6710F0C0","2","DUPLICATE_REVIEW","RuneforgeCore","nl_NL.ini","C:\RUNEFOGE_PRO\runeforge\runeforge\app\retro\_downloads\PPSSPPWindowsARM64\assets\lang\nl_NL.ini","0.063","15/03/2026 11:52:35 a. m.","True"
"5687DA9C0D6B7A2580B301741B4A762DB95CFF677C6311E9CA0FDFFE6710F0C0","3","DUPLICATE_REVIEW","RuneforgeCore","nl_NL.ini","C:\RUNEFOGE_PRO\runeforge\app\retro\_downloads\PPSSPPWindowsARM64\assets\lang\nl_NL.ini","0.063","15/03/2026 11:52:35 a. m.","True"
"568F8DB673DF2D3E62B89880E8F461D2944F51BB46C3DE936BFF56A76EF91D08","1","KEEP_CANDIDATE","RuneforgeCore","Start-Runeforge-Panel.ps1","C:\RUNEFOGE_PRO\runeforge\scripts\Start-Runeforge-Panel.ps1","0.001","25/04/2026 02:21:41 a. m.","True"
"568F8DB673DF2D3E62B89880E8F461D2944F51BB46C3DE936BFF56A76EF91D08","2","DUPLICATE_REVIEW","RuneforgeCore","Start-Runeforge-Panel.ps1.20260425_022141.v43_6_backup","C:\RUNEFOGE_PRO\runeforge\backups\commander\Start-Runeforge-Panel.ps1.20260425_022141.v43_6_backup","0.001","25/04/2026 02:20:13 a. m.","True"
"5714884416FE42890DA4A8E5F36D3AE35F9CC2E32B06C85C2A84A1804854E792","1","KEEP_CANDIDATE","RuneforgeCore","sunshine-playing-45.png","C:\RUNEFOGE_PRO\runeforge-mvp\runeforge-mvp\_archive\source-zips\Sunshine-master\Sunshine-master\src_assets\common\assets\web\public\images\sunshine-playing-45.png","0.002","21/03/2026 08:14:42 p. m.","True"
"5714884416FE42890DA4A8E5F36D3AE35F9CC2E32B06C85C2A84A1804854E792","2","DUPLICATE_REVIEW","RuneforgeCore","sunshine-playing-45.png","C:\RUNEFOGE_PRO\runeforge\runeforge\app\_archive\source-zips\Sunshine-master\Sunshine-master\src_assets\common\assets\web\public\images\sunshine-playing-45.png","0.002","21/03/2026 08:14:42 p. m.","True"
"5714884416FE42890DA4A8E5F36D3AE35F9CC2E32B06C85C2A84A1804854E792","3","DUPLICATE_REVIEW","RuneforgeCore","sunshine-playing-45.png","C:\RUNEFOGE_PRO\runeforge\app\_archive\source-zips\Sunshine-master\Sunshine-master\src_assets\common\assets\web\public\images\sunshine-playing-45.png","0.002","21/03/2026 08:14:42 p. m.","True"
"5741B8324FEFB7F9708A1B4DA3B29CA6F4E36A6E800B0A1DF9F89B56B49ACAE7","1","KEEP_CANDIDATE","RuneforgeCore","check-gpu.ps1","C:\RUNEFOGE_PRO\runeforge-mvp\runeforge-mvp\ops\games\check-gpu.ps1","0","21/03/2026 09:02:46 p. m.","True"
"5741B8324FEFB7F9708A1B4DA3B29CA6F4E36A6E800B0A1DF9F89B56B49ACAE7","2","DUPLICATE_REVIEW","RuneforgeCore","check-gpu.ps1","C:\RUNEFOGE_PRO\runeforge\runeforge\app\ops\games\check-gpu.ps1","0","21/03/2026 09:02:46 p. m.","True"
"5741B8324FEFB7F9708A1B4DA3B29CA6F4E36A6E800B0A1DF9F89B56B49ACAE7","3","DUPLICATE_REVIEW","RuneforgeCore","check-gpu.ps1","C:\RUNEFOGE_PRO\runeforge\app\ops\games\check-gpu.ps1","0","21/03/2026 09:02:46 p. m.","True"
"575E891EBF008A97DDC23D385E5F1CAF7A023755564CDE6ACAE5151D34D338EA","1","KEEP_CANDIDATE","RuneforgeCore","AudioVideo.vue","C:\RUNEFOGE_PRO\runeforge-mvp\runeforge-mvp\_archive\source-zips\Sunshine-master\Sunshine-master\src_assets\common\assets\web\configs\tabs\AudioVideo.vue","0.003","21/03/2026 08:14:42 p. m.","True"
"575E891EBF008A97DDC23D385E5F1CAF7A023755564CDE6ACAE5151D34D338EA","2","DUPLICATE_REVIEW","RuneforgeCore","AudioVideo.vue","C:\RUNEFOGE_PRO\runeforge\runeforge\app\_archive\source-zips\Sunshine-master\Sunshine-master\src_assets\common\assets\web\configs\tabs\AudioVideo.vue","0.003","21/03/2026 08:14:42 p. m.","True"
"575E891EBF008A97DDC23D385E5F1CAF7A023755564CDE6ACAE5151D34D338EA","3","DUPLICATE_REVIEW","RuneforgeCore","AudioVideo.vue","C:\RUNEFOGE_PRO\runeforge\app\_archive\source-zips\Sunshine-master\Sunshine-master\src_assets\common\assets\web\configs\tabs\AudioVideo.vue","0.003","21/03/2026 08:14:42 p. m.","True"
"577C5DBA4DB18599A13D5D239FAF00FA38DFA84FCD2D83F72C591B606FC2F7BE","1","KEEP_CANDIDATE","Laboratorio","README_METODO_ASHELL.txt","C:\RUNEFOGE_PRO\RUNEFOGE_PRO\lab_v1_1_files\lab\README_METODO_ASHELL.txt","0.001","16/03/2026 07:45:30 p. m.","False"
"577C5DBA4DB18599A13D5D239FAF00FA38DFA84FCD2D83F72C591B606FC2F7BE","2","DUPLICATE_REVIEW","Laboratorio","README_METODO_ASHELL.txt","C:\RUNEFOGE_PRO\lab_v1_1_files\lab\README_METODO_ASHELL.txt","0.001","16/03/2026 07:45:30 p. m.","False"
"578152D7F6B678BAA9EC33317F7BCFFA8C9013DEFBD974746DF3DC14E14B760F","1","KEEP_CANDIDATE","RuneforgeCore","cursor_ps_normalize_white.hlsl","C:\RUNEFOGE_PRO\runeforge-mvp\runeforge-mvp\_archive\source-zips\Sunshine-master\Sunshine-master\src_assets\windows\assets\shaders\directx\cursor_ps_normalize_white.hlsl","0","21/03/2026 08:14:42 p. m.","True"
"578152D7F6B678BAA9EC33317F7BCFFA8C9013DEFBD974746DF3DC14E14B760F","2","DUPLICATE_REVIEW","RuneforgeCore","cursor_ps_normalize_white.hlsl","C:\RUNEFOGE_PRO\runeforge\runeforge\app\_archive\source-zips\Sunshine-master\Sunshine-master\src_assets\windows\assets\shaders\directx\cursor_ps_normalize_white.hlsl","0","21/03/2026 08:14:42 p. m.","True"
"578152D7F6B678BAA9EC33317F7BCFFA8C9013DEFBD974746DF3DC14E14B760F","3","DUPLICATE_REVIEW","RuneforgeCore","cursor_ps_normalize_white.hlsl","C:\RUNEFOGE_PRO\runeforge\app\_archive\source-zips\Sunshine-master\Sunshine-master\src_assets\windows\assets\shaders\directx\cursor_ps_normalize_white.hlsl","0","21/03/2026 08:14:42 p. m.","True"
"57C78A43EF14C55B4015670E8751D539B15A389DB00687C7421DF7A405A2F433","1","KEEP_CANDIDATE","RuneforgeCore","postinst","C:\RUNEFOGE_PRO\runeforge-mvp\runeforge-mvp\_archive\source-zips\Sunshine-master\Sunshine-master\src_assets\linux\misc\postinst","0.001","21/03/2026 08:14:42 p. m.","True"
"57C78A43EF14C55B4015670E8751D539B15A389DB00687C7421DF7A405A2F433","2","DUPLICATE_REVIEW","RuneforgeCore","postinst","C:\RUNEFOGE_PRO\runeforge\runeforge\app\_archive\source-zips\Sunshine-master\Sunshine-master\src_assets\linux\misc\postinst","0.001","21/03/2026 08:14:42 p. m.","True"
"57C78A43EF14C55B4015670E8751D539B15A389DB00687C7421DF7A405A2F433","3","DUPLICATE_REVIEW","RuneforgeCore","postinst","C:\RUNEFOGE_PRO\runeforge\app\_archive\source-zips\Sunshine-master\Sunshine-master\src_assets\linux\misc\postinst","0.001","21/03/2026 08:14:42 p. m.","True"
"57E1F64CDD3A588D9765491388F6D2D5D894F51223CF8FC5BD4467908E484B34","1","KEEP_CANDIDATE","RuneforgeCore","CMakeLists.txt","C:\RUNEFOGE_PRO\runeforge-mvp\runeforge-mvp\_archive\source-zips\Sunshine-master\Sunshine-master\tools\CMakeLists.txt","0.001","21/03/2026 08:14:42 p. m.","True"
"57E1F64CDD3A588D9765491388F6D2D5D894F51223CF8FC5BD4467908E484B34","2","DUPLICATE_REVIEW","RuneforgeCore","CMakeLists.txt","C:\RUNEFOGE_PRO\runeforge\runeforge\app\_archive\source-zips\Sunshine-master\Sunshine-master\tools\CMakeLists.txt","0.001","21/03/2026 08:14:42 p. m.","True"
"57E1F64CDD3A588D9765491388F6D2D5D894F51223CF8FC5BD4467908E484B34","3","DUPLICATE_REVIEW","RuneforgeCore","CMakeLists.txt","C:\RUNEFOGE_PRO\runeforge\app\_archive\source-zips\Sunshine-master\Sunshine-master\tools\CMakeLists.txt","0.001","21/03/2026 08:14:42 p. m.","True"
"584AF80FF14F134716B592EECCFE9B7BE29715B3263970315CC6BB98499F7293","1","KEEP_CANDIDATE","RuneforgeCore","gr_EL.ini","C:\RUNEFOGE_PRO\runeforge-mvp\runeforge-mvp\retro\_downloads\PPSSPPWindowsARM64\assets\lang\gr_EL.ini","0.082","15/03/2026 11:52:35 a. m.","True"
"584AF80FF14F134716B592EECCFE9B7BE29715B3263970315CC6BB98499F7293","2","DUPLICATE_REVIEW","RuneforgeCore","gr_EL.ini","C:\RUNEFOGE_PRO\runeforge\runeforge\app\retro\_downloads\PPSSPPWindowsARM64\assets\lang\gr_EL.ini","0.082","15/03/2026 11:52:35 a. m.","True"
"584AF80FF14F134716B592EECCFE9B7BE29715B3263970315CC6BB98499F7293","3","DUPLICATE_REVIEW","RuneforgeCore","gr_EL.ini","C:\RUNEFOGE_PRO\runeforge\app\retro\_downloads\PPSSPPWindowsARM64\assets\lang\gr_EL.ini","0.082","15/03/2026 11:52:35 a. m.","True"
"584BF977448492FA3C7AB526C88C8BBD86176882CE5F8F53269FC788EA71EFFF","1","KEEP_CANDIDATE","RuneforgeCore","convert_yuv420_packed_uv_type0_ps_perceptual_quantizer.hlsl","C:\RUNEFOGE_PRO\runeforge-mvp\runeforge-mvp\_archive\source-zips\Sunshine-master\Sunshine-master\src_assets\windows\assets\shaders\directx\convert_yuv420_packed_uv_type0_ps_perceptual_quantizer.hlsl","0","21/03/2026 08:14:42 p. m.","True"
"584BF977448492FA3C7AB526C88C8BBD86176882CE5F8F53269FC788EA71EFFF","2","DUPLICATE_REVIEW","RuneforgeCore","convert_yuv420_packed_uv_type0_ps_perceptual_quantizer.hlsl","C:\RUNEFOGE_PRO\runeforge\runeforge\app\_archive\source-zips\Sunshine-master\Sunshine-master\src_assets\windows\assets\shaders\directx\convert_yuv420_packed_uv_type0_ps_perceptual_quantizer.hlsl","0","21/03/2026 08:14:42 p. m.","True"
"584BF977448492FA3C7AB526C88C8BBD86176882CE5F8F53269FC788EA71EFFF","3","DUPLICATE_REVIEW","RuneforgeCore","convert_yuv420_packed_uv_type0_ps_perceptual_quantizer.hlsl","C:\RUNEFOGE_PRO\runeforge\app\_archive\source-zips\Sunshine-master\Sunshine-master\src_assets\windows\assets\shaders\directx\convert_yuv420_packed_uv_type0_ps_perceptual_quantizer.hlsl","0","21/03/2026 08:14:42 p. m.","True"
"58E95E9ED3E5DB1A582172041450C77A72C142AD54E9EB82399E8B13C4C47031","1","KEEP_CANDIDATE","RuneforgeCore","prompt_security_review.txt","C:\RUNEFOGE_PRO\runeforge\runeforge\data\commander\snippets\prompt_security_review.txt","0","24/04/2026 07:42:10 p. m.","True"
"58E95E9ED3E5DB1A582172041450C77A72C142AD54E9EB82399E8B13C4C47031","2","DUPLICATE_REVIEW","RuneforgeCore","prompt_security_review.txt","C:\RUNEFOGE_PRO\runeforge\data\commander\snippets\prompt_security_review.txt","0","24/04/2026 07:42:10 p. m.","True"
"590B1F6EE2B195BF4450E5AB374B6D94F211A0C7E419F90ABD8DA88D74C7762C","1","KEEP_CANDIDATE","RuneforgeCore","convert_yuv420_planar_y_vs.hlsl","C:\RUNEFOGE_PRO\runeforge-mvp\runeforge-mvp\_archive\source-zips\Sunshine-master\Sunshine-master\src_assets\windows\assets\shaders\directx\convert_yuv420_planar_y_vs.hlsl","0","21/03/2026 08:14:42 p. m.","True"
"590B1F6EE2B195BF4450E5AB374B6D94F211A0C7E419F90ABD8DA88D74C7762C","2","DUPLICATE_REVIEW","RuneforgeCore","convert_yuv444_packed_vs.hlsl","C:\RUNEFOGE_PRO\runeforge-mvp\runeforge-mvp\_archive\source-zips\Sunshine-master\Sunshine-master\src_assets\windows\assets\shaders\directx\convert_yuv444_packed_vs.hlsl","0","21/03/2026 08:14:42 p. m.","True"
"590B1F6EE2B195BF4450E5AB374B6D94F211A0C7E419F90ABD8DA88D74C7762C","3","DUPLICATE_REVIEW","RuneforgeCore","convert_yuv420_planar_y_vs.hlsl","C:\RUNEFOGE_PRO\runeforge\runeforge\app\_archive\source-zips\Sunshine-master\Sunshine-master\src_assets\windows\assets\shaders\directx\convert_yuv420_planar_y_vs.hlsl","0","21/03/2026 08:14:42 p. m.","True"
"590B1F6EE2B195BF4450E5AB374B6D94F211A0C7E419F90ABD8DA88D74C7762C","4","DUPLICATE_REVIEW","RuneforgeCore","convert_yuv444_packed_vs.hlsl","C:\RUNEFOGE_PRO\runeforge\runeforge\app\_archive\source-zips\Sunshine-master\Sunshine-master\src_assets\windows\assets\shaders\directx\convert_yuv444_packed_vs.hlsl","0","21/03/2026 08:14:42 p. m.","True"
"590B1F6EE2B195BF4450E5AB374B6D94F211A0C7E419F90ABD8DA88D74C7762C","5","DUPLICATE_REVIEW","RuneforgeCore","convert_yuv420_planar_y_vs.hlsl","C:\RUNEFOGE_PRO\runeforge\app\_archive\source-zips\Sunshine-master\Sunshine-master\src_assets\windows\assets\shaders\directx\convert_yuv420_planar_y_vs.hlsl","0","21/03/2026 08:14:42 p. m.","True"
"590B1F6EE2B195BF4450E5AB374B6D94F211A0C7E419F90ABD8DA88D74C7762C","6","DUPLICATE_REVIEW","RuneforgeCore","convert_yuv444_packed_vs.hlsl","C:\RUNEFOGE_PRO\runeforge\app\_archive\source-zips\Sunshine-master\Sunshine-master\src_assets\windows\assets\shaders\directx\convert_yuv444_packed_vs.hlsl","0","21/03/2026 08:14:42 p. m.","True"
"5929677CBFB28FD9040F6C16CF479D5AC54B205F5DF180D100D3B1A210DF0353","1","KEEP_CANDIDATE","RuneforgeCore","font_atlas.zim","C:\RUNEFOGE_PRO\runeforge-mvp\runeforge-mvp\retro\_downloads\PPSSPPWindowsARM64\assets\font_atlas.zim","0.982","15/03/2026 11:52:35 a. m.","True"
"5929677CBFB28FD9040F6C16CF479D5AC54B205F5DF180D100D3B1A210DF0353","2","DUPLICATE_REVIEW","RuneforgeCore","font_atlas.zim","C:\RUNEFOGE_PRO\runeforge\runeforge\app\retro\_downloads\PPSSPPWindowsARM64\assets\font_atlas.zim","0.982","15/03/2026 11:52:35 a. m.","True"
"5929677CBFB28FD9040F6C16CF479D5AC54B205F5DF180D100D3B1A210DF0353","3","DUPLICATE_REVIEW","RuneforgeCore","font_atlas.zim","C:\RUNEFOGE_PRO\runeforge\app\retro\_downloads\PPSSPPWindowsARM64\assets\font_atlas.zim","0.982","15/03/2026 11:52:35 a. m.","True"
"593A5A8312F0D9521BD081DCA1F65993E87558621E83DD4BFC400949800A86F9","1","KEEP_CANDIDATE","RuneforgeCore","input.h","C:\RUNEFOGE_PRO\runeforge-mvp\runeforge-mvp\_archive\source-zips\Sunshine-master\Sunshine-master\src\input.h","0.001","21/03/2026 08:14:42 p. m.","True"
"593A5A8312F0D9521BD081DCA1F65993E87558621E83DD4BFC400949800A86F9","2","DUPLICATE_REVIEW","RuneforgeCore","input.h","C:\RUNEFOGE_PRO\runeforge\runeforge\app\_archive\source-zips\Sunshine-master\Sunshine-master\src\input.h","0.001","21/03/2026 08:14:42 p. m.","True"
"593A5A8312F0D9521BD081DCA1F65993E87558621E83DD4BFC400949800A86F9","3","DUPLICATE_REVIEW","RuneforgeCore","input.h","C:\RUNEFOGE_PRO\runeforge\app\_archive\source-zips\Sunshine-master\Sunshine-master\src\input.h","0.001","21/03/2026 08:14:42 p. m.","True"
"5978A5255D47D4792905D77670D20E9336A2A2E387B2790AF8AFAA6BFF628712","1","KEEP_CANDIDATE","RuneforgeCore","windows.cmake","C:\RUNEFOGE_PRO\runeforge-mvp\runeforge-mvp\_archive\source-zips\Sunshine-master\Sunshine-master\cmake\packaging\windows.cmake","0.005","21/03/2026 08:14:42 p. m.","True"
"5978A5255D47D4792905D77670D20E9336A2A2E387B2790AF8AFAA6BFF628712","2","DUPLICATE_REVIEW","RuneforgeCore","windows.cmake","C:\RUNEFOGE_PRO\runeforge\runeforge\app\_archive\source-zips\Sunshine-master\Sunshine-master\cmake\packaging\windows.cmake","0.005","21/03/2026 08:14:42 p. m.","True"
"5978A5255D47D4792905D77670D20E9336A2A2E387B2790AF8AFAA6BFF628712","3","DUPLICATE_REVIEW","RuneforgeCore","windows.cmake","C:\RUNEFOGE_PRO\runeforge\app\_archive\source-zips\Sunshine-master\Sunshine-master\cmake\packaging\windows.cmake","0.005","21/03/2026 08:14:42 p. m.","True"
"59B6A8F901C0C40D91AB05D19CD692C5D6AAFA6AE7DB69B7DDFA47148893DA55","1","KEEP_CANDIDATE","RuneforgeCore","docker.json","C:\RUNEFOGE_PRO\runeforge-mvp\runeforge-mvp\_archive\source-zips\Sunshine-master\Sunshine-master\.github\matchers\docker.json","0","21/03/2026 08:14:42 p. m.","True"
"59B6A8F901C0C40D91AB05D19CD692C5D6AAFA6AE7DB69B7DDFA47148893DA55","2","DUPLICATE_REVIEW","RuneforgeCore","docker.json","C:\RUNEFOGE_PRO\runeforge\runeforge\app\_archive\source-zips\Sunshine-master\Sunshine-master\.github\matchers\docker.json","0","21/03/2026 08:14:42 p. m.","True"
"59B6A8F901C0C40D91AB05D19CD692C5D6AAFA6AE7DB69B7DDFA47148893DA55","3","DUPLICATE_REVIEW","RuneforgeCore","docker.json","C:\RUNEFOGE_PRO\runeforge\app\_archive\source-zips\Sunshine-master\Sunshine-master\.github\matchers\docker.json","0","21/03/2026 08:14:42 p. m.","True"
"59D5A64ABAF80ED246BF4A93AE616995B5F17CB8690D9C05CC7B091BC77D9093","1","KEEP_CANDIDATE","RuneforgeCore","app-dev.lizardbyte.app.Sunshine.service.in","C:\RUNEFOGE_PRO\runeforge-mvp\runeforge-mvp\_archive\source-zips\Sunshine-master\Sunshine-master\packaging\linux\app-dev.lizardbyte.app.Sunshine.service.in","0","21/03/2026 08:14:42 p. m.","True"
"59D5A64ABAF80ED246BF4A93AE616995B5F17CB8690D9C05CC7B091BC77D9093","2","DUPLICATE_REVIEW","RuneforgeCore","app-dev.lizardbyte.app.Sunshine.service.in","C:\RUNEFOGE_PRO\runeforge\runeforge\app\_archive\source-zips\Sunshine-master\Sunshine-master\packaging\linux\app-dev.lizardbyte.app.Sunshine.service.in","0","21/03/2026 08:14:42 p. m.","True"
"59D5A64ABAF80ED246BF4A93AE616995B5F17CB8690D9C05CC7B091BC77D9093","3","DUPLICATE_REVIEW","RuneforgeCore","app-dev.lizardbyte.app.Sunshine.service.in","C:\RUNEFOGE_PRO\runeforge\app\_archive\source-zips\Sunshine-master\Sunshine-master\packaging\linux\app-dev.lizardbyte.app.Sunshine.service.in","0","21/03/2026 08:14:42 p. m.","True"
"59EFD66A7521DB13ED84D6FAB38F5C40DE99E717B792DCD8E0F021C928D0555F","1","KEEP_CANDIDATE","RuneforgeCore","app.ts","C:\RUNEFOGE_PRO\runeforge-v2-ready\runeforge-v2\src\app.ts","0.001","13/04/2026 01:35:16 a. m.","True"
"59EFD66A7521DB13ED84D6FAB38F5C40DE99E717B792DCD8E0F021C928D0555F","2","DUPLICATE_REVIEW","RuneforgeCore","app.ts","C:\RUNEFOGE_PRO\RUNEFOGE_PRO\runeforge-v2-ready\runeforge-v2\src\app.ts","0.001","13/04/2026 01:35:16 a. m.","False"
"5A460473EEF3FBF1B6A395C88329AF72D4623009C88DCDD81017A3FD4898426A","1","KEEP_CANDIDATE","RuneforgeCore","runeforge-ssh-bootstrap.ps1","C:\RUNEFOGE_PRO\runeforge\runeforge\app\ops\runeforge-ssh-bootstrap.ps1","0.004","17/04/2026 12:10:31 p. m.","True"
"5A460473EEF3FBF1B6A395C88329AF72D4623009C88DCDD81017A3FD4898426A","2","DUPLICATE_REVIEW","RuneforgeCore","runeforge-ssh-bootstrap.ps1","C:\RUNEFOGE_PRO\runeforge\app\ops\runeforge-ssh-bootstrap.ps1","0.004","17/04/2026 12:10:31 p. m.","True"
"5A7182594E2F394345C60359C14F05DC652E03EFEF4F0CF8D0197AB97C6831AE","1","KEEP_CANDIDATE","RuneforgeCore","PPSSPPSetup_v1.20.3-36-g2d8832ec71.exe","C:\RUNEFOGE_PRO\runeforge-mvp\runeforge-mvp\retro\emulators\ppsspp\PPSSPPSetup_v1.20.3-36-g2d8832ec71.exe","21.018","22/03/2026 08:08:16 p. m.","True"
"5A7182594E2F394345C60359C14F05DC652E03EFEF4F0CF8D0197AB97C6831AE","2","DUPLICATE_REVIEW","RuneforgeCore","PPSSPPSetup_v1.20.3-36-g2d8832ec71.exe","C:\RUNEFOGE_PRO\runeforge\runeforge\app\retro\emulators\ppsspp\PPSSPPSetup_v1.20.3-36-g2d8832ec71.exe","21.018","22/03/2026 08:08:16 p. m.","True"
"5A7182594E2F394345C60359C14F05DC652E03EFEF4F0CF8D0197AB97C6831AE","3","DUPLICATE_REVIEW","RuneforgeCore","PPSSPPSetup_v1.20.3-36-g2d8832ec71.exe","C:\RUNEFOGE_PRO\runeforge\app\retro\emulators\ppsspp\PPSSPPSetup_v1.20.3-36-g2d8832ec71.exe","21.018","22/03/2026 08:08:16 p. m.","True"
"5A78D2933F0C41C9389BDCFBE6759F54EB7565A35A61AB46EA9B24A4A2EF67E2","1","KEEP_CANDIDATE","RuneforgeCore","display_wgc.cpp","C:\RUNEFOGE_PRO\runeforge-mvp\runeforge-mvp\_archive\source-zips\Sunshine-master\Sunshine-master\src\platform\windows\display_wgc.cpp","0.013","21/03/2026 08:14:42 p. m.","True"
"5A78D2933F0C41C9389BDCFBE6759F54EB7565A35A61AB46EA9B24A4A2EF67E2","2","DUPLICATE_REVIEW","RuneforgeCore","display_wgc.cpp","C:\RUNEFOGE_PRO\runeforge\runeforge\app\_archive\source-zips\Sunshine-master\Sunshine-master\src\platform\windows\display_wgc.cpp","0.013","21/03/2026 08:14:42 p. m.","True"
"5A78D2933F0C41C9389BDCFBE6759F54EB7565A35A61AB46EA9B24A4A2EF67E2","3","DUPLICATE_REVIEW","RuneforgeCore","display_wgc.cpp","C:\RUNEFOGE_PRO\runeforge\app\_archive\source-zips\Sunshine-master\Sunshine-master\src\platform\windows\display_wgc.cpp","0.013","21/03/2026 08:14:42 p. m.","True"
"5A7F1326C828872F1EC092F3CAD6E73CC9337F9D1126B9BABB078F4DC10748CF","1","KEEP_CANDIDATE","RuneforgeCore","AdobeStock_231616343_1920x1280.jpg","C:\RUNEFOGE_PRO\runeforge-mvp\runeforge-mvp\_archive\source-zips\Sunshine-master\Sunshine-master\gh-pages-template\assets\img\banners\AdobeStock_231616343_1920x1280.jpg","1.793","21/03/2026 08:14:42 p. m.","True"
"5A7F1326C828872F1EC092F3CAD6E73CC9337F9D1126B9BABB078F4DC10748CF","2","DUPLICATE_REVIEW","RuneforgeCore","AdobeStock_231616343_1920x1280.jpg","C:\RUNEFOGE_PRO\runeforge\runeforge\app\_archive\source-zips\Sunshine-master\Sunshine-master\gh-pages-template\assets\img\banners\AdobeStock_231616343_1920x1280.jpg","1.793","21/03/2026 08:14:42 p. m.","True"
"5A7F1326C828872F1EC092F3CAD6E73CC9337F9D1126B9BABB078F4DC10748CF","3","DUPLICATE_REVIEW","RuneforgeCore","AdobeStock_231616343_1920x1280.jpg","C:\RUNEFOGE_PRO\runeforge\app\_archive\source-zips\Sunshine-master\Sunshine-master\gh-pages-template\assets\img\banners\AdobeStock_231616343_1920x1280.jpg","1.793","21/03/2026 08:14:42 p. m.","True"
"5AC7A5EA4B9EACF441EC1AC63F7D5D7A5BF4223783DC88FABD87BA0DA12F413D","1","KEEP_CANDIDATE","RuneforgeCore","dev.lizardbyte.app.Sunshine.metainfo.xml","C:\RUNEFOGE_PRO\runeforge-mvp\runeforge-mvp\_archive\source-zips\Sunshine-master\Sunshine-master\packaging\linux\dev.lizardbyte.app.Sunshine.metainfo.xml","0.002","21/03/2026 08:14:42 p. m.","True"
"5AC7A5EA4B9EACF441EC1AC63F7D5D7A5BF4223783DC88FABD87BA0DA12F413D","2","DUPLICATE_REVIEW","RuneforgeCore","dev.lizardbyte.app.Sunshine.metainfo.xml","C:\RUNEFOGE_PRO\runeforge\runeforge\app\_archive\source-zips\Sunshine-master\Sunshine-master\packaging\linux\dev.lizardbyte.app.Sunshine.metainfo.xml","0.002","21/03/2026 08:14:42 p. m.","True"
"5AC7A5EA4B9EACF441EC1AC63F7D5D7A5BF4223783DC88FABD87BA0DA12F413D","3","DUPLICATE_REVIEW","RuneforgeCore","dev.lizardbyte.app.Sunshine.metainfo.xml","C:\RUNEFOGE_PRO\runeforge\app\_archive\source-zips\Sunshine-master\Sunshine-master\packaging\linux\dev.lizardbyte.app.Sunshine.metainfo.xml","0.002","21/03/2026 08:14:42 p. m.","True"
"5AF0049E5850270FB3B78F0D6D59E24859FCCE8DBB4A0FA86FD9E201CBB22B22","1","KEEP_CANDIDATE","RuneforgeCore","fa_IR.ini","C:\RUNEFOGE_PRO\runeforge-mvp\runeforge-mvp\retro\_downloads\PPSSPPWindowsARM64\assets\lang\fa_IR.ini","0.073","15/03/2026 11:52:35 a. m.","True"
"5AF0049E5850270FB3B78F0D6D59E24859FCCE8DBB4A0FA86FD9E201CBB22B22","2","DUPLICATE_REVIEW","RuneforgeCore","fa_IR.ini","C:\RUNEFOGE_PRO\runeforge\runeforge\app\retro\_downloads\PPSSPPWindowsARM64\assets\lang\fa_IR.ini","0.073","15/03/2026 11:52:35 a. m.","True"
"5AF0049E5850270FB3B78F0D6D59E24859FCCE8DBB4A0FA86FD9E201CBB22B22","3","DUPLICATE_REVIEW","RuneforgeCore","fa_IR.ini","C:\RUNEFOGE_PRO\runeforge\app\retro\_downloads\PPSSPPWindowsARM64\assets\lang\fa_IR.ini","0.073","15/03/2026 11:52:35 a. m.","True"
"5AFC811C045EF1B41CDE21130F020C4D15F62C0DCF8A4C9B9F33C6315D1C8AEC","1","KEEP_CANDIDATE","RuneforgeCore","dependabot.yml","C:\RUNEFOGE_PRO\runeforge-mvp\runeforge-mvp\_archive\source-zips\Sunshine-master\Sunshine-master\.github\dependabot.yml","0.002","21/03/2026 08:14:42 p. m.","True"
"5AFC811C045EF1B41CDE21130F020C4D15F62C0DCF8A4C9B9F33C6315D1C8AEC","2","DUPLICATE_REVIEW","RuneforgeCore","dependabot.yml","C:\RUNEFOGE_PRO\runeforge\runeforge\app\_archive\source-zips\Sunshine-master\Sunshine-master\.github\dependabot.yml","0.002","21/03/2026 08:14:42 p. m.","True"
"5AFC811C045EF1B41CDE21130F020C4D15F62C0DCF8A4C9B9F33C6315D1C8AEC","3","DUPLICATE_REVIEW","RuneforgeCore","dependabot.yml","C:\RUNEFOGE_PRO\runeforge\app\_archive\source-zips\Sunshine-master\Sunshine-master\.github\dependabot.yml","0.002","21/03/2026 08:14:42 p. m.","True"
"5B33ED4626252CA02B51C6614FA7FF8DB0A57F26C4E826D2E97149563D043361","1","KEEP_CANDIDATE","RuneforgeCore","ci-flatpak.yml","C:\RUNEFOGE_PRO\runeforge-mvp\runeforge-mvp\_archive\source-zips\Sunshine-master\Sunshine-master\.github\workflows\ci-flatpak.yml","0.007","21/03/2026 08:14:42 p. m.","True"
"5B33ED4626252CA02B51C6614FA7FF8DB0A57F26C4E826D2E97149563D043361","2","DUPLICATE_REVIEW","RuneforgeCore","ci-flatpak.yml","C:\RUNEFOGE_PRO\runeforge\runeforge\app\_archive\source-zips\Sunshine-master\Sunshine-master\.github\workflows\ci-flatpak.yml","0.007","21/03/2026 08:14:42 p. m.","True"
"5B33ED4626252CA02B51C6614FA7FF8DB0A57F26C4E826D2E97149563D043361","3","DUPLICATE_REVIEW","RuneforgeCore","ci-flatpak.yml","C:\RUNEFOGE_PRO\runeforge\app\_archive\source-zips\Sunshine-master\Sunshine-master\.github\workflows\ci-flatpak.yml","0.007","21/03/2026 08:14:42 p. m.","True"
"5B77AEAC3FCF997C55CCCF6A54766323FC18E78945BFE0BD1789967D3F36A4DD","1","KEEP_CANDIDATE","RuneforgeCore","_update-winget-repo.yml","C:\RUNEFOGE_PRO\runeforge-mvp\runeforge-mvp\_archive\source-zips\Sunshine-master\Sunshine-master\.github\workflows\_update-winget-repo.yml","0.001","21/03/2026 08:14:42 p. m.","True"
"5B77AEAC3FCF997C55CCCF6A54766323FC18E78945BFE0BD1789967D3F36A4DD","2","DUPLICATE_REVIEW","RuneforgeCore","_update-winget-repo.yml","C:\RUNEFOGE_PRO\runeforge\runeforge\app\_archive\source-zips\Sunshine-master\Sunshine-master\.github\workflows\_update-winget-repo.yml","0.001","21/03/2026 08:14:42 p. m.","True"
"5B77AEAC3FCF997C55CCCF6A54766323FC18E78945BFE0BD1789967D3F36A4DD","3","DUPLICATE_REVIEW","RuneforgeCore","_update-winget-repo.yml","C:\RUNEFOGE_PRO\runeforge\app\_archive\source-zips\Sunshine-master\Sunshine-master\.github\workflows\_update-winget-repo.yml","0.001","21/03/2026 08:14:42 p. m.","True"
"5B7BC05233E1E4C94277674052014712C29324D1B68F0BB029016778967BE00D","1","KEEP_CANDIDATE","RuneforgeCore","security-findings.md","C:\RUNEFOGE_PRO\runeforge\runeforge\data\audits\20260423_235227\security-findings.md","0.056","23/04/2026 11:53:33 p. m.","True"
"5B7BC05233E1E4C94277674052014712C29324D1B68F0BB029016778967BE00D","2","DUPLICATE_REVIEW","RuneforgeCore","security-findings.md","C:\RUNEFOGE_PRO\runeforge\data\audits\20260423_235227\security-findings.md","0.056","23/04/2026 11:53:33 p. m.","True"
"5BE264B41111CFB589B2F2763606758C7D19F889ED79C1DD57D81EAD07D0B2B1","1","KEEP_CANDIDATE","RuneforgeCore","utf_utils.cpp","C:\RUNEFOGE_PRO\runeforge-mvp\runeforge-mvp\_archive\source-zips\Sunshine-master\Sunshine-master\src\platform\windows\utf_utils.cpp","0.002","21/03/2026 08:14:42 p. m.","True"
"5BE264B41111CFB589B2F2763606758C7D19F889ED79C1DD57D81EAD07D0B2B1","2","DUPLICATE_REVIEW","RuneforgeCore","utf_utils.cpp","C:\RUNEFOGE_PRO\runeforge\runeforge\app\_archive\source-zips\Sunshine-master\Sunshine-master\src\platform\windows\utf_utils.cpp","0.002","21/03/2026 08:14:42 p. m.","True"
"5BE264B41111CFB589B2F2763606758C7D19F889ED79C1DD57D81EAD07D0B2B1","3","DUPLICATE_REVIEW","RuneforgeCore","utf_utils.cpp","C:\RUNEFOGE_PRO\runeforge\app\_archive\source-zips\Sunshine-master\Sunshine-master\src\platform\windows\utf_utils.cpp","0.002","21/03/2026 08:14:42 p. m.","True"
"5C8B4C2D3DB0E918FE9577176E424B379A2B6DB6094FCAB742068FB188033CD1","1","KEEP_CANDIDATE","RuneforgeCore","network.cpp","C:\RUNEFOGE_PRO\runeforge-mvp\runeforge-mvp\_archive\source-zips\Sunshine-master\Sunshine-master\src\network.cpp","0.006","21/03/2026 08:14:42 p. m.","True"
"5C8B4C2D3DB0E918FE9577176E424B379A2B6DB6094FCAB742068FB188033CD1","2","DUPLICATE_REVIEW","RuneforgeCore","network.cpp","C:\RUNEFOGE_PRO\runeforge\runeforge\app\_archive\source-zips\Sunshine-master\Sunshine-master\src\network.cpp","0.006","21/03/2026 08:14:42 p. m.","True"
"5C8B4C2D3DB0E918FE9577176E424B379A2B6DB6094FCAB742068FB188033CD1","3","DUPLICATE_REVIEW","RuneforgeCore","network.cpp","C:\RUNEFOGE_PRO\runeforge\app\_archive\source-zips\Sunshine-master\Sunshine-master\src\network.cpp","0.006","21/03/2026 08:14:42 p. m.","True"
"5D3C60E5FD12658FFC562F14331B7D0C962B818BEE4A38AA9C928D2F08FB4F6B","1","KEEP_CANDIDATE","RuneforgeCore","sfx_toggle_off.wav","C:\RUNEFOGE_PRO\runeforge-mvp\runeforge-mvp\retro\_downloads\PPSSPPWindowsARM64\assets\sfx_toggle_off.wav","0.033","15/03/2026 11:52:35 a. m.","True"
"5D3C60E5FD12658FFC562F14331B7D0C962B818BEE4A38AA9C928D2F08FB4F6B","2","DUPLICATE_REVIEW","RuneforgeCore","sfx_toggle_off.wav","C:\RUNEFOGE_PRO\runeforge\runeforge\app\retro\_downloads\PPSSPPWindowsARM64\assets\sfx_toggle_off.wav","0.033","15/03/2026 11:52:35 a. m.","True"
"5D3C60E5FD12658FFC562F14331B7D0C962B818BEE4A38AA9C928D2F08FB4F6B","3","DUPLICATE_REVIEW","RuneforgeCore","sfx_toggle_off.wav","C:\RUNEFOGE_PRO\runeforge\app\retro\_downloads\PPSSPPWindowsARM64\assets\sfx_toggle_off.wav","0.033","15/03/2026 11:52:35 a. m.","True"
"5E3567089853E299AA734C20FA0866F56ECAC2E44F375756E2FF5F0AD2A2E21E","1","KEEP_CANDIDATE","RuneforgeCore","guides.md","C:\RUNEFOGE_PRO\runeforge-mvp\runeforge-mvp\_archive\source-zips\Sunshine-master\Sunshine-master\docs\guides.md","0.001","21/03/2026 08:14:42 p. m.","True"
"5E3567089853E299AA734C20FA0866F56ECAC2E44F375756E2FF5F0AD2A2E21E","2","DUPLICATE_REVIEW","RuneforgeCore","guides.md","C:\RUNEFOGE_PRO\runeforge\runeforge\app\_archive\source-zips\Sunshine-master\Sunshine-master\docs\guides.md","0.001","21/03/2026 08:14:42 p. m.","True"
"5E3567089853E299AA734C20FA0866F56ECAC2E44F375756E2FF5F0AD2A2E21E","3","DUPLICATE_REVIEW","RuneforgeCore","guides.md","C:\RUNEFOGE_PRO\runeforge\app\_archive\source-zips\Sunshine-master\Sunshine-master\docs\guides.md","0.001","21/03/2026 08:14:42 p. m.","True"
"5E37345A02BD3A8DDD605D0EC49062CCE2653632D03843F9DF6CE374A2947E94","1","KEEP_CANDIDATE","RuneforgeCore","driver_settings.cpp","C:\RUNEFOGE_PRO\runeforge-mvp\runeforge-mvp\_archive\source-zips\Sunshine-master\Sunshine-master\src\platform\windows\nvprefs\driver_settings.cpp","0.01","21/03/2026 08:14:42 p. m.","True"
"5E37345A02BD3A8DDD605D0EC49062CCE2653632D03843F9DF6CE374A2947E94","2","DUPLICATE_REVIEW","RuneforgeCore","driver_settings.cpp","C:\RUNEFOGE_PRO\runeforge\runeforge\app\_archive\source-zips\Sunshine-master\Sunshine-master\src\platform\windows\nvprefs\driver_settings.cpp","0.01","21/03/2026 08:14:42 p. m.","True"
"5E37345A02BD3A8DDD605D0EC49062CCE2653632D03843F9DF6CE374A2947E94","3","DUPLICATE_REVIEW","RuneforgeCore","driver_settings.cpp","C:\RUNEFOGE_PRO\runeforge\app\_archive\source-zips\Sunshine-master\Sunshine-master\src\platform\windows\nvprefs\driver_settings.cpp","0.01","21/03/2026 08:14:42 p. m.","True"
"5E6DDB26BD9C8D40BE9C011CE7884DFB9EA824F3C163F9CF7C9FE57704686421","1","KEEP_CANDIDATE","RuneforgeCore","cuda-13-math_functions.patch","C:\RUNEFOGE_PRO\runeforge-mvp\runeforge-mvp\_archive\source-zips\Sunshine-master\Sunshine-master\packaging\linux\patches\x86_64\cuda-13-math_functions.patch","0.002","21/03/2026 08:14:42 p. m.","True"
"5E6DDB26BD9C8D40BE9C011CE7884DFB9EA824F3C163F9CF7C9FE57704686421","2","DUPLICATE_REVIEW","RuneforgeCore","cuda-13-math_functions.patch","C:\RUNEFOGE_PRO\runeforge\runeforge\app\_archive\source-zips\Sunshine-master\Sunshine-master\packaging\linux\patches\x86_64\cuda-13-math_functions.patch","0.002","21/03/2026 08:14:42 p. m.","True"
"5E6DDB26BD9C8D40BE9C011CE7884DFB9EA824F3C163F9CF7C9FE57704686421","3","DUPLICATE_REVIEW","RuneforgeCore","cuda-13-math_functions.patch","C:\RUNEFOGE_PRO\runeforge\app\_archive\source-zips\Sunshine-master\Sunshine-master\packaging\linux\patches\x86_64\cuda-13-math_functions.patch","0.002","21/03/2026 08:14:42 p. m.","True"
"5E9898185346E09452CD4E841D8EF47B91AE53D4CCE7CC57D63EFBC1670ACC60","1","KEEP_CANDIDATE","RuneforgeCore","display_device.h","C:\RUNEFOGE_PRO\runeforge-mvp\runeforge-mvp\_archive\source-zips\Sunshine-master\Sunshine-master\src\display_device.h","0.006","21/03/2026 08:14:42 p. m.","True"
"5E9898185346E09452CD4E841D8EF47B91AE53D4CCE7CC57D63EFBC1670ACC60","2","DUPLICATE_REVIEW","RuneforgeCore","display_device.h","C:\RUNEFOGE_PRO\runeforge\runeforge\app\_archive\source-zips\Sunshine-master\Sunshine-master\src\display_device.h","0.006","21/03/2026 08:14:42 p. m.","True"
"5E9898185346E09452CD4E841D8EF47B91AE53D4CCE7CC57D63EFBC1670ACC60","3","DUPLICATE_REVIEW","RuneforgeCore","display_device.h","C:\RUNEFOGE_PRO\runeforge\app\_archive\source-zips\Sunshine-master\Sunshine-master\src\display_device.h","0.006","21/03/2026 08:14:42 p. m.","True"
"5EB3CF3CBBFC7894E1031E7D3A1B975A8620E32C93F3712DB87EF7437E437A9C","1","KEEP_CANDIDATE","RuneforgeCore","windows_nsis.cmake","C:\RUNEFOGE_PRO\runeforge-mvp\runeforge-mvp\_archive\source-zips\Sunshine-master\Sunshine-master\cmake\packaging\windows_nsis.cmake","0.003","21/03/2026 08:14:42 p. m.","True"
"5EB3CF3CBBFC7894E1031E7D3A1B975A8620E32C93F3712DB87EF7437E437A9C","2","DUPLICATE_REVIEW","RuneforgeCore","windows_nsis.cmake","C:\RUNEFOGE_PRO\runeforge\runeforge\app\_archive\source-zips\Sunshine-master\Sunshine-master\cmake\packaging\windows_nsis.cmake","0.003","21/03/2026 08:14:42 p. m.","True"
"5EB3CF3CBBFC7894E1031E7D3A1B975A8620E32C93F3712DB87EF7437E437A9C","3","DUPLICATE_REVIEW","RuneforgeCore","windows_nsis.cmake","C:\RUNEFOGE_PRO\runeforge\app\_archive\source-zips\Sunshine-master\Sunshine-master\cmake\packaging\windows_nsis.cmake","0.003","21/03/2026 08:14:42 p. m.","True"
"5F0645A1E3E9A01C7CEEB6377C3C7F18D605375D444CBE2E3F6B46E127F2C919","1","KEEP_CANDIDATE","RuneforgeCore","chat.service.js","C:\RUNEFOGE_PRO\runeforge-mvp\runeforge-mvp\runeforge-mvp\src\modules\chat\chat.service.js","0.001","27/03/2026 12:55:32 a. m.","True"
"5F0645A1E3E9A01C7CEEB6377C3C7F18D605375D444CBE2E3F6B46E127F2C919","2","DUPLICATE_REVIEW","RuneforgeCore","chat.service.js","C:\RUNEFOGE_PRO\runeforge\runeforge\backups\action_layer_20260424_031528\chat.service.js","0.001","27/03/2026 12:55:32 a. m.","True"
"5F0645A1E3E9A01C7CEEB6377C3C7F18D605375D444CBE2E3F6B46E127F2C919","3","DUPLICATE_REVIEW","RuneforgeCore","chat.service.js","C:\RUNEFOGE_PRO\runeforge\runeforge\app\src\modules\chat\chat.service.js","0.001","27/03/2026 12:55:32 a. m.","True"
"5F0645A1E3E9A01C7CEEB6377C3C7F18D605375D444CBE2E3F6B46E127F2C919","4","DUPLICATE_REVIEW","RuneforgeCore","chat.service.js","C:\RUNEFOGE_PRO\runeforge\backups\action_layer_20260424_031528\chat.service.js","0.001","27/03/2026 12:55:32 a. m.","True"
"5F0645A1E3E9A01C7CEEB6377C3C7F18D605375D444CBE2E3F6B46E127F2C919","5","DUPLICATE_REVIEW","RuneforgeCore","chat.service.js","C:\RUNEFOGE_PRO\runeforge\app\src\modules\chat\chat.service.js","0.001","27/03/2026 12:55:32 a. m.","True"
"5F0645A1E3E9A01C7CEEB6377C3C7F18D605375D444CBE2E3F6B46E127F2C919","6","DUPLICATE_REVIEW","RuneforgeCore","chat.service.js","C:\RUNEFOGE_PRO\runeforge-mvp\runeforge-mvp\src\modules\chat\chat.service.js","0.001","26/03/2026 06:55:32 p. m.","True"
"5F5705177B98C88C67660DF2E09DA8A5E3D6E2BAEA8FC539F5678783E1BF38C6","1","KEEP_CANDIDATE","RuneforgeCore","hu_HU.ini","C:\RUNEFOGE_PRO\runeforge-mvp\runeforge-mvp\retro\_downloads\PPSSPPWindowsARM64\assets\lang\hu_HU.ini","0.068","15/03/2026 11:52:35 a. m.","True"
"5F5705177B98C88C67660DF2E09DA8A5E3D6E2BAEA8FC539F5678783E1BF38C6","2","DUPLICATE_REVIEW","RuneforgeCore","hu_HU.ini","C:\RUNEFOGE_PRO\runeforge\runeforge\app\retro\_downloads\PPSSPPWindowsARM64\assets\lang\hu_HU.ini","0.068","15/03/2026 11:52:35 a. m.","True"
"5F5705177B98C88C67660DF2E09DA8A5E3D6E2BAEA8FC539F5678783E1BF38C6","3","DUPLICATE_REVIEW","RuneforgeCore","hu_HU.ini","C:\RUNEFOGE_PRO\runeforge\app\retro\_downloads\PPSSPPWindowsARM64\assets\lang\hu_HU.ini","0.068","15/03/2026 11:52:35 a. m.","True"
"5F7F0B5E56A79AFE84162A538961BBEAF7A556B783FB50AF607A895527D01A84","1","KEEP_CANDIDATE","RuneforgeCore","remove-additional-install.sh","C:\RUNEFOGE_PRO\runeforge-mvp\runeforge-mvp\_archive\source-zips\Sunshine-master\Sunshine-master\packaging\linux\flatpak\scripts\remove-additional-install.sh","0","21/03/2026 08:14:42 p. m.","True"
"5F7F0B5E56A79AFE84162A538961BBEAF7A556B783FB50AF607A895527D01A84","2","DUPLICATE_REVIEW","RuneforgeCore","remove-additional-install.sh","C:\RUNEFOGE_PRO\runeforge\runeforge\app\_archive\source-zips\Sunshine-master\Sunshine-master\packaging\linux\flatpak\scripts\remove-additional-install.sh","0","21/03/2026 08:14:42 p. m.","True"
"5F7F0B5E56A79AFE84162A538961BBEAF7A556B783FB50AF607A895527D01A84","3","DUPLICATE_REVIEW","RuneforgeCore","remove-additional-install.sh","C:\RUNEFOGE_PRO\runeforge\app\_archive\source-zips\Sunshine-master\Sunshine-master\packaging\linux\flatpak\scripts\remove-additional-install.sh","0","21/03/2026 08:14:42 p. m.","True"
"5FA15779CF5416D73452668359A364918EC3742895051ECF6E3377AC4396147D","1","KEEP_CANDIDATE","RuneforgeCore","telemetria.js","C:\RUNEFOGE_PRO\runeforge-mvp\runeforge-mvp\runeforge-mvp\src\modules\chat\skills\telemetria.js","0.002","27/03/2026 07:04:54 a. m.","True"
"5FA15779CF5416D73452668359A364918EC3742895051ECF6E3377AC4396147D","2","DUPLICATE_REVIEW","RuneforgeCore","telemetria.js","C:\RUNEFOGE_PRO\runeforge\runeforge\app\src\modules\chat\skills\telemetria.js","0.002","27/03/2026 07:04:54 a. m.","True"
"5FA15779CF5416D73452668359A364918EC3742895051ECF6E3377AC4396147D","3","DUPLICATE_REVIEW","RuneforgeCore","telemetria.js","C:\RUNEFOGE_PRO\runeforge\app\src\modules\chat\skills\telemetria.js","0.002","27/03/2026 07:04:54 a. m.","True"
"5FA15779CF5416D73452668359A364918EC3742895051ECF6E3377AC4396147D","4","DUPLICATE_REVIEW","RuneforgeCore","telemetria.js","C:\RUNEFOGE_PRO\runeforge-mvp\runeforge-mvp\src\modules\chat\skills\telemetria.js","0.002","27/03/2026 01:04:53 a. m.","True"
"6005D31FB5886A3A0E2D87C8BF5E7F34F82461E590E693791AC37F8C43DA103D","1","KEEP_CANDIDATE","RuneforgeCore","awesome_sunshine.md","C:\RUNEFOGE_PRO\runeforge-mvp\runeforge-mvp\_archive\source-zips\Sunshine-master\Sunshine-master\docs\awesome_sunshine.md","0.001","21/03/2026 08:14:42 p. m.","True"
"6005D31FB5886A3A0E2D87C8BF5E7F34F82461E590E693791AC37F8C43DA103D","2","DUPLICATE_REVIEW","RuneforgeCore","awesome_sunshine.md","C:\RUNEFOGE_PRO\runeforge\runeforge\app\_archive\source-zips\Sunshine-master\Sunshine-master\docs\awesome_sunshine.md","0.001","21/03/2026 08:14:42 p. m.","True"
"6005D31FB5886A3A0E2D87C8BF5E7F34F82461E590E693791AC37F8C43DA103D","3","DUPLICATE_REVIEW","RuneforgeCore","awesome_sunshine.md","C:\RUNEFOGE_PRO\runeforge\app\_archive\source-zips\Sunshine-master\Sunshine-master\docs\awesome_sunshine.md","0.001","21/03/2026 08:14:42 p. m.","True"
"6059A548F085FA9E78A155880E9A6ED9E9F204852DD39906E705042BB7808577","1","KEEP_CANDIDATE","RuneforgeCore","inputtino.cpp","C:\RUNEFOGE_PRO\runeforge-mvp\runeforge-mvp\_archive\source-zips\Sunshine-master\Sunshine-master\src\platform\linux\input\inputtino.cpp","0.004","21/03/2026 08:14:42 p. m.","True"
"6059A548F085FA9E78A155880E9A6ED9E9F204852DD39906E705042BB7808577","2","DUPLICATE_REVIEW","RuneforgeCore","inputtino.cpp","C:\RUNEFOGE_PRO\runeforge\runeforge\app\_archive\source-zips\Sunshine-master\Sunshine-master\src\platform\linux\input\inputtino.cpp","0.004","21/03/2026 08:14:42 p. m.","True"
"6059A548F085FA9E78A155880E9A6ED9E9F204852DD39906E705042BB7808577","3","DUPLICATE_REVIEW","RuneforgeCore","inputtino.cpp","C:\RUNEFOGE_PRO\runeforge\app\_archive\source-zips\Sunshine-master\Sunshine-master\src\platform\linux\input\inputtino.cpp","0.004","21/03/2026 08:14:42 p. m.","True"
"60DF1679BD6ADD57460DBA68BA51EADF32B3290060FE80F4A6C26B991C617DEA","1","KEEP_CANDIDATE","RuneforgeCore","DisplayOutputSelector.vue","C:\RUNEFOGE_PRO\runeforge-mvp\runeforge-mvp\_archive\source-zips\Sunshine-master\Sunshine-master\src_assets\common\assets\web\configs\tabs\audiovideo\DisplayOutputSelector.vue","0.002","21/03/2026 08:14:42 p. m.","True"
"60DF1679BD6ADD57460DBA68BA51EADF32B3290060FE80F4A6C26B991C617DEA","2","DUPLICATE_REVIEW","RuneforgeCore","DisplayOutputSelector.vue","C:\RUNEFOGE_PRO\runeforge\runeforge\app\_archive\source-zips\Sunshine-master\Sunshine-master\src_assets\common\assets\web\configs\tabs\audiovideo\DisplayOutputSelector.vue","0.002","21/03/2026 08:14:42 p. m.","True"
"60DF1679BD6ADD57460DBA68BA51EADF32B3290060FE80F4A6C26B991C617DEA","3","DUPLICATE_REVIEW","RuneforgeCore","DisplayOutputSelector.vue","C:\RUNEFOGE_PRO\runeforge\app\_archive\source-zips\Sunshine-master\Sunshine-master\src_assets\common\assets\web\configs\tabs\audiovideo\DisplayOutputSelector.vue","0.002","21/03/2026 08:14:42 p. m.","True"
"60EC827649AA0B06B4DA91C061BE3862D4EA391B245183BE752FA147859157BA","1","KEEP_CANDIDATE","RuneforgeCore","sunshine-pausing-45.png","C:\RUNEFOGE_PRO\runeforge-mvp\runeforge-mvp\_archive\source-zips\Sunshine-master\Sunshine-master\src_assets\common\assets\web\public\images\sunshine-pausing-45.png","0.002","21/03/2026 08:14:42 p. m.","True"
"60EC827649AA0B06B4DA91C061BE3862D4EA391B245183BE752FA147859157BA","2","DUPLICATE_REVIEW","RuneforgeCore","sunshine-pausing-45.png","C:\RUNEFOGE_PRO\runeforge\runeforge\app\_archive\source-zips\Sunshine-master\Sunshine-master\src_assets\common\assets\web\public\images\sunshine-pausing-45.png","0.002","21/03/2026 08:14:42 p. m.","True"
"60EC827649AA0B06B4DA91C061BE3862D4EA391B245183BE752FA147859157BA","3","DUPLICATE_REVIEW","RuneforgeCore","sunshine-pausing-45.png","C:\RUNEFOGE_PRO\runeforge\app\_archive\source-zips\Sunshine-master\Sunshine-master\src_assets\common\assets\web\public\images\sunshine-pausing-45.png","0.002","21/03/2026 08:14:42 p. m.","True"
"60FA50963616632A68847AE20F5D3B6AE4C7BE28F66528F571BDD023493EFD6D","1","KEEP_CANDIDATE","RuneforgeCore","lo_LA.ini","C:\RUNEFOGE_PRO\runeforge-mvp\runeforge-mvp\retro\_downloads\PPSSPPWindowsARM64\assets\lang\lo_LA.ini","0.083","15/03/2026 11:52:35 a. m.","True"
"60FA50963616632A68847AE20F5D3B6AE4C7BE28F66528F571BDD023493EFD6D","2","DUPLICATE_REVIEW","RuneforgeCore","lo_LA.ini","C:\RUNEFOGE_PRO\runeforge\runeforge\app\retro\_downloads\PPSSPPWindowsARM64\assets\lang\lo_LA.ini","0.083","15/03/2026 11:52:35 a. m.","True"
"60FA50963616632A68847AE20F5D3B6AE4C7BE28F66528F571BDD023493EFD6D","3","DUPLICATE_REVIEW","RuneforgeCore","lo_LA.ini","C:\RUNEFOGE_PRO\runeforge\app\retro\_downloads\PPSSPPWindowsARM64\assets\lang\lo_LA.ini","0.083","15/03/2026 11:52:35 a. m.","True"
"61180518D886B34422CD600EBB4177F31046E143F360D2E335C11577C621AC2B","1","KEEP_CANDIDATE","RuneforgeCore","th_TH.ini","C:\RUNEFOGE_PRO\runeforge-mvp\runeforge-mvp\retro\_downloads\PPSSPPWindowsARM64\assets\lang\th_TH.ini","0.126","15/03/2026 11:52:35 a. m.","True"
"61180518D886B34422CD600EBB4177F31046E143F360D2E335C11577C621AC2B","2","DUPLICATE_REVIEW","RuneforgeCore","th_TH.ini","C:\RUNEFOGE_PRO\runeforge\runeforge\app\retro\_downloads\PPSSPPWindowsARM64\assets\lang\th_TH.ini","0.126","15/03/2026 11:52:35 a. m.","True"
"61180518D886B34422CD600EBB4177F31046E143F360D2E335C11577C621AC2B","3","DUPLICATE_REVIEW","RuneforgeCore","th_TH.ini","C:\RUNEFOGE_PRO\runeforge\app\retro\_downloads\PPSSPPWindowsARM64\assets\lang\th_TH.ini","0.126","15/03/2026 11:52:35 a. m.","True"
"61266B34412BEFCFCB2124B0106EC6E3BE6B20BBB62358461AADEA329CFE0118","1","KEEP_CANDIDATE","RuneforgeCore","rargray.png","C:\RUNEFOGE_PRO\runeforge-mvp\runeforge-mvp\retro\_downloads\PPSSPPWindowsARM64\assets\rargray.png","0.009","15/03/2026 11:52:35 a. m.","True"
"61266B34412BEFCFCB2124B0106EC6E3BE6B20BBB62358461AADEA329CFE0118","2","DUPLICATE_REVIEW","RuneforgeCore","rargray.png","C:\RUNEFOGE_PRO\runeforge\runeforge\app\retro\_downloads\PPSSPPWindowsARM64\assets\rargray.png","0.009","15/03/2026 11:52:35 a. m.","True"
"61266B34412BEFCFCB2124B0106EC6E3BE6B20BBB62358461AADEA329CFE0118","3","DUPLICATE_REVIEW","RuneforgeCore","rargray.png","C:\RUNEFOGE_PRO\runeforge\app\retro\_downloads\PPSSPPWindowsARM64\assets\rargray.png","0.009","15/03/2026 11:52:35 a. m.","True"
"613E2BDC70F4A1C87768BFB044EB1C208D3CFB7D7BE1D5A4EC122DC27CEBFE9C","1","KEEP_CANDIDATE","RuneforgeCore","asset-manifest.json","C:\RUNEFOGE_PRO\runeforge-mvp\runeforge-mvp\retro\_downloads\PPSSPPWindowsARM64\assets\debugger\asset-manifest.json","0","15/03/2026 11:53:07 a. m.","True"
"613E2BDC70F4A1C87768BFB044EB1C208D3CFB7D7BE1D5A4EC122DC27CEBFE9C","2","DUPLICATE_REVIEW","RuneforgeCore","asset-manifest.json","C:\RUNEFOGE_PRO\runeforge\runeforge\app\retro\_downloads\PPSSPPWindowsARM64\assets\debugger\asset-manifest.json","0","15/03/2026 11:53:07 a. m.","True"
"613E2BDC70F4A1C87768BFB044EB1C208D3CFB7D7BE1D5A4EC122DC27CEBFE9C","3","DUPLICATE_REVIEW","RuneforgeCore","asset-manifest.json","C:\RUNEFOGE_PRO\runeforge\app\retro\_downloads\PPSSPPWindowsARM64\assets\debugger\asset-manifest.json","0","15/03/2026 11:53:07 a. m.","True"
"61ABAD4C2D06DFE23E601421246F04897417F508EBABDF30C71A29654C1F68F6","1","KEEP_CANDIDATE","RuneforgeCore","zip.png","C:\RUNEFOGE_PRO\runeforge-mvp\runeforge-mvp\retro\_downloads\PPSSPPWindowsARM64\assets\zip.png","0.006","15/03/2026 11:52:35 a. m.","True"
"61ABAD4C2D06DFE23E601421246F04897417F508EBABDF30C71A29654C1F68F6","2","DUPLICATE_REVIEW","RuneforgeCore","zip.png","C:\RUNEFOGE_PRO\runeforge\runeforge\app\retro\_downloads\PPSSPPWindowsARM64\assets\zip.png","0.006","15/03/2026 11:52:35 a. m.","True"
"61ABAD4C2D06DFE23E601421246F04897417F508EBABDF30C71A29654C1F68F6","3","DUPLICATE_REVIEW","RuneforgeCore","zip.png","C:\RUNEFOGE_PRO\runeforge\app\retro\_downloads\PPSSPPWindowsARM64\assets\zip.png","0.006","15/03/2026 11:52:35 a. m.","True"
"61D18A8A4DE58C72F693BC2870C570633DE116DF5D53263C69F253184D66697C","1","KEEP_CANDIDATE","RuneforgeCore","apps.json","C:\RUNEFOGE_PRO\runeforge-mvp\runeforge-mvp\_archive\source-zips\Sunshine-master\Sunshine-master\src_assets\macos\assets\apps.json","0","21/03/2026 08:14:42 p. m.","True"
"61D18A8A4DE58C72F693BC2870C570633DE116DF5D53263C69F253184D66697C","2","DUPLICATE_REVIEW","RuneforgeCore","apps.json","C:\RUNEFOGE_PRO\runeforge\runeforge\app\_archive\source-zips\Sunshine-master\Sunshine-master\src_assets\macos\assets\apps.json","0","21/03/2026 08:14:42 p. m.","True"
"61D18A8A4DE58C72F693BC2870C570633DE116DF5D53263C69F253184D66697C","3","DUPLICATE_REVIEW","RuneforgeCore","apps.json","C:\RUNEFOGE_PRO\runeforge\app\_archive\source-zips\Sunshine-master\Sunshine-master\src_assets\macos\assets\apps.json","0","21/03/2026 08:14:42 p. m.","True"
"61E780E220798F49D15E6D9EB85634A6E21F05765ED2A7AEC682E196F4EDDA7D","1","KEEP_CANDIDATE","RuneforgeCore","sfx_leaderbord_submitted.wav","C:\RUNEFOGE_PRO\runeforge-mvp\runeforge-mvp\retro\_downloads\PPSSPPWindowsARM64\assets\sfx_leaderbord_submitted.wav","0.09","15/03/2026 11:52:35 a. m.","True"
"61E780E220798F49D15E6D9EB85634A6E21F05765ED2A7AEC682E196F4EDDA7D","2","DUPLICATE_REVIEW","RuneforgeCore","sfx_leaderbord_submitted.wav","C:\RUNEFOGE_PRO\runeforge\runeforge\app\retro\_downloads\PPSSPPWindowsARM64\assets\sfx_leaderbord_submitted.wav","0.09","15/03/2026 11:52:35 a. m.","True"
"61E780E220798F49D15E6D9EB85634A6E21F05765ED2A7AEC682E196F4EDDA7D","3","DUPLICATE_REVIEW","RuneforgeCore","sfx_leaderbord_submitted.wav","C:\RUNEFOGE_PRO\runeforge\app\retro\_downloads\PPSSPPWindowsARM64\assets\sfx_leaderbord_submitted.wav","0.09","15/03/2026 11:52:35 a. m.","True"
"6201BF77C7E1D58626722A657DD02B751DEE8555593A30D9F2EC769C002B0C6F","1","KEEP_CANDIDATE","RuneforgeCore","Navbar.vue","C:\RUNEFOGE_PRO\runeforge-mvp\runeforge-mvp\_archive\source-zips\Sunshine-master\Sunshine-master\src_assets\common\assets\web\Navbar.vue","0.003","21/03/2026 08:14:42 p. m.","True"
"6201BF77C7E1D58626722A657DD02B751DEE8555593A30D9F2EC769C002B0C6F","2","DUPLICATE_REVIEW","RuneforgeCore","Navbar.vue","C:\RUNEFOGE_PRO\runeforge\runeforge\app\_archive\source-zips\Sunshine-master\Sunshine-master\src_assets\common\assets\web\Navbar.vue","0.003","21/03/2026 08:14:42 p. m.","True"
"6201BF77C7E1D58626722A657DD02B751DEE8555593A30D9F2EC769C002B0C6F","3","DUPLICATE_REVIEW","RuneforgeCore","Navbar.vue","C:\RUNEFOGE_PRO\runeforge\app\_archive\source-zips\Sunshine-master\Sunshine-master\src_assets\common\assets\web\Navbar.vue","0.003","21/03/2026 08:14:42 p. m.","True"
"62685D8BC2A036F40B93441FA1315CE70746B566A295C5C1A1C8C5A1234D8C6E","1","KEEP_CANDIDATE","RuneforgeCore","linux.cmake","C:\RUNEFOGE_PRO\runeforge-mvp\runeforge-mvp\_archive\source-zips\Sunshine-master\Sunshine-master\cmake\targets\linux.cmake","0","21/03/2026 08:14:42 p. m.","True"
"62685D8BC2A036F40B93441FA1315CE70746B566A295C5C1A1C8C5A1234D8C6E","2","DUPLICATE_REVIEW","RuneforgeCore","linux.cmake","C:\RUNEFOGE_PRO\runeforge\runeforge\app\_archive\source-zips\Sunshine-master\Sunshine-master\cmake\targets\linux.cmake","0","21/03/2026 08:14:42 p. m.","True"
"62685D8BC2A036F40B93441FA1315CE70746B566A295C5C1A1C8C5A1234D8C6E","3","DUPLICATE_REVIEW","RuneforgeCore","linux.cmake","C:\RUNEFOGE_PRO\runeforge\app\_archive\source-zips\Sunshine-master\Sunshine-master\cmake\targets\linux.cmake","0","21/03/2026 08:14:42 p. m.","True"
"62D4DC4EE4117494D4EC511D7B6C2BC15555636E28AA5FA07F38BBCAF4E2C5DF","1","KEEP_CANDIDATE","RuneforgeCore","common.cmake","C:\RUNEFOGE_PRO\runeforge-mvp\runeforge-mvp\_archive\source-zips\Sunshine-master\Sunshine-master\cmake\macros\common.cmake","0.001","21/03/2026 08:14:42 p. m.","True"
"62D4DC4EE4117494D4EC511D7B6C2BC15555636E28AA5FA07F38BBCAF4E2C5DF","2","DUPLICATE_REVIEW","RuneforgeCore","common.cmake","C:\RUNEFOGE_PRO\runeforge\runeforge\app\_archive\source-zips\Sunshine-master\Sunshine-master\cmake\macros\common.cmake","0.001","21/03/2026 08:14:42 p. m.","True"
"62D4DC4EE4117494D4EC511D7B6C2BC15555636E28AA5FA07F38BBCAF4E2C5DF","3","DUPLICATE_REVIEW","RuneforgeCore","common.cmake","C:\RUNEFOGE_PRO\runeforge\app\_archive\source-zips\Sunshine-master\Sunshine-master\cmake\macros\common.cmake","0.001","21/03/2026 08:14:42 p. m.","True"
"62E6250DA083E1D47309ACDB8893A7EB4C33F5BBC9DCA00C4EB472FBCB75092A","1","KEEP_CANDIDATE","RuneforgeCore","changelog.md","C:\RUNEFOGE_PRO\runeforge-mvp\runeforge-mvp\_archive\source-zips\Sunshine-master\Sunshine-master\docs\changelog.md","0.001","21/03/2026 08:14:42 p. m.","True"
"62E6250DA083E1D47309ACDB8893A7EB4C33F5BBC9DCA00C4EB472FBCB75092A","2","DUPLICATE_REVIEW","RuneforgeCore","changelog.md","C:\RUNEFOGE_PRO\runeforge\runeforge\app\_archive\source-zips\Sunshine-master\Sunshine-master\docs\changelog.md","0.001","21/03/2026 08:14:42 p. m.","True"
"62E6250DA083E1D47309ACDB8893A7EB4C33F5BBC9DCA00C4EB472FBCB75092A","3","DUPLICATE_REVIEW","RuneforgeCore","changelog.md","C:\RUNEFOGE_PRO\runeforge\app\_archive\source-zips\Sunshine-master\Sunshine-master\docs\changelog.md","0.001","21/03/2026 08:14:42 p. m.","True"
"6342DC598B4DAA257F8105595C5952BF4546FFB9993CA32C120FBD2337B8CBE0","1","KEEP_CANDIDATE","RuneforgeCore","HKLM_SYSTEM_CurrentControlSet_Services_sshd.reg","C:\RUNEFOGE_PRO\runeforge\runeforge\backups\registry\rollback_20260424_015840\HKLM_SYSTEM_CurrentControlSet_Services_sshd.reg","0.003","24/04/2026 01:58:40 a. m.","True"
"6342DC598B4DAA257F8105595C5952BF4546FFB9993CA32C120FBD2337B8CBE0","2","DUPLICATE_REVIEW","RuneforgeCore","HKLM_SYSTEM_CurrentControlSet_Services_sshd.reg","C:\RUNEFOGE_PRO\runeforge\backups\registry\rollback_20260424_015840\HKLM_SYSTEM_CurrentControlSet_Services_sshd.reg","0.003","24/04/2026 01:58:40 a. m.","True"
"634E81488992FC2A0BFE5EAA3982F8895F7CDBB59595CB1DC6934BDDAFDE86A6","1","KEEP_CANDIDATE","RuneforgeCore","vfpu_sqrt_lut.dat","C:\RUNEFOGE_PRO\runeforge-mvp\runeforge-mvp\retro\_downloads\PPSSPPWindowsARM64\assets\vfpu\vfpu_sqrt_lut.dat","0.25","15/03/2026 11:52:35 a. m.","True"
"634E81488992FC2A0BFE5EAA3982F8895F7CDBB59595CB1DC6934BDDAFDE86A6","2","DUPLICATE_REVIEW","RuneforgeCore","vfpu_sqrt_lut.dat","C:\RUNEFOGE_PRO\runeforge\runeforge\app\retro\_downloads\PPSSPPWindowsARM64\assets\vfpu\vfpu_sqrt_lut.dat","0.25","15/03/2026 11:52:35 a. m.","True"
"634E81488992FC2A0BFE5EAA3982F8895F7CDBB59595CB1DC6934BDDAFDE86A6","3","DUPLICATE_REVIEW","RuneforgeCore","vfpu_sqrt_lut.dat","C:\RUNEFOGE_PRO\runeforge\app\retro\_downloads\PPSSPPWindowsARM64\assets\vfpu\vfpu_sqrt_lut.dat","0.25","15/03/2026 11:52:35 a. m.","True"
"6355C090C8435CA2F0B1AD327770CF7EBA35A00CB9291CA36D23F06AF3E6D7AD","1","KEEP_CANDIDATE","RuneforgeCore","nvenc_d3d11_on_cuda.cpp","C:\RUNEFOGE_PRO\runeforge-mvp\runeforge-mvp\_archive\source-zips\Sunshine-master\Sunshine-master\src\nvenc\nvenc_d3d11_on_cuda.cpp","0.009","21/03/2026 08:14:42 p. m.","True"
"6355C090C8435CA2F0B1AD327770CF7EBA35A00CB9291CA36D23F06AF3E6D7AD","2","DUPLICATE_REVIEW","RuneforgeCore","nvenc_d3d11_on_cuda.cpp","C:\RUNEFOGE_PRO\runeforge\runeforge\app\_archive\source-zips\Sunshine-master\Sunshine-master\src\nvenc\nvenc_d3d11_on_cuda.cpp","0.009","21/03/2026 08:14:42 p. m.","True"
"6355C090C8435CA2F0B1AD327770CF7EBA35A00CB9291CA36D23F06AF3E6D7AD","3","DUPLICATE_REVIEW","RuneforgeCore","nvenc_d3d11_on_cuda.cpp","C:\RUNEFOGE_PRO\runeforge\app\_archive\source-zips\Sunshine-master\Sunshine-master\src\nvenc\nvenc_d3d11_on_cuda.cpp","0.009","21/03/2026 08:14:42 p. m.","True"
"63C02FD28C6FEDC1FE65380C4C2E52C5E5F4543CE715B6674400B5E9EB9E2A40","1","KEEP_CANDIDATE","RuneforgeCore","confighttp.h","C:\RUNEFOGE_PRO\runeforge-mvp\runeforge-mvp\_archive\source-zips\Sunshine-master\Sunshine-master\src\confighttp.h","0.004","21/03/2026 08:14:42 p. m.","True"
"63C02FD28C6FEDC1FE65380C4C2E52C5E5F4543CE715B6674400B5E9EB9E2A40","2","DUPLICATE_REVIEW","RuneforgeCore","confighttp.h","C:\RUNEFOGE_PRO\runeforge\runeforge\app\_archive\source-zips\Sunshine-master\Sunshine-master\src\confighttp.h","0.004","21/03/2026 08:14:42 p. m.","True"
"63C02FD28C6FEDC1FE65380C4C2E52C5E5F4543CE715B6674400B5E9EB9E2A40","3","DUPLICATE_REVIEW","RuneforgeCore","confighttp.h","C:\RUNEFOGE_PRO\runeforge\app\_archive\source-zips\Sunshine-master\Sunshine-master\src\confighttp.h","0.004","21/03/2026 08:14:42 p. m.","True"
"63F9767296E8900BA4CF5EEDE39785F426AA8CC81F382FE9EA15DC3A976D7133","1","KEEP_CANDIDATE","RuneforgeCore","vaapi.h","C:\RUNEFOGE_PRO\runeforge-mvp\runeforge-mvp\_archive\source-zips\Sunshine-master\Sunshine-master\src\platform\linux\vaapi.h","0.001","21/03/2026 08:14:42 p. m.","True"
"63F9767296E8900BA4CF5EEDE39785F426AA8CC81F382FE9EA15DC3A976D7133","2","DUPLICATE_REVIEW","RuneforgeCore","vaapi.h","C:\RUNEFOGE_PRO\runeforge\runeforge\app\_archive\source-zips\Sunshine-master\Sunshine-master\src\platform\linux\vaapi.h","0.001","21/03/2026 08:14:42 p. m.","True"
"63F9767296E8900BA4CF5EEDE39785F426AA8CC81F382FE9EA15DC3A976D7133","3","DUPLICATE_REVIEW","RuneforgeCore","vaapi.h","C:\RUNEFOGE_PRO\runeforge\app\_archive\source-zips\Sunshine-master\Sunshine-master\src\platform\linux\vaapi.h","0.001","21/03/2026 08:14:42 p. m.","True"
"647B7C948F66D32C66514270D5555A633837A017665D8D0D745B50B6EBA340FB","1","KEEP_CANDIDATE","RuneforgeCore","5xBR-lv2.fsh","C:\RUNEFOGE_PRO\runeforge-mvp\runeforge-mvp\retro\_downloads\PPSSPPWindowsARM64\assets\shaders\5xBR-lv2.fsh","0.009","15/03/2026 11:52:35 a. m.","True"
"647B7C948F66D32C66514270D5555A633837A017665D8D0D745B50B6EBA340FB","2","DUPLICATE_REVIEW","RuneforgeCore","5xBR-lv2.fsh","C:\RUNEFOGE_PRO\runeforge\runeforge\app\retro\_downloads\PPSSPPWindowsARM64\assets\shaders\5xBR-lv2.fsh","0.009","15/03/2026 11:52:35 a. m.","True"
"647B7C948F66D32C66514270D5555A633837A017665D8D0D745B50B6EBA340FB","3","DUPLICATE_REVIEW","RuneforgeCore","5xBR-lv2.fsh","C:\RUNEFOGE_PRO\runeforge\app\retro\_downloads\PPSSPPWindowsARM64\assets\shaders\5xBR-lv2.fsh","0.009","15/03/2026 11:52:35 a. m.","True"
"64D84871877BD9119E73C25375D9478CA5CD31E1C2EE7F1C632B14B4A19D11B1","1","KEEP_CANDIDATE","RuneforgeCore","chat.log","C:\RUNEFOGE_PRO\runeforge\runeforge\app\data\trace\chat.log","0.004","24/04/2026 03:07:36 a. m.","True"
"64D84871877BD9119E73C25375D9478CA5CD31E1C2EE7F1C632B14B4A19D11B1","2","DUPLICATE_REVIEW","RuneforgeCore","chat.log","C:\RUNEFOGE_PRO\runeforge\app\data\trace\chat.log","0.004","24/04/2026 03:07:36 a. m.","True"
"64DAD8E9ED1FE613104EFAE611995B6016F49F62C5E68D8F426FAC18C403091C","1","KEEP_CANDIDATE","RuneforgeCore","_update-changelog.yml","C:\RUNEFOGE_PRO\runeforge-mvp\runeforge-mvp\_archive\source-zips\Sunshine-master\Sunshine-master\.github\workflows\_update-changelog.yml","0.001","21/03/2026 08:14:42 p. m.","True"
"64DAD8E9ED1FE613104EFAE611995B6016F49F62C5E68D8F426FAC18C403091C","2","DUPLICATE_REVIEW","RuneforgeCore","_update-changelog.yml","C:\RUNEFOGE_PRO\runeforge\runeforge\app\_archive\source-zips\Sunshine-master\Sunshine-master\.github\workflows\_update-changelog.yml","0.001","21/03/2026 08:14:42 p. m.","True"
"64DAD8E9ED1FE613104EFAE611995B6016F49F62C5E68D8F426FAC18C403091C","3","DUPLICATE_REVIEW","RuneforgeCore","_update-changelog.yml","C:\RUNEFOGE_PRO\runeforge\app\_archive\source-zips\Sunshine-master\Sunshine-master\.github\workflows\_update-changelog.yml","0.001","21/03/2026 08:14:42 p. m.","True"
"650A37C93B60B746E25A3B5EA8D253CB1931F9F3A40D7A7EAC96B2AC5FDD5D18","1","KEEP_CANDIDATE","RuneforgeCore","test_utf_utils.cpp","C:\RUNEFOGE_PRO\runeforge-mvp\runeforge-mvp\_archive\source-zips\Sunshine-master\Sunshine-master\tests\unit\platform\windows\test_utf_utils.cpp","0.013","21/03/2026 08:14:42 p. m.","True"
"650A37C93B60B746E25A3B5EA8D253CB1931F9F3A40D7A7EAC96B2AC5FDD5D18","2","DUPLICATE_REVIEW","RuneforgeCore","test_utf_utils.cpp","C:\RUNEFOGE_PRO\runeforge\runeforge\app\_archive\source-zips\Sunshine-master\Sunshine-master\tests\unit\platform\windows\test_utf_utils.cpp","0.013","21/03/2026 08:14:42 p. m.","True"
"650A37C93B60B746E25A3B5EA8D253CB1931F9F3A40D7A7EAC96B2AC5FDD5D18","3","DUPLICATE_REVIEW","RuneforgeCore","test_utf_utils.cpp","C:\RUNEFOGE_PRO\runeforge\app\_archive\source-zips\Sunshine-master\Sunshine-master\tests\unit\platform\windows\test_utf_utils.cpp","0.013","21/03/2026 08:14:42 p. m.","True"
"655A45DA71897104F5E4334D9E6711BD9834A3DE1332207B3125C438FB092585","1","KEEP_CANDIDATE","RuneforgeCore","exceptions.json","C:\RUNEFOGE_PRO\runeforge-mvp\runeforge-mvp\_archive\source-zips\Sunshine-master\Sunshine-master\packaging\linux\flatpak\exceptions.json","0","21/03/2026 08:14:42 p. m.","True"
"655A45DA71897104F5E4334D9E6711BD9834A3DE1332207B3125C438FB092585","2","DUPLICATE_REVIEW","RuneforgeCore","exceptions.json","C:\RUNEFOGE_PRO\runeforge\runeforge\app\_archive\source-zips\Sunshine-master\Sunshine-master\packaging\linux\flatpak\exceptions.json","0","21/03/2026 08:14:42 p. m.","True"
"655A45DA71897104F5E4334D9E6711BD9834A3DE1332207B3125C438FB092585","3","DUPLICATE_REVIEW","RuneforgeCore","exceptions.json","C:\RUNEFOGE_PRO\runeforge\app\_archive\source-zips\Sunshine-master\Sunshine-master\packaging\linux\flatpak\exceptions.json","0","21/03/2026 08:14:42 p. m.","True"
"65DFF0D276BDAE31B3775075EEFB406FE3AEEF659FE95FEDD8DBB988B89A65C8","1","KEEP_CANDIDATE","RuneforgeCore","delete-firewall-rule.bat","C:\RUNEFOGE_PRO\runeforge-mvp\runeforge-mvp\_archive\source-zips\Sunshine-master\Sunshine-master\src_assets\windows\misc\firewall\delete-firewall-rule.bat","0","21/03/2026 08:14:42 p. m.","True"
"65DFF0D276BDAE31B3775075EEFB406FE3AEEF659FE95FEDD8DBB988B89A65C8","2","DUPLICATE_REVIEW","RuneforgeCore","delete-firewall-rule.bat","C:\RUNEFOGE_PRO\runeforge\runeforge\app\_archive\source-zips\Sunshine-master\Sunshine-master\src_assets\windows\misc\firewall\delete-firewall-rule.bat","0","21/03/2026 08:14:42 p. m.","True"
"65DFF0D276BDAE31B3775075EEFB406FE3AEEF659FE95FEDD8DBB988B89A65C8","3","DUPLICATE_REVIEW","RuneforgeCore","delete-firewall-rule.bat","C:\RUNEFOGE_PRO\runeforge\app\_archive\source-zips\Sunshine-master\Sunshine-master\src_assets\windows\misc\firewall\delete-firewall-rule.bat","0","21/03/2026 08:14:42 p. m.","True"
"65EEC5D730AE2C8B4618203242BFD3A7E3B2F0BB9FB3B24A72FB7CF99E73E1D9","1","KEEP_CANDIDATE","RuneforgeCore","check-network.ps1","C:\RUNEFOGE_PRO\runeforge-mvp\runeforge-mvp\ops\games\check-network.ps1","0","21/03/2026 09:02:46 p. m.","True"
"65EEC5D730AE2C8B4618203242BFD3A7E3B2F0BB9FB3B24A72FB7CF99E73E1D9","2","DUPLICATE_REVIEW","RuneforgeCore","check-network.ps1","C:\RUNEFOGE_PRO\runeforge\runeforge\app\ops\games\check-network.ps1","0","21/03/2026 09:02:46 p. m.","True"
"65EEC5D730AE2C8B4618203242BFD3A7E3B2F0BB9FB3B24A72FB7CF99E73E1D9","3","DUPLICATE_REVIEW","RuneforgeCore","check-network.ps1","C:\RUNEFOGE_PRO\runeforge\app\ops\games\check-network.ps1","0","21/03/2026 09:02:46 p. m.","True"
"65FC283AAEB7BF4EA77DFB854E327CDEAD53A7BFE69297F7DF0C2A137C4413C7","1","KEEP_CANDIDATE","RuneforgeCore","RUNEFORGE_COMMANDER_V42_EXPORT_BRIDGE.ahk.20260424_012208.fixbak","C:\RUNEFOGE_PRO\runeforge\runeforge\backups\commander\RUNEFORGE_COMMANDER_V42_EXPORT_BRIDGE.ahk.20260424_012208.fixbak","0.014","24/04/2026 01:15:45 a. m.","True"
"65FC283AAEB7BF4EA77DFB854E327CDEAD53A7BFE69297F7DF0C2A137C4413C7","2","DUPLICATE_REVIEW","RuneforgeCore","RUNEFORGE_COMMANDER_V42_EXPORT_BRIDGE.ahk.20260424_012208.fixbak","C:\RUNEFOGE_PRO\runeforge\backups\commander\RUNEFORGE_COMMANDER_V42_EXPORT_BRIDGE.ahk.20260424_012208.fixbak","0.014","24/04/2026 01:15:45 a. m.","True"
"670113EA625FB9D29D40AA195C2A1BF347B94A58779EC33ADB497657563761E1","1","KEEP_CANDIDATE","RuneforgeCore","init.ts","C:\RUNEFOGE_PRO\runeforge-v2-ready\runeforge-v2\src\db\init.ts","0","13/04/2026 01:35:16 a. m.","True"
"670113EA625FB9D29D40AA195C2A1BF347B94A58779EC33ADB497657563761E1","2","DUPLICATE_REVIEW","RuneforgeCore","init.ts","C:\RUNEFOGE_PRO\RUNEFOGE_PRO\runeforge-v2-ready\runeforge-v2\src\db\init.ts","0","13/04/2026 01:35:16 a. m.","False"
"67517151D62B11854D437F3A1F25AC6F6C7BFB8A91A263C31673CF1E534DCB0C","1","KEEP_CANDIDATE","RuneforgeCore","compatvr.ini","C:\RUNEFOGE_PRO\runeforge-mvp\runeforge-mvp\retro\_downloads\PPSSPPWindowsARM64\assets\compatvr.ini","0.023","15/03/2026 11:52:35 a. m.","True"
"67517151D62B11854D437F3A1F25AC6F6C7BFB8A91A263C31673CF1E534DCB0C","2","DUPLICATE_REVIEW","RuneforgeCore","compatvr.ini","C:\RUNEFOGE_PRO\runeforge\runeforge\app\retro\_downloads\PPSSPPWindowsARM64\assets\compatvr.ini","0.023","15/03/2026 11:52:35 a. m.","True"
"67517151D62B11854D437F3A1F25AC6F6C7BFB8A91A263C31673CF1E534DCB0C","3","DUPLICATE_REVIEW","RuneforgeCore","compatvr.ini","C:\RUNEFOGE_PRO\runeforge\app\retro\_downloads\PPSSPPWindowsARM64\assets\compatvr.ini","0.023","15/03/2026 11:52:35 a. m.","True"
"675611E19C8AE850ADF40F360BC520A895953F523E885BF6F78FD0FCEB988651","1","KEEP_CANDIDATE","RuneforgeCore","debian-trixie.dockerfile","C:\RUNEFOGE_PRO\runeforge-mvp\runeforge-mvp\_archive\source-zips\Sunshine-master\Sunshine-master\docker\debian-trixie.dockerfile","0.003","21/03/2026 08:14:42 p. m.","True"
"675611E19C8AE850ADF40F360BC520A895953F523E885BF6F78FD0FCEB988651","2","DUPLICATE_REVIEW","RuneforgeCore","debian-trixie.dockerfile","C:\RUNEFOGE_PRO\runeforge\runeforge\app\_archive\source-zips\Sunshine-master\Sunshine-master\docker\debian-trixie.dockerfile","0.003","21/03/2026 08:14:42 p. m.","True"
"675611E19C8AE850ADF40F360BC520A895953F523E885BF6F78FD0FCEB988651","3","DUPLICATE_REVIEW","RuneforgeCore","debian-trixie.dockerfile","C:\RUNEFOGE_PRO\runeforge\app\_archive\source-zips\Sunshine-master\Sunshine-master\docker\debian-trixie.dockerfile","0.003","21/03/2026 08:14:42 p. m.","True"
"676D6B5784DFDC5949AA10D7157584BC0B3BE7BF2138626C3B0E0CB754529C7E","1","KEEP_CANDIDATE","RuneforgeCore","4xhqglsl.vsh","C:\RUNEFOGE_PRO\runeforge-mvp\runeforge-mvp\retro\_downloads\PPSSPPWindowsARM64\assets\shaders\4xhqglsl.vsh","0.001","15/03/2026 11:52:35 a. m.","True"
"676D6B5784DFDC5949AA10D7157584BC0B3BE7BF2138626C3B0E0CB754529C7E","2","DUPLICATE_REVIEW","RuneforgeCore","4xhqglsl.vsh","C:\RUNEFOGE_PRO\runeforge\runeforge\app\retro\_downloads\PPSSPPWindowsARM64\assets\shaders\4xhqglsl.vsh","0.001","15/03/2026 11:52:35 a. m.","True"
"676D6B5784DFDC5949AA10D7157584BC0B3BE7BF2138626C3B0E0CB754529C7E","3","DUPLICATE_REVIEW","RuneforgeCore","4xhqglsl.vsh","C:\RUNEFOGE_PRO\runeforge\app\retro\_downloads\PPSSPPWindowsARM64\assets\shaders\4xhqglsl.vsh","0.001","15/03/2026 11:52:35 a. m.","True"
"68297DA8469EE4FF992EA786078E274F39927CCF2F45CE32DBB6DB8B1E2DE38C","1","KEEP_CANDIDATE","RuneforgeCore","slateforest.ini","C:\RUNEFOGE_PRO\runeforge-mvp\runeforge-mvp\retro\_downloads\PPSSPPWindowsARM64\assets\themes\slateforest.ini","0.001","15/03/2026 11:52:35 a. m.","True"
"68297DA8469EE4FF992EA786078E274F39927CCF2F45CE32DBB6DB8B1E2DE38C","2","DUPLICATE_REVIEW","RuneforgeCore","slateforest.ini","C:\RUNEFOGE_PRO\runeforge\runeforge\app\retro\_downloads\PPSSPPWindowsARM64\assets\themes\slateforest.ini","0.001","15/03/2026 11:52:35 a. m.","True"
"68297DA8469EE4FF992EA786078E274F39927CCF2F45CE32DBB6DB8B1E2DE38C","3","DUPLICATE_REVIEW","RuneforgeCore","slateforest.ini","C:\RUNEFOGE_PRO\runeforge\app\retro\_downloads\PPSSPPWindowsARM64\assets\themes\slateforest.ini","0.001","15/03/2026 11:52:35 a. m.","True"
"68E43416D7DBEBD60A5C83DBFAF7E8D91C77BE781467AE363583D25A141946D7","1","KEEP_CANDIDATE","RuneforgeCore","memory_resume_v43_3_to_ahk_panel_v44.txt","C:\RUNEFOGE_PRO\runeforge\runeforge\data\commander\snippets\memory_resume_v43_3_to_ahk_panel_v44.txt","0.003","24/04/2026 07:31:57 p. m.","True"
"68E43416D7DBEBD60A5C83DBFAF7E8D91C77BE781467AE363583D25A141946D7","2","DUPLICATE_REVIEW","RuneforgeCore","memory_resume_v43_3_to_ahk_panel_v44.txt","C:\RUNEFOGE_PRO\runeforge\data\commander\snippets\memory_resume_v43_3_to_ahk_panel_v44.txt","0.003","24/04/2026 07:31:57 p. m.","True"
"68E43416D7DBEBD60A5C83DBFAF7E8D91C77BE781467AE363583D25A141946D7","3","DUPLICATE_REVIEW","RuneforgeCore","RUNEFORGE_RESUME_2026-04-24_V43.3_TO_AHK_PANEL_V44.md","C:\RUNEFOGE_PRO\runeforge\runeforge\docs\RUNEFORGE_RESUME_2026-04-24_V43.3_TO_AHK_PANEL_V44.md","0.003","24/04/2026 07:31:57 p. m.","True"
"68E43416D7DBEBD60A5C83DBFAF7E8D91C77BE781467AE363583D25A141946D7","4","DUPLICATE_REVIEW","RuneforgeCore","RUNEFORGE_RESUME_2026-04-24_V43.3_TO_AHK_PANEL_V44.md","C:\RUNEFOGE_PRO\runeforge\docs\RUNEFORGE_RESUME_2026-04-24_V43.3_TO_AHK_PANEL_V44.md","0.003","24/04/2026 07:31:57 p. m.","True"
"6917CF9EC1823710EF39F1813CBA335D831759F067FFEF5CEBDF0E5C39BD45F9","1","KEEP_CANDIDATE","RuneforgeCore","ca_ES.ini","C:\RUNEFOGE_PRO\runeforge-mvp\runeforge-mvp\retro\_downloads\PPSSPPWindowsARM64\assets\lang\ca_ES.ini","0.063","15/03/2026 11:52:35 a. m.","True"
"6917CF9EC1823710EF39F1813CBA335D831759F067FFEF5CEBDF0E5C39BD45F9","2","DUPLICATE_REVIEW","RuneforgeCore","ca_ES.ini","C:\RUNEFOGE_PRO\runeforge\runeforge\app\retro\_downloads\PPSSPPWindowsARM64\assets\lang\ca_ES.ini","0.063","15/03/2026 11:52:35 a. m.","True"
"6917CF9EC1823710EF39F1813CBA335D831759F067FFEF5CEBDF0E5C39BD45F9","3","DUPLICATE_REVIEW","RuneforgeCore","ca_ES.ini","C:\RUNEFOGE_PRO\runeforge\app\retro\_downloads\PPSSPPWindowsARM64\assets\lang\ca_ES.ini","0.063","15/03/2026 11:52:35 a. m.","True"
"69393236211E89647DB9B47E9CE2D77404E5A0161864BDB091C8214DBAAB3BB6","1","KEEP_CANDIDATE","RuneforgeCore","dev.lizardbyte.app.Sunshine.desktop","C:\RUNEFOGE_PRO\runeforge-mvp\runeforge-mvp\_archive\source-zips\Sunshine-master\Sunshine-master\packaging\linux\flatpak\dev.lizardbyte.app.Sunshine.desktop","0","21/03/2026 08:14:42 p. m.","True"
"69393236211E89647DB9B47E9CE2D77404E5A0161864BDB091C8214DBAAB3BB6","2","DUPLICATE_REVIEW","RuneforgeCore","dev.lizardbyte.app.Sunshine.desktop","C:\RUNEFOGE_PRO\runeforge\runeforge\app\_archive\source-zips\Sunshine-master\Sunshine-master\packaging\linux\flatpak\dev.lizardbyte.app.Sunshine.desktop","0","21/03/2026 08:14:42 p. m.","True"
"69393236211E89647DB9B47E9CE2D77404E5A0161864BDB091C8214DBAAB3BB6","3","DUPLICATE_REVIEW","RuneforgeCore","dev.lizardbyte.app.Sunshine.desktop","C:\RUNEFOGE_PRO\runeforge\app\_archive\source-zips\Sunshine-master\Sunshine-master\packaging\linux\flatpak\dev.lizardbyte.app.Sunshine.desktop","0","21/03/2026 08:14:42 p. m.","True"
"698C49C4926C709BA8102D7AFAFC417397BC7AB332F67F79B7163215C726FDC5","1","KEEP_CANDIDATE","RuneforgeCore","nvenc_config.h","C:\RUNEFOGE_PRO\runeforge-mvp\runeforge-mvp\_archive\source-zips\Sunshine-master\Sunshine-master\src\nvenc\nvenc_config.h","0.002","21/03/2026 08:14:42 p. m.","True"
"698C49C4926C709BA8102D7AFAFC417397BC7AB332F67F79B7163215C726FDC5","2","DUPLICATE_REVIEW","RuneforgeCore","nvenc_config.h","C:\RUNEFOGE_PRO\runeforge\runeforge\app\_archive\source-zips\Sunshine-master\Sunshine-master\src\nvenc\nvenc_config.h","0.002","21/03/2026 08:14:42 p. m.","True"
"698C49C4926C709BA8102D7AFAFC417397BC7AB332F67F79B7163215C726FDC5","3","DUPLICATE_REVIEW","RuneforgeCore","nvenc_config.h","C:\RUNEFOGE_PRO\runeforge\app\_archive\source-zips\Sunshine-master\Sunshine-master\src\nvenc\nvenc_config.h","0.002","21/03/2026 08:14:42 p. m.","True"
"6A0731AFABEF48867FA5658BBF44D640B03C046FCC4B24DC94880148CC2C21CA","1","KEEP_CANDIDATE","RuneforgeCore","ffmpeg.json","C:\RUNEFOGE_PRO\runeforge-mvp\runeforge-mvp\_archive\source-zips\Sunshine-master\Sunshine-master\packaging\linux\flatpak\modules\ffmpeg.json","0.001","21/03/2026 08:14:42 p. m.","True"
"6A0731AFABEF48867FA5658BBF44D640B03C046FCC4B24DC94880148CC2C21CA","2","DUPLICATE_REVIEW","RuneforgeCore","ffmpeg.json","C:\RUNEFOGE_PRO\runeforge\runeforge\app\_archive\source-zips\Sunshine-master\Sunshine-master\packaging\linux\flatpak\modules\ffmpeg.json","0.001","21/03/2026 08:14:42 p. m.","True"
"6A0731AFABEF48867FA5658BBF44D640B03C046FCC4B24DC94880148CC2C21CA","3","DUPLICATE_REVIEW","RuneforgeCore","ffmpeg.json","C:\RUNEFOGE_PRO\runeforge\app\_archive\source-zips\Sunshine-master\Sunshine-master\packaging\linux\flatpak\modules\ffmpeg.json","0.001","21/03/2026 08:14:42 p. m.","True"
"6A0D3F4266DDAAD9293315A5D5317FD04C08A5122841B3184BFD62555A6E2538","1","KEEP_CANDIDATE","RuneforgeCore","audio.cpp","C:\RUNEFOGE_PRO\runeforge-mvp\runeforge-mvp\_archive\source-zips\Sunshine-master\Sunshine-master\src\audio.cpp","0.009","21/03/2026 08:14:42 p. m.","True"
"6A0D3F4266DDAAD9293315A5D5317FD04C08A5122841B3184BFD62555A6E2538","2","DUPLICATE_REVIEW","RuneforgeCore","audio.cpp","C:\RUNEFOGE_PRO\runeforge\runeforge\app\_archive\source-zips\Sunshine-master\Sunshine-master\src\audio.cpp","0.009","21/03/2026 08:14:42 p. m.","True"
"6A0D3F4266DDAAD9293315A5D5317FD04C08A5122841B3184BFD62555A6E2538","3","DUPLICATE_REVIEW","RuneforgeCore","audio.cpp","C:\RUNEFOGE_PRO\runeforge\app\_archive\source-zips\Sunshine-master\Sunshine-master\src\audio.cpp","0.009","21/03/2026 08:14:42 p. m.","True"
"6A4C6E6FC1AFF6D4393C997952B982D2C5C59B557E331C530ED5B75E12BD6D39","1","KEEP_CANDIDATE","RuneforgeCore","sunshine.rb","C:\RUNEFOGE_PRO\runeforge-mvp\runeforge-mvp\_archive\source-zips\Sunshine-master\Sunshine-master\packaging\sunshine.rb","0.01","21/03/2026 08:14:42 p. m.","True"
"6A4C6E6FC1AFF6D4393C997952B982D2C5C59B557E331C530ED5B75E12BD6D39","2","DUPLICATE_REVIEW","RuneforgeCore","sunshine.rb","C:\RUNEFOGE_PRO\runeforge\runeforge\app\_archive\source-zips\Sunshine-master\Sunshine-master\packaging\sunshine.rb","0.01","21/03/2026 08:14:42 p. m.","True"
"6A4C6E6FC1AFF6D4393C997952B982D2C5C59B557E331C530ED5B75E12BD6D39","3","DUPLICATE_REVIEW","RuneforgeCore","sunshine.rb","C:\RUNEFOGE_PRO\runeforge\app\_archive\source-zips\Sunshine-master\Sunshine-master\packaging\sunshine.rb","0.01","21/03/2026 08:14:42 p. m.","True"
"6A6B953E43FA99AA992F04654F6FFD756C4579619103819A0A6D926A5F42F82A","1","KEEP_CANDIDATE","RuneforgeCore","pl.json","C:\RUNEFOGE_PRO\runeforge-mvp\runeforge-mvp\_archive\source-zips\Sunshine-master\Sunshine-master\src_assets\common\assets\web\public\assets\locale\pl.json","0.043","21/03/2026 08:14:42 p. m.","True"
"6A6B953E43FA99AA992F04654F6FFD756C4579619103819A0A6D926A5F42F82A","2","DUPLICATE_REVIEW","RuneforgeCore","pl.json","C:\RUNEFOGE_PRO\runeforge\runeforge\app\_archive\source-zips\Sunshine-master\Sunshine-master\src_assets\common\assets\web\public\assets\locale\pl.json","0.043","21/03/2026 08:14:42 p. m.","True"
"6A6B953E43FA99AA992F04654F6FFD756C4579619103819A0A6D926A5F42F82A","3","DUPLICATE_REVIEW","RuneforgeCore","pl.json","C:\RUNEFOGE_PRO\runeforge\app\_archive\source-zips\Sunshine-master\Sunshine-master\src_assets\common\assets\web\public\assets\locale\pl.json","0.043","21/03/2026 08:14:42 p. m.","True"
"6AEDFEDFF63ABB50EDBDE2182823B59DC674E97C62DA9C6BD691DBA3622998D3","1","KEEP_CANDIDATE","RuneforgeCore","ci-linux.yml","C:\RUNEFOGE_PRO\runeforge-mvp\runeforge-mvp\_archive\source-zips\Sunshine-master\Sunshine-master\.github\workflows\ci-linux.yml","0.006","21/03/2026 08:14:42 p. m.","True"
"6AEDFEDFF63ABB50EDBDE2182823B59DC674E97C62DA9C6BD691DBA3622998D3","2","DUPLICATE_REVIEW","RuneforgeCore","ci-linux.yml","C:\RUNEFOGE_PRO\runeforge\runeforge\app\_archive\source-zips\Sunshine-master\Sunshine-master\.github\workflows\ci-linux.yml","0.006","21/03/2026 08:14:42 p. m.","True"
"6AEDFEDFF63ABB50EDBDE2182823B59DC674E97C62DA9C6BD691DBA3622998D3","3","DUPLICATE_REVIEW","RuneforgeCore","ci-linux.yml","C:\RUNEFOGE_PRO\runeforge\app\_archive\source-zips\Sunshine-master\Sunshine-master\.github\workflows\ci-linux.yml","0.006","21/03/2026 08:14:42 p. m.","True"
"6B0B3A8BE9E709D6AF02223D077675E1530F9879F42656377A9D8D42E2614333","1","KEEP_CANDIDATE","RuneforgeCore","kr0.pgf","C:\RUNEFOGE_PRO\runeforge-mvp\runeforge-mvp\retro\_downloads\PPSSPPWindowsARM64\assets\flash0\font\kr0.pgf","1.566","15/03/2026 11:52:35 a. m.","True"
"6B0B3A8BE9E709D6AF02223D077675E1530F9879F42656377A9D8D42E2614333","2","DUPLICATE_REVIEW","RuneforgeCore","kr0.pgf","C:\RUNEFOGE_PRO\runeforge\runeforge\app\retro\_downloads\PPSSPPWindowsARM64\assets\flash0\font\kr0.pgf","1.566","15/03/2026 11:52:35 a. m.","True"
"6B0B3A8BE9E709D6AF02223D077675E1530F9879F42656377A9D8D42E2614333","3","DUPLICATE_REVIEW","RuneforgeCore","kr0.pgf","C:\RUNEFOGE_PRO\runeforge\app\retro\_downloads\PPSSPPWindowsARM64\assets\flash0\font\kr0.pgf","1.566","15/03/2026 11:52:35 a. m.","True"
"6B1764066AC1AD2E45FA49C3EEB8C4692E11B80122E0ED2BE24B7C105ACD962F","1","KEEP_CANDIDATE","RuneforgeCore","server.js","C:\RUNEFOGE_PRO\runeforge-mvp\runeforge-mvp\src\server.js","0","20/03/2026 06:15:07 a. m.","True"
"6B1764066AC1AD2E45FA49C3EEB8C4692E11B80122E0ED2BE24B7C105ACD962F","2","DUPLICATE_REVIEW","RuneforgeCore","server.js","C:\RUNEFOGE_PRO\runeforge-mvp\runeforge-mvp\runeforge-mvp\src\server.js","0","20/03/2026 12:15:06 a. m.","True"
"6B1764066AC1AD2E45FA49C3EEB8C4692E11B80122E0ED2BE24B7C105ACD962F","3","DUPLICATE_REVIEW","RuneforgeCore","server.js.20260419_041725.bak","C:\RUNEFOGE_PRO\runeforge\runeforge\backups\forge_ui\server.js.20260419_041725.bak","0","20/03/2026 12:15:06 a. m.","True"
"6B1764066AC1AD2E45FA49C3EEB8C4692E11B80122E0ED2BE24B7C105ACD962F","4","DUPLICATE_REVIEW","RuneforgeCore","server.js.20260419_041725.bak","C:\RUNEFOGE_PRO\runeforge\backups\forge_ui\server.js.20260419_041725.bak","0","20/03/2026 12:15:06 a. m.","True"
"6B8A8C7DE97E3CBCCA98AEAEFA20D0D70CC13CEE3A7EE18ED94A532A9CD640C1","1","KEEP_CANDIDATE","RuneforgeCore","legal.md","C:\RUNEFOGE_PRO\runeforge-mvp\runeforge-mvp\_archive\source-zips\Sunshine-master\Sunshine-master\docs\legal.md","0.002","21/03/2026 08:14:42 p. m.","True"
"6B8A8C7DE97E3CBCCA98AEAEFA20D0D70CC13CEE3A7EE18ED94A532A9CD640C1","2","DUPLICATE_REVIEW","RuneforgeCore","legal.md","C:\RUNEFOGE_PRO\runeforge\runeforge\app\_archive\source-zips\Sunshine-master\Sunshine-master\docs\legal.md","0.002","21/03/2026 08:14:42 p. m.","True"
"6B8A8C7DE97E3CBCCA98AEAEFA20D0D70CC13CEE3A7EE18ED94A532A9CD640C1","3","DUPLICATE_REVIEW","RuneforgeCore","legal.md","C:\RUNEFOGE_PRO\runeforge\app\_archive\source-zips\Sunshine-master\Sunshine-master\docs\legal.md","0.002","21/03/2026 08:14:42 p. m.","True"
"6BA1C512CF18FDE499EEB71DE468209F512B75AA7D92C18E133B8973E538D3B4","1","KEEP_CANDIDATE","RuneforgeCore","60-sunshine.rules","C:\RUNEFOGE_PRO\runeforge-mvp\runeforge-mvp\_archive\source-zips\Sunshine-master\Sunshine-master\src_assets\linux\misc\60-sunshine.rules","0.001","21/03/2026 08:14:42 p. m.","True"
"6BA1C512CF18FDE499EEB71DE468209F512B75AA7D92C18E133B8973E538D3B4","2","DUPLICATE_REVIEW","RuneforgeCore","60-sunshine.rules","C:\RUNEFOGE_PRO\runeforge\runeforge\app\_archive\source-zips\Sunshine-master\Sunshine-master\src_assets\linux\misc\60-sunshine.rules","0.001","21/03/2026 08:14:42 p. m.","True"
"6BA1C512CF18FDE499EEB71DE468209F512B75AA7D92C18E133B8973E538D3B4","3","DUPLICATE_REVIEW","RuneforgeCore","60-sunshine.rules","C:\RUNEFOGE_PRO\runeforge\app\_archive\source-zips\Sunshine-master\Sunshine-master\src_assets\linux\misc\60-sunshine.rules","0.001","21/03/2026 08:14:42 p. m.","True"
"6BD39AF2D4B79B0F926B686A4CEB39C0E5A4810AEC7C4B8ABC3951D3C60F2836","1","KEEP_CANDIDATE","RuneforgeCore","capture_20260424_192604.txt","C:\RUNEFOGE_PRO\runeforge\runeforge\data\commander\exports\capture_20260424_192604.txt","0.001","24/04/2026 07:26:04 p. m.","True"
"6BD39AF2D4B79B0F926B686A4CEB39C0E5A4810AEC7C4B8ABC3951D3C60F2836","2","DUPLICATE_REVIEW","RuneforgeCore","capture_20260424_192604.txt","C:\RUNEFOGE_PRO\runeforge\data\commander\exports\capture_20260424_192604.txt","0.001","24/04/2026 07:26:04 p. m.","True"
"6BF9D268BC6C5113DC74F7421EEC9E8CD1C5199E9C8B4F65902B4D17A81844EF","1","KEEP_CANDIDATE","RuneforgeCore","misc.cpp","C:\RUNEFOGE_PRO\runeforge-mvp\runeforge-mvp\_archive\source-zips\Sunshine-master\Sunshine-master\src\platform\linux\misc.cpp","0.035","21/03/2026 08:14:42 p. m.","True"
"6BF9D268BC6C5113DC74F7421EEC9E8CD1C5199E9C8B4F65902B4D17A81844EF","2","DUPLICATE_REVIEW","RuneforgeCore","misc.cpp","C:\RUNEFOGE_PRO\runeforge\runeforge\app\_archive\source-zips\Sunshine-master\Sunshine-master\src\platform\linux\misc.cpp","0.035","21/03/2026 08:14:42 p. m.","True"
"6BF9D268BC6C5113DC74F7421EEC9E8CD1C5199E9C8B4F65902B4D17A81844EF","3","DUPLICATE_REVIEW","RuneforgeCore","misc.cpp","C:\RUNEFOGE_PRO\runeforge\app\_archive\source-zips\Sunshine-master\Sunshine-master\src\platform\linux\misc.cpp","0.035","21/03/2026 08:14:42 p. m.","True"
"6C0E457815197E2CB9B6118A802ACA84560F0C85881E0FE97C2FCD9ADC96501C","1","KEEP_CANDIDATE","Laboratorio","test.sh","C:\RUNEFOGE_PRO\RUNEFOGE_PRO\lab_v1_1_files\lab\scripts\test.sh","0","16/03/2026 07:45:30 p. m.","False"
"6C0E457815197E2CB9B6118A802ACA84560F0C85881E0FE97C2FCD9ADC96501C","2","DUPLICATE_REVIEW","Laboratorio","test.sh","C:\RUNEFOGE_PRO\lab_v1_1_files\lab\scripts\test.sh","0","16/03/2026 07:45:30 p. m.","False"
"6C1D62EF9E0A65DF4779A35E1FBC6D68049C1170D9016DFFF4AE0B9162D1FB2F","1","KEEP_CANDIDATE","RuneforgeCore","test_network.cpp","C:\RUNEFOGE_PRO\runeforge-mvp\runeforge-mvp\_archive\source-zips\Sunshine-master\Sunshine-master\tests\unit\test_network.cpp","0.004","21/03/2026 08:14:42 p. m.","True"
"6C1D62EF9E0A65DF4779A35E1FBC6D68049C1170D9016DFFF4AE0B9162D1FB2F","2","DUPLICATE_REVIEW","RuneforgeCore","test_network.cpp","C:\RUNEFOGE_PRO\runeforge\runeforge\app\_archive\source-zips\Sunshine-master\Sunshine-master\tests\unit\test_network.cpp","0.004","21/03/2026 08:14:42 p. m.","True"
"6C1D62EF9E0A65DF4779A35E1FBC6D68049C1170D9016DFFF4AE0B9162D1FB2F","3","DUPLICATE_REVIEW","RuneforgeCore","test_network.cpp","C:\RUNEFOGE_PRO\runeforge\app\_archive\source-zips\Sunshine-master\Sunshine-master\tests\unit\test_network.cpp","0.004","21/03/2026 08:14:42 p. m.","True"
"6C4B79C8C81B09D8427D176D5ABA6A8304EC1C0FB63D7559942FBCAB8F794A92","1","KEEP_CANDIDATE","RuneforgeCore","unix.cmake","C:\RUNEFOGE_PRO\runeforge-mvp\runeforge-mvp\_archive\source-zips\Sunshine-master\Sunshine-master\cmake\targets\unix.cmake","0","21/03/2026 08:14:42 p. m.","True"
"6C4B79C8C81B09D8427D176D5ABA6A8304EC1C0FB63D7559942FBCAB8F794A92","2","DUPLICATE_REVIEW","RuneforgeCore","unix.cmake","C:\RUNEFOGE_PRO\runeforge\runeforge\app\_archive\source-zips\Sunshine-master\Sunshine-master\cmake\targets\unix.cmake","0","21/03/2026 08:14:42 p. m.","True"
"6C4B79C8C81B09D8427D176D5ABA6A8304EC1C0FB63D7559942FBCAB8F794A92","3","DUPLICATE_REVIEW","RuneforgeCore","unix.cmake","C:\RUNEFOGE_PRO\runeforge\app\_archive\source-zips\Sunshine-master\Sunshine-master\cmake\targets\unix.cmake","0","21/03/2026 08:14:42 p. m.","True"
"6C6BA37AE631DF90B731C6753F500E1BD4455B6435A56D50E3DD8F813B234027","1","KEEP_CANDIDATE","RuneforgeCore","vfpu_asin_lut_deltas.dat","C:\RUNEFOGE_PRO\runeforge-mvp\runeforge-mvp\retro\_downloads\PPSSPPWindowsARM64\assets\vfpu\vfpu_asin_lut_deltas.dat","0.493","15/03/2026 11:52:35 a. m.","True"
"6C6BA37AE631DF90B731C6753F500E1BD4455B6435A56D50E3DD8F813B234027","2","DUPLICATE_REVIEW","RuneforgeCore","vfpu_asin_lut_deltas.dat","C:\RUNEFOGE_PRO\runeforge\runeforge\app\retro\_downloads\PPSSPPWindowsARM64\assets\vfpu\vfpu_asin_lut_deltas.dat","0.493","15/03/2026 11:52:35 a. m.","True"
"6C6BA37AE631DF90B731C6753F500E1BD4455B6435A56D50E3DD8F813B234027","3","DUPLICATE_REVIEW","RuneforgeCore","vfpu_asin_lut_deltas.dat","C:\RUNEFOGE_PRO\runeforge\app\retro\_downloads\PPSSPPWindowsARM64\assets\vfpu\vfpu_asin_lut_deltas.dat","0.493","15/03/2026 11:52:35 a. m.","True"
"6CA62BACFA234F2B2C2B26341D5C5292D7F6AD99CB816418AF58302647548D65","1","KEEP_CANDIDATE","RuneforgeCore","PlayniteInstaller.exe","C:\RUNEFOGE_PRO\runeforge-mvp\runeforge-mvp\retro\frontends\playnite\PlayniteInstaller.exe","0.244","22/03/2026 08:06:12 p. m.","True"
"6CA62BACFA234F2B2C2B26341D5C5292D7F6AD99CB816418AF58302647548D65","2","DUPLICATE_REVIEW","RuneforgeCore","PlayniteInstaller.exe","C:\RUNEFOGE_PRO\runeforge\runeforge\app\retro\frontends\playnite\PlayniteInstaller.exe","0.244","22/03/2026 08:06:12 p. m.","True"
"6CA62BACFA234F2B2C2B26341D5C5292D7F6AD99CB816418AF58302647548D65","3","DUPLICATE_REVIEW","RuneforgeCore","PlayniteInstaller.exe","C:\RUNEFOGE_PRO\runeforge\app\retro\frontends\playnite\PlayniteInstaller.exe","0.244","22/03/2026 08:06:12 p. m.","True"
"6D108DCAE03C5A4EA04136B972C7C202B8B5013F4771791F0CB7348DB0051DC1","1","KEEP_CANDIDATE","RuneforgeCore","sfx_select.wav","C:\RUNEFOGE_PRO\runeforge-mvp\runeforge-mvp\retro\_downloads\PPSSPPWindowsARM64\assets\sfx_select.wav","0.026","15/03/2026 11:52:35 a. m.","True"
"6D108DCAE03C5A4EA04136B972C7C202B8B5013F4771791F0CB7348DB0051DC1","2","DUPLICATE_REVIEW","RuneforgeCore","sfx_select.wav","C:\RUNEFOGE_PRO\runeforge\runeforge\app\retro\_downloads\PPSSPPWindowsARM64\assets\sfx_select.wav","0.026","15/03/2026 11:52:35 a. m.","True"
"6D108DCAE03C5A4EA04136B972C7C202B8B5013F4771791F0CB7348DB0051DC1","3","DUPLICATE_REVIEW","RuneforgeCore","sfx_select.wav","C:\RUNEFOGE_PRO\runeforge\app\retro\_downloads\PPSSPPWindowsARM64\assets\sfx_select.wav","0.026","15/03/2026 11:52:35 a. m.","True"
"6D1BB90537C0AA0464E49307CF0E90038DACD0F4A7BDB5EC51CA75B90CA2D1B5","1","KEEP_CANDIDATE","RuneforgeCore","input.cpp","C:\RUNEFOGE_PRO\runeforge-mvp\runeforge-mvp\_archive\source-zips\Sunshine-master\Sunshine-master\src\platform\windows\input.cpp","0.059","21/03/2026 08:14:42 p. m.","True"
"6D1BB90537C0AA0464E49307CF0E90038DACD0F4A7BDB5EC51CA75B90CA2D1B5","2","DUPLICATE_REVIEW","RuneforgeCore","input.cpp","C:\RUNEFOGE_PRO\runeforge\runeforge\app\_archive\source-zips\Sunshine-master\Sunshine-master\src\platform\windows\input.cpp","0.059","21/03/2026 08:14:42 p. m.","True"
"6D1BB90537C0AA0464E49307CF0E90038DACD0F4A7BDB5EC51CA75B90CA2D1B5","3","DUPLICATE_REVIEW","RuneforgeCore","input.cpp","C:\RUNEFOGE_PRO\runeforge\app\_archive\source-zips\Sunshine-master\Sunshine-master\src\platform\windows\input.cpp","0.059","21/03/2026 08:14:42 p. m.","True"
"6D280D632B354F63987E6DABF13B3509723FBEC2FC925EA8244E107A55558D1D","1","KEEP_CANDIDATE","Laboratorio","newproj.sh","C:\RUNEFOGE_PRO\RUNEFOGE_PRO\lab_v1_1_files\lab\scripts\newproj.sh","0","16/03/2026 07:45:30 p. m.","False"
"6D280D632B354F63987E6DABF13B3509723FBEC2FC925EA8244E107A55558D1D","2","DUPLICATE_REVIEW","Laboratorio","newproj.sh","C:\RUNEFOGE_PRO\lab_v1_1_files\lab\scripts\newproj.sh","0","16/03/2026 07:45:30 p. m.","False"
"6D9523B120B05FBD72D1FA74D9DFBA970C5C7BB1DE112D6143D3C66FF396DDA3","1","KEEP_CANDIDATE","RuneforgeCore","sunshine.css","C:\RUNEFOGE_PRO\runeforge-mvp\runeforge-mvp\_archive\source-zips\Sunshine-master\Sunshine-master\src_assets\common\assets\web\public\assets\css\sunshine.css","0.049","21/03/2026 08:14:42 p. m.","True"
"6D9523B120B05FBD72D1FA74D9DFBA970C5C7BB1DE112D6143D3C66FF396DDA3","2","DUPLICATE_REVIEW","RuneforgeCore","sunshine.css","C:\RUNEFOGE_PRO\runeforge\runeforge\app\_archive\source-zips\Sunshine-master\Sunshine-master\src_assets\common\assets\web\public\assets\css\sunshine.css","0.049","21/03/2026 08:14:42 p. m.","True"
"6D9523B120B05FBD72D1FA74D9DFBA970C5C7BB1DE112D6143D3C66FF396DDA3","3","DUPLICATE_REVIEW","RuneforgeCore","sunshine.css","C:\RUNEFOGE_PRO\runeforge\app\_archive\source-zips\Sunshine-master\Sunshine-master\src_assets\common\assets\web\public\assets\css\sunshine.css","0.049","21/03/2026 08:14:42 p. m.","True"
"6DA759395E439BE476547C7E8A3785813B358B7080C2B490D6734EDF6862F8AE","1","KEEP_CANDIDATE","RuneforgeCore","prompt_analyze_latest_terminal_export.txt","C:\RUNEFOGE_PRO\runeforge\runeforge\data\commander\snippets\prompt_analyze_latest_terminal_export.txt","0","24/04/2026 01:15:44 a. m.","True"
"6DA759395E439BE476547C7E8A3785813B358B7080C2B490D6734EDF6862F8AE","2","DUPLICATE_REVIEW","RuneforgeCore","prompt_analyze_latest_terminal_export.txt","C:\RUNEFOGE_PRO\runeforge\data\commander\snippets\prompt_analyze_latest_terminal_export.txt","0","24/04/2026 01:15:44 a. m.","True"
"6DB9C634242ED1F5340D7FDAAC57A2B599FE26B6960F369D0B093EB955D02304","1","KEEP_CANDIDATE","RuneforgeCore","video_colorspace.h","C:\RUNEFOGE_PRO\runeforge-mvp\runeforge-mvp\_archive\source-zips\Sunshine-master\Sunshine-master\src\video_colorspace.h","0.002","21/03/2026 08:14:42 p. m.","True"
"6DB9C634242ED1F5340D7FDAAC57A2B599FE26B6960F369D0B093EB955D02304","2","DUPLICATE_REVIEW","RuneforgeCore","video_colorspace.h","C:\RUNEFOGE_PRO\runeforge\runeforge\app\_archive\source-zips\Sunshine-master\Sunshine-master\src\video_colorspace.h","0.002","21/03/2026 08:14:42 p. m.","True"
"6DB9C634242ED1F5340D7FDAAC57A2B599FE26B6960F369D0B093EB955D02304","3","DUPLICATE_REVIEW","RuneforgeCore","video_colorspace.h","C:\RUNEFOGE_PRO\runeforge\app\_archive\source-zips\Sunshine-master\Sunshine-master\src\video_colorspace.h","0.002","21/03/2026 08:14:42 p. m.","True"
"6E679D2D6FE2C1A78E053E5F9BA91AD1BC0E9E115C23BF26D64C91480CBB783D","1","KEEP_CANDIDATE","RuneforgeCore","NOTICE","C:\RUNEFOGE_PRO\runeforge-mvp\runeforge-mvp\_archive\source-zips\Sunshine-master\Sunshine-master\NOTICE","0","21/03/2026 08:14:42 p. m.","True"
"6E679D2D6FE2C1A78E053E5F9BA91AD1BC0E9E115C23BF26D64C91480CBB783D","2","DUPLICATE_REVIEW","RuneforgeCore","NOTICE","C:\RUNEFOGE_PRO\runeforge\runeforge\app\_archive\source-zips\Sunshine-master\Sunshine-master\NOTICE","0","21/03/2026 08:14:42 p. m.","True"
"6E679D2D6FE2C1A78E053E5F9BA91AD1BC0E9E115C23BF26D64C91480CBB783D","3","DUPLICATE_REVIEW","RuneforgeCore","NOTICE","C:\RUNEFOGE_PRO\runeforge\app\_archive\source-zips\Sunshine-master\Sunshine-master\NOTICE","0","21/03/2026 08:14:42 p. m.","True"
"6F013121111DA07AF2E94179105AE37A4C0D8E6D645E6F557A04C0A3B4729E54","1","KEEP_CANDIDATE","RuneforgeCore","CMakeLists.txt","C:\RUNEFOGE_PRO\runeforge-mvp\runeforge-mvp\_archive\source-zips\Sunshine-master\Sunshine-master\CMakeLists.txt","0.002","21/03/2026 08:14:42 p. m.","True"
"6F013121111DA07AF2E94179105AE37A4C0D8E6D645E6F557A04C0A3B4729E54","2","DUPLICATE_REVIEW","RuneforgeCore","CMakeLists.txt","C:\RUNEFOGE_PRO\runeforge\runeforge\app\_archive\source-zips\Sunshine-master\Sunshine-master\CMakeLists.txt","0.002","21/03/2026 08:14:42 p. m.","True"
"6F013121111DA07AF2E94179105AE37A4C0D8E6D645E6F557A04C0A3B4729E54","3","DUPLICATE_REVIEW","RuneforgeCore","CMakeLists.txt","C:\RUNEFOGE_PRO\runeforge\app\_archive\source-zips\Sunshine-master\Sunshine-master\CMakeLists.txt","0.002","21/03/2026 08:14:42 p. m.","True"
"6F339A7A30C97D364A5A5F43FBF4AD3000406DFFC649200B0005F0BAEAC97689","1","KEEP_CANDIDATE","RuneforgeCore","aacolor.vsh","C:\RUNEFOGE_PRO\runeforge-mvp\runeforge-mvp\retro\_downloads\PPSSPPWindowsARM64\assets\shaders\aacolor.vsh","0.001","15/03/2026 11:52:35 a. m.","True"
"6F339A7A30C97D364A5A5F43FBF4AD3000406DFFC649200B0005F0BAEAC97689","2","DUPLICATE_REVIEW","RuneforgeCore","aacolor.vsh","C:\RUNEFOGE_PRO\runeforge\runeforge\app\retro\_downloads\PPSSPPWindowsARM64\assets\shaders\aacolor.vsh","0.001","15/03/2026 11:52:35 a. m.","True"
"6F339A7A30C97D364A5A5F43FBF4AD3000406DFFC649200B0005F0BAEAC97689","3","DUPLICATE_REVIEW","RuneforgeCore","aacolor.vsh","C:\RUNEFOGE_PRO\runeforge\app\retro\_downloads\PPSSPPWindowsARM64\assets\shaders\aacolor.vsh","0.001","15/03/2026 11:52:35 a. m.","True"
"6FCE0A933A93660863A95362E3DCC3E25EAA599DA6DFB420E497318D8465E311","1","KEEP_CANDIDATE","RuneforgeCore","gcc.json","C:\RUNEFOGE_PRO\runeforge-mvp\runeforge-mvp\_archive\source-zips\Sunshine-master\Sunshine-master\.github\matchers\gcc.json","0.001","21/03/2026 08:14:42 p. m.","True"
"6FCE0A933A93660863A95362E3DCC3E25EAA599DA6DFB420E497318D8465E311","2","DUPLICATE_REVIEW","RuneforgeCore","gcc.json","C:\RUNEFOGE_PRO\runeforge\runeforge\app\_archive\source-zips\Sunshine-master\Sunshine-master\.github\matchers\gcc.json","0.001","21/03/2026 08:14:42 p. m.","True"
"6FCE0A933A93660863A95362E3DCC3E25EAA599DA6DFB420E497318D8465E311","3","DUPLICATE_REVIEW","RuneforgeCore","gcc.json","C:\RUNEFOGE_PRO\runeforge\app\_archive\source-zips\Sunshine-master\Sunshine-master\.github\matchers\gcc.json","0.001","21/03/2026 08:14:42 p. m.","True"
"701690D87D50CDE85FBB4C66CC95A875C395BDB934B697F47014F105AE05A760","1","KEEP_CANDIDATE","RuneforgeCore","prompt_v44_preflight_analysis.txt","C:\RUNEFOGE_PRO\runeforge\runeforge\data\commander\snippets\prompt_v44_preflight_analysis.txt","0.001","24/04/2026 07:42:10 p. m.","True"
"701690D87D50CDE85FBB4C66CC95A875C395BDB934B697F47014F105AE05A760","2","DUPLICATE_REVIEW","RuneforgeCore","prompt_v44_preflight_analysis.txt","C:\RUNEFOGE_PRO\runeforge\data\commander\snippets\prompt_v44_preflight_analysis.txt","0.001","24/04/2026 07:42:10 p. m.","True"
"7029F39ABE7C6509E1F582C562B488E63A3EBFBFF06CCF589556050CD93DE2FB","1","KEEP_CANDIDATE","RuneforgeCore","criterios-clasificacion.txt","C:\RUNEFOGE_PRO\runeforge-datahub\templates\criterios-clasificacion.txt","0","15/04/2026 02:10:29 a. m.","True"
"7029F39ABE7C6509E1F582C562B488E63A3EBFBFF06CCF589556050CD93DE2FB","2","DUPLICATE_REVIEW","RuneforgeCore","criterios-clasificacion.txt","C:\RUNEFOGE_PRO\RUNEFOGE_PRO\runeforge-datahub\templates\criterios-clasificacion.txt","0","15/04/2026 02:10:29 a. m.","False"
"7031E09A830847265F89FFDBFD22B5F161462D8064188DBB0EA0F16A674092EF","1","KEEP_CANDIDATE","RuneforgeCore","vi_VN.ini","C:\RUNEFOGE_PRO\runeforge-mvp\runeforge-mvp\retro\_downloads\PPSSPPWindowsARM64\assets\lang\vi_VN.ini","0.066","15/03/2026 11:52:35 a. m.","True"
"7031E09A830847265F89FFDBFD22B5F161462D8064188DBB0EA0F16A674092EF","2","DUPLICATE_REVIEW","RuneforgeCore","vi_VN.ini","C:\RUNEFOGE_PRO\runeforge\runeforge\app\retro\_downloads\PPSSPPWindowsARM64\assets\lang\vi_VN.ini","0.066","15/03/2026 11:52:35 a. m.","True"
"7031E09A830847265F89FFDBFD22B5F161462D8064188DBB0EA0F16A674092EF","3","DUPLICATE_REVIEW","RuneforgeCore","vi_VN.ini","C:\RUNEFOGE_PRO\runeforge\app\retro\_downloads\PPSSPPWindowsARM64\assets\lang\vi_VN.ini","0.066","15/03/2026 11:52:35 a. m.","True"
"7063D3F694A6BA724927A6B4F52D27B124EF46BC2F99AAC8A4DE3137D12052EA","1","KEEP_CANDIDATE","RuneforgeCore","ConvertUV.vert","C:\RUNEFOGE_PRO\runeforge-mvp\runeforge-mvp\_archive\source-zips\Sunshine-master\Sunshine-master\src_assets\linux\assets\shaders\opengl\ConvertUV.vert","0.001","21/03/2026 08:14:42 p. m.","True"
"7063D3F694A6BA724927A6B4F52D27B124EF46BC2F99AAC8A4DE3137D12052EA","2","DUPLICATE_REVIEW","RuneforgeCore","ConvertUV.vert","C:\RUNEFOGE_PRO\runeforge\runeforge\app\_archive\source-zips\Sunshine-master\Sunshine-master\src_assets\linux\assets\shaders\opengl\ConvertUV.vert","0.001","21/03/2026 08:14:42 p. m.","True"
"7063D3F694A6BA724927A6B4F52D27B124EF46BC2F99AAC8A4DE3137D12052EA","3","DUPLICATE_REVIEW","RuneforgeCore","ConvertUV.vert","C:\RUNEFOGE_PRO\runeforge\app\_archive\source-zips\Sunshine-master\Sunshine-master\src_assets\linux\assets\shaders\opengl\ConvertUV.vert","0.001","21/03/2026 08:14:42 p. m.","True"
"70B3D67F3B3A85811FF0AE37974B14182D14B571B1322963101AC5FCFFE5582E","1","KEEP_CANDIDATE","RuneforgeCore","av_audio.mm","C:\RUNEFOGE_PRO\runeforge-mvp\runeforge-mvp\_archive\source-zips\Sunshine-master\Sunshine-master\src\platform\macos\av_audio.mm","0.036","21/03/2026 08:14:42 p. m.","True"
"70B3D67F3B3A85811FF0AE37974B14182D14B571B1322963101AC5FCFFE5582E","2","DUPLICATE_REVIEW","RuneforgeCore","av_audio.mm","C:\RUNEFOGE_PRO\runeforge\runeforge\app\_archive\source-zips\Sunshine-master\Sunshine-master\src\platform\macos\av_audio.mm","0.036","21/03/2026 08:14:42 p. m.","True"
"70B3D67F3B3A85811FF0AE37974B14182D14B571B1322963101AC5FCFFE5582E","3","DUPLICATE_REVIEW","RuneforgeCore","av_audio.mm","C:\RUNEFOGE_PRO\runeforge\app\_archive\source-zips\Sunshine-master\Sunshine-master\src\platform\macos\av_audio.mm","0.036","21/03/2026 08:14:42 p. m.","True"
"717E22828A61FDD1461CA6FF8445BB7DA375876F563ED76DE6E53A31AF8CCCA7","1","KEEP_CANDIDATE","RuneforgeCore","common.cmake","C:\RUNEFOGE_PRO\runeforge-mvp\runeforge-mvp\_archive\source-zips\Sunshine-master\Sunshine-master\cmake\targets\common.cmake","0.005","21/03/2026 08:14:42 p. m.","True"
"717E22828A61FDD1461CA6FF8445BB7DA375876F563ED76DE6E53A31AF8CCCA7","2","DUPLICATE_REVIEW","RuneforgeCore","common.cmake","C:\RUNEFOGE_PRO\runeforge\runeforge\app\_archive\source-zips\Sunshine-master\Sunshine-master\cmake\targets\common.cmake","0.005","21/03/2026 08:14:42 p. m.","True"
"717E22828A61FDD1461CA6FF8445BB7DA375876F563ED76DE6E53A31AF8CCCA7","3","DUPLICATE_REVIEW","RuneforgeCore","common.cmake","C:\RUNEFOGE_PRO\runeforge\app\_archive\source-zips\Sunshine-master\Sunshine-master\cmake\targets\common.cmake","0.005","21/03/2026 08:14:42 p. m.","True"
"71899666EF1C6903C8C5F25D358644A28C4BFD690D2A510A16DB731FA379089F","1","KEEP_CANDIDATE","RuneforgeCore","code_import_latest_terminal_export.ps1","C:\RUNEFOGE_PRO\runeforge\runeforge\data\commander\snippets\code_import_latest_terminal_export.ps1","0","24/04/2026 01:15:44 a. m.","True"
"71899666EF1C6903C8C5F25D358644A28C4BFD690D2A510A16DB731FA379089F","2","DUPLICATE_REVIEW","RuneforgeCore","code_import_latest_terminal_export.ps1","C:\RUNEFOGE_PRO\runeforge\data\commander\snippets\code_import_latest_terminal_export.ps1","0","24/04/2026 01:15:44 a. m.","True"
"723011254A9D6D577E535C01870CF93315F4ECE8ED01E111E3115F883605DB53","1","KEEP_CANDIDATE","RuneforgeCore","sunshine-locked-16.png","C:\RUNEFOGE_PRO\runeforge-mvp\runeforge-mvp\_archive\source-zips\Sunshine-master\Sunshine-master\src_assets\common\assets\web\public\images\sunshine-locked-16.png","0.001","21/03/2026 08:14:42 p. m.","True"
"723011254A9D6D577E535C01870CF93315F4ECE8ED01E111E3115F883605DB53","2","DUPLICATE_REVIEW","RuneforgeCore","sunshine-locked-16.png","C:\RUNEFOGE_PRO\runeforge\runeforge\app\_archive\source-zips\Sunshine-master\Sunshine-master\src_assets\common\assets\web\public\images\sunshine-locked-16.png","0.001","21/03/2026 08:14:42 p. m.","True"
"723011254A9D6D577E535C01870CF93315F4ECE8ED01E111E3115F883605DB53","3","DUPLICATE_REVIEW","RuneforgeCore","sunshine-locked-16.png","C:\RUNEFOGE_PRO\runeforge\app\_archive\source-zips\Sunshine-master\Sunshine-master\src_assets\common\assets\web\public\images\sunshine-locked-16.png","0.001","21/03/2026 08:14:42 p. m.","True"
"723B5A24A112D6B3F55402C539813BF35AC6DD9610C55578AEE6EB3A8A6ABCC5","1","KEEP_CANDIDATE","RuneforgeCore","dr_ID.ini","C:\RUNEFOGE_PRO\runeforge-mvp\runeforge-mvp\retro\_downloads\PPSSPPWindowsARM64\assets\lang\dr_ID.ini","0.061","15/03/2026 11:52:35 a. m.","True"
"723B5A24A112D6B3F55402C539813BF35AC6DD9610C55578AEE6EB3A8A6ABCC5","2","DUPLICATE_REVIEW","RuneforgeCore","dr_ID.ini","C:\RUNEFOGE_PRO\runeforge\runeforge\app\retro\_downloads\PPSSPPWindowsARM64\assets\lang\dr_ID.ini","0.061","15/03/2026 11:52:35 a. m.","True"
"723B5A24A112D6B3F55402C539813BF35AC6DD9610C55578AEE6EB3A8A6ABCC5","3","DUPLICATE_REVIEW","RuneforgeCore","dr_ID.ini","C:\RUNEFOGE_PRO\runeforge\app\retro\_downloads\PPSSPPWindowsARM64\assets\lang\dr_ID.ini","0.061","15/03/2026 11:52:35 a. m.","True"
"72A18F629184E1B50066D4A0C75A8EC2B43F383023AD605117DE063BFA2B2986","1","KEEP_CANDIDATE","RuneforgeCore","general.ts","C:\RUNEFOGE_PRO\runeforge-v2-ready\runeforge-v2\src\modules\chat\skills\general.ts","0","13/04/2026 01:35:16 a. m.","True"
"72A18F629184E1B50066D4A0C75A8EC2B43F383023AD605117DE063BFA2B2986","2","DUPLICATE_REVIEW","RuneforgeCore","general.ts","C:\RUNEFOGE_PRO\RUNEFOGE_PRO\runeforge-v2-ready\runeforge-v2\src\modules\chat\skills\general.ts","0","13/04/2026 01:35:16 a. m.","False"
"7340347A552022FF340C5AF00C6C8A50961B2A644934DC84A2B7A9D58FEE0DA0","1","KEEP_CANDIDATE","RuneforgeCore","cuda.h","C:\RUNEFOGE_PRO\runeforge-mvp\runeforge-mvp\_archive\source-zips\Sunshine-master\Sunshine-master\src\platform\linux\cuda.h","0.003","21/03/2026 08:14:42 p. m.","True"
"7340347A552022FF340C5AF00C6C8A50961B2A644934DC84A2B7A9D58FEE0DA0","2","DUPLICATE_REVIEW","RuneforgeCore","cuda.h","C:\RUNEFOGE_PRO\runeforge\runeforge\app\_archive\source-zips\Sunshine-master\Sunshine-master\src\platform\linux\cuda.h","0.003","21/03/2026 08:14:42 p. m.","True"
"7340347A552022FF340C5AF00C6C8A50961B2A644934DC84A2B7A9D58FEE0DA0","3","DUPLICATE_REVIEW","RuneforgeCore","cuda.h","C:\RUNEFOGE_PRO\runeforge\app\_archive\source-zips\Sunshine-master\Sunshine-master\src\platform\linux\cuda.h","0.003","21/03/2026 08:14:42 p. m.","True"
"737DA5F35E6A0803AC698633B0245E4913A4B624769BC9681C366BBAE4230A1B","1","KEEP_CANDIDATE","RuneforgeCore","chat_perfil.json","C:\RUNEFOGE_PRO\runeforge\runeforge\docs\backend_perfil\chat_perfil.json","0","19/04/2026 04:49:00 a. m.","True"
"737DA5F35E6A0803AC698633B0245E4913A4B624769BC9681C366BBAE4230A1B","2","DUPLICATE_REVIEW","RuneforgeCore","chat_perfil.json","C:\RUNEFOGE_PRO\runeforge\docs\backend_perfil\chat_perfil.json","0","19/04/2026 04:49:00 a. m.","True"
"738D08253BAA7A32E409FBFBCA9802B5B725BCB379D41ACC228270A447404B0A","1","KEEP_CANDIDATE","RuneforgeCore","featured.html","C:\RUNEFOGE_PRO\runeforge-mvp\runeforge-mvp\_archive\source-zips\Sunshine-master\Sunshine-master\src_assets\common\assets\web\featured.html","0.015","21/03/2026 08:14:42 p. m.","True"
"738D08253BAA7A32E409FBFBCA9802B5B725BCB379D41ACC228270A447404B0A","2","DUPLICATE_REVIEW","RuneforgeCore","featured.html","C:\RUNEFOGE_PRO\runeforge\runeforge\app\_archive\source-zips\Sunshine-master\Sunshine-master\src_assets\common\assets\web\featured.html","0.015","21/03/2026 08:14:42 p. m.","True"
"738D08253BAA7A32E409FBFBCA9802B5B725BCB379D41ACC228270A447404B0A","3","DUPLICATE_REVIEW","RuneforgeCore","featured.html","C:\RUNEFOGE_PRO\runeforge\app\_archive\source-zips\Sunshine-master\Sunshine-master\src_assets\common\assets\web\featured.html","0.015","21/03/2026 08:14:42 p. m.","True"
"73D35C14602D8D297633C65C6C35A0EF2F9EAD9B15712B22428C8DF56D62CF96","1","KEEP_CANDIDATE","RuneforgeCore","validate_start.out.log","C:\RUNEFOGE_PRO\runeforge\runeforge\app\validate_start.out.log","0.001","19/04/2026 04:02:09 a. m.","True"
"73D35C14602D8D297633C65C6C35A0EF2F9EAD9B15712B22428C8DF56D62CF96","2","DUPLICATE_REVIEW","RuneforgeCore","validate_start.out.log","C:\RUNEFOGE_PRO\runeforge\app\validate_start.out.log","0.001","19/04/2026 04:02:09 a. m.","True"
"73E2BE1583900E32AA22F7D2440BFA291F12D3D446188848C32E79B19DEC25E0","1","KEEP_CANDIDATE","RuneforgeCore","client.ts","C:\RUNEFOGE_PRO\runeforge-v2-ready\runeforge-v2\src\db\client.ts","0","13/04/2026 01:35:16 a. m.","True"
"73E2BE1583900E32AA22F7D2440BFA291F12D3D446188848C32E79B19DEC25E0","2","DUPLICATE_REVIEW","RuneforgeCore","client.ts","C:\RUNEFOGE_PRO\RUNEFOGE_PRO\runeforge-v2-ready\runeforge-v2\src\db\client.ts","0","13/04/2026 01:35:16 a. m.","False"
"740D1567D6C261C26561C0A8477B14941587BF0CC8C65AF8241C1260340C8632","1","KEEP_CANDIDATE","RuneforgeCore","flathub.json","C:\RUNEFOGE_PRO\runeforge-mvp\runeforge-mvp\_archive\source-zips\Sunshine-master\Sunshine-master\packaging\linux\flatpak\flathub.json","0","21/03/2026 08:14:42 p. m.","True"
"740D1567D6C261C26561C0A8477B14941587BF0CC8C65AF8241C1260340C8632","2","DUPLICATE_REVIEW","RuneforgeCore","flathub.json","C:\RUNEFOGE_PRO\runeforge\runeforge\app\_archive\source-zips\Sunshine-master\Sunshine-master\packaging\linux\flatpak\flathub.json","0","21/03/2026 08:14:42 p. m.","True"
"740D1567D6C261C26561C0A8477B14941587BF0CC8C65AF8241C1260340C8632","3","DUPLICATE_REVIEW","RuneforgeCore","flathub.json","C:\RUNEFOGE_PRO\runeforge\app\_archive\source-zips\Sunshine-master\Sunshine-master\packaging\linux\flatpak\flathub.json","0","21/03/2026 08:14:42 p. m.","True"
"7581A06C4134CD6E0A1E10395C1E0C2AB7BAAE60C30F60B31D352E69DA389B08","1","KEEP_CANDIDATE","RuneforgeCore","featured-apps.png","C:\RUNEFOGE_PRO\runeforge-mvp\runeforge-mvp\_archive\source-zips\Sunshine-master\Sunshine-master\docs\images\featured-apps.png","0.188","21/03/2026 08:14:42 p. m.","True"
"7581A06C4134CD6E0A1E10395C1E0C2AB7BAAE60C30F60B31D352E69DA389B08","2","DUPLICATE_REVIEW","RuneforgeCore","featured-apps.png","C:\RUNEFOGE_PRO\runeforge\runeforge\app\_archive\source-zips\Sunshine-master\Sunshine-master\docs\images\featured-apps.png","0.188","21/03/2026 08:14:42 p. m.","True"
"7581A06C4134CD6E0A1E10395C1E0C2AB7BAAE60C30F60B31D352E69DA389B08","3","DUPLICATE_REVIEW","RuneforgeCore","featured-apps.png","C:\RUNEFOGE_PRO\runeforge\app\_archive\source-zips\Sunshine-master\Sunshine-master\docs\images\featured-apps.png","0.188","21/03/2026 08:14:42 p. m.","True"
"758BC7CE235213E94F78DCA6D159DC8A2FA9B04B928DDF76868ED98B4CBB551F","1","KEEP_CANDIDATE","RuneforgeCore","convert_yuv444_planar_ps_perceptual_quantizer.hlsl","C:\RUNEFOGE_PRO\runeforge-mvp\runeforge-mvp\_archive\source-zips\Sunshine-master\Sunshine-master\src_assets\windows\assets\shaders\directx\convert_yuv444_planar_ps_perceptual_quantizer.hlsl","0","21/03/2026 08:14:42 p. m.","True"
"758BC7CE235213E94F78DCA6D159DC8A2FA9B04B928DDF76868ED98B4CBB551F","2","DUPLICATE_REVIEW","RuneforgeCore","convert_yuv444_planar_ps_perceptual_quantizer.hlsl","C:\RUNEFOGE_PRO\runeforge\runeforge\app\_archive\source-zips\Sunshine-master\Sunshine-master\src_assets\windows\assets\shaders\directx\convert_yuv444_planar_ps_perceptual_quantizer.hlsl","0","21/03/2026 08:14:42 p. m.","True"
"758BC7CE235213E94F78DCA6D159DC8A2FA9B04B928DDF76868ED98B4CBB551F","3","DUPLICATE_REVIEW","RuneforgeCore","convert_yuv444_planar_ps_perceptual_quantizer.hlsl","C:\RUNEFOGE_PRO\runeforge\app\_archive\source-zips\Sunshine-master\Sunshine-master\src_assets\windows\assets\shaders\directx\convert_yuv444_planar_ps_perceptual_quantizer.hlsl","0","21/03/2026 08:14:42 p. m.","True"
"76359819CF91892512412575EA989E36DF12FAFA6895C80914C0CEAC22706338","1","KEEP_CANDIDATE","RuneforgeCore","tests_common.h","C:\RUNEFOGE_PRO\runeforge-mvp\runeforge-mvp\_archive\source-zips\Sunshine-master\Sunshine-master\tests\tests_common.h","0.005","21/03/2026 08:14:42 p. m.","True"
"76359819CF91892512412575EA989E36DF12FAFA6895C80914C0CEAC22706338","2","DUPLICATE_REVIEW","RuneforgeCore","tests_common.h","C:\RUNEFOGE_PRO\runeforge\runeforge\app\_archive\source-zips\Sunshine-master\Sunshine-master\tests\tests_common.h","0.005","21/03/2026 08:14:42 p. m.","True"
"76359819CF91892512412575EA989E36DF12FAFA6895C80914C0CEAC22706338","3","DUPLICATE_REVIEW","RuneforgeCore","tests_common.h","C:\RUNEFOGE_PRO\runeforge\app\_archive\source-zips\Sunshine-master\Sunshine-master\tests\tests_common.h","0.005","21/03/2026 08:14:42 p. m.","True"
"766D45E4FA516243F276681E7E7E77A232157D77CC8B9A220E7988A7F25109B0","1","KEEP_CANDIDATE","RuneforgeCore","router.ts","C:\RUNEFOGE_PRO\runeforge-v2-ready\runeforge-v2\src\modules\chat\router.ts","0","13/04/2026 01:35:16 a. m.","True"
"766D45E4FA516243F276681E7E7E77A232157D77CC8B9A220E7988A7F25109B0","2","DUPLICATE_REVIEW","RuneforgeCore","router.ts","C:\RUNEFOGE_PRO\RUNEFOGE_PRO\runeforge-v2-ready\runeforge-v2\src\modules\chat\router.ts","0","13/04/2026 01:35:16 a. m.","False"
"777794607AA2E6607E9882542042F11E7E80EDA9E89C35AF4626EF5500262858","1","KEEP_CANDIDATE","RuneforgeCore","Start-Runeforge-Shell.ps1","C:\RUNEFOGE_PRO\runeforge\runeforge\scripts\Start-Runeforge-Shell.ps1","0.012","24/04/2026 07:02:08 p. m.","True"
"777794607AA2E6607E9882542042F11E7E80EDA9E89C35AF4626EF5500262858","2","DUPLICATE_REVIEW","RuneforgeCore","Start-Runeforge-Shell.ps1.20260425_021248.launcher_backup","C:\RUNEFOGE_PRO\runeforge\backups\commander\Start-Runeforge-Shell.ps1.20260425_021248.launcher_backup","0.012","24/04/2026 07:02:08 p. m.","True"
"778A36840D3F7318FD5A296A441F9C606B8DBACF5F624BC72C7496B250BA9B60","1","KEEP_CANDIDATE","RuneforgeCore","test_av_audio.mm","C:\RUNEFOGE_PRO\runeforge-mvp\runeforge-mvp\_archive\source-zips\Sunshine-master\Sunshine-master\tests\unit\platform\macos\test_av_audio.mm","0.016","21/03/2026 08:14:42 p. m.","True"
"778A36840D3F7318FD5A296A441F9C606B8DBACF5F624BC72C7496B250BA9B60","2","DUPLICATE_REVIEW","RuneforgeCore","test_av_audio.mm","C:\RUNEFOGE_PRO\runeforge\runeforge\app\_archive\source-zips\Sunshine-master\Sunshine-master\tests\unit\platform\macos\test_av_audio.mm","0.016","21/03/2026 08:14:42 p. m.","True"
"778A36840D3F7318FD5A296A441F9C606B8DBACF5F624BC72C7496B250BA9B60","3","DUPLICATE_REVIEW","RuneforgeCore","test_av_audio.mm","C:\RUNEFOGE_PRO\runeforge\app\_archive\source-zips\Sunshine-master\Sunshine-master\tests\unit\platform\macos\test_av_audio.mm","0.016","21/03/2026 08:14:42 p. m.","True"
"77A288AB0E6B15A2DF9E2FEE607D9F71C0798B11CA55363BF71265FECC217D07","1","KEEP_CANDIDATE","RuneforgeCore","bg_BG.ini","C:\RUNEFOGE_PRO\runeforge-mvp\runeforge-mvp\retro\_downloads\PPSSPPWindowsARM64\assets\lang\bg_BG.ini","0.073","15/03/2026 11:52:35 a. m.","True"
"77A288AB0E6B15A2DF9E2FEE607D9F71C0798B11CA55363BF71265FECC217D07","2","DUPLICATE_REVIEW","RuneforgeCore","bg_BG.ini","C:\RUNEFOGE_PRO\runeforge\runeforge\app\retro\_downloads\PPSSPPWindowsARM64\assets\lang\bg_BG.ini","0.073","15/03/2026 11:52:35 a. m.","True"
"77A288AB0E6B15A2DF9E2FEE607D9F71C0798B11CA55363BF71265FECC217D07","3","DUPLICATE_REVIEW","RuneforgeCore","bg_BG.ini","C:\RUNEFOGE_PRO\runeforge\app\retro\_downloads\PPSSPPWindowsARM64\assets\lang\bg_BG.ini","0.073","15/03/2026 11:52:35 a. m.","True"
"7877AE2D06EB7008BE89DF6ED91E231D166CEF84B03B59B5259ECE4B046BA865","1","KEEP_CANDIDATE","RuneforgeCore","network.h","C:\RUNEFOGE_PRO\runeforge-mvp\runeforge-mvp\_archive\source-zips\Sunshine-master\Sunshine-master\src\network.h","0.003","21/03/2026 08:14:42 p. m.","True"
"7877AE2D06EB7008BE89DF6ED91E231D166CEF84B03B59B5259ECE4B046BA865","2","DUPLICATE_REVIEW","RuneforgeCore","network.h","C:\RUNEFOGE_PRO\runeforge\runeforge\app\_archive\source-zips\Sunshine-master\Sunshine-master\src\network.h","0.003","21/03/2026 08:14:42 p. m.","True"
"7877AE2D06EB7008BE89DF6ED91E231D166CEF84B03B59B5259ECE4B046BA865","3","DUPLICATE_REVIEW","RuneforgeCore","network.h","C:\RUNEFOGE_PRO\runeforge\app\_archive\source-zips\Sunshine-master\Sunshine-master\src\network.h","0.003","21/03/2026 08:14:42 p. m.","True"
"78E9936E93E411BA8B703CAD2D0427E47E8E18C12BB7ED09412031BFC7BD96E8","1","KEEP_CANDIDATE","RuneforgeCore","FindLibva.cmake","C:\RUNEFOGE_PRO\runeforge-mvp\runeforge-mvp\_archive\source-zips\Sunshine-master\Sunshine-master\cmake\FindLibva.cmake","0.002","21/03/2026 08:14:42 p. m.","True"
"78E9936E93E411BA8B703CAD2D0427E47E8E18C12BB7ED09412031BFC7BD96E8","2","DUPLICATE_REVIEW","RuneforgeCore","FindLibva.cmake","C:\RUNEFOGE_PRO\runeforge\runeforge\app\_archive\source-zips\Sunshine-master\Sunshine-master\cmake\FindLibva.cmake","0.002","21/03/2026 08:14:42 p. m.","True"
"78E9936E93E411BA8B703CAD2D0427E47E8E18C12BB7ED09412031BFC7BD96E8","3","DUPLICATE_REVIEW","RuneforgeCore","FindLibva.cmake","C:\RUNEFOGE_PRO\runeforge\app\_archive\source-zips\Sunshine-master\Sunshine-master\cmake\FindLibva.cmake","0.002","21/03/2026 08:14:42 p. m.","True"
"7928CEB0C88209FA5D2E03CEC59C59CF48A79DB1EFBD23CD3C9A336BBD914EA7","1","KEEP_CANDIDATE","RuneforgeCore","validate_start.err.log","C:\RUNEFOGE_PRO\runeforge\runeforge\app\validate_start.err.log","0.001","19/04/2026 03:45:07 a. m.","True"
"7928CEB0C88209FA5D2E03CEC59C59CF48A79DB1EFBD23CD3C9A336BBD914EA7","2","DUPLICATE_REVIEW","RuneforgeCore","validate_start.err.log","C:\RUNEFOGE_PRO\runeforge\app\validate_start.err.log","0.001","19/04/2026 03:45:07 a. m.","True"
"79AAB3AB8BF283EEFB2DE8C141DA77F85DA268DAF9C7929ADCBA96E5C15052FF","1","KEEP_CANDIDATE","RuneforgeCore","convert_yuv420_packed_uv_type0_ps.hlsl","C:\RUNEFOGE_PRO\runeforge-mvp\runeforge-mvp\_archive\source-zips\Sunshine-master\Sunshine-master\src_assets\windows\assets\shaders\directx\convert_yuv420_packed_uv_type0_ps.hlsl","0","21/03/2026 08:14:42 p. m.","True"
"79AAB3AB8BF283EEFB2DE8C141DA77F85DA268DAF9C7929ADCBA96E5C15052FF","2","DUPLICATE_REVIEW","RuneforgeCore","convert_yuv420_packed_uv_type0_ps.hlsl","C:\RUNEFOGE_PRO\runeforge\runeforge\app\_archive\source-zips\Sunshine-master\Sunshine-master\src_assets\windows\assets\shaders\directx\convert_yuv420_packed_uv_type0_ps.hlsl","0","21/03/2026 08:14:42 p. m.","True"
"79AAB3AB8BF283EEFB2DE8C141DA77F85DA268DAF9C7929ADCBA96E5C15052FF","3","DUPLICATE_REVIEW","RuneforgeCore","convert_yuv420_packed_uv_type0_ps.hlsl","C:\RUNEFOGE_PRO\runeforge\app\_archive\source-zips\Sunshine-master\Sunshine-master\src_assets\windows\assets\shaders\directx\convert_yuv420_packed_uv_type0_ps.hlsl","0","21/03/2026 08:14:42 p. m.","True"
"7A046ED71CC700DBA4F90FF42E66EBD4B292281D3D2899202C3E370AA7C26EF9","1","KEEP_CANDIDATE","RuneforgeCore","vfpu_asin_lut65536.dat","C:\RUNEFOGE_PRO\runeforge-mvp\runeforge-mvp\retro\_downloads\PPSSPPWindowsARM64\assets\vfpu\vfpu_asin_lut65536.dat","0.001","15/03/2026 11:52:35 a. m.","True"
"7A046ED71CC700DBA4F90FF42E66EBD4B292281D3D2899202C3E370AA7C26EF9","2","DUPLICATE_REVIEW","RuneforgeCore","vfpu_asin_lut65536.dat","C:\RUNEFOGE_PRO\runeforge\runeforge\app\retro\_downloads\PPSSPPWindowsARM64\assets\vfpu\vfpu_asin_lut65536.dat","0.001","15/03/2026 11:52:35 a. m.","True"
"7A046ED71CC700DBA4F90FF42E66EBD4B292281D3D2899202C3E370AA7C26EF9","3","DUPLICATE_REVIEW","RuneforgeCore","vfpu_asin_lut65536.dat","C:\RUNEFOGE_PRO\runeforge\app\retro\_downloads\PPSSPPWindowsARM64\assets\vfpu\vfpu_asin_lut65536.dat","0.001","15/03/2026 11:52:35 a. m.","True"
"7A0C42D5652C0FA48F457072B02A87F949E747D3F8A04F25BFA861FC2B85B01D","1","KEEP_CANDIDATE","RuneforgeCore","vfpu_exp2_lut65536.dat","C:\RUNEFOGE_PRO\runeforge-mvp\runeforge-mvp\retro\_downloads\PPSSPPWindowsARM64\assets\vfpu\vfpu_exp2_lut65536.dat","0","15/03/2026 11:52:35 a. m.","True"
"7A0C42D5652C0FA48F457072B02A87F949E747D3F8A04F25BFA861FC2B85B01D","2","DUPLICATE_REVIEW","RuneforgeCore","vfpu_exp2_lut65536.dat","C:\RUNEFOGE_PRO\runeforge\runeforge\app\retro\_downloads\PPSSPPWindowsARM64\assets\vfpu\vfpu_exp2_lut65536.dat","0","15/03/2026 11:52:35 a. m.","True"
"7A0C42D5652C0FA48F457072B02A87F949E747D3F8A04F25BFA861FC2B85B01D","3","DUPLICATE_REVIEW","RuneforgeCore","vfpu_exp2_lut65536.dat","C:\RUNEFOGE_PRO\runeforge\app\retro\_downloads\PPSSPPWindowsARM64\assets\vfpu\vfpu_exp2_lut65536.dat","0","15/03/2026 11:52:35 a. m.","True"
"7A11D673B4083F5BF10D9D89940B8065C5E47FCE67B977923AE9844214EBDFFD","1","KEEP_CANDIDATE","RuneforgeCore","_release-notifier.yml","C:\RUNEFOGE_PRO\runeforge-mvp\runeforge-mvp\_archive\source-zips\Sunshine-master\Sunshine-master\.github\workflows\_release-notifier.yml","0.001","21/03/2026 08:14:42 p. m.","True"
"7A11D673B4083F5BF10D9D89940B8065C5E47FCE67B977923AE9844214EBDFFD","2","DUPLICATE_REVIEW","RuneforgeCore","_release-notifier.yml","C:\RUNEFOGE_PRO\runeforge\runeforge\app\_archive\source-zips\Sunshine-master\Sunshine-master\.github\workflows\_release-notifier.yml","0.001","21/03/2026 08:14:42 p. m.","True"
"7A11D673B4083F5BF10D9D89940B8065C5E47FCE67B977923AE9844214EBDFFD","3","DUPLICATE_REVIEW","RuneforgeCore","_release-notifier.yml","C:\RUNEFOGE_PRO\runeforge\app\_archive\source-zips\Sunshine-master\Sunshine-master\.github\workflows\_release-notifier.yml","0.001","21/03/2026 08:14:42 p. m.","True"
"7A11E8F28F088ABE689BBADE864B9FDDFD992D7D0866A4D43EAB992A2C451E62","1","KEEP_CANDIDATE","RuneforgeCore","file_handler.cpp","C:\RUNEFOGE_PRO\runeforge-mvp\runeforge-mvp\_archive\source-zips\Sunshine-master\Sunshine-master\src\file_handler.cpp","0.001","21/03/2026 08:14:42 p. m.","True"
"7A11E8F28F088ABE689BBADE864B9FDDFD992D7D0866A4D43EAB992A2C451E62","2","DUPLICATE_REVIEW","RuneforgeCore","file_handler.cpp","C:\RUNEFOGE_PRO\runeforge\runeforge\app\_archive\source-zips\Sunshine-master\Sunshine-master\src\file_handler.cpp","0.001","21/03/2026 08:14:42 p. m.","True"
"7A11E8F28F088ABE689BBADE864B9FDDFD992D7D0866A4D43EAB992A2C451E62","3","DUPLICATE_REVIEW","RuneforgeCore","file_handler.cpp","C:\RUNEFOGE_PRO\runeforge\app\_archive\source-zips\Sunshine-master\Sunshine-master\src\file_handler.cpp","0.001","21/03/2026 08:14:42 p. m.","True"
"7A133858A738CC0F4B17DBA8E78EEB3E0AAB11572A9EE2C5552A604658322BA2","1","KEEP_CANDIDATE","RuneforgeCore","apps.html","C:\RUNEFOGE_PRO\runeforge-mvp\runeforge-mvp\_archive\source-zips\Sunshine-master\Sunshine-master\src_assets\common\assets\web\apps.html","0.033","21/03/2026 08:14:42 p. m.","True"
"7A133858A738CC0F4B17DBA8E78EEB3E0AAB11572A9EE2C5552A604658322BA2","2","DUPLICATE_REVIEW","RuneforgeCore","apps.html","C:\RUNEFOGE_PRO\runeforge\runeforge\app\_archive\source-zips\Sunshine-master\Sunshine-master\src_assets\common\assets\web\apps.html","0.033","21/03/2026 08:14:42 p. m.","True"
"7A133858A738CC0F4B17DBA8E78EEB3E0AAB11572A9EE2C5552A604658322BA2","3","DUPLICATE_REVIEW","RuneforgeCore","apps.html","C:\RUNEFOGE_PRO\runeforge\app\_archive\source-zips\Sunshine-master\Sunshine-master\src_assets\common\assets\web\apps.html","0.033","21/03/2026 08:14:42 p. m.","True"
"7A1A62DE911C37EA0F88056360D9E6F0BC753C183246259A078B446C16F881BE","1","KEEP_CANDIDATE","RuneforgeCore","undo_data.h","C:\RUNEFOGE_PRO\runeforge-mvp\runeforge-mvp\_archive\source-zips\Sunshine-master\Sunshine-master\src\platform\windows\nvprefs\undo_data.h","0.001","21/03/2026 08:14:42 p. m.","True"
"7A1A62DE911C37EA0F88056360D9E6F0BC753C183246259A078B446C16F881BE","2","DUPLICATE_REVIEW","RuneforgeCore","undo_data.h","C:\RUNEFOGE_PRO\runeforge\runeforge\app\_archive\source-zips\Sunshine-master\Sunshine-master\src\platform\windows\nvprefs\undo_data.h","0.001","21/03/2026 08:14:42 p. m.","True"
"7A1A62DE911C37EA0F88056360D9E6F0BC753C183246259A078B446C16F881BE","3","DUPLICATE_REVIEW","RuneforgeCore","undo_data.h","C:\RUNEFOGE_PRO\runeforge\app\_archive\source-zips\Sunshine-master\Sunshine-master\src\platform\windows\nvprefs\undo_data.h","0.001","21/03/2026 08:14:42 p. m.","True"
"7A7115DECE0AE976DC962B2C0DF87E9B14491C33706C19E3854022C13EE83DF8","1","KEEP_CANDIDATE","RuneforgeCore","building.md","C:\RUNEFOGE_PRO\runeforge-mvp\runeforge-mvp\_archive\source-zips\Sunshine-master\Sunshine-master\docs\building.md","0.006","21/03/2026 08:14:42 p. m.","True"
"7A7115DECE0AE976DC962B2C0DF87E9B14491C33706C19E3854022C13EE83DF8","2","DUPLICATE_REVIEW","RuneforgeCore","building.md","C:\RUNEFOGE_PRO\runeforge\runeforge\app\_archive\source-zips\Sunshine-master\Sunshine-master\docs\building.md","0.006","21/03/2026 08:14:42 p. m.","True"
"7A7115DECE0AE976DC962B2C0DF87E9B14491C33706C19E3854022C13EE83DF8","3","DUPLICATE_REVIEW","RuneforgeCore","building.md","C:\RUNEFOGE_PRO\runeforge\app\_archive\source-zips\Sunshine-master\Sunshine-master\docs\building.md","0.006","21/03/2026 08:14:42 p. m.","True"
"7AB8472E95CE37439DD794F07A98F11E3D43803B9E2A1D89844130DE800205A4","1","KEEP_CANDIDATE","RuneforgeCore","tests_environment.h","C:\RUNEFOGE_PRO\runeforge-mvp\runeforge-mvp\_archive\source-zips\Sunshine-master\Sunshine-master\tests\tests_environment.h","0","21/03/2026 08:14:42 p. m.","True"
"7AB8472E95CE37439DD794F07A98F11E3D43803B9E2A1D89844130DE800205A4","2","DUPLICATE_REVIEW","RuneforgeCore","tests_environment.h","C:\RUNEFOGE_PRO\runeforge\runeforge\app\_archive\source-zips\Sunshine-master\Sunshine-master\tests\tests_environment.h","0","21/03/2026 08:14:42 p. m.","True"
"7AB8472E95CE37439DD794F07A98F11E3D43803B9E2A1D89844130DE800205A4","3","DUPLICATE_REVIEW","RuneforgeCore","tests_environment.h","C:\RUNEFOGE_PRO\runeforge\app\_archive\source-zips\Sunshine-master\Sunshine-master\tests\tests_environment.h","0","21/03/2026 08:14:42 p. m.","True"
"7ACBCA8BC39EF16A6C98CB81730FA38531277799B42CB49687ECA1C6C78558BB","1","KEEP_CANDIDATE","RuneforgeCore","xvfb.json","C:\RUNEFOGE_PRO\runeforge-mvp\runeforge-mvp\_archive\source-zips\Sunshine-master\Sunshine-master\packaging\linux\flatpak\modules\xvfb\xvfb.json","0.004","21/03/2026 08:14:42 p. m.","True"
"7ACBCA8BC39EF16A6C98CB81730FA38531277799B42CB49687ECA1C6C78558BB","2","DUPLICATE_REVIEW","RuneforgeCore","xvfb.json","C:\RUNEFOGE_PRO\runeforge\runeforge\app\_archive\source-zips\Sunshine-master\Sunshine-master\packaging\linux\flatpak\modules\xvfb\xvfb.json","0.004","21/03/2026 08:14:42 p. m.","True"
"7ACBCA8BC39EF16A6C98CB81730FA38531277799B42CB49687ECA1C6C78558BB","3","DUPLICATE_REVIEW","RuneforgeCore","xvfb.json","C:\RUNEFOGE_PRO\runeforge\app\_archive\source-zips\Sunshine-master\Sunshine-master\packaging\linux\flatpak\modules\xvfb\xvfb.json","0.004","21/03/2026 08:14:42 p. m.","True"
"7B092B18BE8EC306E65D17A682A76D7D94FB54F98503EDC4EFFC6CE073689BCF","1","KEEP_CANDIDATE","RuneforgeCore","stop-sunshine.ps1","C:\RUNEFOGE_PRO\runeforge-mvp\runeforge-mvp\ops\games\stop-sunshine.ps1","0","21/03/2026 09:07:58 p. m.","True"
"7B092B18BE8EC306E65D17A682A76D7D94FB54F98503EDC4EFFC6CE073689BCF","2","DUPLICATE_REVIEW","RuneforgeCore","stop-sunshine.ps1","C:\RUNEFOGE_PRO\runeforge\runeforge\app\ops\games\stop-sunshine.ps1","0","21/03/2026 09:07:58 p. m.","True"
"7B092B18BE8EC306E65D17A682A76D7D94FB54F98503EDC4EFFC6CE073689BCF","3","DUPLICATE_REVIEW","RuneforgeCore","stop-sunshine.ps1","C:\RUNEFOGE_PRO\runeforge\app\ops\games\stop-sunshine.ps1","0","21/03/2026 09:07:58 p. m.","True"
"7B2073762DE29DFE46BBD7A3FCE01231D22EA274C117C26CE35341645030AA8D","1","KEEP_CANDIDATE","RuneforgeCore","prompt_security_audit.txt","C:\RUNEFOGE_PRO\runeforge\runeforge\data\commander\snippets\prompt_security_audit.txt","0","24/04/2026 01:04:37 a. m.","True"
"7B2073762DE29DFE46BBD7A3FCE01231D22EA274C117C26CE35341645030AA8D","2","DUPLICATE_REVIEW","RuneforgeCore","prompt_security_audit.txt","C:\RUNEFOGE_PRO\runeforge\data\commander\snippets\prompt_security_audit.txt","0","24/04/2026 01:04:37 a. m.","True"
"7B4AC77977001F42B75EF8B713FD42983C906050311A3D7D1582E307753323DA","1","KEEP_CANDIDATE","RuneforgeCore","sentinel.routes.js","C:\RUNEFOGE_PRO\runeforge-mvp\runeforge-mvp\src\modules\sentinel\sentinel.routes.js","0","20/03/2026 06:15:07 a. m.","True"
"7B4AC77977001F42B75EF8B713FD42983C906050311A3D7D1582E307753323DA","2","DUPLICATE_REVIEW","RuneforgeCore","sentinel.routes.js","C:\RUNEFOGE_PRO\runeforge-mvp\runeforge-mvp\runeforge-mvp\src\modules\sentinel\sentinel.routes.js","0","20/03/2026 12:15:06 a. m.","True"
"7B4AC77977001F42B75EF8B713FD42983C906050311A3D7D1582E307753323DA","3","DUPLICATE_REVIEW","RuneforgeCore","sentinel.routes.js","C:\RUNEFOGE_PRO\runeforge\runeforge\app\src\modules\sentinel\sentinel.routes.js","0","20/03/2026 12:15:06 a. m.","True"
"7B4AC77977001F42B75EF8B713FD42983C906050311A3D7D1582E307753323DA","4","DUPLICATE_REVIEW","RuneforgeCore","sentinel.routes.js","C:\RUNEFOGE_PRO\runeforge\app\src\modules\sentinel\sentinel.routes.js","0","20/03/2026 12:15:06 a. m.","True"
"7BABAFF14145482CD3C2D464C0C197E6DC6D98289D0FB43AAA9B300991890915","1","KEEP_CANDIDATE","RuneforgeCore","release-notifier-moonlight.yml","C:\RUNEFOGE_PRO\runeforge-mvp\runeforge-mvp\_archive\source-zips\Sunshine-master\Sunshine-master\.github\workflows\release-notifier-moonlight.yml","0.001","21/03/2026 08:14:42 p. m.","True"
"7BABAFF14145482CD3C2D464C0C197E6DC6D98289D0FB43AAA9B300991890915","2","DUPLICATE_REVIEW","RuneforgeCore","release-notifier-moonlight.yml","C:\RUNEFOGE_PRO\runeforge\runeforge\app\_archive\source-zips\Sunshine-master\Sunshine-master\.github\workflows\release-notifier-moonlight.yml","0.001","21/03/2026 08:14:42 p. m.","True"
"7BABAFF14145482CD3C2D464C0C197E6DC6D98289D0FB43AAA9B300991890915","3","DUPLICATE_REVIEW","RuneforgeCore","release-notifier-moonlight.yml","C:\RUNEFOGE_PRO\runeforge\app\_archive\source-zips\Sunshine-master\Sunshine-master\.github\workflows\release-notifier-moonlight.yml","0.001","21/03/2026 08:14:42 p. m.","True"
"7BE4C8C5A5B1D86543A31FC88CFD070F53178A5E013B4057D9726BFEC12C782B","1","KEEP_CANDIDATE","RuneforgeCore","index.html","C:\RUNEFOGE_PRO\runeforge-mvp\runeforge-mvp\retro\_downloads\PPSSPPWindowsARM64\assets\debugger\index.html","0.001","15/03/2026 11:53:07 a. m.","True"
"7BE4C8C5A5B1D86543A31FC88CFD070F53178A5E013B4057D9726BFEC12C782B","2","DUPLICATE_REVIEW","RuneforgeCore","index.html","C:\RUNEFOGE_PRO\runeforge\runeforge\app\retro\_downloads\PPSSPPWindowsARM64\assets\debugger\index.html","0.001","15/03/2026 11:53:07 a. m.","True"
"7BE4C8C5A5B1D86543A31FC88CFD070F53178A5E013B4057D9726BFEC12C782B","3","DUPLICATE_REVIEW","RuneforgeCore","index.html","C:\RUNEFOGE_PRO\runeforge\app\retro\_downloads\PPSSPPWindowsARM64\assets\debugger\index.html","0.001","15/03/2026 11:53:07 a. m.","True"
"7C63BF468DE613EBE8A46E40FA42FC503385BAF806F6C2FFAD19DF079706E354","1","KEEP_CANDIDATE","RuneforgeCore","code_status_check.ps1","C:\RUNEFOGE_PRO\runeforge\runeforge\data\commander\snippets\code_status_check.ps1","0.001","24/04/2026 01:04:37 a. m.","True"
"7C63BF468DE613EBE8A46E40FA42FC503385BAF806F6C2FFAD19DF079706E354","2","DUPLICATE_REVIEW","RuneforgeCore","code_status_check.ps1","C:\RUNEFOGE_PRO\runeforge\data\commander\snippets\code_status_check.ps1","0.001","24/04/2026 01:04:37 a. m.","True"
"7CB000B568F67298AAA441510DB8B83417516152B6B6AECD171AEB318B28EB4C","1","KEEP_CANDIDATE","RuneforgeCore","ci-windows.yml","C:\RUNEFOGE_PRO\runeforge-mvp\runeforge-mvp\_archive\source-zips\Sunshine-master\Sunshine-master\.github\workflows\ci-windows.yml","0.012","21/03/2026 08:14:42 p. m.","True"
"7CB000B568F67298AAA441510DB8B83417516152B6B6AECD171AEB318B28EB4C","2","DUPLICATE_REVIEW","RuneforgeCore","ci-windows.yml","C:\RUNEFOGE_PRO\runeforge\runeforge\app\_archive\source-zips\Sunshine-master\Sunshine-master\.github\workflows\ci-windows.yml","0.012","21/03/2026 08:14:42 p. m.","True"
"7CB000B568F67298AAA441510DB8B83417516152B6B6AECD171AEB318B28EB4C","3","DUPLICATE_REVIEW","RuneforgeCore","ci-windows.yml","C:\RUNEFOGE_PRO\runeforge\app\_archive\source-zips\Sunshine-master\Sunshine-master\.github\workflows\ci-windows.yml","0.012","21/03/2026 08:14:42 p. m.","True"
"7CCC4A1375A0692123151EF33C68BB6FFBA278C67CE2983C7B9A97A251A385D6","1","KEEP_CANDIDATE","RuneforgeCore","beacon.routes.js","C:\RUNEFOGE_PRO\runeforge-mvp\runeforge-mvp\src\modules\beacon\beacon.routes.js","0.001","20/03/2026 06:15:07 a. m.","True"
"7CCC4A1375A0692123151EF33C68BB6FFBA278C67CE2983C7B9A97A251A385D6","2","DUPLICATE_REVIEW","RuneforgeCore","beacon.routes.js","C:\RUNEFOGE_PRO\runeforge-mvp\runeforge-mvp\runeforge-mvp\src\modules\beacon\beacon.routes.js","0.001","20/03/2026 12:15:06 a. m.","True"
"7CCC4A1375A0692123151EF33C68BB6FFBA278C67CE2983C7B9A97A251A385D6","3","DUPLICATE_REVIEW","RuneforgeCore","beacon.routes.js","C:\RUNEFOGE_PRO\runeforge\runeforge\app\src\modules\beacon\beacon.routes.js","0.001","20/03/2026 12:15:06 a. m.","True"
"7CCC4A1375A0692123151EF33C68BB6FFBA278C67CE2983C7B9A97A251A385D6","4","DUPLICATE_REVIEW","RuneforgeCore","beacon.routes.js","C:\RUNEFOGE_PRO\runeforge\app\src\modules\beacon\beacon.routes.js","0.001","20/03/2026 12:15:06 a. m.","True"
"7D00E2A4829AD55728A86CA8A2364C514893C72AD4E9C09A9272E232903F0377","1","KEEP_CANDIDATE","RuneforgeCore","libevdev.json","C:\RUNEFOGE_PRO\runeforge-mvp\runeforge-mvp\_archive\source-zips\Sunshine-master\Sunshine-master\packaging\linux\flatpak\modules\libevdev.json","0.001","21/03/2026 08:14:42 p. m.","True"
"7D00E2A4829AD55728A86CA8A2364C514893C72AD4E9C09A9272E232903F0377","2","DUPLICATE_REVIEW","RuneforgeCore","libevdev.json","C:\RUNEFOGE_PRO\runeforge\runeforge\app\_archive\source-zips\Sunshine-master\Sunshine-master\packaging\linux\flatpak\modules\libevdev.json","0.001","21/03/2026 08:14:42 p. m.","True"
"7D00E2A4829AD55728A86CA8A2364C514893C72AD4E9C09A9272E232903F0377","3","DUPLICATE_REVIEW","RuneforgeCore","libevdev.json","C:\RUNEFOGE_PRO\runeforge\app\_archive\source-zips\Sunshine-master\Sunshine-master\packaging\linux\flatpak\modules\libevdev.json","0.001","21/03/2026 08:14:42 p. m.","True"
"7D3662F4A8F61C2FCE58B0B2FE6E0362887B329DA1287339EE175E62DD50C587","1","KEEP_CANDIDATE","RuneforgeCore","cuda.json","C:\RUNEFOGE_PRO\runeforge-mvp\runeforge-mvp\_archive\source-zips\Sunshine-master\Sunshine-master\packaging\linux\flatpak\modules\cuda.json","0.001","21/03/2026 08:14:42 p. m.","True"
"7D3662F4A8F61C2FCE58B0B2FE6E0362887B329DA1287339EE175E62DD50C587","2","DUPLICATE_REVIEW","RuneforgeCore","cuda.json","C:\RUNEFOGE_PRO\runeforge\runeforge\app\_archive\source-zips\Sunshine-master\Sunshine-master\packaging\linux\flatpak\modules\cuda.json","0.001","21/03/2026 08:14:42 p. m.","True"
"7D3662F4A8F61C2FCE58B0B2FE6E0362887B329DA1287339EE175E62DD50C587","3","DUPLICATE_REVIEW","RuneforgeCore","cuda.json","C:\RUNEFOGE_PRO\runeforge\app\_archive\source-zips\Sunshine-master\Sunshine-master\packaging\linux\flatpak\modules\cuda.json","0.001","21/03/2026 08:14:42 p. m.","True"
"7D47BE0ADD326FE4DE1944446A7AAF3B4B66ACC2A75B2C7DAA8BF7F12F9B7BD1","1","KEEP_CANDIDATE","RuneforgeCore",".gitignore","C:\RUNEFOGE_PRO\runeforge-mvp\runeforge-mvp\_archive\source-zips\Sunshine-master\Sunshine-master\.gitignore","0","21/03/2026 08:14:42 p. m.","True"
"7D47BE0ADD326FE4DE1944446A7AAF3B4B66ACC2A75B2C7DAA8BF7F12F9B7BD1","2","DUPLICATE_REVIEW","RuneforgeCore",".gitignore","C:\RUNEFOGE_PRO\runeforge\runeforge\app\_archive\source-zips\Sunshine-master\Sunshine-master\.gitignore","0","21/03/2026 08:14:42 p. m.","True"
"7D47BE0ADD326FE4DE1944446A7AAF3B4B66ACC2A75B2C7DAA8BF7F12F9B7BD1","3","DUPLICATE_REVIEW","RuneforgeCore",".gitignore","C:\RUNEFOGE_PRO\runeforge\app\_archive\source-zips\Sunshine-master\Sunshine-master\.gitignore","0","21/03/2026 08:14:42 p. m.","True"
"7D6A937188436AFF77135FC6F849915FE757ED7B05081F1043FC8793CB3DC254","1","KEEP_CANDIDATE","RuneforgeCore","package-lock.json","C:\RUNEFOGE_PRO\runeforge-mvp\runeforge-mvp\runeforge-mvp\package-lock.json","0.041","27/03/2026 01:17:01 a. m.","True"
"7D6A937188436AFF77135FC6F849915FE757ED7B05081F1043FC8793CB3DC254","2","DUPLICATE_REVIEW","RuneforgeCore","package-lock.json","C:\RUNEFOGE_PRO\runeforge\runeforge\app\package-lock.json","0.041","27/03/2026 01:17:01 a. m.","True"
"7D6A937188436AFF77135FC6F849915FE757ED7B05081F1043FC8793CB3DC254","3","DUPLICATE_REVIEW","RuneforgeCore","package-lock.json","C:\RUNEFOGE_PRO\runeforge\app\package-lock.json","0.041","27/03/2026 01:17:01 a. m.","True"
"7D6A937188436AFF77135FC6F849915FE757ED7B05081F1043FC8793CB3DC254","4","DUPLICATE_REVIEW","RuneforgeCore","package-lock.json","C:\RUNEFOGE_PRO\runeforge-mvp\runeforge-mvp\package-lock.json","0.041","26/03/2026 12:51:28 p. m.","True"
"7D83F84C5F266B4745D78366A4661A1B92871807FBD921DC6D5D4A5BE2395827","1","KEEP_CANDIDATE","RuneforgeCore","troubleshooting.html","C:\RUNEFOGE_PRO\runeforge-mvp\runeforge-mvp\_archive\source-zips\Sunshine-master\Sunshine-master\src_assets\common\assets\web\troubleshooting.html","0.023","21/03/2026 08:14:42 p. m.","True"
"7D83F84C5F266B4745D78366A4661A1B92871807FBD921DC6D5D4A5BE2395827","2","DUPLICATE_REVIEW","RuneforgeCore","troubleshooting.html","C:\RUNEFOGE_PRO\runeforge\runeforge\app\_archive\source-zips\Sunshine-master\Sunshine-master\src_assets\common\assets\web\troubleshooting.html","0.023","21/03/2026 08:14:42 p. m.","True"
"7D83F84C5F266B4745D78366A4661A1B92871807FBD921DC6D5D4A5BE2395827","3","DUPLICATE_REVIEW","RuneforgeCore","troubleshooting.html","C:\RUNEFOGE_PRO\runeforge\app\_archive\source-zips\Sunshine-master\Sunshine-master\src_assets\common\assets\web\troubleshooting.html","0.023","21/03/2026 08:14:42 p. m.","True"
"7E26DC2902B2C8D9142537BE693B49E2EBF77EAED70B7109186CCB3E181760C8","1","KEEP_CANDIDATE","RuneforgeCore",".env.example","C:\RUNEFOGE_PRO\runeforge-v2-ready\runeforge-v2\.env.example","0","13/04/2026 01:35:15 a. m.","True"
"7E26DC2902B2C8D9142537BE693B49E2EBF77EAED70B7109186CCB3E181760C8","2","DUPLICATE_REVIEW","RuneforgeCore",".env.example","C:\RUNEFOGE_PRO\RUNEFOGE_PRO\runeforge-v2-ready\runeforge-v2\.env.example","0","13/04/2026 01:35:15 a. m.","False"
"7E4B785E3577FE31A51AD35DD15EB0CD23E0A8AE966FCDEE90FC20753389AE01","1","KEEP_CANDIDATE","RuneforgeCore","index.html","C:\RUNEFOGE_PRO\runeforge-mvp\runeforge-mvp\retro\_downloads\PPSSPPWindowsARM64\assets\upload\index.html","0.011","15/03/2026 11:52:35 a. m.","True"
"7E4B785E3577FE31A51AD35DD15EB0CD23E0A8AE966FCDEE90FC20753389AE01","2","DUPLICATE_REVIEW","RuneforgeCore","index.html","C:\RUNEFOGE_PRO\runeforge\runeforge\app\retro\_downloads\PPSSPPWindowsARM64\assets\upload\index.html","0.011","15/03/2026 11:52:35 a. m.","True"
"7E4B785E3577FE31A51AD35DD15EB0CD23E0A8AE966FCDEE90FC20753389AE01","3","DUPLICATE_REVIEW","RuneforgeCore","index.html","C:\RUNEFOGE_PRO\runeforge\app\retro\_downloads\PPSSPPWindowsARM64\assets\upload\index.html","0.011","15/03/2026 11:52:35 a. m.","True"
"7EA8566A27A76E1950E0FED1E8042FC6F3AB5C011F090AE1988A62C817D46082","1","KEEP_CANDIDATE","RuneforgeCore","test_video.cpp","C:\RUNEFOGE_PRO\runeforge-mvp\runeforge-mvp\_archive\source-zips\Sunshine-master\Sunshine-master\tests\unit\test_video.cpp","0.002","21/03/2026 08:14:42 p. m.","True"
"7EA8566A27A76E1950E0FED1E8042FC6F3AB5C011F090AE1988A62C817D46082","2","DUPLICATE_REVIEW","RuneforgeCore","test_video.cpp","C:\RUNEFOGE_PRO\runeforge\runeforge\app\_archive\source-zips\Sunshine-master\Sunshine-master\tests\unit\test_video.cpp","0.002","21/03/2026 08:14:42 p. m.","True"
"7EA8566A27A76E1950E0FED1E8042FC6F3AB5C011F090AE1988A62C817D46082","3","DUPLICATE_REVIEW","RuneforgeCore","test_video.cpp","C:\RUNEFOGE_PRO\runeforge\app\_archive\source-zips\Sunshine-master\Sunshine-master\tests\unit\test_video.cpp","0.002","21/03/2026 08:14:42 p. m.","True"
"7EB70257593DA06F682A3DDDA54A9D260D4FC514F645237F5CA74B08F8DA61A6","1","KEEP_CANDIDATE","RuneforgeCore","fix03e-termius-openssh-events.txt","C:\RUNEFOGE_PRO\runeforge\data\audits\security_fix03e_ssh_termius_failure_20260425_035035\fix03e-termius-openssh-events.txt","0","25/04/2026 03:50:36 a. m.","True"
"7EB70257593DA06F682A3DDDA54A9D260D4FC514F645237F5CA74B08F8DA61A6","2","DUPLICATE_REVIEW","RuneforgeCore","fix03e-ssh-events.txt","C:\RUNEFOGE_PRO\runeforge\data\audits\security_fix03e_ssh_publickey_test_20260425_034125\fix03e-ssh-events.txt","0","25/04/2026 03:44:26 a. m.","True"
"7EFC63F6494FC460142AB578980E9D5A53E82B11247D247CB524F4D64BC04B6F","1","KEEP_CANDIDATE","RuneforgeCore","cs.json","C:\RUNEFOGE_PRO\runeforge-mvp\runeforge-mvp\_archive\source-zips\Sunshine-master\Sunshine-master\src_assets\common\assets\web\public\assets\locale\cs.json","0.042","21/03/2026 08:14:42 p. m.","True"
"7EFC63F6494FC460142AB578980E9D5A53E82B11247D247CB524F4D64BC04B6F","2","DUPLICATE_REVIEW","RuneforgeCore","cs.json","C:\RUNEFOGE_PRO\runeforge\runeforge\app\_archive\source-zips\Sunshine-master\Sunshine-master\src_assets\common\assets\web\public\assets\locale\cs.json","0.042","21/03/2026 08:14:42 p. m.","True"
"7EFC63F6494FC460142AB578980E9D5A53E82B11247D247CB524F4D64BC04B6F","3","DUPLICATE_REVIEW","RuneforgeCore","cs.json","C:\RUNEFOGE_PRO\runeforge\app\_archive\source-zips\Sunshine-master\Sunshine-master\src_assets\common\assets\web\public\assets\locale\cs.json","0.042","21/03/2026 08:14:42 p. m.","True"
"7F012E698CF8147D0B6022CE49737A64B28B69EEA06400A6A502161746D9258B","1","KEEP_CANDIDATE","RuneforgeCore","nvenc_d3d11.h","C:\RUNEFOGE_PRO\runeforge-mvp\runeforge-mvp\_archive\source-zips\Sunshine-master\Sunshine-master\src\nvenc\nvenc_d3d11.h","0.001","21/03/2026 08:14:42 p. m.","True"
"7F012E698CF8147D0B6022CE49737A64B28B69EEA06400A6A502161746D9258B","2","DUPLICATE_REVIEW","RuneforgeCore","nvenc_d3d11.h","C:\RUNEFOGE_PRO\runeforge\runeforge\app\_archive\source-zips\Sunshine-master\Sunshine-master\src\nvenc\nvenc_d3d11.h","0.001","21/03/2026 08:14:42 p. m.","True"
"7F012E698CF8147D0B6022CE49737A64B28B69EEA06400A6A502161746D9258B","3","DUPLICATE_REVIEW","RuneforgeCore","nvenc_d3d11.h","C:\RUNEFOGE_PRO\runeforge\app\_archive\source-zips\Sunshine-master\Sunshine-master\src\nvenc\nvenc_d3d11.h","0.001","21/03/2026 08:14:42 p. m.","True"
"7FAE30AF08C2D44B5573BC66B4AB11DB69DCE3769842965958D7F5568DCAD8B5","1","KEEP_CANDIDATE","RuneforgeCore","stop-backend.ps1","C:\RUNEFOGE_PRO\runeforge\scripts\backend\stop-backend.ps1","0","19/04/2026 04:01:29 a. m.","True"
"7FAE30AF08C2D44B5573BC66B4AB11DB69DCE3769842965958D7F5568DCAD8B5","2","DUPLICATE_REVIEW","RuneforgeCore","stop-backend.ps1","C:\RUNEFOGE_PRO\runeforge\runeforge\scripts\backend\stop-backend.ps1","0","19/04/2026 04:01:29 a. m.","True"
"8028F23CBFF196D9EDB93F5B992AAC7662DFA1DC9B7D707EFA152295D61DEA0C","1","KEEP_CANDIDATE","RuneforgeCore","trace.middleware.js","C:\RUNEFOGE_PRO\runeforge-mvp\runeforge-mvp\src\modules\trace\trace.middleware.js","0","20/03/2026 06:15:07 a. m.","True"
"8028F23CBFF196D9EDB93F5B992AAC7662DFA1DC9B7D707EFA152295D61DEA0C","2","DUPLICATE_REVIEW","RuneforgeCore","trace.middleware.js","C:\RUNEFOGE_PRO\runeforge-mvp\runeforge-mvp\runeforge-mvp\src\modules\trace\trace.middleware.js","0","20/03/2026 12:15:06 a. m.","True"
"8028F23CBFF196D9EDB93F5B992AAC7662DFA1DC9B7D707EFA152295D61DEA0C","3","DUPLICATE_REVIEW","RuneforgeCore","trace.middleware.js","C:\RUNEFOGE_PRO\runeforge\runeforge\app\src\modules\trace\trace.middleware.js","0","20/03/2026 12:15:06 a. m.","True"
"8028F23CBFF196D9EDB93F5B992AAC7662DFA1DC9B7D707EFA152295D61DEA0C","4","DUPLICATE_REVIEW","RuneforgeCore","trace.middleware.js","C:\RUNEFOGE_PRO\runeforge\app\src\modules\trace\trace.middleware.js","0","20/03/2026 12:15:06 a. m.","True"
"804BF91C5D22BA5778B10EE03CC2ACD3195223CF3A954A74FB00BFA925108034","1","KEEP_CANDIDATE","RuneforgeCore","navbar-avatar.png","C:\RUNEFOGE_PRO\runeforge-mvp\runeforge-mvp\_archive\source-zips\Sunshine-master\Sunshine-master\gh-pages-template\assets\img\navbar-avatar.png","0.017","21/03/2026 08:14:42 p. m.","True"
"804BF91C5D22BA5778B10EE03CC2ACD3195223CF3A954A74FB00BFA925108034","2","DUPLICATE_REVIEW","RuneforgeCore","navbar-avatar.png","C:\RUNEFOGE_PRO\runeforge\runeforge\app\_archive\source-zips\Sunshine-master\Sunshine-master\gh-pages-template\assets\img\navbar-avatar.png","0.017","21/03/2026 08:14:42 p. m.","True"
"804BF91C5D22BA5778B10EE03CC2ACD3195223CF3A954A74FB00BFA925108034","3","DUPLICATE_REVIEW","RuneforgeCore","navbar-avatar.png","C:\RUNEFOGE_PRO\runeforge\app\_archive\source-zips\Sunshine-master\Sunshine-master\gh-pages-template\assets\img\navbar-avatar.png","0.017","21/03/2026 08:14:42 p. m.","True"
"80A33B8A0989325C42D3FE9B56794C1D5848087DE9318A497E1F2507CE71B2FA","1","KEEP_CANDIDATE","RuneforgeCore","stream.h","C:\RUNEFOGE_PRO\runeforge-mvp\runeforge-mvp\_archive\source-zips\Sunshine-master\Sunshine-master\src\stream.h","0.001","21/03/2026 08:14:42 p. m.","True"
"80A33B8A0989325C42D3FE9B56794C1D5848087DE9318A497E1F2507CE71B2FA","2","DUPLICATE_REVIEW","RuneforgeCore","stream.h","C:\RUNEFOGE_PRO\runeforge\runeforge\app\_archive\source-zips\Sunshine-master\Sunshine-master\src\stream.h","0.001","21/03/2026 08:14:42 p. m.","True"
"80A33B8A0989325C42D3FE9B56794C1D5848087DE9318A497E1F2507CE71B2FA","3","DUPLICATE_REVIEW","RuneforgeCore","stream.h","C:\RUNEFOGE_PRO\runeforge\app\_archive\source-zips\Sunshine-master\Sunshine-master\src\stream.h","0.001","21/03/2026 08:14:42 p. m.","True"
"80B3AF1BDB91BBBD84524B583928CFECE27305BC497566158009D782F04AFFA4","1","KEEP_CANDIDATE","RuneforgeCore","av_audio.h","C:\RUNEFOGE_PRO\runeforge-mvp\runeforge-mvp\_archive\source-zips\Sunshine-master\Sunshine-master\src\platform\macos\av_audio.h","0.007","21/03/2026 08:14:42 p. m.","True"
"80B3AF1BDB91BBBD84524B583928CFECE27305BC497566158009D782F04AFFA4","2","DUPLICATE_REVIEW","RuneforgeCore","av_audio.h","C:\RUNEFOGE_PRO\runeforge\runeforge\app\_archive\source-zips\Sunshine-master\Sunshine-master\src\platform\macos\av_audio.h","0.007","21/03/2026 08:14:42 p. m.","True"
"80B3AF1BDB91BBBD84524B583928CFECE27305BC497566158009D782F04AFFA4","3","DUPLICATE_REVIEW","RuneforgeCore","av_audio.h","C:\RUNEFOGE_PRO\runeforge\app\_archive\source-zips\Sunshine-master\Sunshine-master\src\platform\macos\av_audio.h","0.007","21/03/2026 08:14:42 p. m.","True"
"810B2D43F4A2F652C36B62C1402DBFD2A49A9F45F18DE8B97ADA28512356D86D","1","KEEP_CANDIDATE","RuneforgeCore","crowdin.yml","C:\RUNEFOGE_PRO\runeforge-mvp\runeforge-mvp\_archive\source-zips\Sunshine-master\Sunshine-master\crowdin.yml","0.001","21/03/2026 08:14:42 p. m.","True"
"810B2D43F4A2F652C36B62C1402DBFD2A49A9F45F18DE8B97ADA28512356D86D","2","DUPLICATE_REVIEW","RuneforgeCore","crowdin.yml","C:\RUNEFOGE_PRO\runeforge\runeforge\app\_archive\source-zips\Sunshine-master\Sunshine-master\crowdin.yml","0.001","21/03/2026 08:14:42 p. m.","True"
"810B2D43F4A2F652C36B62C1402DBFD2A49A9F45F18DE8B97ADA28512356D86D","3","DUPLICATE_REVIEW","RuneforgeCore","crowdin.yml","C:\RUNEFOGE_PRO\runeforge\app\_archive\source-zips\Sunshine-master\Sunshine-master\crowdin.yml","0.001","21/03/2026 08:14:42 p. m.","True"
"811EE61E8216473C0104FB7EFAD8CFA62B6CA3FD8F7CA28008E05DDB9E8FA005","1","KEEP_CANDIDATE","RuneforgeCore","main.fe87e942.js.LICENSE.txt","C:\RUNEFOGE_PRO\runeforge-mvp\runeforge-mvp\retro\_downloads\PPSSPPWindowsARM64\assets\debugger\static\js\main.fe87e942.js.LICENSE.txt","0.002","15/03/2026 11:53:07 a. m.","True"
"811EE61E8216473C0104FB7EFAD8CFA62B6CA3FD8F7CA28008E05DDB9E8FA005","2","DUPLICATE_REVIEW","RuneforgeCore","main.fe87e942.js.LICENSE.txt","C:\RUNEFOGE_PRO\runeforge\runeforge\app\retro\_downloads\PPSSPPWindowsARM64\assets\debugger\static\js\main.fe87e942.js.LICENSE.txt","0.002","15/03/2026 11:53:07 a. m.","True"
"811EE61E8216473C0104FB7EFAD8CFA62B6CA3FD8F7CA28008E05DDB9E8FA005","3","DUPLICATE_REVIEW","RuneforgeCore","main.fe87e942.js.LICENSE.txt","C:\RUNEFOGE_PRO\runeforge\app\retro\_downloads\PPSSPPWindowsARM64\assets\debugger\static\js\main.fe87e942.js.LICENSE.txt","0.002","15/03/2026 11:53:07 a. m.","True"
"813C32EBFBF665013215E857FC8B2AD2DCE4D99A8B34285766603845CC88F846","1","KEEP_CANDIDATE","RuneforgeCore",".gitattributes","C:\RUNEFOGE_PRO\runeforge-mvp\runeforge-mvp\_archive\source-zips\Sunshine-master\Sunshine-master\.gitattributes","0","21/03/2026 08:14:42 p. m.","True"
"813C32EBFBF665013215E857FC8B2AD2DCE4D99A8B34285766603845CC88F846","2","DUPLICATE_REVIEW","RuneforgeCore",".gitattributes","C:\RUNEFOGE_PRO\runeforge\runeforge\app\_archive\source-zips\Sunshine-master\Sunshine-master\.gitattributes","0","21/03/2026 08:14:42 p. m.","True"
"813C32EBFBF665013215E857FC8B2AD2DCE4D99A8B34285766603845CC88F846","3","DUPLICATE_REVIEW","RuneforgeCore",".gitattributes","C:\RUNEFOGE_PRO\runeforge\app\_archive\source-zips\Sunshine-master\Sunshine-master\.gitattributes","0","21/03/2026 08:14:42 p. m.","True"
"8174ED85508551F9BDDAE748A1B2DECFCC56CA116ABE08F98FBDC1ADA61619EF","1","KEEP_CANDIDATE","RuneforgeCore","convert_and_pack.sh","C:\RUNEFOGE_PRO\runeforge-mvp\runeforge-mvp\_archive\source-zips\Sunshine-master\Sunshine-master\scripts\icons\convert_and_pack.sh","0.002","21/03/2026 08:14:42 p. m.","True"
"8174ED85508551F9BDDAE748A1B2DECFCC56CA116ABE08F98FBDC1ADA61619EF","2","DUPLICATE_REVIEW","RuneforgeCore","convert_and_pack.sh","C:\RUNEFOGE_PRO\runeforge\runeforge\app\_archive\source-zips\Sunshine-master\Sunshine-master\scripts\icons\convert_and_pack.sh","0.002","21/03/2026 08:14:42 p. m.","True"
"8174ED85508551F9BDDAE748A1B2DECFCC56CA116ABE08F98FBDC1ADA61619EF","3","DUPLICATE_REVIEW","RuneforgeCore","convert_and_pack.sh","C:\RUNEFOGE_PRO\runeforge\app\_archive\source-zips\Sunshine-master\Sunshine-master\scripts\icons\convert_and_pack.sh","0.002","21/03/2026 08:14:42 p. m.","True"
"818911B695FC4A3D6DB32CE0F8ED7873E04AA0289B0C5DF8E89D32A9A6FDE7FB","1","KEEP_CANDIDATE","RuneforgeCore","move_by_copy.h","C:\RUNEFOGE_PRO\runeforge-mvp\runeforge-mvp\_archive\source-zips\Sunshine-master\Sunshine-master\src\move_by_copy.h","0.001","21/03/2026 08:14:42 p. m.","True"
"818911B695FC4A3D6DB32CE0F8ED7873E04AA0289B0C5DF8E89D32A9A6FDE7FB","2","DUPLICATE_REVIEW","RuneforgeCore","move_by_copy.h","C:\RUNEFOGE_PRO\runeforge\runeforge\app\_archive\source-zips\Sunshine-master\Sunshine-master\src\move_by_copy.h","0.001","21/03/2026 08:14:42 p. m.","True"
"818911B695FC4A3D6DB32CE0F8ED7873E04AA0289B0C5DF8E89D32A9A6FDE7FB","3","DUPLICATE_REVIEW","RuneforgeCore","move_by_copy.h","C:\RUNEFOGE_PRO\runeforge\app\_archive\source-zips\Sunshine-master\Sunshine-master\src\move_by_copy.h","0.001","21/03/2026 08:14:42 p. m.","True"
"81AC8269C6431EF33F979CD25B523765BDBBFC815DA32AAF32E2C8D225FC8E91","1","KEEP_CANDIDATE","RuneforgeCore","pt_BR.ini","C:\RUNEFOGE_PRO\runeforge-mvp\runeforge-mvp\retro\_downloads\PPSSPPWindowsARM64\assets\lang\pt_BR.ini","0.07","15/03/2026 11:52:35 a. m.","True"
"81AC8269C6431EF33F979CD25B523765BDBBFC815DA32AAF32E2C8D225FC8E91","2","DUPLICATE_REVIEW","RuneforgeCore","pt_BR.ini","C:\RUNEFOGE_PRO\runeforge\runeforge\app\retro\_downloads\PPSSPPWindowsARM64\assets\lang\pt_BR.ini","0.07","15/03/2026 11:52:35 a. m.","True"
"81AC8269C6431EF33F979CD25B523765BDBBFC815DA32AAF32E2C8D225FC8E91","3","DUPLICATE_REVIEW","RuneforgeCore","pt_BR.ini","C:\RUNEFOGE_PRO\runeforge\app\retro\_downloads\PPSSPPWindowsARM64\assets\lang\pt_BR.ini","0.07","15/03/2026 11:52:35 a. m.","True"
"8284D4B3966D7A4EEA83684A05A86BB80EEF556F48C503178FDED1CE3DBB885C","1","KEEP_CANDIDATE","RuneforgeCore","firewall-profiles-pre.json","C:\RUNEFOGE_PRO\runeforge\runeforge\backups\hardening-20260423_235916\firewall-profiles-pre.json","0.045","23/04/2026 11:59:25 p. m.","True"
"8284D4B3966D7A4EEA83684A05A86BB80EEF556F48C503178FDED1CE3DBB885C","2","DUPLICATE_REVIEW","RuneforgeCore","firewall-profiles-pre.json","C:\RUNEFOGE_PRO\runeforge\backups\hardening-20260423_235916\firewall-profiles-pre.json","0.045","23/04/2026 11:59:25 p. m.","True"
"82BF8F0B60FD7E513560B29C52F6C721ADE05910A144704C17F78ABA298D9B08","1","KEEP_CANDIDATE","RuneforgeCore","ltn3.pgf","C:\RUNEFOGE_PRO\runeforge-mvp\runeforge-mvp\retro\_downloads\PPSSPPWindowsARM64\assets\flash0\font\ltn3.pgf","0.039","15/03/2026 11:52:35 a. m.","True"
"82BF8F0B60FD7E513560B29C52F6C721ADE05910A144704C17F78ABA298D9B08","2","DUPLICATE_REVIEW","RuneforgeCore","ltn3.pgf","C:\RUNEFOGE_PRO\runeforge\runeforge\app\retro\_downloads\PPSSPPWindowsARM64\assets\flash0\font\ltn3.pgf","0.039","15/03/2026 11:52:35 a. m.","True"
"82BF8F0B60FD7E513560B29C52F6C721ADE05910A144704C17F78ABA298D9B08","3","DUPLICATE_REVIEW","RuneforgeCore","ltn3.pgf","C:\RUNEFOGE_PRO\runeforge\app\retro\_downloads\PPSSPPWindowsARM64\assets\flash0\font\ltn3.pgf","0.039","15/03/2026 11:52:35 a. m.","True"
"832405CECD617A8C0498D8D25C7FA79118DCFBC3CBDEDA99D68C551A26C4E87E","1","KEEP_CANDIDATE","RuneforgeCore","numactl.json","C:\RUNEFOGE_PRO\runeforge-mvp\runeforge-mvp\_archive\source-zips\Sunshine-master\Sunshine-master\packaging\linux\flatpak\modules\numactl.json","0","21/03/2026 08:14:42 p. m.","True"
"832405CECD617A8C0498D8D25C7FA79118DCFBC3CBDEDA99D68C551A26C4E87E","2","DUPLICATE_REVIEW","RuneforgeCore","numactl.json","C:\RUNEFOGE_PRO\runeforge\runeforge\app\_archive\source-zips\Sunshine-master\Sunshine-master\packaging\linux\flatpak\modules\numactl.json","0","21/03/2026 08:14:42 p. m.","True"
"832405CECD617A8C0498D8D25C7FA79118DCFBC3CBDEDA99D68C551A26C4E87E","3","DUPLICATE_REVIEW","RuneforgeCore","numactl.json","C:\RUNEFOGE_PRO\runeforge\app\_archive\source-zips\Sunshine-master\Sunshine-master\packaging\linux\flatpak\modules\numactl.json","0","21/03/2026 08:14:42 p. m.","True"
"834364E29DDB493B7F077D828DF8586D8EF432BC79F44606FE9D6C71D9178D14","1","KEEP_CANDIDATE","RuneforgeCore","nlohmann_json.cmake","C:\RUNEFOGE_PRO\runeforge-mvp\runeforge-mvp\_archive\source-zips\Sunshine-master\Sunshine-master\cmake\dependencies\nlohmann_json.cmake","0.001","21/03/2026 08:14:42 p. m.","True"
"834364E29DDB493B7F077D828DF8586D8EF432BC79F44606FE9D6C71D9178D14","2","DUPLICATE_REVIEW","RuneforgeCore","nlohmann_json.cmake","C:\RUNEFOGE_PRO\runeforge\runeforge\app\_archive\source-zips\Sunshine-master\Sunshine-master\cmake\dependencies\nlohmann_json.cmake","0.001","21/03/2026 08:14:42 p. m.","True"
"834364E29DDB493B7F077D828DF8586D8EF432BC79F44606FE9D6C71D9178D14","3","DUPLICATE_REVIEW","RuneforgeCore","nlohmann_json.cmake","C:\RUNEFOGE_PRO\runeforge\app\_archive\source-zips\Sunshine-master\Sunshine-master\cmake\dependencies\nlohmann_json.cmake","0.001","21/03/2026 08:14:42 p. m.","True"
"836B09B37A72D4258FED9E16F2760A81865D169E8045D26798B88599D4E34589","1","KEEP_CANDIDATE","RuneforgeCore","es.json","C:\RUNEFOGE_PRO\runeforge-mvp\runeforge-mvp\_archive\source-zips\Sunshine-master\Sunshine-master\src_assets\common\assets\web\public\assets\locale\es.json","0.043","21/03/2026 08:14:42 p. m.","True"
"836B09B37A72D4258FED9E16F2760A81865D169E8045D26798B88599D4E34589","2","DUPLICATE_REVIEW","RuneforgeCore","es.json","C:\RUNEFOGE_PRO\runeforge\runeforge\app\_archive\source-zips\Sunshine-master\Sunshine-master\src_assets\common\assets\web\public\assets\locale\es.json","0.043","21/03/2026 08:14:42 p. m.","True"
"836B09B37A72D4258FED9E16F2760A81865D169E8045D26798B88599D4E34589","3","DUPLICATE_REVIEW","RuneforgeCore","es.json","C:\RUNEFOGE_PRO\runeforge\app\_archive\source-zips\Sunshine-master\Sunshine-master\src_assets\common\assets\web\public\assets\locale\es.json","0.043","21/03/2026 08:14:42 p. m.","True"
"83851D6FE8D9FA04BA7180FE8034A92CB87D54B6532500136F603E206D586C1C","1","KEEP_CANDIDATE","RuneforgeCore","misc.h","C:\RUNEFOGE_PRO\runeforge-mvp\runeforge-mvp\_archive\source-zips\Sunshine-master\Sunshine-master\src\platform\linux\misc.h","0.001","21/03/2026 08:14:42 p. m.","True"
"83851D6FE8D9FA04BA7180FE8034A92CB87D54B6532500136F603E206D586C1C","2","DUPLICATE_REVIEW","RuneforgeCore","misc.h","C:\RUNEFOGE_PRO\runeforge\runeforge\app\_archive\source-zips\Sunshine-master\Sunshine-master\src\platform\linux\misc.h","0.001","21/03/2026 08:14:42 p. m.","True"
"83851D6FE8D9FA04BA7180FE8034A92CB87D54B6532500136F603E206D586C1C","3","DUPLICATE_REVIEW","RuneforgeCore","misc.h","C:\RUNEFOGE_PRO\runeforge\app\_archive\source-zips\Sunshine-master\Sunshine-master\src\platform\linux\misc.h","0.001","21/03/2026 08:14:42 p. m.","True"
"839CE38B7F9D3A86943CD5CBB66ECCDA5C98A9324AA573CE2A26AEA8A061ACEC","1","KEEP_CANDIDATE","RuneforgeCore","RUNEFORGE_COMMANDER_V43_5_CLEAN_OPS_FUSION.ahk","C:\RUNEFOGE_PRO\runeforge\runeforge\scripts\ahk\RUNEFORGE_COMMANDER_V43_5_CLEAN_OPS_FUSION.ahk","0.012","24/04/2026 07:47:01 p. m.","True"
"839CE38B7F9D3A86943CD5CBB66ECCDA5C98A9324AA573CE2A26AEA8A061ACEC","2","DUPLICATE_REVIEW","RuneforgeCore","RUNEFORGE_COMMANDER_V43_5_CLEAN_OPS_FUSION.ahk.20260425_022013.v43_6_backup","C:\RUNEFOGE_PRO\runeforge\backups\commander\RUNEFORGE_COMMANDER_V43_5_CLEAN_OPS_FUSION.ahk.20260425_022013.v43_6_backup","0.012","24/04/2026 07:47:01 p. m.","True"
"83AA9E2952E624F72AEE7086AE683CBA0F9B2EE45DEF4DF082D0370490DCE351","1","KEEP_CANDIDATE","RuneforgeCore","inputtino_pen.h","C:\RUNEFOGE_PRO\runeforge-mvp\runeforge-mvp\_archive\source-zips\Sunshine-master\Sunshine-master\src\platform\linux\input\inputtino_pen.h","0","21/03/2026 08:14:42 p. m.","True"
"83AA9E2952E624F72AEE7086AE683CBA0F9B2EE45DEF4DF082D0370490DCE351","2","DUPLICATE_REVIEW","RuneforgeCore","inputtino_pen.h","C:\RUNEFOGE_PRO\runeforge\runeforge\app\_archive\source-zips\Sunshine-master\Sunshine-master\src\platform\linux\input\inputtino_pen.h","0","21/03/2026 08:14:42 p. m.","True"
"83AA9E2952E624F72AEE7086AE683CBA0F9B2EE45DEF4DF082D0370490DCE351","3","DUPLICATE_REVIEW","RuneforgeCore","inputtino_pen.h","C:\RUNEFOGE_PRO\runeforge\app\_archive\source-zips\Sunshine-master\Sunshine-master\src\platform\linux\input\inputtino_pen.h","0","21/03/2026 08:14:42 p. m.","True"
"83EF66CA4FEAC4DC14CB388DAEDD1BABAB5E48E0CAD37415EE37B1298CCFE5F0","1","KEEP_CANDIDATE","RuneforgeCore","Prompt Codex Runeforge Final.pdf","C:\RUNEFOGE_PRO\Prompt Codex Runeforge Final.pdf","0.017","12/04/2026 08:36:27 p. m.","False"
"83EF66CA4FEAC4DC14CB388DAEDD1BABAB5E48E0CAD37415EE37B1298CCFE5F0","2","DUPLICATE_REVIEW","RuneforgeCore","Prompt Codex Runeforge Final.pdf","C:\RUNEFOGE_PRO\RUNEFOGE_PRO\Prompt Codex Runeforge Final.pdf","0.017","12/04/2026 08:36:27 p. m.","False"
"83FCDF7CEB17A83A0CF2C0FD04A0A19F427E4868C90071213DCA3CCC560EC3C6","1","KEEP_CANDIDATE","RuneforgeCore","index.full.20260419_055216.bak","C:\RUNEFOGE_PRO\runeforge\runeforge\backups\forge_ui\index.full.20260419_055216.bak","0.005","19/04/2026 05:50:19 a. m.","True"
"83FCDF7CEB17A83A0CF2C0FD04A0A19F427E4868C90071213DCA3CCC560EC3C6","2","DUPLICATE_REVIEW","RuneforgeCore","index.full.20260419_055216.bak","C:\RUNEFOGE_PRO\runeforge\backups\forge_ui\index.full.20260419_055216.bak","0.005","19/04/2026 05:50:19 a. m.","True"
"8492BD99E958D801B685C08DC3E18C63F5CC8C9DF95B418469FBB78182105915","1","KEEP_CANDIDATE","RuneforgeCore","runPowerShell.ts","C:\RUNEFOGE_PRO\runeforge-v2-ready\runeforge-v2\src\actions\runPowerShell.ts","0.001","13/04/2026 01:35:16 a. m.","True"
"8492BD99E958D801B685C08DC3E18C63F5CC8C9DF95B418469FBB78182105915","2","DUPLICATE_REVIEW","RuneforgeCore","runPowerShell.ts","C:\RUNEFOGE_PRO\RUNEFOGE_PRO\runeforge-v2-ready\runeforge-v2\src\actions\runPowerShell.ts","0.001","13/04/2026 01:35:16 a. m.","False"
"84B7EA23E16A7100BF1A829A90B9572FC2CB743FC517C6BECD24E7CCCAC6C0D6","1","KEEP_CANDIDATE","RuneforgeCore","he_IL_invert.ini","C:\RUNEFOGE_PRO\runeforge-mvp\runeforge-mvp\retro\_downloads\PPSSPPWindowsARM64\assets\lang\he_IL_invert.ini","0.063","15/03/2026 11:52:35 a. m.","True"
"84B7EA23E16A7100BF1A829A90B9572FC2CB743FC517C6BECD24E7CCCAC6C0D6","2","DUPLICATE_REVIEW","RuneforgeCore","he_IL_invert.ini","C:\RUNEFOGE_PRO\runeforge\runeforge\app\retro\_downloads\PPSSPPWindowsARM64\assets\lang\he_IL_invert.ini","0.063","15/03/2026 11:52:35 a. m.","True"
"84B7EA23E16A7100BF1A829A90B9572FC2CB743FC517C6BECD24E7CCCAC6C0D6","3","DUPLICATE_REVIEW","RuneforgeCore","he_IL_invert.ini","C:\RUNEFOGE_PRO\runeforge\app\retro\_downloads\PPSSPPWindowsARM64\assets\lang\he_IL_invert.ini","0.063","15/03/2026 11:52:35 a. m.","True"
"853BB78EAF942C64DE59DF6B8D4E9EB161F0B8E98150305B0458D85526455601","1","KEEP_CANDIDATE","RuneforgeCore","linux.cmake","C:\RUNEFOGE_PRO\runeforge-mvp\runeforge-mvp\_archive\source-zips\Sunshine-master\Sunshine-master\cmake\macros\linux.cmake","0.001","21/03/2026 08:14:42 p. m.","True"
"853BB78EAF942C64DE59DF6B8D4E9EB161F0B8E98150305B0458D85526455601","2","DUPLICATE_REVIEW","RuneforgeCore","linux.cmake","C:\RUNEFOGE_PRO\runeforge\runeforge\app\_archive\source-zips\Sunshine-master\Sunshine-master\cmake\macros\linux.cmake","0.001","21/03/2026 08:14:42 p. m.","True"
"853BB78EAF942C64DE59DF6B8D4E9EB161F0B8E98150305B0458D85526455601","3","DUPLICATE_REVIEW","RuneforgeCore","linux.cmake","C:\RUNEFOGE_PRO\runeforge\app\_archive\source-zips\Sunshine-master\Sunshine-master\cmake\macros\linux.cmake","0.001","21/03/2026 08:14:42 p. m.","True"
"85711F5F212542A4DEF69AA04503CAB4EF0B4D47D323396EAC1973349211E25D","1","KEEP_CANDIDATE","RuneforgeCore","uuid.h","C:\RUNEFOGE_PRO\runeforge-mvp\runeforge-mvp\_archive\source-zips\Sunshine-master\Sunshine-master\src\uuid.h","0.002","21/03/2026 08:14:42 p. m.","True"
"85711F5F212542A4DEF69AA04503CAB4EF0B4D47D323396EAC1973349211E25D","2","DUPLICATE_REVIEW","RuneforgeCore","uuid.h","C:\RUNEFOGE_PRO\runeforge\runeforge\app\_archive\source-zips\Sunshine-master\Sunshine-master\src\uuid.h","0.002","21/03/2026 08:14:42 p. m.","True"
"85711F5F212542A4DEF69AA04503CAB4EF0B4D47D323396EAC1973349211E25D","3","DUPLICATE_REVIEW","RuneforgeCore","uuid.h","C:\RUNEFOGE_PRO\runeforge\app\_archive\source-zips\Sunshine-master\Sunshine-master\src\uuid.h","0.002","21/03/2026 08:14:42 p. m.","True"
"85E9CCDD96E6C80DED69270FFEAF3BB4BBE59C0226C21678B9A5BFC0B3FA7B0E","1","KEEP_CANDIDATE","RuneforgeCore","ci-archlinux.yml","C:\RUNEFOGE_PRO\runeforge-mvp\runeforge-mvp\_archive\source-zips\Sunshine-master\Sunshine-master\.github\workflows\ci-archlinux.yml","0.005","21/03/2026 08:14:42 p. m.","True"
"85E9CCDD96E6C80DED69270FFEAF3BB4BBE59C0226C21678B9A5BFC0B3FA7B0E","2","DUPLICATE_REVIEW","RuneforgeCore","ci-archlinux.yml","C:\RUNEFOGE_PRO\runeforge\runeforge\app\_archive\source-zips\Sunshine-master\Sunshine-master\.github\workflows\ci-archlinux.yml","0.005","21/03/2026 08:14:42 p. m.","True"
"85E9CCDD96E6C80DED69270FFEAF3BB4BBE59C0226C21678B9A5BFC0B3FA7B0E","3","DUPLICATE_REVIEW","RuneforgeCore","ci-archlinux.yml","C:\RUNEFOGE_PRO\runeforge\app\_archive\source-zips\Sunshine-master\Sunshine-master\.github\workflows\ci-archlinux.yml","0.005","21/03/2026 08:14:42 p. m.","True"
"86403CD6F82EB57F59BA65E5ADAE47AF597E08E7AC78D012FAD9EC381841669E","1","KEEP_CANDIDATE","RuneforgeCore","natural.fsh","C:\RUNEFOGE_PRO\runeforge-mvp\runeforge-mvp\retro\_downloads\PPSSPPWindowsARM64\assets\shaders\natural.fsh","0.002","15/03/2026 11:52:35 a. m.","True"
"86403CD6F82EB57F59BA65E5ADAE47AF597E08E7AC78D012FAD9EC381841669E","2","DUPLICATE_REVIEW","RuneforgeCore","natural.fsh","C:\RUNEFOGE_PRO\runeforge\runeforge\app\retro\_downloads\PPSSPPWindowsARM64\assets\shaders\natural.fsh","0.002","15/03/2026 11:52:35 a. m.","True"
"86403CD6F82EB57F59BA65E5ADAE47AF597E08E7AC78D012FAD9EC381841669E","3","DUPLICATE_REVIEW","RuneforgeCore","natural.fsh","C:\RUNEFOGE_PRO\runeforge\app\retro\_downloads\PPSSPPWindowsARM64\assets\shaders\natural.fsh","0.002","15/03/2026 11:52:35 a. m.","True"
"868B37B954F208F972874E5827084AA1B1CD8196F8C2B3D329D655150042C41B","1","KEEP_CANDIDATE","RuneforgeCore","round_robin.h","C:\RUNEFOGE_PRO\runeforge-mvp\runeforge-mvp\_archive\source-zips\Sunshine-master\Sunshine-master\src\round_robin.h","0.003","21/03/2026 08:14:42 p. m.","True"
"868B37B954F208F972874E5827084AA1B1CD8196F8C2B3D329D655150042C41B","2","DUPLICATE_REVIEW","RuneforgeCore","round_robin.h","C:\RUNEFOGE_PRO\runeforge\runeforge\app\_archive\source-zips\Sunshine-master\Sunshine-master\src\round_robin.h","0.003","21/03/2026 08:14:42 p. m.","True"
"868B37B954F208F972874E5827084AA1B1CD8196F8C2B3D329D655150042C41B","3","DUPLICATE_REVIEW","RuneforgeCore","round_robin.h","C:\RUNEFOGE_PRO\runeforge\app\_archive\source-zips\Sunshine-master\Sunshine-master\src\round_robin.h","0.003","21/03/2026 08:14:42 p. m.","True"
"86F00B342B9552767F4905D35B7F954D8ACE5EF83317E0DB0DABF37CD3C4CD22","1","KEEP_CANDIDATE","RuneforgeCore","code_secret_triage.ps1","C:\RUNEFOGE_PRO\runeforge\runeforge\data\commander\snippets\code_secret_triage.ps1","0.001","24/04/2026 01:04:37 a. m.","True"
"86F00B342B9552767F4905D35B7F954D8ACE5EF83317E0DB0DABF37CD3C4CD22","2","DUPLICATE_REVIEW","RuneforgeCore","code_secret_triage.ps1","C:\RUNEFOGE_PRO\runeforge\data\commander\snippets\code_secret_triage.ps1","0.001","24/04/2026 01:04:37 a. m.","True"
"87563C970F974280F1BD1E46B1CC8DE887CA3D8A745D28C402D37ABF4E87BEB8","1","KEEP_CANDIDATE","RuneforgeCore","windows.cmake","C:\RUNEFOGE_PRO\runeforge-mvp\runeforge-mvp\_archive\source-zips\Sunshine-master\Sunshine-master\cmake\dependencies\windows.cmake","0.002","21/03/2026 08:14:42 p. m.","True"
"87563C970F974280F1BD1E46B1CC8DE887CA3D8A745D28C402D37ABF4E87BEB8","2","DUPLICATE_REVIEW","RuneforgeCore","windows.cmake","C:\RUNEFOGE_PRO\runeforge\runeforge\app\_archive\source-zips\Sunshine-master\Sunshine-master\cmake\dependencies\windows.cmake","0.002","21/03/2026 08:14:42 p. m.","True"
"87563C970F974280F1BD1E46B1CC8DE887CA3D8A745D28C402D37ABF4E87BEB8","3","DUPLICATE_REVIEW","RuneforgeCore","windows.cmake","C:\RUNEFOGE_PRO\runeforge\app\_archive\source-zips\Sunshine-master\Sunshine-master\cmake\dependencies\windows.cmake","0.002","21/03/2026 08:14:42 p. m.","True"
"8795A4C6259B4B66A7FD4101797936EF67E0FB62AB7CDAD0B6A83D578F4D6CFF","1","KEEP_CANDIDATE","RuneforgeCore","upscale_sharp_bilinear.fsh","C:\RUNEFOGE_PRO\runeforge-mvp\runeforge-mvp\retro\_downloads\PPSSPPWindowsARM64\assets\shaders\upscale_sharp_bilinear.fsh","0.001","15/03/2026 11:52:35 a. m.","True"
"8795A4C6259B4B66A7FD4101797936EF67E0FB62AB7CDAD0B6A83D578F4D6CFF","2","DUPLICATE_REVIEW","RuneforgeCore","upscale_sharp_bilinear.fsh","C:\RUNEFOGE_PRO\runeforge\runeforge\app\retro\_downloads\PPSSPPWindowsARM64\assets\shaders\upscale_sharp_bilinear.fsh","0.001","15/03/2026 11:52:35 a. m.","True"
"8795A4C6259B4B66A7FD4101797936EF67E0FB62AB7CDAD0B6A83D578F4D6CFF","3","DUPLICATE_REVIEW","RuneforgeCore","upscale_sharp_bilinear.fsh","C:\RUNEFOGE_PRO\runeforge\app\retro\_downloads\PPSSPPWindowsARM64\assets\shaders\upscale_sharp_bilinear.fsh","0.001","15/03/2026 11:52:35 a. m.","True"
"87DB3DB5A6CA5866323D0CBCE2519B9EE146F923DBF607B55DA1BEFA406B2F30","1","KEEP_CANDIDATE","RuneforgeCore","tests_log_checker.h","C:\RUNEFOGE_PRO\runeforge-mvp\runeforge-mvp\_archive\source-zips\Sunshine-master\Sunshine-master\tests\tests_log_checker.h","0.004","21/03/2026 08:14:42 p. m.","True"
"87DB3DB5A6CA5866323D0CBCE2519B9EE146F923DBF607B55DA1BEFA406B2F30","2","DUPLICATE_REVIEW","RuneforgeCore","tests_log_checker.h","C:\RUNEFOGE_PRO\runeforge\runeforge\app\_archive\source-zips\Sunshine-master\Sunshine-master\tests\tests_log_checker.h","0.004","21/03/2026 08:14:42 p. m.","True"
"87DB3DB5A6CA5866323D0CBCE2519B9EE146F923DBF607B55DA1BEFA406B2F30","3","DUPLICATE_REVIEW","RuneforgeCore","tests_log_checker.h","C:\RUNEFOGE_PRO\runeforge\app\_archive\source-zips\Sunshine-master\Sunshine-master\tests\tests_log_checker.h","0.004","21/03/2026 08:14:42 p. m.","True"
"885FAB60A078A656CBE026CE1CB668CF48617F4C7C8542EB48FA2BD6EE398A9F","1","KEEP_CANDIDATE","RuneforgeCore","index.html","C:\RUNEFOGE_PRO\runeforge-mvp\runeforge-mvp\_archive\source-zips\Sunshine-master\Sunshine-master\gh-pages-template\index.html","0.013","21/03/2026 08:14:42 p. m.","True"
"885FAB60A078A656CBE026CE1CB668CF48617F4C7C8542EB48FA2BD6EE398A9F","2","DUPLICATE_REVIEW","RuneforgeCore","index.html","C:\RUNEFOGE_PRO\runeforge\runeforge\app\_archive\source-zips\Sunshine-master\Sunshine-master\gh-pages-template\index.html","0.013","21/03/2026 08:14:42 p. m.","True"
"885FAB60A078A656CBE026CE1CB668CF48617F4C7C8542EB48FA2BD6EE398A9F","3","DUPLICATE_REVIEW","RuneforgeCore","index.html","C:\RUNEFOGE_PRO\runeforge\app\_archive\source-zips\Sunshine-master\Sunshine-master\gh-pages-template\index.html","0.013","21/03/2026 08:14:42 p. m.","True"
"88EE9533EC31C491E09EEF9B723C779BD2CBB02594F546DBCFDD5D6092245926","1","KEEP_CANDIDATE","RuneforgeCore","NotebookLM Mind Map.png","C:\RUNEFOGE_PRO\runeforge\NotebookLM Mind Map.png","1.708","19/04/2026 06:24:50 p. m.","True"
"88EE9533EC31C491E09EEF9B723C779BD2CBB02594F546DBCFDD5D6092245926","2","DUPLICATE_REVIEW","RuneforgeCore","NotebookLM Mind Map.png","C:\RUNEFOGE_PRO\runeforge\runeforge\NotebookLM Mind Map.png","1.708","19/04/2026 06:24:50 p. m.","True"
"8949AD0AEE09E38FA623297626BD80B08CD40EBB30ADC8AF16320715D2EB3E4F","1","KEEP_CANDIDATE","RuneforgeCore","dev.ps1","C:\RUNEFOGE_PRO\runeforge-mvp\runeforge-mvp\runeforge-mvp\scripts\dev.ps1","0","20/03/2026 12:15:06 a. m.","True"
"8949AD0AEE09E38FA623297626BD80B08CD40EBB30ADC8AF16320715D2EB3E4F","2","DUPLICATE_REVIEW","RuneforgeCore","dev.ps1","C:\RUNEFOGE_PRO\runeforge\runeforge\app\scripts\dev.ps1","0","20/03/2026 12:15:06 a. m.","True"
"8949AD0AEE09E38FA623297626BD80B08CD40EBB30ADC8AF16320715D2EB3E4F","3","DUPLICATE_REVIEW","RuneforgeCore","dev.ps1","C:\RUNEFOGE_PRO\runeforge\app\scripts\dev.ps1","0","20/03/2026 12:15:06 a. m.","True"
"898BA9548589C752FC00A9D5079BCC98CA1C1980771D0EEB41E8F391586AA0FB","1","KEEP_CANDIDATE","RuneforgeCore","test_confighttp.cpp","C:\RUNEFOGE_PRO\runeforge-mvp\runeforge-mvp\_archive\source-zips\Sunshine-master\Sunshine-master\tests\unit\test_confighttp.cpp","0.058","21/03/2026 08:14:42 p. m.","True"
"898BA9548589C752FC00A9D5079BCC98CA1C1980771D0EEB41E8F391586AA0FB","2","DUPLICATE_REVIEW","RuneforgeCore","test_confighttp.cpp","C:\RUNEFOGE_PRO\runeforge\runeforge\app\_archive\source-zips\Sunshine-master\Sunshine-master\tests\unit\test_confighttp.cpp","0.058","21/03/2026 08:14:42 p. m.","True"
"898BA9548589C752FC00A9D5079BCC98CA1C1980771D0EEB41E8F391586AA0FB","3","DUPLICATE_REVIEW","RuneforgeCore","test_confighttp.cpp","C:\RUNEFOGE_PRO\runeforge\app\_archive\source-zips\Sunshine-master\Sunshine-master\tests\unit\test_confighttp.cpp","0.058","21/03/2026 08:14:42 p. m.","True"
"8A0BFE575F1B765A847328D6BD5F43830E6FF43F93689BD39979A762AF3D41F1","1","KEEP_CANDIDATE","RuneforgeCore","inputtino_common.h","C:\RUNEFOGE_PRO\runeforge-mvp\runeforge-mvp\_archive\source-zips\Sunshine-master\Sunshine-master\src\platform\linux\input\inputtino_common.h","0.003","21/03/2026 08:14:42 p. m.","True"
"8A0BFE575F1B765A847328D6BD5F43830E6FF43F93689BD39979A762AF3D41F1","2","DUPLICATE_REVIEW","RuneforgeCore","inputtino_common.h","C:\RUNEFOGE_PRO\runeforge\runeforge\app\_archive\source-zips\Sunshine-master\Sunshine-master\src\platform\linux\input\inputtino_common.h","0.003","21/03/2026 08:14:42 p. m.","True"
"8A0BFE575F1B765A847328D6BD5F43830E6FF43F93689BD39979A762AF3D41F1","3","DUPLICATE_REVIEW","RuneforgeCore","inputtino_common.h","C:\RUNEFOGE_PRO\runeforge\app\_archive\source-zips\Sunshine-master\Sunshine-master\src\platform\linux\input\inputtino_common.h","0.003","21/03/2026 08:14:42 p. m.","True"
"8B5BC3C4F8D97012A4FBCC04434FDE9A6D66E8EE348B059FAEBE2F9EF33BF157","1","KEEP_CANDIDATE","RuneforgeCore","nvprefs_interface.h","C:\RUNEFOGE_PRO\runeforge-mvp\runeforge-mvp\_archive\source-zips\Sunshine-master\Sunshine-master\src\platform\windows\nvprefs\nvprefs_interface.h","0.001","21/03/2026 08:14:42 p. m.","True"
"8B5BC3C4F8D97012A4FBCC04434FDE9A6D66E8EE348B059FAEBE2F9EF33BF157","2","DUPLICATE_REVIEW","RuneforgeCore","nvprefs_interface.h","C:\RUNEFOGE_PRO\runeforge\runeforge\app\_archive\source-zips\Sunshine-master\Sunshine-master\src\platform\windows\nvprefs\nvprefs_interface.h","0.001","21/03/2026 08:14:42 p. m.","True"
"8B5BC3C4F8D97012A4FBCC04434FDE9A6D66E8EE348B059FAEBE2F9EF33BF157","3","DUPLICATE_REVIEW","RuneforgeCore","nvprefs_interface.h","C:\RUNEFOGE_PRO\runeforge\app\_archive\source-zips\Sunshine-master\Sunshine-master\src\platform\windows\nvprefs\nvprefs_interface.h","0.001","21/03/2026 08:14:42 p. m.","True"
"8B6233E53E6264CE03A53B8E1882E606C0544434264EBB550E750F7F3147B911","1","KEEP_CANDIDATE","RuneforgeCore","sunshine-locked.ico","C:\RUNEFOGE_PRO\runeforge-mvp\runeforge-mvp\_archive\source-zips\Sunshine-master\Sunshine-master\src_assets\common\assets\web\public\images\sunshine-locked.ico","0.113","21/03/2026 08:14:42 p. m.","True"
"8B6233E53E6264CE03A53B8E1882E606C0544434264EBB550E750F7F3147B911","2","DUPLICATE_REVIEW","RuneforgeCore","sunshine-locked.ico","C:\RUNEFOGE_PRO\runeforge\runeforge\app\_archive\source-zips\Sunshine-master\Sunshine-master\src_assets\common\assets\web\public\images\sunshine-locked.ico","0.113","21/03/2026 08:14:42 p. m.","True"
"8B6233E53E6264CE03A53B8E1882E606C0544434264EBB550E750F7F3147B911","3","DUPLICATE_REVIEW","RuneforgeCore","sunshine-locked.ico","C:\RUNEFOGE_PRO\runeforge\app\_archive\source-zips\Sunshine-master\Sunshine-master\src_assets\common\assets\web\public\images\sunshine-locked.ico","0.113","21/03/2026 08:14:42 p. m.","True"
"8C54AC39EB23B1EC854B2042C182CCBA2D28D02099DEA677B5F81AA0020CC08D","1","KEEP_CANDIDATE","RuneforgeCore","package.json","C:\RUNEFOGE_PRO\runeforge-mvp\runeforge-mvp\package.json","0.001","20/03/2026 06:15:07 a. m.","True"
"8C54AC39EB23B1EC854B2042C182CCBA2D28D02099DEA677B5F81AA0020CC08D","2","DUPLICATE_REVIEW","RuneforgeCore","package.json","C:\RUNEFOGE_PRO\runeforge-mvp\runeforge-mvp\runeforge-mvp\package.json","0.001","20/03/2026 12:15:06 a. m.","True"
"8C54AC39EB23B1EC854B2042C182CCBA2D28D02099DEA677B5F81AA0020CC08D","3","DUPLICATE_REVIEW","RuneforgeCore","package.json","C:\RUNEFOGE_PRO\runeforge\runeforge\app\package.json","0.001","20/03/2026 12:15:06 a. m.","True"
"8C54AC39EB23B1EC854B2042C182CCBA2D28D02099DEA677B5F81AA0020CC08D","4","DUPLICATE_REVIEW","RuneforgeCore","package.json","C:\RUNEFOGE_PRO\runeforge\app\package.json","0.001","20/03/2026 12:15:06 a. m.","True"
"8C6ADA890EF98A773C47F0D036EB52036A76D7FB4FC90F7D61ACD8CF64329515","1","KEEP_CANDIDATE","RuneforgeCore","sunshine-pausing-16.png","C:\RUNEFOGE_PRO\runeforge-mvp\runeforge-mvp\_archive\source-zips\Sunshine-master\Sunshine-master\src_assets\common\assets\web\public\images\sunshine-pausing-16.png","0.001","21/03/2026 08:14:42 p. m.","True"
"8C6ADA890EF98A773C47F0D036EB52036A76D7FB4FC90F7D61ACD8CF64329515","2","DUPLICATE_REVIEW","RuneforgeCore","sunshine-pausing-16.png","C:\RUNEFOGE_PRO\runeforge\runeforge\app\_archive\source-zips\Sunshine-master\Sunshine-master\src_assets\common\assets\web\public\images\sunshine-pausing-16.png","0.001","21/03/2026 08:14:42 p. m.","True"
"8C6ADA890EF98A773C47F0D036EB52036A76D7FB4FC90F7D61ACD8CF64329515","3","DUPLICATE_REVIEW","RuneforgeCore","sunshine-pausing-16.png","C:\RUNEFOGE_PRO\runeforge\app\_archive\source-zips\Sunshine-master\Sunshine-master\src_assets\common\assets\web\public\images\sunshine-pausing-16.png","0.001","21/03/2026 08:14:42 p. m.","True"
"8CD8100A5BD91ECBC140CB242D508F0985D9BE93A6116F1245B03B46A0AC18F7","1","KEEP_CANDIDATE","RuneforgeCore","stat_trackers.h","C:\RUNEFOGE_PRO\runeforge-mvp\runeforge-mvp\_archive\source-zips\Sunshine-master\Sunshine-master\src\stat_trackers.h","0.001","21/03/2026 08:14:42 p. m.","True"
"8CD8100A5BD91ECBC140CB242D508F0985D9BE93A6116F1245B03B46A0AC18F7","2","DUPLICATE_REVIEW","RuneforgeCore","stat_trackers.h","C:\RUNEFOGE_PRO\runeforge\runeforge\app\_archive\source-zips\Sunshine-master\Sunshine-master\src\stat_trackers.h","0.001","21/03/2026 08:14:42 p. m.","True"
"8CD8100A5BD91ECBC140CB242D508F0985D9BE93A6116F1245B03B46A0AC18F7","3","DUPLICATE_REVIEW","RuneforgeCore","stat_trackers.h","C:\RUNEFOGE_PRO\runeforge\app\_archive\source-zips\Sunshine-master\Sunshine-master\src\stat_trackers.h","0.001","21/03/2026 08:14:42 p. m.","True"
"8D1DF162A0A96D49D5BE282F8417052EBB539993F9175C55304D4020B6AB9D8F","1","KEEP_CANDIDATE","RuneforgeCore","runeforge_audit_full.json","C:\RUNEFOGE_PRO\runeforge\runeforge\data\audits\20260423_235227\runeforge_audit_full.json","0.236","23/04/2026 11:53:33 p. m.","True"
"8D1DF162A0A96D49D5BE282F8417052EBB539993F9175C55304D4020B6AB9D8F","2","DUPLICATE_REVIEW","RuneforgeCore","runeforge_audit_full.json","C:\RUNEFOGE_PRO\runeforge\data\audits\20260423_235227\runeforge_audit_full.json","0.236","23/04/2026 11:53:33 p. m.","True"
"8D650767DFE074194B9F0EC420C4293DC9AF701E06D3030DE1CC6A9E68C658DE","1","KEEP_CANDIDATE","RuneforgeCore","registry.ts","C:\RUNEFOGE_PRO\runeforge-v2-ready\runeforge-v2\src\actions\registry.ts","0.001","13/04/2026 01:35:16 a. m.","True"
"8D650767DFE074194B9F0EC420C4293DC9AF701E06D3030DE1CC6A9E68C658DE","2","DUPLICATE_REVIEW","RuneforgeCore","registry.ts","C:\RUNEFOGE_PRO\RUNEFOGE_PRO\runeforge-v2-ready\runeforge-v2\src\actions\registry.ts","0.001","13/04/2026 01:35:16 a. m.","False"
"8E5DF3B4876212B614913292A06C896AE524BADB5581141D3EA285AA619CF50A","1","KEEP_CANDIDATE","RuneforgeCore","configuration.js","C:\RUNEFOGE_PRO\runeforge-mvp\runeforge-mvp\_archive\source-zips\Sunshine-master\Sunshine-master\docs\configuration.js","0.001","21/03/2026 08:14:42 p. m.","True"
"8E5DF3B4876212B614913292A06C896AE524BADB5581141D3EA285AA619CF50A","2","DUPLICATE_REVIEW","RuneforgeCore","configuration.js","C:\RUNEFOGE_PRO\runeforge\runeforge\app\_archive\source-zips\Sunshine-master\Sunshine-master\docs\configuration.js","0.001","21/03/2026 08:14:42 p. m.","True"
"8E5DF3B4876212B614913292A06C896AE524BADB5581141D3EA285AA619CF50A","3","DUPLICATE_REVIEW","RuneforgeCore","configuration.js","C:\RUNEFOGE_PRO\runeforge\app\_archive\source-zips\Sunshine-master\Sunshine-master\docs\configuration.js","0.001","21/03/2026 08:14:42 p. m.","True"
"8E6370C7431A03D386A3332289E90EC851123C0C2F2B735E14D017C3410BB411","1","KEEP_CANDIDATE","RuneforgeCore","apps.json","C:\RUNEFOGE_PRO\runeforge-mvp\runeforge-mvp\_archive\source-zips\Sunshine-master\Sunshine-master\src_assets\windows\assets\apps.json","0","21/03/2026 08:14:42 p. m.","True"
"8E6370C7431A03D386A3332289E90EC851123C0C2F2B735E14D017C3410BB411","2","DUPLICATE_REVIEW","RuneforgeCore","apps.json","C:\RUNEFOGE_PRO\runeforge\runeforge\app\_archive\source-zips\Sunshine-master\Sunshine-master\src_assets\windows\assets\apps.json","0","21/03/2026 08:14:42 p. m.","True"
"8E6370C7431A03D386A3332289E90EC851123C0C2F2B735E14D017C3410BB411","3","DUPLICATE_REVIEW","RuneforgeCore","apps.json","C:\RUNEFOGE_PRO\runeforge\app\_archive\source-zips\Sunshine-master\Sunshine-master\src_assets\windows\assets\apps.json","0","21/03/2026 08:14:42 p. m.","True"
"8E6550B975A34511788DBEAACAE47C9BE6C89C967052C12342C6CC32F5650E4C","1","KEEP_CANDIDATE","RuneforgeCore","sfx_back.wav","C:\RUNEFOGE_PRO\runeforge-mvp\runeforge-mvp\retro\_downloads\PPSSPPWindowsARM64\assets\sfx_back.wav","0.031","15/03/2026 11:52:35 a. m.","True"
"8E6550B975A34511788DBEAACAE47C9BE6C89C967052C12342C6CC32F5650E4C","2","DUPLICATE_REVIEW","RuneforgeCore","sfx_back.wav","C:\RUNEFOGE_PRO\runeforge\runeforge\app\retro\_downloads\PPSSPPWindowsARM64\assets\sfx_back.wav","0.031","15/03/2026 11:52:35 a. m.","True"
"8E6550B975A34511788DBEAACAE47C9BE6C89C967052C12342C6CC32F5650E4C","3","DUPLICATE_REVIEW","RuneforgeCore","sfx_back.wav","C:\RUNEFOGE_PRO\runeforge\app\retro\_downloads\PPSSPPWindowsARM64\assets\sfx_back.wav","0.031","15/03/2026 11:52:35 a. m.","True"
"8E78FF751D9A5C65EE94C47C3A6E3A9E99EB3605E9D16E014FBFAB942024C3B9","1","KEEP_CANDIDATE","RuneforgeCore","convert_yuv444_planar_ps_linear.hlsl","C:\RUNEFOGE_PRO\runeforge-mvp\runeforge-mvp\_archive\source-zips\Sunshine-master\Sunshine-master\src_assets\windows\assets\shaders\directx\convert_yuv444_planar_ps_linear.hlsl","0","21/03/2026 08:14:42 p. m.","True"
"8E78FF751D9A5C65EE94C47C3A6E3A9E99EB3605E9D16E014FBFAB942024C3B9","2","DUPLICATE_REVIEW","RuneforgeCore","convert_yuv444_planar_ps_linear.hlsl","C:\RUNEFOGE_PRO\runeforge\runeforge\app\_archive\source-zips\Sunshine-master\Sunshine-master\src_assets\windows\assets\shaders\directx\convert_yuv444_planar_ps_linear.hlsl","0","21/03/2026 08:14:42 p. m.","True"
"8E78FF751D9A5C65EE94C47C3A6E3A9E99EB3605E9D16E014FBFAB942024C3B9","3","DUPLICATE_REVIEW","RuneforgeCore","convert_yuv444_planar_ps_linear.hlsl","C:\RUNEFOGE_PRO\runeforge\app\_archive\source-zips\Sunshine-master\Sunshine-master\src_assets\windows\assets\shaders\directx\convert_yuv444_planar_ps_linear.hlsl","0","21/03/2026 08:14:42 p. m.","True"
"8E9DA2BD2747EB01A8A470BCDFD0F6C682E42AF29E9B242F786D5D365FA566F7","1","KEEP_CANDIDATE","RuneforgeCore","sunshine-setup.ps1","C:\RUNEFOGE_PRO\runeforge-mvp\runeforge-mvp\_archive\source-zips\Sunshine-master\Sunshine-master\src_assets\windows\misc\sunshine-setup.ps1","0.022","21/03/2026 08:14:42 p. m.","True"
"8E9DA2BD2747EB01A8A470BCDFD0F6C682E42AF29E9B242F786D5D365FA566F7","2","DUPLICATE_REVIEW","RuneforgeCore","sunshine-setup.ps1","C:\RUNEFOGE_PRO\runeforge\runeforge\app\_archive\source-zips\Sunshine-master\Sunshine-master\src_assets\windows\misc\sunshine-setup.ps1","0.022","21/03/2026 08:14:42 p. m.","True"
"8E9DA2BD2747EB01A8A470BCDFD0F6C682E42AF29E9B242F786D5D365FA566F7","3","DUPLICATE_REVIEW","RuneforgeCore","sunshine-setup.ps1","C:\RUNEFOGE_PRO\runeforge\app\_archive\source-zips\Sunshine-master\Sunshine-master\src_assets\windows\misc\sunshine-setup.ps1","0.022","21/03/2026 08:14:42 p. m.","True"
"8EB8F87E86567F6B1A4E25076E35CCEF4D8DA201BD4C8C39131808B8B7317BF0","1","KEEP_CANDIDATE","RuneforgeCore","thread_safe.h","C:\RUNEFOGE_PRO\runeforge-mvp\runeforge-mvp\_archive\source-zips\Sunshine-master\Sunshine-master\src\thread_safe.h","0.011","21/03/2026 08:14:42 p. m.","True"
"8EB8F87E86567F6B1A4E25076E35CCEF4D8DA201BD4C8C39131808B8B7317BF0","2","DUPLICATE_REVIEW","RuneforgeCore","thread_safe.h","C:\RUNEFOGE_PRO\runeforge\runeforge\app\_archive\source-zips\Sunshine-master\Sunshine-master\src\thread_safe.h","0.011","21/03/2026 08:14:42 p. m.","True"
"8EB8F87E86567F6B1A4E25076E35CCEF4D8DA201BD4C8C39131808B8B7317BF0","3","DUPLICATE_REVIEW","RuneforgeCore","thread_safe.h","C:\RUNEFOGE_PRO\runeforge\app\_archive\source-zips\Sunshine-master\Sunshine-master\src\thread_safe.h","0.011","21/03/2026 08:14:42 p. m.","True"
"8EBA60D882FD38A78B911C2D49A63BE7E4ADF4E7637193012D7E2CFFB7FED320","1","KEEP_CANDIDATE","RuneforgeCore","PPSSPPWindowsARM64.zip","C:\RUNEFOGE_PRO\runeforge-mvp\runeforge-mvp\retro\_downloads\PPSSPPWindowsARM64.zip","18.417","23/03/2026 02:07:38 a. m.","True"
"8EBA60D882FD38A78B911C2D49A63BE7E4ADF4E7637193012D7E2CFFB7FED320","2","DUPLICATE_REVIEW","RuneforgeCore","PPSSPPWindowsARM64.zip","C:\RUNEFOGE_PRO\runeforge\runeforge\app\retro\_downloads\PPSSPPWindowsARM64.zip","18.417","23/03/2026 02:07:38 a. m.","True"
"8EBA60D882FD38A78B911C2D49A63BE7E4ADF4E7637193012D7E2CFFB7FED320","3","DUPLICATE_REVIEW","RuneforgeCore","PPSSPPWindowsARM64.zip","C:\RUNEFOGE_PRO\runeforge\app\retro\_downloads\PPSSPPWindowsARM64.zip","18.417","23/03/2026 02:07:38 a. m.","True"
"8ED6E85857AF0DD225340E5C4B5D40C0095BB09DBD4769988ECA2B69127BD66E","1","KEEP_CANDIDATE","RuneforgeCore","migrate-config.bat","C:\RUNEFOGE_PRO\runeforge-mvp\runeforge-mvp\_archive\source-zips\Sunshine-master\Sunshine-master\src_assets\windows\misc\migration\migrate-config.bat","0.002","21/03/2026 08:14:42 p. m.","True"
"8ED6E85857AF0DD225340E5C4B5D40C0095BB09DBD4769988ECA2B69127BD66E","2","DUPLICATE_REVIEW","RuneforgeCore","migrate-config.bat","C:\RUNEFOGE_PRO\runeforge\runeforge\app\_archive\source-zips\Sunshine-master\Sunshine-master\src_assets\windows\misc\migration\migrate-config.bat","0.002","21/03/2026 08:14:42 p. m.","True"
"8ED6E85857AF0DD225340E5C4B5D40C0095BB09DBD4769988ECA2B69127BD66E","3","DUPLICATE_REVIEW","RuneforgeCore","migrate-config.bat","C:\RUNEFOGE_PRO\runeforge\app\_archive\source-zips\Sunshine-master\Sunshine-master\src_assets\windows\misc\migration\migrate-config.bat","0.002","21/03/2026 08:14:42 p. m.","True"
"8FA7A42B08DDDA0BC8012CCF7E9ADDFB8A374861530E9861540F14CEE8CBDEC7","1","KEEP_CANDIDATE","RuneforgeCore","RUNEFORGE_COMMANDER_V41_GHOST_FUSION.ahk","C:\RUNEFOGE_PRO\runeforge\scripts\ahk\RUNEFORGE_COMMANDER_V41_GHOST_FUSION.ahk","0.014","24/04/2026 12:41:10 a. m.","True"
"8FA7A42B08DDDA0BC8012CCF7E9ADDFB8A374861530E9861540F14CEE8CBDEC7","2","DUPLICATE_REVIEW","RuneforgeCore","RUNEFORGE_COMMANDER_V41_GHOST_FUSION.ahk","C:\RUNEFOGE_PRO\runeforge\runeforge\scripts\ahk\RUNEFORGE_COMMANDER_V41_GHOST_FUSION.ahk","0.014","24/04/2026 12:41:10 a. m.","True"
"8FD7DEDAF84ECA972E3AB1ADA76CEF9AE6E7F1ECA517F48601CC479F405F03A0","1","KEEP_CANDIDATE","RuneforgeCore","Runeforge_Tactical_Playbook.pptx","C:\RUNEFOGE_PRO\runeforge\Runeforge_Tactical_Playbook.pptx","18.313","19/04/2026 06:23:17 p. m.","True"
"8FD7DEDAF84ECA972E3AB1ADA76CEF9AE6E7F1ECA517F48601CC479F405F03A0","2","DUPLICATE_REVIEW","RuneforgeCore","Runeforge_Tactical_Playbook.pptx","C:\RUNEFOGE_PRO\runeforge\runeforge\Runeforge_Tactical_Playbook.pptx","18.313","19/04/2026 06:23:17 p. m.","True"
"902F51573C6FC19494E4E42046D851C7DD83C69EA4B847A6EF16FA30B9DFEA1A","1","KEEP_CANDIDATE","RuneforgeCore","ar_AE.ini","C:\RUNEFOGE_PRO\runeforge-mvp\runeforge-mvp\retro\_downloads\PPSSPPWindowsARM64\assets\lang\ar_AE.ini","0.072","15/03/2026 11:52:35 a. m.","True"
"902F51573C6FC19494E4E42046D851C7DD83C69EA4B847A6EF16FA30B9DFEA1A","2","DUPLICATE_REVIEW","RuneforgeCore","ar_AE.ini","C:\RUNEFOGE_PRO\runeforge\runeforge\app\retro\_downloads\PPSSPPWindowsARM64\assets\lang\ar_AE.ini","0.072","15/03/2026 11:52:35 a. m.","True"
"902F51573C6FC19494E4E42046D851C7DD83C69EA4B847A6EF16FA30B9DFEA1A","3","DUPLICATE_REVIEW","RuneforgeCore","ar_AE.ini","C:\RUNEFOGE_PRO\runeforge\app\retro\_downloads\PPSSPPWindowsARM64\assets\lang\ar_AE.ini","0.072","15/03/2026 11:52:35 a. m.","True"
"9040C4A81DF85ED4653E30994B0D18F57443A0754F61AFDB0D5F0FE64111A4A0","1","KEEP_CANDIDATE","RuneforgeCore","tg_PH.ini","C:\RUNEFOGE_PRO\runeforge-mvp\runeforge-mvp\retro\_downloads\PPSSPPWindowsARM64\assets\lang\tg_PH.ini","0.068","15/03/2026 11:52:35 a. m.","True"
"9040C4A81DF85ED4653E30994B0D18F57443A0754F61AFDB0D5F0FE64111A4A0","2","DUPLICATE_REVIEW","RuneforgeCore","tg_PH.ini","C:\RUNEFOGE_PRO\runeforge\runeforge\app\retro\_downloads\PPSSPPWindowsARM64\assets\lang\tg_PH.ini","0.068","15/03/2026 11:52:35 a. m.","True"
"9040C4A81DF85ED4653E30994B0D18F57443A0754F61AFDB0D5F0FE64111A4A0","3","DUPLICATE_REVIEW","RuneforgeCore","tg_PH.ini","C:\RUNEFOGE_PRO\runeforge\app\retro\_downloads\PPSSPPWindowsARM64\assets\lang\tg_PH.ini","0.068","15/03/2026 11:52:35 a. m.","True"
"90644B4DAE1292A3B8D259826EB6B723A3A1949B5B625118B84C542BCDF7D8C3","1","KEEP_CANDIDATE","RuneforgeCore","wlgrab.cpp","C:\RUNEFOGE_PRO\runeforge-mvp\runeforge-mvp\_archive\source-zips\Sunshine-master\Sunshine-master\src\platform\linux\wlgrab.cpp","0.015","21/03/2026 08:14:42 p. m.","True"
"90644B4DAE1292A3B8D259826EB6B723A3A1949B5B625118B84C542BCDF7D8C3","2","DUPLICATE_REVIEW","RuneforgeCore","wlgrab.cpp","C:\RUNEFOGE_PRO\runeforge\runeforge\app\_archive\source-zips\Sunshine-master\Sunshine-master\src\platform\linux\wlgrab.cpp","0.015","21/03/2026 08:14:42 p. m.","True"
"90644B4DAE1292A3B8D259826EB6B723A3A1949B5B625118B84C542BCDF7D8C3","3","DUPLICATE_REVIEW","RuneforgeCore","wlgrab.cpp","C:\RUNEFOGE_PRO\runeforge\app\_archive\source-zips\Sunshine-master\Sunshine-master\src\platform\linux\wlgrab.cpp","0.015","21/03/2026 08:14:42 p. m.","True"
"90736A95D7A801958ABF0FB93BE80DCB97A0A0E47B03818F8B7AAE926591740B","1","KEEP_CANDIDATE","RuneforgeCore","sunshine.png","C:\RUNEFOGE_PRO\runeforge-mvp\runeforge-mvp\_archive\source-zips\Sunshine-master\Sunshine-master\sunshine.png","0.02","21/03/2026 08:14:42 p. m.","True"
"90736A95D7A801958ABF0FB93BE80DCB97A0A0E47B03818F8B7AAE926591740B","2","DUPLICATE_REVIEW","RuneforgeCore","sunshine.png","C:\RUNEFOGE_PRO\runeforge\runeforge\app\_archive\source-zips\Sunshine-master\Sunshine-master\sunshine.png","0.02","21/03/2026 08:14:42 p. m.","True"
"90736A95D7A801958ABF0FB93BE80DCB97A0A0E47B03818F8B7AAE926591740B","3","DUPLICATE_REVIEW","RuneforgeCore","sunshine.png","C:\RUNEFOGE_PRO\runeforge\app\_archive\source-zips\Sunshine-master\Sunshine-master\sunshine.png","0.02","21/03/2026 08:14:42 p. m.","True"
"90FD9E297E91030BE9E31B6CEB8220BA7E5715D22769471E7AA7E96F24B1591F","1","KEEP_CANDIDATE","RuneforgeCore","convert_yuv420_planar_y_ps.hlsl","C:\RUNEFOGE_PRO\runeforge-mvp\runeforge-mvp\_archive\source-zips\Sunshine-master\Sunshine-master\src_assets\windows\assets\shaders\directx\convert_yuv420_planar_y_ps.hlsl","0","21/03/2026 08:14:42 p. m.","True"
"90FD9E297E91030BE9E31B6CEB8220BA7E5715D22769471E7AA7E96F24B1591F","2","DUPLICATE_REVIEW","RuneforgeCore","convert_yuv420_planar_y_ps.hlsl","C:\RUNEFOGE_PRO\runeforge\runeforge\app\_archive\source-zips\Sunshine-master\Sunshine-master\src_assets\windows\assets\shaders\directx\convert_yuv420_planar_y_ps.hlsl","0","21/03/2026 08:14:42 p. m.","True"
"90FD9E297E91030BE9E31B6CEB8220BA7E5715D22769471E7AA7E96F24B1591F","3","DUPLICATE_REVIEW","RuneforgeCore","convert_yuv420_planar_y_ps.hlsl","C:\RUNEFOGE_PRO\runeforge\app\_archive\source-zips\Sunshine-master\Sunshine-master\src_assets\windows\assets\shaders\directx\convert_yuv420_planar_y_ps.hlsl","0","21/03/2026 08:14:42 p. m.","True"
"916FAB3E82669DB9B8592CDAA270B567CF1270C3A3BB711AF8071A5FB2B2641B","1","KEEP_CANDIDATE","RuneforgeCore","troubleshooting.md","C:\RUNEFOGE_PRO\runeforge-mvp\runeforge-mvp\_archive\source-zips\Sunshine-master\Sunshine-master\docs\troubleshooting.md","0.009","21/03/2026 08:14:42 p. m.","True"
"916FAB3E82669DB9B8592CDAA270B567CF1270C3A3BB711AF8071A5FB2B2641B","2","DUPLICATE_REVIEW","RuneforgeCore","troubleshooting.md","C:\RUNEFOGE_PRO\runeforge\runeforge\app\_archive\source-zips\Sunshine-master\Sunshine-master\docs\troubleshooting.md","0.009","21/03/2026 08:14:42 p. m.","True"
"916FAB3E82669DB9B8592CDAA270B567CF1270C3A3BB711AF8071A5FB2B2641B","3","DUPLICATE_REVIEW","RuneforgeCore","troubleshooting.md","C:\RUNEFOGE_PRO\runeforge\app\_archive\source-zips\Sunshine-master\Sunshine-master\docs\troubleshooting.md","0.009","21/03/2026 08:14:42 p. m.","True"
"9187C96CBDD0255C9FFCDF3AB9F6AD1B80E348DCF6581D3F3B7F6A58D7DD87C5","1","KEEP_CANDIDATE","RuneforgeCore","app.js","C:\RUNEFOGE_PRO\runeforge-mvp\runeforge-mvp\runeforge-mvp\src\app.js","0.001","27/03/2026 12:51:28 a. m.","True"
"9187C96CBDD0255C9FFCDF3AB9F6AD1B80E348DCF6581D3F3B7F6A58D7DD87C5","2","DUPLICATE_REVIEW","RuneforgeCore","app.js","C:\RUNEFOGE_PRO\runeforge\runeforge\app\src\app.js","0.001","27/03/2026 12:51:28 a. m.","True"
"9187C96CBDD0255C9FFCDF3AB9F6AD1B80E348DCF6581D3F3B7F6A58D7DD87C5","3","DUPLICATE_REVIEW","RuneforgeCore","app.js","C:\RUNEFOGE_PRO\runeforge\app\src\app.js","0.001","27/03/2026 12:51:28 a. m.","True"
"91C43FBD642B8CBB9F618A2E25A056ECF045BC6955264F515A74D125BD669F9B","1","KEEP_CANDIDATE","RuneforgeCore","schemas.ts","C:\RUNEFOGE_PRO\runeforge-v2-ready\runeforge-v2\src\actions\schemas.ts","0","13/04/2026 01:35:16 a. m.","True"
"91C43FBD642B8CBB9F618A2E25A056ECF045BC6955264F515A74D125BD669F9B","2","DUPLICATE_REVIEW","RuneforgeCore","schemas.ts","C:\RUNEFOGE_PRO\RUNEFOGE_PRO\runeforge-v2-ready\runeforge-v2\src\actions\schemas.ts","0","13/04/2026 01:35:16 a. m.","False"
"91D97BBDCD9D0960B0F73ECD5649979620070F93BF6C26E155E9ADCF1F2B6E3C","1","KEEP_CANDIDATE","RuneforgeCore","undo_file.cpp","C:\RUNEFOGE_PRO\runeforge-mvp\runeforge-mvp\_archive\source-zips\Sunshine-master\Sunshine-master\src\platform\windows\nvprefs\undo_file.cpp","0.004","21/03/2026 08:14:42 p. m.","True"
"91D97BBDCD9D0960B0F73ECD5649979620070F93BF6C26E155E9ADCF1F2B6E3C","2","DUPLICATE_REVIEW","RuneforgeCore","undo_file.cpp","C:\RUNEFOGE_PRO\runeforge\runeforge\app\_archive\source-zips\Sunshine-master\Sunshine-master\src\platform\windows\nvprefs\undo_file.cpp","0.004","21/03/2026 08:14:42 p. m.","True"
"91D97BBDCD9D0960B0F73ECD5649979620070F93BF6C26E155E9ADCF1F2B6E3C","3","DUPLICATE_REVIEW","RuneforgeCore","undo_file.cpp","C:\RUNEFOGE_PRO\runeforge\app\_archive\source-zips\Sunshine-master\Sunshine-master\src\platform\windows\nvprefs\undo_file.cpp","0.004","21/03/2026 08:14:42 p. m.","True"
"91E543FA177A236BFDC1F41D6080D07F91A6899B8A12FE155BDF2F1FD1819C0B","1","KEEP_CANDIDATE","RuneforgeCore","nvenc_encoded_frame.h","C:\RUNEFOGE_PRO\runeforge-mvp\runeforge-mvp\_archive\source-zips\Sunshine-master\Sunshine-master\src\nvenc\nvenc_encoded_frame.h","0","21/03/2026 08:14:42 p. m.","True"
"91E543FA177A236BFDC1F41D6080D07F91A6899B8A12FE155BDF2F1FD1819C0B","2","DUPLICATE_REVIEW","RuneforgeCore","nvenc_encoded_frame.h","C:\RUNEFOGE_PRO\runeforge\runeforge\app\_archive\source-zips\Sunshine-master\Sunshine-master\src\nvenc\nvenc_encoded_frame.h","0","21/03/2026 08:14:42 p. m.","True"
"91E543FA177A236BFDC1F41D6080D07F91A6899B8A12FE155BDF2F1FD1819C0B","3","DUPLICATE_REVIEW","RuneforgeCore","nvenc_encoded_frame.h","C:\RUNEFOGE_PRO\runeforge\app\_archive\source-zips\Sunshine-master\Sunshine-master\src\nvenc\nvenc_encoded_frame.h","0","21/03/2026 08:14:42 p. m.","True"
"921DA97D7027CCC128E453DD62D900CD98FCC536D136C6F67B894C91865C57A8","1","KEEP_CANDIDATE","RuneforgeCore","DisplayDeviceOptions.vue","C:\RUNEFOGE_PRO\runeforge-mvp\runeforge-mvp\_archive\source-zips\Sunshine-master\Sunshine-master\src_assets\common\assets\web\configs\tabs\audiovideo\DisplayDeviceOptions.vue","0.011","21/03/2026 08:14:42 p. m.","True"
"921DA97D7027CCC128E453DD62D900CD98FCC536D136C6F67B894C91865C57A8","2","DUPLICATE_REVIEW","RuneforgeCore","DisplayDeviceOptions.vue","C:\RUNEFOGE_PRO\runeforge\runeforge\app\_archive\source-zips\Sunshine-master\Sunshine-master\src_assets\common\assets\web\configs\tabs\audiovideo\DisplayDeviceOptions.vue","0.011","21/03/2026 08:14:42 p. m.","True"
"921DA97D7027CCC128E453DD62D900CD98FCC536D136C6F67B894C91865C57A8","3","DUPLICATE_REVIEW","RuneforgeCore","DisplayDeviceOptions.vue","C:\RUNEFOGE_PRO\runeforge\app\_archive\source-zips\Sunshine-master\Sunshine-master\src_assets\common\assets\web\configs\tabs\audiovideo\DisplayDeviceOptions.vue","0.011","21/03/2026 08:14:42 p. m.","True"
"923B68A51D954BE427F4CDE837C34A52BF458A8C784D56753D0F3456657E5168","1","KEEP_CANDIDATE","RuneforgeCore",".gitignore","C:\RUNEFOGE_PRO\runeforge-mvp\runeforge-mvp\.gitignore","0","20/03/2026 06:15:07 a. m.","True"
"923B68A51D954BE427F4CDE837C34A52BF458A8C784D56753D0F3456657E5168","2","DUPLICATE_REVIEW","RuneforgeCore",".gitignore","C:\RUNEFOGE_PRO\runeforge-mvp\runeforge-mvp\runeforge-mvp\.gitignore","0","20/03/2026 12:15:06 a. m.","True"
"923B68A51D954BE427F4CDE837C34A52BF458A8C784D56753D0F3456657E5168","3","DUPLICATE_REVIEW","RuneforgeCore",".gitignore","C:\RUNEFOGE_PRO\runeforge\runeforge\app\.gitignore","0","20/03/2026 12:15:06 a. m.","True"
"923B68A51D954BE427F4CDE837C34A52BF458A8C784D56753D0F3456657E5168","4","DUPLICATE_REVIEW","RuneforgeCore",".gitignore.20260425_024057.bak","C:\RUNEFOGE_PRO\runeforge\backups\security\.gitignore.20260425_024057.bak","0","20/03/2026 12:15:06 a. m.","True"
"923B68A51D954BE427F4CDE837C34A52BF458A8C784D56753D0F3456657E5168","5","DUPLICATE_REVIEW","RuneforgeCore",".gitignore","C:\RUNEFOGE_PRO\runeforge\app\.gitignore","0","20/03/2026 12:15:06 a. m.","True"
"92887FFA540CDDB4FCEE3473FCA387079375505C254AAC04D0F881EC70BAE748","1","KEEP_CANDIDATE","RuneforgeCore","en_US.json","C:\RUNEFOGE_PRO\runeforge-mvp\runeforge-mvp\_archive\source-zips\Sunshine-master\Sunshine-master\src_assets\common\assets\web\public\assets\locale\en_US.json","0.037","21/03/2026 08:14:42 p. m.","True"
"92887FFA540CDDB4FCEE3473FCA387079375505C254AAC04D0F881EC70BAE748","2","DUPLICATE_REVIEW","RuneforgeCore","en_US.json","C:\RUNEFOGE_PRO\runeforge\runeforge\app\_archive\source-zips\Sunshine-master\Sunshine-master\src_assets\common\assets\web\public\assets\locale\en_US.json","0.037","21/03/2026 08:14:42 p. m.","True"
"92887FFA540CDDB4FCEE3473FCA387079375505C254AAC04D0F881EC70BAE748","3","DUPLICATE_REVIEW","RuneforgeCore","en_US.json","C:\RUNEFOGE_PRO\runeforge\app\_archive\source-zips\Sunshine-master\Sunshine-master\src_assets\common\assets\web\public\assets\locale\en_US.json","0.037","21/03/2026 08:14:42 p. m.","True"
"92AB3D61D17E6FA2111A80BD75D89CC241F2A85461D0F3E58198F84ADCF35C9C","1","KEEP_CANDIDATE","RuneforgeCore","asciifont_atlas.meta","C:\RUNEFOGE_PRO\runeforge-mvp\runeforge-mvp\retro\_downloads\PPSSPPWindowsARM64\assets\asciifont_atlas.meta","0.007","15/03/2026 11:52:35 a. m.","True"
"92AB3D61D17E6FA2111A80BD75D89CC241F2A85461D0F3E58198F84ADCF35C9C","2","DUPLICATE_REVIEW","RuneforgeCore","asciifont_atlas.meta","C:\RUNEFOGE_PRO\runeforge\runeforge\app\retro\_downloads\PPSSPPWindowsARM64\assets\asciifont_atlas.meta","0.007","15/03/2026 11:52:35 a. m.","True"
"92AB3D61D17E6FA2111A80BD75D89CC241F2A85461D0F3E58198F84ADCF35C9C","3","DUPLICATE_REVIEW","RuneforgeCore","asciifont_atlas.meta","C:\RUNEFOGE_PRO\runeforge\app\retro\_downloads\PPSSPPWindowsARM64\assets\asciifont_atlas.meta","0.007","15/03/2026 11:52:35 a. m.","True"
"92BF17FC4442F121132DAC28B27534A280915BE428531F950A56F8BA1DA90DB2","1","KEEP_CANDIDATE","RuneforgeCore","latest-terminal-export.json","C:\RUNEFOGE_PRO\runeforge\runeforge\data\commander\exports\latest-terminal-export.json","0.001","24/04/2026 06:57:50 p. m.","True"
"92BF17FC4442F121132DAC28B27534A280915BE428531F950A56F8BA1DA90DB2","2","DUPLICATE_REVIEW","RuneforgeCore","latest-terminal-export.json","C:\RUNEFOGE_PRO\runeforge\data\commander\exports\latest-terminal-export.json","0.001","24/04/2026 06:57:50 p. m.","True"
"9339BFDE85327799BD5D5124E5AD2B8DE4431DA0FB55B3914D8DD88CE4AC3804","1","KEEP_CANDIDATE","RuneforgeCore","codecov.yml","C:\RUNEFOGE_PRO\runeforge-mvp\runeforge-mvp\_archive\source-zips\Sunshine-master\Sunshine-master\codecov.yml","0","21/03/2026 08:14:42 p. m.","True"
"9339BFDE85327799BD5D5124E5AD2B8DE4431DA0FB55B3914D8DD88CE4AC3804","2","DUPLICATE_REVIEW","RuneforgeCore","codecov.yml","C:\RUNEFOGE_PRO\runeforge\runeforge\app\_archive\source-zips\Sunshine-master\Sunshine-master\codecov.yml","0","21/03/2026 08:14:42 p. m.","True"
"9339BFDE85327799BD5D5124E5AD2B8DE4431DA0FB55B3914D8DD88CE4AC3804","3","DUPLICATE_REVIEW","RuneforgeCore","codecov.yml","C:\RUNEFOGE_PRO\runeforge\app\_archive\source-zips\Sunshine-master\Sunshine-master\codecov.yml","0","21/03/2026 08:14:42 p. m.","True"
"93A152F8406CF2485B9E3B381325ACD7E7810A256BEB525333B0CF165463242B","1","KEEP_CANDIDATE","RuneforgeCore","nvenc_utils.cpp","C:\RUNEFOGE_PRO\runeforge-mvp\runeforge-mvp\_archive\source-zips\Sunshine-master\Sunshine-master\src\nvenc\nvenc_utils.cpp","0.003","21/03/2026 08:14:42 p. m.","True"
"93A152F8406CF2485B9E3B381325ACD7E7810A256BEB525333B0CF165463242B","2","DUPLICATE_REVIEW","RuneforgeCore","nvenc_utils.cpp","C:\RUNEFOGE_PRO\runeforge\runeforge\app\_archive\source-zips\Sunshine-master\Sunshine-master\src\nvenc\nvenc_utils.cpp","0.003","21/03/2026 08:14:42 p. m.","True"
"93A152F8406CF2485B9E3B381325ACD7E7810A256BEB525333B0CF165463242B","3","DUPLICATE_REVIEW","RuneforgeCore","nvenc_utils.cpp","C:\RUNEFOGE_PRO\runeforge\app\_archive\source-zips\Sunshine-master\Sunshine-master\src\nvenc\nvenc_utils.cpp","0.003","21/03/2026 08:14:42 p. m.","True"
"93A770E6B6700C5B97145E8EC847D0D548BD754CDC7BDCB988D61D9F95DFB2DC","1","KEEP_CANDIDATE","RuneforgeCore","test_audio.cpp","C:\RUNEFOGE_PRO\runeforge-mvp\runeforge-mvp\_archive\source-zips\Sunshine-master\Sunshine-master\tests\unit\test_audio.cpp","0.002","21/03/2026 08:14:42 p. m.","True"
"93A770E6B6700C5B97145E8EC847D0D548BD754CDC7BDCB988D61D9F95DFB2DC","2","DUPLICATE_REVIEW","RuneforgeCore","test_audio.cpp","C:\RUNEFOGE_PRO\runeforge\runeforge\app\_archive\source-zips\Sunshine-master\Sunshine-master\tests\unit\test_audio.cpp","0.002","21/03/2026 08:14:42 p. m.","True"
"93A770E6B6700C5B97145E8EC847D0D548BD754CDC7BDCB988D61D9F95DFB2DC","3","DUPLICATE_REVIEW","RuneforgeCore","test_audio.cpp","C:\RUNEFOGE_PRO\runeforge\app\_archive\source-zips\Sunshine-master\Sunshine-master\tests\unit\test_audio.cpp","0.002","21/03/2026 08:14:42 p. m.","True"
"93ADE95DF3864D275ED91091FA387450321BBD033582BAC76D42BE38728CC8C3","1","KEEP_CANDIDATE","RuneforgeCore","HKLM_SOFTWARE_OpenSSH.reg","C:\RUNEFOGE_PRO\runeforge\runeforge\backups\ssh\ssh_ready_20260424_024742\HKLM_SOFTWARE_OpenSSH.reg","0","24/04/2026 02:47:42 a. m.","True"
"93ADE95DF3864D275ED91091FA387450321BBD033582BAC76D42BE38728CC8C3","2","DUPLICATE_REVIEW","RuneforgeCore","HKLM_SOFTWARE_OpenSSH.reg","C:\RUNEFOGE_PRO\runeforge\backups\ssh\ssh_ready_20260424_024742\HKLM_SOFTWARE_OpenSSH.reg","0","24/04/2026 02:47:42 a. m.","True"
"93ADE95DF3864D275ED91091FA387450321BBD033582BAC76D42BE38728CC8C3","3","DUPLICATE_REVIEW","RuneforgeCore","HKLM_SOFTWARE_OpenSSH.reg","C:\RUNEFOGE_PRO\runeforge\runeforge\backups\registry\rollback_20260424_015840\HKLM_SOFTWARE_OpenSSH.reg","0","24/04/2026 01:58:40 a. m.","True"
"93ADE95DF3864D275ED91091FA387450321BBD033582BAC76D42BE38728CC8C3","4","DUPLICATE_REVIEW","RuneforgeCore","HKLM_SOFTWARE_OpenSSH.reg","C:\RUNEFOGE_PRO\runeforge\backups\registry\rollback_20260424_015840\HKLM_SOFTWARE_OpenSSH.reg","0","24/04/2026 01:58:40 a. m.","True"
"93B7C976169D99C7D8CD54032458883678EFC36DE297DD2E61A0FF033AA2B93B","1","KEEP_CANDIDATE","RuneforgeCore","api.md","C:\RUNEFOGE_PRO\runeforge-mvp\runeforge-mvp\_archive\source-zips\Sunshine-master\Sunshine-master\docs\api.md","0.003","21/03/2026 08:14:42 p. m.","True"
"93B7C976169D99C7D8CD54032458883678EFC36DE297DD2E61A0FF033AA2B93B","2","DUPLICATE_REVIEW","RuneforgeCore","api.md","C:\RUNEFOGE_PRO\runeforge\runeforge\app\_archive\source-zips\Sunshine-master\Sunshine-master\docs\api.md","0.003","21/03/2026 08:14:42 p. m.","True"
"93B7C976169D99C7D8CD54032458883678EFC36DE297DD2E61A0FF033AA2B93B","3","DUPLICATE_REVIEW","RuneforgeCore","api.md","C:\RUNEFOGE_PRO\runeforge\app\_archive\source-zips\Sunshine-master\Sunshine-master\docs\api.md","0.003","21/03/2026 08:14:42 p. m.","True"
"9408429F4636CF35FAFE02127DC692FF911FE3D5D5C008CEA1F2110FD09E7CEA","1","KEEP_CANDIDATE","RuneforgeCore","vite.config.js","C:\RUNEFOGE_PRO\runeforge-mvp\runeforge-mvp\_archive\source-zips\Sunshine-master\Sunshine-master\vite.config.js","0.003","21/03/2026 08:14:42 p. m.","True"
"9408429F4636CF35FAFE02127DC692FF911FE3D5D5C008CEA1F2110FD09E7CEA","2","DUPLICATE_REVIEW","RuneforgeCore","vite.config.js","C:\RUNEFOGE_PRO\runeforge\runeforge\app\_archive\source-zips\Sunshine-master\Sunshine-master\vite.config.js","0.003","21/03/2026 08:14:42 p. m.","True"
"9408429F4636CF35FAFE02127DC692FF911FE3D5D5C008CEA1F2110FD09E7CEA","3","DUPLICATE_REVIEW","RuneforgeCore","vite.config.js","C:\RUNEFOGE_PRO\runeforge\app\_archive\source-zips\Sunshine-master\Sunshine-master\vite.config.js","0.003","21/03/2026 08:14:42 p. m.","True"
"94557A393DE8E5C9C280D93BD8ABD8DE332CC9C0A22D460B6FF9778E23938F58","1","KEEP_CANDIDATE","RuneforgeCore","update-path.bat","C:\RUNEFOGE_PRO\runeforge-mvp\runeforge-mvp\_archive\source-zips\Sunshine-master\Sunshine-master\src_assets\windows\misc\path\update-path.bat","0.003","21/03/2026 08:14:42 p. m.","True"
"94557A393DE8E5C9C280D93BD8ABD8DE332CC9C0A22D460B6FF9778E23938F58","2","DUPLICATE_REVIEW","RuneforgeCore","update-path.bat","C:\RUNEFOGE_PRO\runeforge\runeforge\app\_archive\source-zips\Sunshine-master\Sunshine-master\src_assets\windows\misc\path\update-path.bat","0.003","21/03/2026 08:14:42 p. m.","True"
"94557A393DE8E5C9C280D93BD8ABD8DE332CC9C0A22D460B6FF9778E23938F58","3","DUPLICATE_REVIEW","RuneforgeCore","update-path.bat","C:\RUNEFOGE_PRO\runeforge\app\_archive\source-zips\Sunshine-master\Sunshine-master\src_assets\windows\misc\path\update-path.bat","0.003","21/03/2026 08:14:42 p. m.","True"
"94759E394FFF0AA497060D7D4259B47F305B9384DE3B67C49350ABE5A5B60431","1","KEEP_CANDIDATE","RuneforgeCore","display.h","C:\RUNEFOGE_PRO\runeforge-mvp\runeforge-mvp\_archive\source-zips\Sunshine-master\Sunshine-master\src\platform\windows\display.h","0.014","21/03/2026 08:14:42 p. m.","True"
"94759E394FFF0AA497060D7D4259B47F305B9384DE3B67C49350ABE5A5B60431","2","DUPLICATE_REVIEW","RuneforgeCore","display.h","C:\RUNEFOGE_PRO\runeforge\runeforge\app\_archive\source-zips\Sunshine-master\Sunshine-master\src\platform\windows\display.h","0.014","21/03/2026 08:14:42 p. m.","True"
"94759E394FFF0AA497060D7D4259B47F305B9384DE3B67C49350ABE5A5B60431","3","DUPLICATE_REVIEW","RuneforgeCore","display.h","C:\RUNEFOGE_PRO\runeforge\app\_archive\source-zips\Sunshine-master\Sunshine-master\src\platform\windows\display.h","0.014","21/03/2026 08:14:42 p. m.","True"
"94D3CE85C0A1127A49C490B4CEC38B69F5CDE11698300AD2CB36C24284330B38","1","KEEP_CANDIDATE","RuneforgeCore","httpcommon.h","C:\RUNEFOGE_PRO\runeforge-mvp\runeforge-mvp\_archive\source-zips\Sunshine-master\Sunshine-master\src\httpcommon.h","0.001","21/03/2026 08:14:42 p. m.","True"
"94D3CE85C0A1127A49C490B4CEC38B69F5CDE11698300AD2CB36C24284330B38","2","DUPLICATE_REVIEW","RuneforgeCore","httpcommon.h","C:\RUNEFOGE_PRO\runeforge\runeforge\app\_archive\source-zips\Sunshine-master\Sunshine-master\src\httpcommon.h","0.001","21/03/2026 08:14:42 p. m.","True"
"94D3CE85C0A1127A49C490B4CEC38B69F5CDE11698300AD2CB36C24284330B38","3","DUPLICATE_REVIEW","RuneforgeCore","httpcommon.h","C:\RUNEFOGE_PRO\runeforge\app\_archive\source-zips\Sunshine-master\Sunshine-master\src\httpcommon.h","0.001","21/03/2026 08:14:42 p. m.","True"
"9574EA9D10F8D7A5490DCFED5FB994FD4C52EBB4950D1C3D54B69F9187575461","1","KEEP_CANDIDATE","RuneforgeCore","defaultthemes.ini","C:\RUNEFOGE_PRO\runeforge-mvp\runeforge-mvp\retro\_downloads\PPSSPPWindowsARM64\assets\themes\defaultthemes.ini","0.002","15/03/2026 11:52:35 a. m.","True"
"9574EA9D10F8D7A5490DCFED5FB994FD4C52EBB4950D1C3D54B69F9187575461","2","DUPLICATE_REVIEW","RuneforgeCore","defaultthemes.ini","C:\RUNEFOGE_PRO\runeforge\runeforge\app\retro\_downloads\PPSSPPWindowsARM64\assets\themes\defaultthemes.ini","0.002","15/03/2026 11:52:35 a. m.","True"
"9574EA9D10F8D7A5490DCFED5FB994FD4C52EBB4950D1C3D54B69F9187575461","3","DUPLICATE_REVIEW","RuneforgeCore","defaultthemes.ini","C:\RUNEFOGE_PRO\runeforge\app\retro\_downloads\PPSSPPWindowsARM64\assets\themes\defaultthemes.ini","0.002","15/03/2026 11:52:35 a. m.","True"
"96108BB65D23FF34A3E3EED29A59CC76E6373E93B3BB25D1AA46A3C6815D1068","1","KEEP_CANDIDATE","RuneforgeCore","nvenc_base.cpp","C:\RUNEFOGE_PRO\runeforge-mvp\runeforge-mvp\_archive\source-zips\Sunshine-master\Sunshine-master\src\nvenc\nvenc_base.cpp","0.026","21/03/2026 08:14:42 p. m.","True"
"96108BB65D23FF34A3E3EED29A59CC76E6373E93B3BB25D1AA46A3C6815D1068","2","DUPLICATE_REVIEW","RuneforgeCore","nvenc_base.cpp","C:\RUNEFOGE_PRO\runeforge\runeforge\app\_archive\source-zips\Sunshine-master\Sunshine-master\src\nvenc\nvenc_base.cpp","0.026","21/03/2026 08:14:42 p. m.","True"
"96108BB65D23FF34A3E3EED29A59CC76E6373E93B3BB25D1AA46A3C6815D1068","3","DUPLICATE_REVIEW","RuneforgeCore","nvenc_base.cpp","C:\RUNEFOGE_PRO\runeforge\app\_archive\source-zips\Sunshine-master\Sunshine-master\src\nvenc\nvenc_base.cpp","0.026","21/03/2026 08:14:42 p. m.","True"
"96FE68B261A5613FC643EC9C0A1586E098EB164932FD39591C64E933AB8D38F8","1","KEEP_CANDIDATE","RuneforgeCore","crypto.h","C:\RUNEFOGE_PRO\runeforge-mvp\runeforge-mvp\_archive\source-zips\Sunshine-master\Sunshine-master\src\crypto.h","0.005","21/03/2026 08:14:42 p. m.","True"
"96FE68B261A5613FC643EC9C0A1586E098EB164932FD39591C64E933AB8D38F8","2","DUPLICATE_REVIEW","RuneforgeCore","crypto.h","C:\RUNEFOGE_PRO\runeforge\runeforge\app\_archive\source-zips\Sunshine-master\Sunshine-master\src\crypto.h","0.005","21/03/2026 08:14:42 p. m.","True"
"96FE68B261A5613FC643EC9C0A1586E098EB164932FD39591C64E933AB8D38F8","3","DUPLICATE_REVIEW","RuneforgeCore","crypto.h","C:\RUNEFOGE_PRO\runeforge\app\_archive\source-zips\Sunshine-master\Sunshine-master\src\crypto.h","0.005","21/03/2026 08:14:42 p. m.","True"
"97BE1737849DB2992F5A248623F448D221EE4150060F9650693D9047AB02C575","1","KEEP_CANDIDATE","RuneforgeCore","be_BY.ini","C:\RUNEFOGE_PRO\runeforge-mvp\runeforge-mvp\retro\_downloads\PPSSPPWindowsARM64\assets\lang\be_BY.ini","0.073","15/03/2026 11:52:35 a. m.","True"
"97BE1737849DB2992F5A248623F448D221EE4150060F9650693D9047AB02C575","2","DUPLICATE_REVIEW","RuneforgeCore","be_BY.ini","C:\RUNEFOGE_PRO\runeforge\runeforge\app\retro\_downloads\PPSSPPWindowsARM64\assets\lang\be_BY.ini","0.073","15/03/2026 11:52:35 a. m.","True"
"97BE1737849DB2992F5A248623F448D221EE4150060F9650693D9047AB02C575","3","DUPLICATE_REVIEW","RuneforgeCore","be_BY.ini","C:\RUNEFOGE_PRO\runeforge\app\retro\_downloads\PPSSPPWindowsARM64\assets\lang\be_BY.ini","0.073","15/03/2026 11:52:35 a. m.","True"
"98CBCED987859E2803D465A98F3AFEF09A6DFB8BB8408816D46FC9061609AFB0","1","KEEP_CANDIDATE","Laboratorio","cleanproj.sh","C:\RUNEFOGE_PRO\RUNEFOGE_PRO\lab_v1_1_files\lab\scripts\cleanproj.sh","0","16/03/2026 07:45:30 p. m.","False"
"98CBCED987859E2803D465A98F3AFEF09A6DFB8BB8408816D46FC9061609AFB0","2","DUPLICATE_REVIEW","Laboratorio","cleanproj.sh","C:\RUNEFOGE_PRO\lab_v1_1_files\lab\scripts\cleanproj.sh","0","16/03/2026 07:45:30 p. m.","False"
"9912DA85C24F1E38AF2CC886652AAE1745C7BF692D86D60DBA7AF876C1B07CA2","1","KEEP_CANDIDATE","RuneforgeCore","third_party_packages.md","C:\RUNEFOGE_PRO\runeforge-mvp\runeforge-mvp\_archive\source-zips\Sunshine-master\Sunshine-master\docs\third_party_packages.md","0.003","21/03/2026 08:14:42 p. m.","True"
"9912DA85C24F1E38AF2CC886652AAE1745C7BF692D86D60DBA7AF876C1B07CA2","2","DUPLICATE_REVIEW","RuneforgeCore","third_party_packages.md","C:\RUNEFOGE_PRO\runeforge\runeforge\app\_archive\source-zips\Sunshine-master\Sunshine-master\docs\third_party_packages.md","0.003","21/03/2026 08:14:42 p. m.","True"
"9912DA85C24F1E38AF2CC886652AAE1745C7BF692D86D60DBA7AF876C1B07CA2","3","DUPLICATE_REVIEW","RuneforgeCore","third_party_packages.md","C:\RUNEFOGE_PRO\runeforge\app\_archive\source-zips\Sunshine-master\Sunshine-master\docs\third_party_packages.md","0.003","21/03/2026 08:14:42 p. m.","True"
"99198BE66B322793AD0D9416358D3829F2A1E24112181E41EF782041B9FAC4CA","1","KEEP_CANDIDATE","RuneforgeCore","bloomnoblur.fsh","C:\RUNEFOGE_PRO\runeforge-mvp\runeforge-mvp\retro\_downloads\PPSSPPWindowsARM64\assets\shaders\bloomnoblur.fsh","0.001","15/03/2026 11:52:35 a. m.","True"
"99198BE66B322793AD0D9416358D3829F2A1E24112181E41EF782041B9FAC4CA","2","DUPLICATE_REVIEW","RuneforgeCore","bloomnoblur.fsh","C:\RUNEFOGE_PRO\runeforge\runeforge\app\retro\_downloads\PPSSPPWindowsARM64\assets\shaders\bloomnoblur.fsh","0.001","15/03/2026 11:52:35 a. m.","True"
"99198BE66B322793AD0D9416358D3829F2A1E24112181E41EF782041B9FAC4CA","3","DUPLICATE_REVIEW","RuneforgeCore","bloomnoblur.fsh","C:\RUNEFOGE_PRO\runeforge\app\retro\_downloads\PPSSPPWindowsARM64\assets\shaders\bloomnoblur.fsh","0.001","15/03/2026 11:52:35 a. m.","True"
"993B6E57A0B3BF2E0DC110C92025A15B84AF5685AA5FC9E2B77A93B57BD50111","1","KEEP_CANDIDATE","RuneforgeCore","macos.cmake","C:\RUNEFOGE_PRO\runeforge-mvp\runeforge-mvp\_archive\source-zips\Sunshine-master\Sunshine-master\cmake\targets\macos.cmake","0.001","21/03/2026 08:14:42 p. m.","True"
"993B6E57A0B3BF2E0DC110C92025A15B84AF5685AA5FC9E2B77A93B57BD50111","2","DUPLICATE_REVIEW","RuneforgeCore","macos.cmake","C:\RUNEFOGE_PRO\runeforge\runeforge\app\_archive\source-zips\Sunshine-master\Sunshine-master\cmake\targets\macos.cmake","0.001","21/03/2026 08:14:42 p. m.","True"
"993B6E57A0B3BF2E0DC110C92025A15B84AF5685AA5FC9E2B77A93B57BD50111","3","DUPLICATE_REVIEW","RuneforgeCore","macos.cmake","C:\RUNEFOGE_PRO\runeforge\app\_archive\source-zips\Sunshine-master\Sunshine-master\cmake\targets\macos.cmake","0.001","21/03/2026 08:14:42 p. m.","True"
"994090A79B7BE68DB00E72ED9D5DC50CA76E633E2658D84C1F1F5FA7284A3A16","1","KEEP_CANDIDATE","RuneforgeCore","common.hlsl","C:\RUNEFOGE_PRO\runeforge-mvp\runeforge-mvp\_archive\source-zips\Sunshine-master\Sunshine-master\src_assets\windows\assets\shaders\directx\include\common.hlsl","0.001","21/03/2026 08:14:42 p. m.","True"
"994090A79B7BE68DB00E72ED9D5DC50CA76E633E2658D84C1F1F5FA7284A3A16","2","DUPLICATE_REVIEW","RuneforgeCore","common.hlsl","C:\RUNEFOGE_PRO\runeforge\runeforge\app\_archive\source-zips\Sunshine-master\Sunshine-master\src_assets\windows\assets\shaders\directx\include\common.hlsl","0.001","21/03/2026 08:14:42 p. m.","True"
"994090A79B7BE68DB00E72ED9D5DC50CA76E633E2658D84C1F1F5FA7284A3A16","3","DUPLICATE_REVIEW","RuneforgeCore","common.hlsl","C:\RUNEFOGE_PRO\runeforge\app\_archive\source-zips\Sunshine-master\Sunshine-master\src_assets\windows\assets\shaders\directx\include\common.hlsl","0.001","21/03/2026 08:14:42 p. m.","True"
"99F645E094CCAB66D6ACE5157290E78ED1ABD40FD977457304872A649586C274","1","KEEP_CANDIDATE","RuneforgeCore","windows.rc","C:\RUNEFOGE_PRO\runeforge-mvp\runeforge-mvp\_archive\source-zips\Sunshine-master\Sunshine-master\src\platform\windows\windows.rc","0.002","21/03/2026 08:14:42 p. m.","True"
"99F645E094CCAB66D6ACE5157290E78ED1ABD40FD977457304872A649586C274","2","DUPLICATE_REVIEW","RuneforgeCore","windows.rc","C:\RUNEFOGE_PRO\runeforge\runeforge\app\_archive\source-zips\Sunshine-master\Sunshine-master\src\platform\windows\windows.rc","0.002","21/03/2026 08:14:42 p. m.","True"
"99F645E094CCAB66D6ACE5157290E78ED1ABD40FD977457304872A649586C274","3","DUPLICATE_REVIEW","RuneforgeCore","windows.rc","C:\RUNEFOGE_PRO\runeforge\app\_archive\source-zips\Sunshine-master\Sunshine-master\src\platform\windows\windows.rc","0.002","21/03/2026 08:14:42 p. m.","True"
"9A4D35EEEEE93FE8B5434E8DFF79DABF7BBD914AD0D6461FB60D36EB178BF2C8","1","KEEP_CANDIDATE","RuneforgeCore","ltn7.pgf","C:\RUNEFOGE_PRO\runeforge-mvp\runeforge-mvp\retro\_downloads\PPSSPPWindowsARM64\assets\flash0\font\ltn7.pgf","0.04","15/03/2026 11:52:35 a. m.","True"
"9A4D35EEEEE93FE8B5434E8DFF79DABF7BBD914AD0D6461FB60D36EB178BF2C8","2","DUPLICATE_REVIEW","RuneforgeCore","ltn7.pgf","C:\RUNEFOGE_PRO\runeforge\runeforge\app\retro\_downloads\PPSSPPWindowsARM64\assets\flash0\font\ltn7.pgf","0.04","15/03/2026 11:52:35 a. m.","True"
"9A4D35EEEEE93FE8B5434E8DFF79DABF7BBD914AD0D6461FB60D36EB178BF2C8","3","DUPLICATE_REVIEW","RuneforgeCore","ltn7.pgf","C:\RUNEFOGE_PRO\runeforge\app\retro\_downloads\PPSSPPWindowsARM64\assets\flash0\font\ltn7.pgf","0.04","15/03/2026 11:52:35 a. m.","True"
"9A4F2F835E4D57D3B87CD6FC67250DDA33202A6DD016C0C19E75B24016F9A662","1","KEEP_CANDIDATE","RuneforgeCore","5xBR.vsh","C:\RUNEFOGE_PRO\runeforge-mvp\runeforge-mvp\retro\_downloads\PPSSPPWindowsARM64\assets\shaders\5xBR.vsh","0.001","15/03/2026 11:52:35 a. m.","True"
"9A4F2F835E4D57D3B87CD6FC67250DDA33202A6DD016C0C19E75B24016F9A662","2","DUPLICATE_REVIEW","RuneforgeCore","5xBR.vsh","C:\RUNEFOGE_PRO\runeforge\runeforge\app\retro\_downloads\PPSSPPWindowsARM64\assets\shaders\5xBR.vsh","0.001","15/03/2026 11:52:35 a. m.","True"
"9A4F2F835E4D57D3B87CD6FC67250DDA33202A6DD016C0C19E75B24016F9A662","3","DUPLICATE_REVIEW","RuneforgeCore","5xBR.vsh","C:\RUNEFOGE_PRO\runeforge\app\retro\_downloads\PPSSPPWindowsARM64\assets\shaders\5xBR.vsh","0.001","15/03/2026 11:52:35 a. m.","True"
"9A8B118B259722ECA68FBC771A12487C1F569F6049695C73132AF48354338920","1","KEEP_CANDIDATE","RuneforgeCore","backend.pid","C:\RUNEFOGE_PRO\runeforge\scripts\backend\backend.pid","0","19/04/2026 05:50:35 a. m.","True"
"9A8B118B259722ECA68FBC771A12487C1F569F6049695C73132AF48354338920","2","DUPLICATE_REVIEW","RuneforgeCore","backend.pid","C:\RUNEFOGE_PRO\runeforge\runeforge\scripts\backend\backend.pid","0","19/04/2026 05:50:35 a. m.","True"
"9AB086495BB5D94DEDC48500BF12F1C14188BC8C6B73CB4BD3DA843159C77E98","1","KEEP_CANDIDATE","RuneforgeCore","ko_KR.ini","C:\RUNEFOGE_PRO\runeforge-mvp\runeforge-mvp\retro\_downloads\PPSSPPWindowsARM64\assets\lang\ko_KR.ini","0.07","15/03/2026 11:52:35 a. m.","True"
"9AB086495BB5D94DEDC48500BF12F1C14188BC8C6B73CB4BD3DA843159C77E98","2","DUPLICATE_REVIEW","RuneforgeCore","ko_KR.ini","C:\RUNEFOGE_PRO\runeforge\runeforge\app\retro\_downloads\PPSSPPWindowsARM64\assets\lang\ko_KR.ini","0.07","15/03/2026 11:52:35 a. m.","True"
"9AB086495BB5D94DEDC48500BF12F1C14188BC8C6B73CB4BD3DA843159C77E98","3","DUPLICATE_REVIEW","RuneforgeCore","ko_KR.ini","C:\RUNEFOGE_PRO\runeforge\app\retro\_downloads\PPSSPPWindowsARM64\assets\lang\ko_KR.ini","0.07","15/03/2026 11:52:35 a. m.","True"
"9AB5F21C7A42B501ABC195B0F62A38C92CE1D2B84E85E041A7B8D408DD8898D3","1","KEEP_CANDIDATE","RuneforgeCore","windows.cmake","C:\RUNEFOGE_PRO\runeforge-mvp\runeforge-mvp\_archive\source-zips\Sunshine-master\Sunshine-master\cmake\compile_definitions\windows.cmake","0.004","21/03/2026 08:14:42 p. m.","True"
"9AB5F21C7A42B501ABC195B0F62A38C92CE1D2B84E85E041A7B8D408DD8898D3","2","DUPLICATE_REVIEW","RuneforgeCore","windows.cmake","C:\RUNEFOGE_PRO\runeforge\runeforge\app\_archive\source-zips\Sunshine-master\Sunshine-master\cmake\compile_definitions\windows.cmake","0.004","21/03/2026 08:14:42 p. m.","True"
"9AB5F21C7A42B501ABC195B0F62A38C92CE1D2B84E85E041A7B8D408DD8898D3","3","DUPLICATE_REVIEW","RuneforgeCore","windows.cmake","C:\RUNEFOGE_PRO\runeforge\app\_archive\source-zips\Sunshine-master\Sunshine-master\cmake\compile_definitions\windows.cmake","0.004","21/03/2026 08:14:42 p. m.","True"
"9B30D8F2B77CD06C8F0FCF9C7E0CFA2D4E917180131103E431BE2334EDE53C22","1","KEEP_CANDIDATE","MemoriaIA","MERGE_RULES.md","C:\RUNEFOGE_PRO\RUNEFOGE_PRO\memoria-ia\02_rules\MERGE_RULES.md","0.001","14/04/2026 12:42:36 p. m.","False"
"9B30D8F2B77CD06C8F0FCF9C7E0CFA2D4E917180131103E431BE2334EDE53C22","2","DUPLICATE_REVIEW","MemoriaIA","MERGE_RULES.md","C:\RUNEFOGE_PRO\memoria-ia\02_rules\MERGE_RULES.md","0.001","14/04/2026 12:42:36 p. m.","False"
"9B7FFC23EC4245745A5C8F577B53D70C0290AD0E099CD12E8FC5947008CDDD0F","1","KEEP_CANDIDATE","RuneforgeCore","scan-sources.ps1","C:\RUNEFOGE_PRO\runeforge-datahub\scripts\scan-sources.ps1","0.003","15/04/2026 02:09:40 a. m.","True"
"9B7FFC23EC4245745A5C8F577B53D70C0290AD0E099CD12E8FC5947008CDDD0F","2","DUPLICATE_REVIEW","RuneforgeCore","scan-sources.ps1","C:\RUNEFOGE_PRO\RUNEFOGE_PRO\runeforge-datahub\scripts\scan-sources.ps1","0.003","15/04/2026 02:09:40 a. m.","False"
"9BDCA64D40A281B06D9C454308D529E02AD7486B0CC946566D18097F1704444C","1","KEEP_CANDIDATE","RuneforgeCore","server.js","C:\RUNEFOGE_PRO\runeforge\runeforge\app\src\server.js","0.001","19/04/2026 05:15:43 a. m.","True"
"9BDCA64D40A281B06D9C454308D529E02AD7486B0CC946566D18097F1704444C","2","DUPLICATE_REVIEW","RuneforgeCore","server.js.20260425_025723.fix02a.bak","C:\RUNEFOGE_PRO\runeforge\backups\security\server.js.20260425_025723.fix02a.bak","0.001","19/04/2026 05:15:43 a. m.","True"
"9D06A2800BA37C3ACC0B45F09183A080BD0C9799734E21520896A901FDD1389D","1","KEEP_CANDIDATE","RuneforgeCore","convert_yuv444_packed_y410_ps.hlsl","C:\RUNEFOGE_PRO\runeforge-mvp\runeforge-mvp\_archive\source-zips\Sunshine-master\Sunshine-master\src_assets\windows\assets\shaders\directx\convert_yuv444_packed_y410_ps.hlsl","0","21/03/2026 08:14:42 p. m.","True"
"9D06A2800BA37C3ACC0B45F09183A080BD0C9799734E21520896A901FDD1389D","2","DUPLICATE_REVIEW","RuneforgeCore","convert_yuv444_packed_y410_ps.hlsl","C:\RUNEFOGE_PRO\runeforge\runeforge\app\_archive\source-zips\Sunshine-master\Sunshine-master\src_assets\windows\assets\shaders\directx\convert_yuv444_packed_y410_ps.hlsl","0","21/03/2026 08:14:42 p. m.","True"
"9D06A2800BA37C3ACC0B45F09183A080BD0C9799734E21520896A901FDD1389D","3","DUPLICATE_REVIEW","RuneforgeCore","convert_yuv444_packed_y410_ps.hlsl","C:\RUNEFOGE_PRO\runeforge\app\_archive\source-zips\Sunshine-master\Sunshine-master\src_assets\windows\assets\shaders\directx\convert_yuv444_packed_y410_ps.hlsl","0","21/03/2026 08:14:42 p. m.","True"
"9DA78D3CC06CE1D50568148CB34110086FB4E64195BB1F8EB3DFC87D00E5C3D2","1","KEEP_CANDIDATE","RuneforgeCore","freebsd_custom_cpack.cmake","C:\RUNEFOGE_PRO\runeforge-mvp\runeforge-mvp\_archive\source-zips\Sunshine-master\Sunshine-master\cmake\packaging\freebsd_custom_cpack.cmake","0.005","21/03/2026 08:14:42 p. m.","True"
"9DA78D3CC06CE1D50568148CB34110086FB4E64195BB1F8EB3DFC87D00E5C3D2","2","DUPLICATE_REVIEW","RuneforgeCore","freebsd_custom_cpack.cmake","C:\RUNEFOGE_PRO\runeforge\runeforge\app\_archive\source-zips\Sunshine-master\Sunshine-master\cmake\packaging\freebsd_custom_cpack.cmake","0.005","21/03/2026 08:14:42 p. m.","True"
"9DA78D3CC06CE1D50568148CB34110086FB4E64195BB1F8EB3DFC87D00E5C3D2","3","DUPLICATE_REVIEW","RuneforgeCore","freebsd_custom_cpack.cmake","C:\RUNEFOGE_PRO\runeforge\app\_archive\source-zips\Sunshine-master\Sunshine-master\cmake\packaging\freebsd_custom_cpack.cmake","0.005","21/03/2026 08:14:42 p. m.","True"
"9EA72708ACEB9951B15AD8A90A7B7FA738EE5BF9BF1168CDCAAFF4DC559B3151","1","KEEP_CANDIDATE","RuneforgeCore","gcc-strip3.json","C:\RUNEFOGE_PRO\runeforge-mvp\runeforge-mvp\_archive\source-zips\Sunshine-master\Sunshine-master\.github\matchers\gcc-strip3.json","0","21/03/2026 08:14:42 p. m.","True"
"9EA72708ACEB9951B15AD8A90A7B7FA738EE5BF9BF1168CDCAAFF4DC559B3151","2","DUPLICATE_REVIEW","RuneforgeCore","gcc-strip3.json","C:\RUNEFOGE_PRO\runeforge\runeforge\app\_archive\source-zips\Sunshine-master\Sunshine-master\.github\matchers\gcc-strip3.json","0","21/03/2026 08:14:42 p. m.","True"
"9EA72708ACEB9951B15AD8A90A7B7FA738EE5BF9BF1168CDCAAFF4DC559B3151","3","DUPLICATE_REVIEW","RuneforgeCore","gcc-strip3.json","C:\RUNEFOGE_PRO\runeforge\app\_archive\source-zips\Sunshine-master\Sunshine-master\.github\matchers\gcc-strip3.json","0","21/03/2026 08:14:42 p. m.","True"
"9EBAA077CE0E70C6E6A706945BD905AF681A8CC16D9FEDD623B23D59D7794CED","1","KEEP_CANDIDATE","RuneforgeCore","vfpu_rsqrt_lut.dat","C:\RUNEFOGE_PRO\runeforge-mvp\runeforge-mvp\retro\_downloads\PPSSPPWindowsARM64\assets\vfpu\vfpu_rsqrt_lut.dat","0.25","15/03/2026 11:52:35 a. m.","True"
"9EBAA077CE0E70C6E6A706945BD905AF681A8CC16D9FEDD623B23D59D7794CED","2","DUPLICATE_REVIEW","RuneforgeCore","vfpu_rsqrt_lut.dat","C:\RUNEFOGE_PRO\runeforge\runeforge\app\retro\_downloads\PPSSPPWindowsARM64\assets\vfpu\vfpu_rsqrt_lut.dat","0.25","15/03/2026 11:52:35 a. m.","True"
"9EBAA077CE0E70C6E6A706945BD905AF681A8CC16D9FEDD623B23D59D7794CED","3","DUPLICATE_REVIEW","RuneforgeCore","vfpu_rsqrt_lut.dat","C:\RUNEFOGE_PRO\runeforge\app\retro\_downloads\PPSSPPWindowsARM64\assets\vfpu\vfpu_rsqrt_lut.dat","0.25","15/03/2026 11:52:35 a. m.","True"
"9EFB82B182A2372A5F2BDD4BA7FBEEF194A3644E7EC59BE348544A15E80EB957","1","KEEP_CANDIDATE","RuneforgeCore","convert_linear_base.hlsl","C:\RUNEFOGE_PRO\runeforge-mvp\runeforge-mvp\_archive\source-zips\Sunshine-master\Sunshine-master\src_assets\windows\assets\shaders\directx\include\convert_linear_base.hlsl","0","21/03/2026 08:14:42 p. m.","True"
"9EFB82B182A2372A5F2BDD4BA7FBEEF194A3644E7EC59BE348544A15E80EB957","2","DUPLICATE_REVIEW","RuneforgeCore","convert_linear_base.hlsl","C:\RUNEFOGE_PRO\runeforge\runeforge\app\_archive\source-zips\Sunshine-master\Sunshine-master\src_assets\windows\assets\shaders\directx\include\convert_linear_base.hlsl","0","21/03/2026 08:14:42 p. m.","True"
"9EFB82B182A2372A5F2BDD4BA7FBEEF194A3644E7EC59BE348544A15E80EB957","3","DUPLICATE_REVIEW","RuneforgeCore","convert_linear_base.hlsl","C:\RUNEFOGE_PRO\runeforge\app\_archive\source-zips\Sunshine-master\Sunshine-master\src_assets\windows\assets\shaders\directx\include\convert_linear_base.hlsl","0","21/03/2026 08:14:42 p. m.","True"
"9F88AB548E4D0B98AB831B03D7A0286DC495C2F3CACFA87BF29EAAEC6334ABFA","1","KEEP_CANDIDATE","RuneforgeCore","vignette.fsh","C:\RUNEFOGE_PRO\runeforge-mvp\runeforge-mvp\retro\_downloads\PPSSPPWindowsARM64\assets\shaders\vignette.fsh","0.001","15/03/2026 11:52:35 a. m.","True"
"9F88AB548E4D0B98AB831B03D7A0286DC495C2F3CACFA87BF29EAAEC6334ABFA","2","DUPLICATE_REVIEW","RuneforgeCore","vignette.fsh","C:\RUNEFOGE_PRO\runeforge\runeforge\app\retro\_downloads\PPSSPPWindowsARM64\assets\shaders\vignette.fsh","0.001","15/03/2026 11:52:35 a. m.","True"
"9F88AB548E4D0B98AB831B03D7A0286DC495C2F3CACFA87BF29EAAEC6334ABFA","3","DUPLICATE_REVIEW","RuneforgeCore","vignette.fsh","C:\RUNEFOGE_PRO\runeforge\app\retro\_downloads\PPSSPPWindowsARM64\assets\shaders\vignette.fsh","0.001","15/03/2026 11:52:35 a. m.","True"
"9F9A39159AB82635E0EC1E03E5D8F3200BE8BDB250C7EC84EA412EF2CB461A6E","1","KEEP_CANDIDATE","RuneforgeCore","publish.cpp","C:\RUNEFOGE_PRO\runeforge-mvp\runeforge-mvp\_archive\source-zips\Sunshine-master\Sunshine-master\src\platform\linux\publish.cpp","0.015","21/03/2026 08:14:42 p. m.","True"
"9F9A39159AB82635E0EC1E03E5D8F3200BE8BDB250C7EC84EA412EF2CB461A6E","2","DUPLICATE_REVIEW","RuneforgeCore","publish.cpp","C:\RUNEFOGE_PRO\runeforge\runeforge\app\_archive\source-zips\Sunshine-master\Sunshine-master\src\platform\linux\publish.cpp","0.015","21/03/2026 08:14:42 p. m.","True"
"9F9A39159AB82635E0EC1E03E5D8F3200BE8BDB250C7EC84EA412EF2CB461A6E","3","DUPLICATE_REVIEW","RuneforgeCore","publish.cpp","C:\RUNEFOGE_PRO\runeforge\app\_archive\source-zips\Sunshine-master\Sunshine-master\src\platform\linux\publish.cpp","0.015","21/03/2026 08:14:42 p. m.","True"
"9FE1C2390BBCE960EBBA517EEC37659FDD1C7A59DD256DA6274B5B4D88509575","1","KEEP_CANDIDATE","RuneforgeCore","Roboto_Condensed-Italic.ttf","C:\RUNEFOGE_PRO\runeforge-mvp\runeforge-mvp\retro\_downloads\PPSSPPWindowsARM64\assets\Roboto_Condensed-Italic.ttf","0.145","15/03/2026 11:52:35 a. m.","True"
"9FE1C2390BBCE960EBBA517EEC37659FDD1C7A59DD256DA6274B5B4D88509575","2","DUPLICATE_REVIEW","RuneforgeCore","Roboto_Condensed-Italic.ttf","C:\RUNEFOGE_PRO\runeforge\runeforge\app\retro\_downloads\PPSSPPWindowsARM64\assets\Roboto_Condensed-Italic.ttf","0.145","15/03/2026 11:52:35 a. m.","True"
"9FE1C2390BBCE960EBBA517EEC37659FDD1C7A59DD256DA6274B5B4D88509575","3","DUPLICATE_REVIEW","RuneforgeCore","Roboto_Condensed-Italic.ttf","C:\RUNEFOGE_PRO\runeforge\app\retro\_downloads\PPSSPPWindowsARM64\assets\Roboto_Condensed-Italic.ttf","0.145","15/03/2026 11:52:35 a. m.","True"
"A0130B9FDE51AE3C06FE28DB91CE8214EA728B96C5E7382F71908B3CB2D33268","1","KEEP_CANDIDATE","Laboratorio","doctor.sh","C:\RUNEFOGE_PRO\RUNEFOGE_PRO\lab_v1_1_files\lab\scripts\cmds\doctor.sh","0.001","16/03/2026 07:45:30 p. m.","False"
"A0130B9FDE51AE3C06FE28DB91CE8214EA728B96C5E7382F71908B3CB2D33268","2","DUPLICATE_REVIEW","Laboratorio","doctor.sh","C:\RUNEFOGE_PRO\lab_v1_1_files\lab\scripts\cmds\doctor.sh","0.001","16/03/2026 07:45:30 p. m.","False"
"A0C799A21AA9269850F3F81BC981666AA889E9C8ECE80B613B0573A3BCB61F24","1","KEEP_CANDIDATE","RuneforgeCore","convert_yuv420_packed_uv_type0s_ps_linear.hlsl","C:\RUNEFOGE_PRO\runeforge-mvp\runeforge-mvp\_archive\source-zips\Sunshine-master\Sunshine-master\src_assets\windows\assets\shaders\directx\convert_yuv420_packed_uv_type0s_ps_linear.hlsl","0","21/03/2026 08:14:42 p. m.","True"
"A0C799A21AA9269850F3F81BC981666AA889E9C8ECE80B613B0573A3BCB61F24","2","DUPLICATE_REVIEW","RuneforgeCore","convert_yuv420_packed_uv_type0s_ps_linear.hlsl","C:\RUNEFOGE_PRO\runeforge\runeforge\app\_archive\source-zips\Sunshine-master\Sunshine-master\src_assets\windows\assets\shaders\directx\convert_yuv420_packed_uv_type0s_ps_linear.hlsl","0","21/03/2026 08:14:42 p. m.","True"
"A0C799A21AA9269850F3F81BC981666AA889E9C8ECE80B613B0573A3BCB61F24","3","DUPLICATE_REVIEW","RuneforgeCore","convert_yuv420_packed_uv_type0s_ps_linear.hlsl","C:\RUNEFOGE_PRO\runeforge\app\_archive\source-zips\Sunshine-master\Sunshine-master\src_assets\windows\assets\shaders\directx\convert_yuv420_packed_uv_type0s_ps_linear.hlsl","0","21/03/2026 08:14:42 p. m.","True"
"A0F7A3DB7EB8C96AA5665F6E1499203ECE746AF8AC7D09F74F8A86F4352EB315","1","KEEP_CANDIDATE","RuneforgeCore","test_process.cpp","C:\RUNEFOGE_PRO\runeforge-mvp\runeforge-mvp\_archive\source-zips\Sunshine-master\Sunshine-master\tests\unit\test_process.cpp","0.006","21/03/2026 08:14:42 p. m.","True"
"A0F7A3DB7EB8C96AA5665F6E1499203ECE746AF8AC7D09F74F8A86F4352EB315","2","DUPLICATE_REVIEW","RuneforgeCore","test_process.cpp","C:\RUNEFOGE_PRO\runeforge\runeforge\app\_archive\source-zips\Sunshine-master\Sunshine-master\tests\unit\test_process.cpp","0.006","21/03/2026 08:14:42 p. m.","True"
"A0F7A3DB7EB8C96AA5665F6E1499203ECE746AF8AC7D09F74F8A86F4352EB315","3","DUPLICATE_REVIEW","RuneforgeCore","test_process.cpp","C:\RUNEFOGE_PRO\runeforge\app\_archive\source-zips\Sunshine-master\Sunshine-master\tests\unit\test_process.cpp","0.006","21/03/2026 08:14:42 p. m.","True"
"A0FB14123CEB1EF81CB230CBF0688DE594D0725DE234A2AD710CD9B89391C7E9","1","KEEP_CANDIDATE","RuneforgeCore","ltn6.pgf","C:\RUNEFOGE_PRO\runeforge-mvp\runeforge-mvp\retro\_downloads\PPSSPPWindowsARM64\assets\flash0\font\ltn6.pgf","0.04","15/03/2026 11:52:35 a. m.","True"
"A0FB14123CEB1EF81CB230CBF0688DE594D0725DE234A2AD710CD9B89391C7E9","2","DUPLICATE_REVIEW","RuneforgeCore","ltn6.pgf","C:\RUNEFOGE_PRO\runeforge\runeforge\app\retro\_downloads\PPSSPPWindowsARM64\assets\flash0\font\ltn6.pgf","0.04","15/03/2026 11:52:35 a. m.","True"
"A0FB14123CEB1EF81CB230CBF0688DE594D0725DE234A2AD710CD9B89391C7E9","3","DUPLICATE_REVIEW","RuneforgeCore","ltn6.pgf","C:\RUNEFOGE_PRO\runeforge\app\retro\_downloads\PPSSPPWindowsARM64\assets\flash0\font\ltn6.pgf","0.04","15/03/2026 11:52:35 a. m.","True"
"A10BB469568B3B5867E1E68526C75D76D5287FC92950F420C48BCBA4399065DE","1","KEEP_CANDIDATE","RuneforgeCore","Start-Runeforge-Commander-V43_4.ps1","C:\RUNEFOGE_PRO\runeforge\scripts\Start-Runeforge-Commander-V43_4.ps1","0.001","24/04/2026 07:35:55 p. m.","True"
"A10BB469568B3B5867E1E68526C75D76D5287FC92950F420C48BCBA4399065DE","2","DUPLICATE_REVIEW","RuneforgeCore","Start-Runeforge-Commander-V43_4.ps1","C:\RUNEFOGE_PRO\runeforge\runeforge\scripts\Start-Runeforge-Commander-V43_4.ps1","0.001","24/04/2026 07:35:55 p. m.","True"
"A110E5A2BFB5B587101E995CDC648CEF012E2CBA1D0B02540B998876CA586564","1","KEEP_CANDIDATE","RuneforgeCore","knownfuncs.ini","C:\RUNEFOGE_PRO\runeforge-mvp\runeforge-mvp\retro\_downloads\PPSSPPWindowsARM64\assets\knownfuncs.ini","0.011","15/03/2026 11:52:35 a. m.","True"
"A110E5A2BFB5B587101E995CDC648CEF012E2CBA1D0B02540B998876CA586564","2","DUPLICATE_REVIEW","RuneforgeCore","knownfuncs.ini","C:\RUNEFOGE_PRO\runeforge\runeforge\app\retro\_downloads\PPSSPPWindowsARM64\assets\knownfuncs.ini","0.011","15/03/2026 11:52:35 a. m.","True"
"A110E5A2BFB5B587101E995CDC648CEF012E2CBA1D0B02540B998876CA586564","3","DUPLICATE_REVIEW","RuneforgeCore","knownfuncs.ini","C:\RUNEFOGE_PRO\runeforge\app\retro\_downloads\PPSSPPWindowsARM64\assets\knownfuncs.ini","0.011","15/03/2026 11:52:35 a. m.","True"
"A11918B31F45FAB38BC05C7093DDFDD690A668B8DA96C9833799E49071152237","1","KEEP_CANDIDATE","RuneforgeCore","manifest.json","C:\RUNEFOGE_PRO\runeforge-mvp\runeforge-mvp\retro\_downloads\PPSSPPWindowsARM64\assets\debugger\manifest.json","0","15/03/2026 11:53:07 a. m.","True"
"A11918B31F45FAB38BC05C7093DDFDD690A668B8DA96C9833799E49071152237","2","DUPLICATE_REVIEW","RuneforgeCore","manifest.json","C:\RUNEFOGE_PRO\runeforge\runeforge\app\retro\_downloads\PPSSPPWindowsARM64\assets\debugger\manifest.json","0","15/03/2026 11:53:07 a. m.","True"
"A11918B31F45FAB38BC05C7093DDFDD690A668B8DA96C9833799E49071152237","3","DUPLICATE_REVIEW","RuneforgeCore","manifest.json","C:\RUNEFOGE_PRO\runeforge\app\retro\_downloads\PPSSPPWindowsARM64\assets\debugger\manifest.json","0","15/03/2026 11:53:07 a. m.","True"
"A15057B8926530C8075BFDDDA1E360F0DB6A784D338089BEFF0CD649DC90B024","1","KEEP_CANDIDATE","RuneforgeCore","natural.vsh","C:\RUNEFOGE_PRO\runeforge-mvp\runeforge-mvp\retro\_downloads\PPSSPPWindowsARM64\assets\shaders\natural.vsh","0.001","15/03/2026 11:52:35 a. m.","True"
"A15057B8926530C8075BFDDDA1E360F0DB6A784D338089BEFF0CD649DC90B024","2","DUPLICATE_REVIEW","RuneforgeCore","natural.vsh","C:\RUNEFOGE_PRO\runeforge\runeforge\app\retro\_downloads\PPSSPPWindowsARM64\assets\shaders\natural.vsh","0.001","15/03/2026 11:52:35 a. m.","True"
"A15057B8926530C8075BFDDDA1E360F0DB6A784D338089BEFF0CD649DC90B024","3","DUPLICATE_REVIEW","RuneforgeCore","natural.vsh","C:\RUNEFOGE_PRO\runeforge\app\retro\_downloads\PPSSPPWindowsARM64\assets\shaders\natural.vsh","0.001","15/03/2026 11:52:35 a. m.","True"
"A1775A74D3812FCDDA81DF93FD81B62214DF8C4201A8F08C06E83E691B2CFAE2","1","KEEP_CANDIDATE","RuneforgeCore","Files.vue","C:\RUNEFOGE_PRO\runeforge-mvp\runeforge-mvp\_archive\source-zips\Sunshine-master\Sunshine-master\src_assets\common\assets\web\configs\tabs\Files.vue","0.002","21/03/2026 08:14:42 p. m.","True"
"A1775A74D3812FCDDA81DF93FD81B62214DF8C4201A8F08C06E83E691B2CFAE2","2","DUPLICATE_REVIEW","RuneforgeCore","Files.vue","C:\RUNEFOGE_PRO\runeforge\runeforge\app\_archive\source-zips\Sunshine-master\Sunshine-master\src_assets\common\assets\web\configs\tabs\Files.vue","0.002","21/03/2026 08:14:42 p. m.","True"
"A1775A74D3812FCDDA81DF93FD81B62214DF8C4201A8F08C06E83E691B2CFAE2","3","DUPLICATE_REVIEW","RuneforgeCore","Files.vue","C:\RUNEFOGE_PRO\runeforge\app\_archive\source-zips\Sunshine-master\Sunshine-master\src_assets\common\assets\web\configs\tabs\Files.vue","0.002","21/03/2026 08:14:42 p. m.","True"
"A17A021E97279D6B810374CEDCD299A1F5F4507A73FA9776A198EE297B4DA075","1","KEEP_CANDIDATE","RuneforgeCore","start-ppsspp.ps1","C:\RUNEFOGE_PRO\runeforge-mvp\runeforge-mvp\ops\retro\start-ppsspp.ps1","0","22/03/2026 10:38:02 p. m.","True"
"A17A021E97279D6B810374CEDCD299A1F5F4507A73FA9776A198EE297B4DA075","2","DUPLICATE_REVIEW","RuneforgeCore","start-ppsspp.ps1","C:\RUNEFOGE_PRO\runeforge\runeforge\app\ops\retro\start-ppsspp.ps1","0","22/03/2026 10:38:02 p. m.","True"
"A17A021E97279D6B810374CEDCD299A1F5F4507A73FA9776A198EE297B4DA075","3","DUPLICATE_REVIEW","RuneforgeCore","start-ppsspp.ps1","C:\RUNEFOGE_PRO\runeforge\app\ops\retro\start-ppsspp.ps1","0","22/03/2026 10:38:02 p. m.","True"
"A17AE2E3CEB5AF4B0C0E86FDEAB78D984BF8F17D4B52DCF3C2EE2DDACEDC8386","1","KEEP_CANDIDATE","RuneforgeCore","macos.cmake","C:\RUNEFOGE_PRO\runeforge-mvp\runeforge-mvp\_archive\source-zips\Sunshine-master\Sunshine-master\cmake\packaging\macos.cmake","0.004","21/03/2026 08:14:42 p. m.","True"
"A17AE2E3CEB5AF4B0C0E86FDEAB78D984BF8F17D4B52DCF3C2EE2DDACEDC8386","2","DUPLICATE_REVIEW","RuneforgeCore","macos.cmake","C:\RUNEFOGE_PRO\runeforge\runeforge\app\_archive\source-zips\Sunshine-master\Sunshine-master\cmake\packaging\macos.cmake","0.004","21/03/2026 08:14:42 p. m.","True"
"A17AE2E3CEB5AF4B0C0E86FDEAB78D984BF8F17D4B52DCF3C2EE2DDACEDC8386","3","DUPLICATE_REVIEW","RuneforgeCore","macos.cmake","C:\RUNEFOGE_PRO\runeforge\app\_archive\source-zips\Sunshine-master\Sunshine-master\cmake\packaging\macos.cmake","0.004","21/03/2026 08:14:42 p. m.","True"
"A19E40B4C7A18856E47A4160F9EFC372DA1F7516BA05A747D97C3B4DFE32351A","1","KEEP_CANDIDATE","RuneforgeCore","VAAPIEncoder.vue","C:\RUNEFOGE_PRO\runeforge-mvp\runeforge-mvp\_archive\source-zips\Sunshine-master\Sunshine-master\src_assets\common\assets\web\configs\tabs\encoders\VAAPIEncoder.vue","0.001","21/03/2026 08:14:42 p. m.","True"
"A19E40B4C7A18856E47A4160F9EFC372DA1F7516BA05A747D97C3B4DFE32351A","2","DUPLICATE_REVIEW","RuneforgeCore","VAAPIEncoder.vue","C:\RUNEFOGE_PRO\runeforge\runeforge\app\_archive\source-zips\Sunshine-master\Sunshine-master\src_assets\common\assets\web\configs\tabs\encoders\VAAPIEncoder.vue","0.001","21/03/2026 08:14:42 p. m.","True"
"A19E40B4C7A18856E47A4160F9EFC372DA1F7516BA05A747D97C3B4DFE32351A","3","DUPLICATE_REVIEW","RuneforgeCore","VAAPIEncoder.vue","C:\RUNEFOGE_PRO\runeforge\app\_archive\source-zips\Sunshine-master\Sunshine-master\src_assets\common\assets\web\configs\tabs\encoders\VAAPIEncoder.vue","0.001","21/03/2026 08:14:42 p. m.","True"
"A25C74BF79515D2D921D488205EFFF8AE16D906FEB20C551BBBC61773EFC1AED","1","KEEP_CANDIDATE","RuneforgeCore","convert_yuv420_packed_uv_type0s_ps.hlsl","C:\RUNEFOGE_PRO\runeforge-mvp\runeforge-mvp\_archive\source-zips\Sunshine-master\Sunshine-master\src_assets\windows\assets\shaders\directx\convert_yuv420_packed_uv_type0s_ps.hlsl","0","21/03/2026 08:14:42 p. m.","True"
"A25C74BF79515D2D921D488205EFFF8AE16D906FEB20C551BBBC61773EFC1AED","2","DUPLICATE_REVIEW","RuneforgeCore","convert_yuv420_packed_uv_type0s_ps.hlsl","C:\RUNEFOGE_PRO\runeforge\runeforge\app\_archive\source-zips\Sunshine-master\Sunshine-master\src_assets\windows\assets\shaders\directx\convert_yuv420_packed_uv_type0s_ps.hlsl","0","21/03/2026 08:14:42 p. m.","True"
"A25C74BF79515D2D921D488205EFFF8AE16D906FEB20C551BBBC61773EFC1AED","3","DUPLICATE_REVIEW","RuneforgeCore","convert_yuv420_packed_uv_type0s_ps.hlsl","C:\RUNEFOGE_PRO\runeforge\app\_archive\source-zips\Sunshine-master\Sunshine-master\src_assets\windows\assets\shaders\directx\convert_yuv420_packed_uv_type0s_ps.hlsl","0","21/03/2026 08:14:42 p. m.","True"
"A3171928B3D30CD70D33E127975AA779523644CBACD3A4D2185759C1723A0AFF","1","KEEP_CANDIDATE","RuneforgeCore","command-registry.js","C:\RUNEFOGE_PRO\runeforge-mvp\runeforge-mvp\runeforge-mvp\src\core\command-registry.js","0.002","27/03/2026 07:04:56 a. m.","True"
"A3171928B3D30CD70D33E127975AA779523644CBACD3A4D2185759C1723A0AFF","2","DUPLICATE_REVIEW","RuneforgeCore","command-registry.js","C:\RUNEFOGE_PRO\runeforge\runeforge\backups\action_layer_20260424_031528\command-registry.js","0.002","27/03/2026 07:04:56 a. m.","True"
"A3171928B3D30CD70D33E127975AA779523644CBACD3A4D2185759C1723A0AFF","3","DUPLICATE_REVIEW","RuneforgeCore","command-registry.js","C:\RUNEFOGE_PRO\runeforge\runeforge\app\src\core\command-registry.js","0.002","27/03/2026 07:04:56 a. m.","True"
"A3171928B3D30CD70D33E127975AA779523644CBACD3A4D2185759C1723A0AFF","4","DUPLICATE_REVIEW","RuneforgeCore","command-registry.js","C:\RUNEFOGE_PRO\runeforge\backups\action_layer_20260424_031528\command-registry.js","0.002","27/03/2026 07:04:56 a. m.","True"
"A3171928B3D30CD70D33E127975AA779523644CBACD3A4D2185759C1723A0AFF","5","DUPLICATE_REVIEW","RuneforgeCore","command-registry.js","C:\RUNEFOGE_PRO\runeforge\app\src\core\command-registry.js","0.002","27/03/2026 07:04:56 a. m.","True"
"A3792E5D0AEF7B3B442506043D2C92751D28F089F328B31152A492CA68EA15C6","1","KEEP_CANDIDATE","RuneforgeCore","undo_file.h","C:\RUNEFOGE_PRO\runeforge-mvp\runeforge-mvp\_archive\source-zips\Sunshine-master\Sunshine-master\src\platform\windows\nvprefs\undo_file.h","0.001","21/03/2026 08:14:42 p. m.","True"
"A3792E5D0AEF7B3B442506043D2C92751D28F089F328B31152A492CA68EA15C6","2","DUPLICATE_REVIEW","RuneforgeCore","undo_file.h","C:\RUNEFOGE_PRO\runeforge\runeforge\app\_archive\source-zips\Sunshine-master\Sunshine-master\src\platform\windows\nvprefs\undo_file.h","0.001","21/03/2026 08:14:42 p. m.","True"
"A3792E5D0AEF7B3B442506043D2C92751D28F089F328B31152A492CA68EA15C6","3","DUPLICATE_REVIEW","RuneforgeCore","undo_file.h","C:\RUNEFOGE_PRO\runeforge\app\_archive\source-zips\Sunshine-master\Sunshine-master\src\platform\windows\nvprefs\undo_file.h","0.001","21/03/2026 08:14:42 p. m.","True"
"A3A0E5C1F608B18B1269FEA51AC34CA555AD4DBA32D8C32877831271602A2962","1","KEEP_CANDIDATE","RuneforgeCore","cuda-12-math_functions.patch","C:\RUNEFOGE_PRO\runeforge-mvp\runeforge-mvp\_archive\source-zips\Sunshine-master\Sunshine-master\packaging\linux\patches\x86_64\cuda-12-math_functions.patch","0.003","21/03/2026 08:14:42 p. m.","True"
"A3A0E5C1F608B18B1269FEA51AC34CA555AD4DBA32D8C32877831271602A2962","2","DUPLICATE_REVIEW","RuneforgeCore","cuda-12-math_functions.patch","C:\RUNEFOGE_PRO\runeforge\runeforge\app\_archive\source-zips\Sunshine-master\Sunshine-master\packaging\linux\patches\x86_64\cuda-12-math_functions.patch","0.003","21/03/2026 08:14:42 p. m.","True"
"A3A0E5C1F608B18B1269FEA51AC34CA555AD4DBA32D8C32877831271602A2962","3","DUPLICATE_REVIEW","RuneforgeCore","cuda-12-math_functions.patch","C:\RUNEFOGE_PRO\runeforge\app\_archive\source-zips\Sunshine-master\Sunshine-master\packaging\linux\patches\x86_64\cuda-12-math_functions.patch","0.003","21/03/2026 08:14:42 p. m.","True"
"A3E680670D8CEE8F17D9283F28EA5FCD201B4433D1A25EAECF45985FD623B37E","1","KEEP_CANDIDATE","RuneforgeCore","hr_HR.ini","C:\RUNEFOGE_PRO\runeforge-mvp\runeforge-mvp\retro\_downloads\PPSSPPWindowsARM64\assets\lang\hr_HR.ini","0.063","15/03/2026 11:52:35 a. m.","True"
"A3E680670D8CEE8F17D9283F28EA5FCD201B4433D1A25EAECF45985FD623B37E","2","DUPLICATE_REVIEW","RuneforgeCore","hr_HR.ini","C:\RUNEFOGE_PRO\runeforge\runeforge\app\retro\_downloads\PPSSPPWindowsARM64\assets\lang\hr_HR.ini","0.063","15/03/2026 11:52:35 a. m.","True"
"A3E680670D8CEE8F17D9283F28EA5FCD201B4433D1A25EAECF45985FD623B37E","3","DUPLICATE_REVIEW","RuneforgeCore","hr_HR.ini","C:\RUNEFOGE_PRO\runeforge\app\retro\_downloads\PPSSPPWindowsARM64\assets\lang\hr_HR.ini","0.063","15/03/2026 11:52:35 a. m.","True"
"A3F3433AF0BCBBFD9D0E02160AE911D7BFAF2E17F803CFC74D84B67236123190","1","KEEP_CANDIDATE","RuneforgeCore","convert_yuv444_planar_vs.hlsl","C:\RUNEFOGE_PRO\runeforge-mvp\runeforge-mvp\_archive\source-zips\Sunshine-master\Sunshine-master\src_assets\windows\assets\shaders\directx\convert_yuv444_planar_vs.hlsl","0.001","21/03/2026 08:14:42 p. m.","True"
"A3F3433AF0BCBBFD9D0E02160AE911D7BFAF2E17F803CFC74D84B67236123190","2","DUPLICATE_REVIEW","RuneforgeCore","convert_yuv444_planar_vs.hlsl","C:\RUNEFOGE_PRO\runeforge\runeforge\app\_archive\source-zips\Sunshine-master\Sunshine-master\src_assets\windows\assets\shaders\directx\convert_yuv444_planar_vs.hlsl","0.001","21/03/2026 08:14:42 p. m.","True"
"A3F3433AF0BCBBFD9D0E02160AE911D7BFAF2E17F803CFC74D84B67236123190","3","DUPLICATE_REVIEW","RuneforgeCore","convert_yuv444_planar_vs.hlsl","C:\RUNEFOGE_PRO\runeforge\app\_archive\source-zips\Sunshine-master\Sunshine-master\src_assets\windows\assets\shaders\directx\convert_yuv444_planar_vs.hlsl","0.001","21/03/2026 08:14:42 p. m.","True"
"A3FEE5771A9853E23A9009348F04F2C6D742A426CFE7B70CE3EE47DEB12A5D99","1","KEEP_CANDIDATE","RuneforgeCore","PPSSPPWindowsARM64.exe","C:\RUNEFOGE_PRO\runeforge-mvp\runeforge-mvp\retro\_downloads\PPSSPPWindowsARM64\PPSSPPWindowsARM64.exe","17.404","15/03/2026 12:07:06 p. m.","True"
"A3FEE5771A9853E23A9009348F04F2C6D742A426CFE7B70CE3EE47DEB12A5D99","2","DUPLICATE_REVIEW","RuneforgeCore","PPSSPPWindowsARM64.exe","C:\RUNEFOGE_PRO\runeforge\runeforge\app\retro\_downloads\PPSSPPWindowsARM64\PPSSPPWindowsARM64.exe","17.404","15/03/2026 12:07:06 p. m.","True"
"A3FEE5771A9853E23A9009348F04F2C6D742A426CFE7B70CE3EE47DEB12A5D99","3","DUPLICATE_REVIEW","RuneforgeCore","PPSSPPWindowsARM64.exe","C:\RUNEFOGE_PRO\runeforge\app\retro\_downloads\PPSSPPWindowsARM64\PPSSPPWindowsARM64.exe","17.404","15/03/2026 12:07:06 p. m.","True"
"A4A926082AFC50F44BF5CD52DA06BE3DD9CC45E33B474B26531EFC4344438F76","1","KEEP_CANDIDATE","RuneforgeCore","stereo_sbs.fsh","C:\RUNEFOGE_PRO\runeforge-mvp\runeforge-mvp\retro\_downloads\PPSSPPWindowsARM64\assets\shaders\stereo_sbs.fsh","0","15/03/2026 11:52:35 a. m.","True"
"A4A926082AFC50F44BF5CD52DA06BE3DD9CC45E33B474B26531EFC4344438F76","2","DUPLICATE_REVIEW","RuneforgeCore","stereo_sbs.fsh","C:\RUNEFOGE_PRO\runeforge\runeforge\app\retro\_downloads\PPSSPPWindowsARM64\assets\shaders\stereo_sbs.fsh","0","15/03/2026 11:52:35 a. m.","True"
"A4A926082AFC50F44BF5CD52DA06BE3DD9CC45E33B474B26531EFC4344438F76","3","DUPLICATE_REVIEW","RuneforgeCore","stereo_sbs.fsh","C:\RUNEFOGE_PRO\runeforge\app\retro\_downloads\PPSSPPWindowsARM64\assets\shaders\stereo_sbs.fsh","0","15/03/2026 11:52:35 a. m.","True"
"A4FF54060E7E09EF819FCC46BD3D366E2C72CA4197B5449861F99D3970AB9378","1","KEEP_CANDIDATE","RuneforgeCore","hu.json","C:\RUNEFOGE_PRO\runeforge-mvp\runeforge-mvp\_archive\source-zips\Sunshine-master\Sunshine-master\src_assets\common\assets\web\public\assets\locale\hu.json","0.043","21/03/2026 08:14:42 p. m.","True"
"A4FF54060E7E09EF819FCC46BD3D366E2C72CA4197B5449861F99D3970AB9378","2","DUPLICATE_REVIEW","RuneforgeCore","hu.json","C:\RUNEFOGE_PRO\runeforge\runeforge\app\_archive\source-zips\Sunshine-master\Sunshine-master\src_assets\common\assets\web\public\assets\locale\hu.json","0.043","21/03/2026 08:14:42 p. m.","True"
"A4FF54060E7E09EF819FCC46BD3D366E2C72CA4197B5449861F99D3970AB9378","3","DUPLICATE_REVIEW","RuneforgeCore","hu.json","C:\RUNEFOGE_PRO\runeforge\app\_archive\source-zips\Sunshine-master\Sunshine-master\src_assets\common\assets\web\public\assets\locale\hu.json","0.043","21/03/2026 08:14:42 p. m.","True"
"A50325A95A85F00A89B6F06BA95523B5835A640D7F43D0D39680FFFD768F327D","1","KEEP_CANDIDATE","RuneforgeCore","vaapi.cpp","C:\RUNEFOGE_PRO\runeforge-mvp\runeforge-mvp\_archive\source-zips\Sunshine-master\Sunshine-master\src\platform\linux\vaapi.cpp","0.019","21/03/2026 08:14:42 p. m.","True"
"A50325A95A85F00A89B6F06BA95523B5835A640D7F43D0D39680FFFD768F327D","2","DUPLICATE_REVIEW","RuneforgeCore","vaapi.cpp","C:\RUNEFOGE_PRO\runeforge\runeforge\app\_archive\source-zips\Sunshine-master\Sunshine-master\src\platform\linux\vaapi.cpp","0.019","21/03/2026 08:14:42 p. m.","True"
"A50325A95A85F00A89B6F06BA95523B5835A640D7F43D0D39680FFFD768F327D","3","DUPLICATE_REVIEW","RuneforgeCore","vaapi.cpp","C:\RUNEFOGE_PRO\runeforge\app\_archive\source-zips\Sunshine-master\Sunshine-master\src\platform\linux\vaapi.cpp","0.019","21/03/2026 08:14:42 p. m.","True"
"A51976EA0724700BA8AC20390AC6F386761A8A531E89FE49D058D7EBF73A713B","1","KEEP_CANDIDATE","RuneforgeCore","additional-install.sh","C:\RUNEFOGE_PRO\runeforge-mvp\runeforge-mvp\_archive\source-zips\Sunshine-master\Sunshine-master\packaging\linux\flatpak\scripts\additional-install.sh","0.001","21/03/2026 08:14:42 p. m.","True"
"A51976EA0724700BA8AC20390AC6F386761A8A531E89FE49D058D7EBF73A713B","2","DUPLICATE_REVIEW","RuneforgeCore","additional-install.sh","C:\RUNEFOGE_PRO\runeforge\runeforge\app\_archive\source-zips\Sunshine-master\Sunshine-master\packaging\linux\flatpak\scripts\additional-install.sh","0.001","21/03/2026 08:14:42 p. m.","True"
"A51976EA0724700BA8AC20390AC6F386761A8A531E89FE49D058D7EBF73A713B","3","DUPLICATE_REVIEW","RuneforgeCore","additional-install.sh","C:\RUNEFOGE_PRO\runeforge\app\_archive\source-zips\Sunshine-master\Sunshine-master\packaging\linux\flatpak\scripts\additional-install.sh","0.001","21/03/2026 08:14:42 p. m.","True"
"A5338D955B09046EC0B16F3A9625B7955C763AAE07DC722E474E6078745F932F","1","KEEP_CANDIDATE","RuneforgeCore","pm2-jlist-pre.json","C:\RUNEFOGE_PRO\runeforge\runeforge\backups\hardening-20260423_235916\pm2-jlist-pre.json","0","23/04/2026 11:59:26 p. m.","True"
"A5338D955B09046EC0B16F3A9625B7955C763AAE07DC722E474E6078745F932F","2","DUPLICATE_REVIEW","RuneforgeCore","pm2-jlist-pre.json","C:\RUNEFOGE_PRO\runeforge\backups\hardening-20260423_235916\pm2-jlist-pre.json","0","23/04/2026 11:59:26 p. m.","True"
"A592E31F535DA2F1EE7491B79577A5B4C43BBC1E7474213D42C59F1A13A9C8D0","1","KEEP_CANDIDATE","RuneforgeCore","AdobeStock_303330124.jpeg","C:\RUNEFOGE_PRO\runeforge-mvp\runeforge-mvp\_archive\source-zips\Sunshine-master\Sunshine-master\gh-pages-template\assets\img\banners\AdobeStock_303330124.jpeg","5.852","21/03/2026 08:14:42 p. m.","True"
"A592E31F535DA2F1EE7491B79577A5B4C43BBC1E7474213D42C59F1A13A9C8D0","2","DUPLICATE_REVIEW","RuneforgeCore","AdobeStock_303330124.jpeg","C:\RUNEFOGE_PRO\runeforge\runeforge\app\_archive\source-zips\Sunshine-master\Sunshine-master\gh-pages-template\assets\img\banners\AdobeStock_303330124.jpeg","5.852","21/03/2026 08:14:42 p. m.","True"
"A592E31F535DA2F1EE7491B79577A5B4C43BBC1E7474213D42C59F1A13A9C8D0","3","DUPLICATE_REVIEW","RuneforgeCore","AdobeStock_303330124.jpeg","C:\RUNEFOGE_PRO\runeforge\app\_archive\source-zips\Sunshine-master\Sunshine-master\gh-pages-template\assets\img\banners\AdobeStock_303330124.jpeg","5.852","21/03/2026 08:14:42 p. m.","True"
"A5A5CB78090CB5B039257F2C8DAA30A88A3C9CA121E140C4D6466522FD9540E2","1","KEEP_CANDIDATE","RuneforgeCore","nvenc_utils.h","C:\RUNEFOGE_PRO\runeforge-mvp\runeforge-mvp\_archive\source-zips\Sunshine-master\Sunshine-master\src\nvenc\nvenc_utils.h","0.001","21/03/2026 08:14:42 p. m.","True"
"A5A5CB78090CB5B039257F2C8DAA30A88A3C9CA121E140C4D6466522FD9540E2","2","DUPLICATE_REVIEW","RuneforgeCore","nvenc_utils.h","C:\RUNEFOGE_PRO\runeforge\runeforge\app\_archive\source-zips\Sunshine-master\Sunshine-master\src\nvenc\nvenc_utils.h","0.001","21/03/2026 08:14:42 p. m.","True"
"A5A5CB78090CB5B039257F2C8DAA30A88A3C9CA121E140C4D6466522FD9540E2","3","DUPLICATE_REVIEW","RuneforgeCore","nvenc_utils.h","C:\RUNEFOGE_PRO\runeforge\app\_archive\source-zips\Sunshine-master\Sunshine-master\src\nvenc\nvenc_utils.h","0.001","21/03/2026 08:14:42 p. m.","True"
"A5EF395B59D69BD4A376ADBEC17A5E18AF53D48D361F92E876BB38A8A16D419F","1","KEEP_CANDIDATE","RuneforgeCore","troubleshooting-logs.png","C:\RUNEFOGE_PRO\runeforge-mvp\runeforge-mvp\_archive\source-zips\Sunshine-master\Sunshine-master\docs\images\troubleshooting-logs.png","0.099","21/03/2026 08:14:42 p. m.","True"
"A5EF395B59D69BD4A376ADBEC17A5E18AF53D48D361F92E876BB38A8A16D419F","2","DUPLICATE_REVIEW","RuneforgeCore","troubleshooting-logs.png","C:\RUNEFOGE_PRO\runeforge\runeforge\app\_archive\source-zips\Sunshine-master\Sunshine-master\docs\images\troubleshooting-logs.png","0.099","21/03/2026 08:14:42 p. m.","True"
"A5EF395B59D69BD4A376ADBEC17A5E18AF53D48D361F92E876BB38A8A16D419F","3","DUPLICATE_REVIEW","RuneforgeCore","troubleshooting-logs.png","C:\RUNEFOGE_PRO\runeforge\app\_archive\source-zips\Sunshine-master\Sunshine-master\docs\images\troubleshooting-logs.png","0.099","21/03/2026 08:14:42 p. m.","True"
"A644F6502B29B6B1437EA2C2D8E76864A8B4954CF9ACE1290697DB97E2E25A21","1","KEEP_CANDIDATE","RuneforgeCore","display_vram.cpp","C:\RUNEFOGE_PRO\runeforge-mvp\runeforge-mvp\_archive\source-zips\Sunshine-master\Sunshine-master\src\platform\windows\display_vram.cpp","0.073","21/03/2026 08:14:42 p. m.","True"
"A644F6502B29B6B1437EA2C2D8E76864A8B4954CF9ACE1290697DB97E2E25A21","2","DUPLICATE_REVIEW","RuneforgeCore","display_vram.cpp","C:\RUNEFOGE_PRO\runeforge\runeforge\app\_archive\source-zips\Sunshine-master\Sunshine-master\src\platform\windows\display_vram.cpp","0.073","21/03/2026 08:14:42 p. m.","True"
"A644F6502B29B6B1437EA2C2D8E76864A8B4954CF9ACE1290697DB97E2E25A21","3","DUPLICATE_REVIEW","RuneforgeCore","display_vram.cpp","C:\RUNEFOGE_PRO\runeforge\app\_archive\source-zips\Sunshine-master\Sunshine-master\src\platform\windows\display_vram.cpp","0.073","21/03/2026 08:14:42 p. m.","True"
"A6487D91D9A3A23B8F6DB24B11D4A5AB33E710C2B956056D30EED13FFB370C05","1","KEEP_CANDIDATE","RuneforgeCore","gamecontrollerdb.txt","C:\RUNEFOGE_PRO\runeforge-mvp\runeforge-mvp\retro\_downloads\PPSSPPWindowsARM64\assets\gamecontrollerdb.txt","0.521","15/03/2026 11:52:35 a. m.","True"
"A6487D91D9A3A23B8F6DB24B11D4A5AB33E710C2B956056D30EED13FFB370C05","2","DUPLICATE_REVIEW","RuneforgeCore","gamecontrollerdb.txt","C:\RUNEFOGE_PRO\runeforge\runeforge\app\retro\_downloads\PPSSPPWindowsARM64\assets\gamecontrollerdb.txt","0.521","15/03/2026 11:52:35 a. m.","True"
"A6487D91D9A3A23B8F6DB24B11D4A5AB33E710C2B956056D30EED13FFB370C05","3","DUPLICATE_REVIEW","RuneforgeCore","gamecontrollerdb.txt","C:\RUNEFOGE_PRO\runeforge\app\retro\_downloads\PPSSPPWindowsARM64\assets\gamecontrollerdb.txt","0.521","15/03/2026 11:52:35 a. m.","True"
"A7C3413299152578DFA1D96200F642DC03622BC32F23B7DDDDAA1E67478DDC20","1","KEEP_CANDIDATE","RuneforgeCore","AdobeStock_231616343.jpeg","C:\RUNEFOGE_PRO\runeforge-mvp\runeforge-mvp\_archive\source-zips\Sunshine-master\Sunshine-master\gh-pages-template\assets\img\banners\AdobeStock_231616343.jpeg","6.196","21/03/2026 08:14:42 p. m.","True"
"A7C3413299152578DFA1D96200F642DC03622BC32F23B7DDDDAA1E67478DDC20","2","DUPLICATE_REVIEW","RuneforgeCore","AdobeStock_231616343.jpeg","C:\RUNEFOGE_PRO\runeforge\runeforge\app\_archive\source-zips\Sunshine-master\Sunshine-master\gh-pages-template\assets\img\banners\AdobeStock_231616343.jpeg","6.196","21/03/2026 08:14:42 p. m.","True"
"A7C3413299152578DFA1D96200F642DC03622BC32F23B7DDDDAA1E67478DDC20","3","DUPLICATE_REVIEW","RuneforgeCore","AdobeStock_231616343.jpeg","C:\RUNEFOGE_PRO\runeforge\app\_archive\source-zips\Sunshine-master\Sunshine-master\gh-pages-template\assets\img\banners\AdobeStock_231616343.jpeg","6.196","21/03/2026 08:14:42 p. m.","True"
"A7C8FD7F99C116DC954AB4B6D3D35A1B9A587C8E69F78C868C49F64AF74CA0E9","1","KEEP_CANDIDATE","RuneforgeCore","icon.png","C:\RUNEFOGE_PRO\runeforge-mvp\runeforge-mvp\retro\_downloads\PPSSPPWindowsARM64\assets\ui_images\icon.png","0.006","15/03/2026 11:52:35 a. m.","True"
"A7C8FD7F99C116DC954AB4B6D3D35A1B9A587C8E69F78C868C49F64AF74CA0E9","2","DUPLICATE_REVIEW","RuneforgeCore","icon.png","C:\RUNEFOGE_PRO\runeforge\runeforge\app\retro\_downloads\PPSSPPWindowsARM64\assets\ui_images\icon.png","0.006","15/03/2026 11:52:35 a. m.","True"
"A7C8FD7F99C116DC954AB4B6D3D35A1B9A587C8E69F78C868C49F64AF74CA0E9","3","DUPLICATE_REVIEW","RuneforgeCore","icon.png","C:\RUNEFOGE_PRO\runeforge\app\retro\_downloads\PPSSPPWindowsARM64\assets\ui_images\icon.png","0.006","15/03/2026 11:52:35 a. m.","True"
"A807939B5CD2619778F5131E6649537D6BFCA0C1E016E51CCA84427ABD9CE9BF","1","KEEP_CANDIDATE","RuneforgeCore","pt.json","C:\RUNEFOGE_PRO\runeforge-mvp\runeforge-mvp\_archive\source-zips\Sunshine-master\Sunshine-master\src_assets\common\assets\web\public\assets\locale\pt.json","0.042","21/03/2026 08:14:42 p. m.","True"
"A807939B5CD2619778F5131E6649537D6BFCA0C1E016E51CCA84427ABD9CE9BF","2","DUPLICATE_REVIEW","RuneforgeCore","pt.json","C:\RUNEFOGE_PRO\runeforge\runeforge\app\_archive\source-zips\Sunshine-master\Sunshine-master\src_assets\common\assets\web\public\assets\locale\pt.json","0.042","21/03/2026 08:14:42 p. m.","True"
"A807939B5CD2619778F5131E6649537D6BFCA0C1E016E51CCA84427ABD9CE9BF","3","DUPLICATE_REVIEW","RuneforgeCore","pt.json","C:\RUNEFOGE_PRO\runeforge\app\_archive\source-zips\Sunshine-master\Sunshine-master\src_assets\common\assets\web\public\assets\locale\pt.json","0.042","21/03/2026 08:14:42 p. m.","True"
"A8127DBCA82FCE89F37B183463D8BA8D4E7251B351B005AD2517EA27D5B2B357","1","KEEP_CANDIDATE","RuneforgeCore","nvenc_d3d11.cpp","C:\RUNEFOGE_PRO\runeforge-mvp\runeforge-mvp\_archive\source-zips\Sunshine-master\Sunshine-master\src\nvenc\nvenc_d3d11.cpp","0.002","21/03/2026 08:14:42 p. m.","True"
"A8127DBCA82FCE89F37B183463D8BA8D4E7251B351B005AD2517EA27D5B2B357","2","DUPLICATE_REVIEW","RuneforgeCore","nvenc_d3d11.cpp","C:\RUNEFOGE_PRO\runeforge\runeforge\app\_archive\source-zips\Sunshine-master\Sunshine-master\src\nvenc\nvenc_d3d11.cpp","0.002","21/03/2026 08:14:42 p. m.","True"
"A8127DBCA82FCE89F37B183463D8BA8D4E7251B351B005AD2517EA27D5B2B357","3","DUPLICATE_REVIEW","RuneforgeCore","nvenc_d3d11.cpp","C:\RUNEFOGE_PRO\runeforge\app\_archive\source-zips\Sunshine-master\Sunshine-master\src\nvenc\nvenc_d3d11.cpp","0.002","21/03/2026 08:14:42 p. m.","True"
"A8C97110FF1C783E78D0F5606551967B328BD87E456B43928A7C4D55213BD378","1","KEEP_CANDIDATE","RuneforgeCore","task_pool.h","C:\RUNEFOGE_PRO\runeforge-mvp\runeforge-mvp\_archive\source-zips\Sunshine-master\Sunshine-master\src\task_pool.h","0.006","21/03/2026 08:14:42 p. m.","True"
"A8C97110FF1C783E78D0F5606551967B328BD87E456B43928A7C4D55213BD378","2","DUPLICATE_REVIEW","RuneforgeCore","task_pool.h","C:\RUNEFOGE_PRO\runeforge\runeforge\app\_archive\source-zips\Sunshine-master\Sunshine-master\src\task_pool.h","0.006","21/03/2026 08:14:42 p. m.","True"
"A8C97110FF1C783E78D0F5606551967B328BD87E456B43928A7C4D55213BD378","3","DUPLICATE_REVIEW","RuneforgeCore","task_pool.h","C:\RUNEFOGE_PRO\runeforge\app\_archive\source-zips\Sunshine-master\Sunshine-master\src\task_pool.h","0.006","21/03/2026 08:14:42 p. m.","True"
"A97E9EE9C3DC047AB2783E2B7A8E7041B5EBB711B063F285F50319224E7E0150","1","KEEP_CANDIDATE","RuneforgeCore","audio.cpp","C:\RUNEFOGE_PRO\runeforge-mvp\runeforge-mvp\_archive\source-zips\Sunshine-master\Sunshine-master\tools\audio.cpp","0.009","21/03/2026 08:14:42 p. m.","True"
"A97E9EE9C3DC047AB2783E2B7A8E7041B5EBB711B063F285F50319224E7E0150","2","DUPLICATE_REVIEW","RuneforgeCore","audio.cpp","C:\RUNEFOGE_PRO\runeforge\runeforge\app\_archive\source-zips\Sunshine-master\Sunshine-master\tools\audio.cpp","0.009","21/03/2026 08:14:42 p. m.","True"
"A97E9EE9C3DC047AB2783E2B7A8E7041B5EBB711B063F285F50319224E7E0150","3","DUPLICATE_REVIEW","RuneforgeCore","audio.cpp","C:\RUNEFOGE_PRO\runeforge\app\_archive\source-zips\Sunshine-master\Sunshine-master\tools\audio.cpp","0.009","21/03/2026 08:14:42 p. m.","True"
"A9A36A4F6C31CE4F143A303C3FA145B49AB751B926E7B29BF54C4143C8DEE11A","1","KEEP_CANDIDATE","RuneforgeCore","helper_math.h","C:\RUNEFOGE_PRO\runeforge-mvp\runeforge-mvp\_archive\source-zips\Sunshine-master\Sunshine-master\third-party\nvfbc\helper_math.h","0.036","21/03/2026 08:14:42 p. m.","True"
"A9A36A4F6C31CE4F143A303C3FA145B49AB751B926E7B29BF54C4143C8DEE11A","2","DUPLICATE_REVIEW","RuneforgeCore","helper_math.h","C:\RUNEFOGE_PRO\runeforge\runeforge\app\_archive\source-zips\Sunshine-master\Sunshine-master\third-party\nvfbc\helper_math.h","0.036","21/03/2026 08:14:42 p. m.","True"
"A9A36A4F6C31CE4F143A303C3FA145B49AB751B926E7B29BF54C4143C8DEE11A","3","DUPLICATE_REVIEW","RuneforgeCore","helper_math.h","C:\RUNEFOGE_PRO\runeforge\app\_archive\source-zips\Sunshine-master\Sunshine-master\third-party\nvfbc\helper_math.h","0.036","21/03/2026 08:14:42 p. m.","True"
"A9C73E25F5171A6246B36D4859E1B9755C618C0BF1C393554AA2EE5FF294A2D6","1","KEEP_CANDIDATE","RuneforgeCore","tests_events.h","C:\RUNEFOGE_PRO\runeforge-mvp\runeforge-mvp\_archive\source-zips\Sunshine-master\Sunshine-master\tests\tests_events.h","0.002","21/03/2026 08:14:42 p. m.","True"
"A9C73E25F5171A6246B36D4859E1B9755C618C0BF1C393554AA2EE5FF294A2D6","2","DUPLICATE_REVIEW","RuneforgeCore","tests_events.h","C:\RUNEFOGE_PRO\runeforge\runeforge\app\_archive\source-zips\Sunshine-master\Sunshine-master\tests\tests_events.h","0.002","21/03/2026 08:14:42 p. m.","True"
"A9C73E25F5171A6246B36D4859E1B9755C618C0BF1C393554AA2EE5FF294A2D6","3","DUPLICATE_REVIEW","RuneforgeCore","tests_events.h","C:\RUNEFOGE_PRO\runeforge\app\_archive\source-zips\Sunshine-master\Sunshine-master\tests\tests_events.h","0.002","21/03/2026 08:14:42 p. m.","True"
"A9D946EB6B41BE312FEAF55A6A44D42B707F87A37E8FF501200DAAED585F6A35","1","KEEP_CANDIDATE","RuneforgeCore","1995.ini","C:\RUNEFOGE_PRO\runeforge-mvp\runeforge-mvp\retro\_downloads\PPSSPPWindowsARM64\assets\themes\1995.ini","0.001","15/03/2026 11:52:35 a. m.","True"
"A9D946EB6B41BE312FEAF55A6A44D42B707F87A37E8FF501200DAAED585F6A35","2","DUPLICATE_REVIEW","RuneforgeCore","1995.ini","C:\RUNEFOGE_PRO\runeforge\runeforge\app\retro\_downloads\PPSSPPWindowsARM64\assets\themes\1995.ini","0.001","15/03/2026 11:52:35 a. m.","True"
"A9D946EB6B41BE312FEAF55A6A44D42B707F87A37E8FF501200DAAED585F6A35","3","DUPLICATE_REVIEW","RuneforgeCore","1995.ini","C:\RUNEFOGE_PRO\runeforge\app\retro\_downloads\PPSSPPWindowsARM64\assets\themes\1995.ini","0.001","15/03/2026 11:52:35 a. m.","True"
"AA345165B0C760A2C9C84B2FBAF6C9F6D12136CBEDBFF66917C46E9369177F7C","1","KEEP_CANDIDATE","MemoriaIA","status.ps1","C:\RUNEFOGE_PRO\essential_only\essential_only\scripts\status.ps1","0","10/03/2026 12:17:11 a. m.","False"
"AA345165B0C760A2C9C84B2FBAF6C9F6D12136CBEDBFF66917C46E9369177F7C","2","DUPLICATE_REVIEW","MemoriaIA","status.ps1","C:\RUNEFOGE_PRO\essential_only\essential_only\src\scripts\status.ps1","0","10/03/2026 12:03:59 a. m.","False"
"AA67576A237704583459D14BBB96FD5D908AD2036D42BEFC3C4BF1B3E020052C","1","KEEP_CANDIDATE","RuneforgeCore","ci-copr.yml","C:\RUNEFOGE_PRO\runeforge-mvp\runeforge-mvp\_archive\source-zips\Sunshine-master\Sunshine-master\.github\workflows\ci-copr.yml","0.002","21/03/2026 08:14:42 p. m.","True"
"AA67576A237704583459D14BBB96FD5D908AD2036D42BEFC3C4BF1B3E020052C","2","DUPLICATE_REVIEW","RuneforgeCore","ci-copr.yml","C:\RUNEFOGE_PRO\runeforge\runeforge\app\_archive\source-zips\Sunshine-master\Sunshine-master\.github\workflows\ci-copr.yml","0.002","21/03/2026 08:14:42 p. m.","True"
"AA67576A237704583459D14BBB96FD5D908AD2036D42BEFC3C4BF1B3E020052C","3","DUPLICATE_REVIEW","RuneforgeCore","ci-copr.yml","C:\RUNEFOGE_PRO\runeforge\app\_archive\source-zips\Sunshine-master\Sunshine-master\.github\workflows\ci-copr.yml","0.002","21/03/2026 08:14:42 p. m.","True"
"AAB98FAE66352F00F659FC11BFDFF3CE5D95B8DACAF7B46B7057B283391CEA0D","1","KEEP_CANDIDATE","RuneforgeCore","DOCKER_README.md","C:\RUNEFOGE_PRO\runeforge-mvp\runeforge-mvp\_archive\source-zips\Sunshine-master\Sunshine-master\DOCKER_README.md","0.006","21/03/2026 08:14:42 p. m.","True"
"AAB98FAE66352F00F659FC11BFDFF3CE5D95B8DACAF7B46B7057B283391CEA0D","2","DUPLICATE_REVIEW","RuneforgeCore","DOCKER_README.md","C:\RUNEFOGE_PRO\runeforge\runeforge\app\_archive\source-zips\Sunshine-master\Sunshine-master\DOCKER_README.md","0.006","21/03/2026 08:14:42 p. m.","True"
"AAB98FAE66352F00F659FC11BFDFF3CE5D95B8DACAF7B46B7057B283391CEA0D","3","DUPLICATE_REVIEW","RuneforgeCore","DOCKER_README.md","C:\RUNEFOGE_PRO\runeforge\app\_archive\source-zips\Sunshine-master\Sunshine-master\DOCKER_README.md","0.006","21/03/2026 08:14:42 p. m.","True"
"AAC92B46792F72B456A771C92D943030DEE3729E3D81208BF04F6A4C54E5743B","1","KEEP_CANDIDATE","RuneforgeCore","_codeql.yml","C:\RUNEFOGE_PRO\runeforge-mvp\runeforge-mvp\_archive\source-zips\Sunshine-master\Sunshine-master\.github\workflows\_codeql.yml","0.001","21/03/2026 08:14:42 p. m.","True"
"AAC92B46792F72B456A771C92D943030DEE3729E3D81208BF04F6A4C54E5743B","2","DUPLICATE_REVIEW","RuneforgeCore","_codeql.yml","C:\RUNEFOGE_PRO\runeforge\runeforge\app\_archive\source-zips\Sunshine-master\Sunshine-master\.github\workflows\_codeql.yml","0.001","21/03/2026 08:14:42 p. m.","True"
"AAC92B46792F72B456A771C92D943030DEE3729E3D81208BF04F6A4C54E5743B","3","DUPLICATE_REVIEW","RuneforgeCore","_codeql.yml","C:\RUNEFOGE_PRO\runeforge\app\_archive\source-zips\Sunshine-master\Sunshine-master\.github\workflows\_codeql.yml","0.001","21/03/2026 08:14:42 p. m.","True"
"AB383FDA5364FD528EE102E590E541DC012277EBCD6EB0514F1C1226CF8779ED","1","KEEP_CANDIDATE","RuneforgeCore","latest-terminal-export.clean.txt","C:\RUNEFOGE_PRO\runeforge\runeforge\data\commander\exports\latest-terminal-export.clean.txt","0.001","24/04/2026 07:28:00 p. m.","True"
"AB383FDA5364FD528EE102E590E541DC012277EBCD6EB0514F1C1226CF8779ED","2","DUPLICATE_REVIEW","RuneforgeCore","latest-terminal-export.txt","C:\RUNEFOGE_PRO\runeforge\runeforge\data\commander\exports\latest-terminal-export.txt","0.001","24/04/2026 07:28:00 p. m.","True"
"AB383FDA5364FD528EE102E590E541DC012277EBCD6EB0514F1C1226CF8779ED","3","DUPLICATE_REVIEW","RuneforgeCore","capture_20260424_192800.txt","C:\RUNEFOGE_PRO\runeforge\runeforge\data\commander\exports\capture_20260424_192800.txt","0.001","24/04/2026 07:28:00 p. m.","True"
"AB383FDA5364FD528EE102E590E541DC012277EBCD6EB0514F1C1226CF8779ED","4","DUPLICATE_REVIEW","RuneforgeCore","capture_20260424_192800.txt","C:\RUNEFOGE_PRO\runeforge\data\commander\exports\capture_20260424_192800.txt","0.001","24/04/2026 07:28:00 p. m.","True"
"AB88ED474679C86B6C293F50877FB10346E41DE2FC1F71F3E1E50C45A7901190","1","KEEP_CANDIDATE","RuneforgeCore","RUNEFORGE_COMMANDER_V43_6_QUICK_DOCK.ahk","C:\RUNEFOGE_PRO\runeforge\scripts\ahk\RUNEFORGE_COMMANDER_V43_6_QUICK_DOCK.ahk","0.006","25/04/2026 02:21:41 a. m.","True"
"AB88ED474679C86B6C293F50877FB10346E41DE2FC1F71F3E1E50C45A7901190","2","DUPLICATE_REVIEW","RuneforgeCore","RUNEFORGE_COMMANDER_V43_6_QUICK_DOCK.ahk.20260425_022141.v43_6_backup","C:\RUNEFOGE_PRO\runeforge\backups\commander\RUNEFORGE_COMMANDER_V43_6_QUICK_DOCK.ahk.20260425_022141.v43_6_backup","0.006","25/04/2026 02:20:13 a. m.","True"
"AB960BA98E2D87F71F8626CA809C828E69C9882023C15CA7C8E64666DE59C2D7","1","KEEP_CANDIDATE","RuneforgeCore","Doxyfile","C:\RUNEFOGE_PRO\runeforge-mvp\runeforge-mvp\_archive\source-zips\Sunshine-master\Sunshine-master\docs\Doxyfile","0.002","21/03/2026 08:14:42 p. m.","True"
"AB960BA98E2D87F71F8626CA809C828E69C9882023C15CA7C8E64666DE59C2D7","2","DUPLICATE_REVIEW","RuneforgeCore","Doxyfile","C:\RUNEFOGE_PRO\runeforge\runeforge\app\_archive\source-zips\Sunshine-master\Sunshine-master\docs\Doxyfile","0.002","21/03/2026 08:14:42 p. m.","True"
"AB960BA98E2D87F71F8626CA809C828E69C9882023C15CA7C8E64666DE59C2D7","3","DUPLICATE_REVIEW","RuneforgeCore","Doxyfile","C:\RUNEFOGE_PRO\runeforge\app\_archive\source-zips\Sunshine-master\Sunshine-master\docs\Doxyfile","0.002","21/03/2026 08:14:42 p. m.","True"
"AC796EF519ECBD956475324C06A7EFA3C2B89E22C95CB974A1DCA8F691CB261E","1","KEEP_CANDIDATE","RuneforgeCore","RUNEFORGE_COMMANDER_V42_EXPORT_BRIDGE.ahk","C:\RUNEFOGE_PRO\runeforge\scripts\ahk\RUNEFORGE_COMMANDER_V42_EXPORT_BRIDGE.ahk","0.014","24/04/2026 01:22:09 a. m.","True"
"AC796EF519ECBD956475324C06A7EFA3C2B89E22C95CB974A1DCA8F691CB261E","2","DUPLICATE_REVIEW","RuneforgeCore","RUNEFORGE_COMMANDER_V42_EXPORT_BRIDGE.ahk","C:\RUNEFOGE_PRO\runeforge\runeforge\scripts\ahk\RUNEFORGE_COMMANDER_V42_EXPORT_BRIDGE.ahk","0.014","24/04/2026 01:22:09 a. m.","True"
"ACFC9A13607187EAB25690C185DDD6E55BA9B3A6D637BF8C05D3D81840C7CE70","1","KEEP_CANDIDATE","RuneforgeCore","Scene.frag","C:\RUNEFOGE_PRO\runeforge-mvp\runeforge-mvp\_archive\source-zips\Sunshine-master\Sunshine-master\src_assets\linux\assets\shaders\opengl\Scene.frag","0","21/03/2026 08:14:42 p. m.","True"
"ACFC9A13607187EAB25690C185DDD6E55BA9B3A6D637BF8C05D3D81840C7CE70","2","DUPLICATE_REVIEW","RuneforgeCore","Scene.frag","C:\RUNEFOGE_PRO\runeforge\runeforge\app\_archive\source-zips\Sunshine-master\Sunshine-master\src_assets\linux\assets\shaders\opengl\Scene.frag","0","21/03/2026 08:14:42 p. m.","True"
"ACFC9A13607187EAB25690C185DDD6E55BA9B3A6D637BF8C05D3D81840C7CE70","3","DUPLICATE_REVIEW","RuneforgeCore","Scene.frag","C:\RUNEFOGE_PRO\runeforge\app\_archive\source-zips\Sunshine-master\Sunshine-master\src_assets\linux\assets\shaders\opengl\Scene.frag","0","21/03/2026 08:14:42 p. m.","True"
"ADCBB93409108E06424F4D5627DADF81BFC304FB89100DF116C7B674352FB8CF","1","KEEP_CANDIDATE","RuneforgeCore","add-firewall-rule.bat","C:\RUNEFOGE_PRO\runeforge-mvp\runeforge-mvp\_archive\source-zips\Sunshine-master\Sunshine-master\src_assets\windows\misc\firewall\add-firewall-rule.bat","0","21/03/2026 08:14:42 p. m.","True"
"ADCBB93409108E06424F4D5627DADF81BFC304FB89100DF116C7B674352FB8CF","2","DUPLICATE_REVIEW","RuneforgeCore","add-firewall-rule.bat","C:\RUNEFOGE_PRO\runeforge\runeforge\app\_archive\source-zips\Sunshine-master\Sunshine-master\src_assets\windows\misc\firewall\add-firewall-rule.bat","0","21/03/2026 08:14:42 p. m.","True"
"ADCBB93409108E06424F4D5627DADF81BFC304FB89100DF116C7B674352FB8CF","3","DUPLICATE_REVIEW","RuneforgeCore","add-firewall-rule.bat","C:\RUNEFOGE_PRO\runeforge\app\_archive\source-zips\Sunshine-master\Sunshine-master\src_assets\windows\misc\firewall\add-firewall-rule.bat","0","21/03/2026 08:14:42 p. m.","True"
"ADFEC5A08B51470A474519809E162C590BA49AD6A6C3ACC4FB43C8004A844CEE","1","KEEP_CANDIDATE","RuneforgeCore","features.yml","C:\RUNEFOGE_PRO\runeforge-mvp\runeforge-mvp\_archive\source-zips\Sunshine-master\Sunshine-master\gh-pages-template\_data\features.yml","0.001","21/03/2026 08:14:42 p. m.","True"
"ADFEC5A08B51470A474519809E162C590BA49AD6A6C3ACC4FB43C8004A844CEE","2","DUPLICATE_REVIEW","RuneforgeCore","features.yml","C:\RUNEFOGE_PRO\runeforge\runeforge\app\_archive\source-zips\Sunshine-master\Sunshine-master\gh-pages-template\_data\features.yml","0.001","21/03/2026 08:14:42 p. m.","True"
"ADFEC5A08B51470A474519809E162C590BA49AD6A6C3ACC4FB43C8004A844CEE","3","DUPLICATE_REVIEW","RuneforgeCore","features.yml","C:\RUNEFOGE_PRO\runeforge\app\_archive\source-zips\Sunshine-master\Sunshine-master\gh-pages-template\_data\features.yml","0.001","21/03/2026 08:14:42 p. m.","True"
"AE0C8223D69723745F1D5692151059A852FFCEAB6D9EA911D1209381A24C742F","1","KEEP_CANDIDATE","RuneforgeCore","clients.yml","C:\RUNEFOGE_PRO\runeforge-mvp\runeforge-mvp\_archive\source-zips\Sunshine-master\Sunshine-master\gh-pages-template\_data\clients.yml","0.006","21/03/2026 08:14:42 p. m.","True"
"AE0C8223D69723745F1D5692151059A852FFCEAB6D9EA911D1209381A24C742F","2","DUPLICATE_REVIEW","RuneforgeCore","clients.yml","C:\RUNEFOGE_PRO\runeforge\runeforge\app\_archive\source-zips\Sunshine-master\Sunshine-master\gh-pages-template\_data\clients.yml","0.006","21/03/2026 08:14:42 p. m.","True"
"AE0C8223D69723745F1D5692151059A852FFCEAB6D9EA911D1209381A24C742F","3","DUPLICATE_REVIEW","RuneforgeCore","clients.yml","C:\RUNEFOGE_PRO\runeforge\app\_archive\source-zips\Sunshine-master\Sunshine-master\gh-pages-template\_data\clients.yml","0.006","21/03/2026 08:14:42 p. m.","True"
"AE5E6D1D243A956ADDD14FA6E1ABC7433744ECEC0B9E9E556D9C78742BD0B00B","1","KEEP_CANDIDATE","RuneforgeCore","patch.xml","C:\RUNEFOGE_PRO\runeforge-mvp\runeforge-mvp\_archive\source-zips\Sunshine-master\Sunshine-master\cmake\packaging\wix_resources\patch.xml","0","21/03/2026 08:14:42 p. m.","True"
"AE5E6D1D243A956ADDD14FA6E1ABC7433744ECEC0B9E9E556D9C78742BD0B00B","2","DUPLICATE_REVIEW","RuneforgeCore","patch.xml","C:\RUNEFOGE_PRO\runeforge\runeforge\app\_archive\source-zips\Sunshine-master\Sunshine-master\cmake\packaging\wix_resources\patch.xml","0","21/03/2026 08:14:42 p. m.","True"
"AE5E6D1D243A956ADDD14FA6E1ABC7433744ECEC0B9E9E556D9C78742BD0B00B","3","DUPLICATE_REVIEW","RuneforgeCore","patch.xml","C:\RUNEFOGE_PRO\runeforge\app\_archive\source-zips\Sunshine-master\Sunshine-master\cmake\packaging\wix_resources\patch.xml","0","21/03/2026 08:14:42 p. m.","True"
"AE650F5214D2B7315784512C6295696281A19B50515BDCD657CB37421670C062","1","KEEP_CANDIDATE","RuneforgeCore","system_tray.cpp","C:\RUNEFOGE_PRO\runeforge-mvp\runeforge-mvp\_archive\source-zips\Sunshine-master\Sunshine-master\src\system_tray.cpp","0.012","21/03/2026 08:14:42 p. m.","True"
"AE650F5214D2B7315784512C6295696281A19B50515BDCD657CB37421670C062","2","DUPLICATE_REVIEW","RuneforgeCore","system_tray.cpp","C:\RUNEFOGE_PRO\runeforge\runeforge\app\_archive\source-zips\Sunshine-master\Sunshine-master\src\system_tray.cpp","0.012","21/03/2026 08:14:42 p. m.","True"
"AE650F5214D2B7315784512C6295696281A19B50515BDCD657CB37421670C062","3","DUPLICATE_REVIEW","RuneforgeCore","system_tray.cpp","C:\RUNEFOGE_PRO\runeforge\app\_archive\source-zips\Sunshine-master\Sunshine-master\src\system_tray.cpp","0.012","21/03/2026 08:14:42 p. m.","True"
"AE8E0BB2978723703F67C2E615EF89BDDBF1280214F52E1D7CB2E946C34B585B","1","KEEP_CANDIDATE","RuneforgeCore","Inputs.vue","C:\RUNEFOGE_PRO\runeforge-mvp\runeforge-mvp\_archive\source-zips\Sunshine-master\Sunshine-master\src_assets\common\assets\web\configs\tabs\Inputs.vue","0.007","21/03/2026 08:14:42 p. m.","True"
"AE8E0BB2978723703F67C2E615EF89BDDBF1280214F52E1D7CB2E946C34B585B","2","DUPLICATE_REVIEW","RuneforgeCore","Inputs.vue","C:\RUNEFOGE_PRO\runeforge\runeforge\app\_archive\source-zips\Sunshine-master\Sunshine-master\src_assets\common\assets\web\configs\tabs\Inputs.vue","0.007","21/03/2026 08:14:42 p. m.","True"
"AE8E0BB2978723703F67C2E615EF89BDDBF1280214F52E1D7CB2E946C34B585B","3","DUPLICATE_REVIEW","RuneforgeCore","Inputs.vue","C:\RUNEFOGE_PRO\runeforge\app\_archive\source-zips\Sunshine-master\Sunshine-master\src_assets\common\assets\web\configs\tabs\Inputs.vue","0.007","21/03/2026 08:14:42 p. m.","True"
"AEBB42B12AE6C40971DFB4A345FE51B1D8C0C173E1F5D7AC05C1551B3F01CCAF","1","KEEP_CANDIDATE","RuneforgeCore","Checkbox.vue","C:\RUNEFOGE_PRO\runeforge-mvp\runeforge-mvp\_archive\source-zips\Sunshine-master\Sunshine-master\src_assets\common\assets\web\Checkbox.vue","0.003","21/03/2026 08:14:42 p. m.","True"
"AEBB42B12AE6C40971DFB4A345FE51B1D8C0C173E1F5D7AC05C1551B3F01CCAF","2","DUPLICATE_REVIEW","RuneforgeCore","Checkbox.vue","C:\RUNEFOGE_PRO\runeforge\runeforge\app\_archive\source-zips\Sunshine-master\Sunshine-master\src_assets\common\assets\web\Checkbox.vue","0.003","21/03/2026 08:14:42 p. m.","True"
"AEBB42B12AE6C40971DFB4A345FE51B1D8C0C173E1F5D7AC05C1551B3F01CCAF","3","DUPLICATE_REVIEW","RuneforgeCore","Checkbox.vue","C:\RUNEFOGE_PRO\runeforge\app\_archive\source-zips\Sunshine-master\Sunshine-master\src_assets\common\assets\web\Checkbox.vue","0.003","21/03/2026 08:14:42 p. m.","True"
"AF0365E5C6E69E13093A241314CA93417DE4A9399869FDD37AF70BD946A5E5B6","1","KEEP_CANDIDATE","RuneforgeCore","sunshine-pausing.png","C:\RUNEFOGE_PRO\runeforge-mvp\runeforge-mvp\_archive\source-zips\Sunshine-master\Sunshine-master\src_assets\common\assets\web\public\images\sunshine-pausing.png","0.01","21/03/2026 08:14:42 p. m.","True"
"AF0365E5C6E69E13093A241314CA93417DE4A9399869FDD37AF70BD946A5E5B6","2","DUPLICATE_REVIEW","RuneforgeCore","sunshine-pausing.png","C:\RUNEFOGE_PRO\runeforge\runeforge\app\_archive\source-zips\Sunshine-master\Sunshine-master\src_assets\common\assets\web\public\images\sunshine-pausing.png","0.01","21/03/2026 08:14:42 p. m.","True"
"AF0365E5C6E69E13093A241314CA93417DE4A9399869FDD37AF70BD946A5E5B6","3","DUPLICATE_REVIEW","RuneforgeCore","sunshine-pausing.png","C:\RUNEFOGE_PRO\runeforge\app\_archive\source-zips\Sunshine-master\Sunshine-master\src_assets\common\assets\web\public\images\sunshine-pausing.png","0.01","21/03/2026 08:14:42 p. m.","True"
"AF4193A1D3AD47B6D27EF42A536590B549D9BD34BEFC6BD0A5958196303689B4","1","KEEP_CANDIDATE","RuneforgeCore","process.h","C:\RUNEFOGE_PRO\runeforge-mvp\runeforge-mvp\_archive\source-zips\Sunshine-master\Sunshine-master\src\process.h","0.004","21/03/2026 08:14:42 p. m.","True"
"AF4193A1D3AD47B6D27EF42A536590B549D9BD34BEFC6BD0A5958196303689B4","2","DUPLICATE_REVIEW","RuneforgeCore","process.h","C:\RUNEFOGE_PRO\runeforge\runeforge\app\_archive\source-zips\Sunshine-master\Sunshine-master\src\process.h","0.004","21/03/2026 08:14:42 p. m.","True"
"AF4193A1D3AD47B6D27EF42A536590B549D9BD34BEFC6BD0A5958196303689B4","3","DUPLICATE_REVIEW","RuneforgeCore","process.h","C:\RUNEFOGE_PRO\runeforge\app\_archive\source-zips\Sunshine-master\Sunshine-master\src\process.h","0.004","21/03/2026 08:14:42 p. m.","True"
"AF794C692373A02EBF31ECC0B3E530A3080BAFB64C1EA6438EFFBDADA25A270F","1","KEEP_CANDIDATE","RuneforgeCore","sunshine-pausing.ico","C:\RUNEFOGE_PRO\runeforge-mvp\runeforge-mvp\_archive\source-zips\Sunshine-master\Sunshine-master\src_assets\common\assets\web\public\images\sunshine-pausing.ico","0.103","21/03/2026 08:14:42 p. m.","True"
"AF794C692373A02EBF31ECC0B3E530A3080BAFB64C1EA6438EFFBDADA25A270F","2","DUPLICATE_REVIEW","RuneforgeCore","sunshine-pausing.ico","C:\RUNEFOGE_PRO\runeforge\runeforge\app\_archive\source-zips\Sunshine-master\Sunshine-master\src_assets\common\assets\web\public\images\sunshine-pausing.ico","0.103","21/03/2026 08:14:42 p. m.","True"
"AF794C692373A02EBF31ECC0B3E530A3080BAFB64C1EA6438EFFBDADA25A270F","3","DUPLICATE_REVIEW","RuneforgeCore","sunshine-pausing.ico","C:\RUNEFOGE_PRO\runeforge\app\_archive\source-zips\Sunshine-master\Sunshine-master\src_assets\common\assets\web\public\images\sunshine-pausing.ico","0.103","21/03/2026 08:14:42 p. m.","True"
"AFF7835169720103BCC2808ED344B855A301A9AA0C2CD837F8265E32A458E52C","1","KEEP_CANDIDATE","RuneforgeCore","+POST_INSTALL","C:\RUNEFOGE_PRO\runeforge-mvp\runeforge-mvp\_archive\source-zips\Sunshine-master\Sunshine-master\src_assets\bsd\misc\+POST_INSTALL","0.002","21/03/2026 08:14:42 p. m.","True"
"AFF7835169720103BCC2808ED344B855A301A9AA0C2CD837F8265E32A458E52C","2","DUPLICATE_REVIEW","RuneforgeCore","+POST_INSTALL","C:\RUNEFOGE_PRO\runeforge\runeforge\app\_archive\source-zips\Sunshine-master\Sunshine-master\src_assets\bsd\misc\+POST_INSTALL","0.002","21/03/2026 08:14:42 p. m.","True"
"AFF7835169720103BCC2808ED344B855A301A9AA0C2CD837F8265E32A458E52C","3","DUPLICATE_REVIEW","RuneforgeCore","+POST_INSTALL","C:\RUNEFOGE_PRO\runeforge\app\_archive\source-zips\Sunshine-master\Sunshine-master\src_assets\bsd\misc\+POST_INSTALL","0.002","21/03/2026 08:14:42 p. m.","True"
"B03BA352776E50AC724CDA3A886F36EB5918237BCAD7E073963C07ABD9DA4AED","1","KEEP_CANDIDATE","RuneforgeCore","x11grab.cpp","C:\RUNEFOGE_PRO\runeforge-mvp\runeforge-mvp\_archive\source-zips\Sunshine-master\Sunshine-master\src\platform\linux\x11grab.cpp","0.025","21/03/2026 08:14:42 p. m.","True"
"B03BA352776E50AC724CDA3A886F36EB5918237BCAD7E073963C07ABD9DA4AED","2","DUPLICATE_REVIEW","RuneforgeCore","x11grab.cpp","C:\RUNEFOGE_PRO\runeforge\runeforge\app\_archive\source-zips\Sunshine-master\Sunshine-master\src\platform\linux\x11grab.cpp","0.025","21/03/2026 08:14:42 p. m.","True"
"B03BA352776E50AC724CDA3A886F36EB5918237BCAD7E073963C07ABD9DA4AED","3","DUPLICATE_REVIEW","RuneforgeCore","x11grab.cpp","C:\RUNEFOGE_PRO\runeforge\app\_archive\source-zips\Sunshine-master\Sunshine-master\src\platform\linux\x11grab.cpp","0.025","21/03/2026 08:14:42 p. m.","True"
"B08ED334393A8F47836EE3ED916C7AB589C9160D07C45A882C089DB141BF9A3E","1","KEEP_CANDIDATE","RuneforgeCore","graphics.h","C:\RUNEFOGE_PRO\runeforge-mvp\runeforge-mvp\_archive\source-zips\Sunshine-master\Sunshine-master\src\platform\linux\graphics.h","0.009","21/03/2026 08:14:42 p. m.","True"
"B08ED334393A8F47836EE3ED916C7AB589C9160D07C45A882C089DB141BF9A3E","2","DUPLICATE_REVIEW","RuneforgeCore","graphics.h","C:\RUNEFOGE_PRO\runeforge\runeforge\app\_archive\source-zips\Sunshine-master\Sunshine-master\src\platform\linux\graphics.h","0.009","21/03/2026 08:14:42 p. m.","True"
"B08ED334393A8F47836EE3ED916C7AB589C9160D07C45A882C089DB141BF9A3E","3","DUPLICATE_REVIEW","RuneforgeCore","graphics.h","C:\RUNEFOGE_PRO\runeforge\app\_archive\source-zips\Sunshine-master\Sunshine-master\src\platform\linux\graphics.h","0.009","21/03/2026 08:14:42 p. m.","True"
"B0A7DFD3DA26A7AA92A4F77FDC8C418EE255D495C264E8C2F67416C921BE3AA1","1","KEEP_CANDIDATE","RuneforgeCore","cbs.cpp","C:\RUNEFOGE_PRO\runeforge-mvp\runeforge-mvp\_archive\source-zips\Sunshine-master\Sunshine-master\src\cbs.cpp","0.008","21/03/2026 08:14:42 p. m.","True"
"B0A7DFD3DA26A7AA92A4F77FDC8C418EE255D495C264E8C2F67416C921BE3AA1","2","DUPLICATE_REVIEW","RuneforgeCore","cbs.cpp","C:\RUNEFOGE_PRO\runeforge\runeforge\app\_archive\source-zips\Sunshine-master\Sunshine-master\src\cbs.cpp","0.008","21/03/2026 08:14:42 p. m.","True"
"B0A7DFD3DA26A7AA92A4F77FDC8C418EE255D495C264E8C2F67416C921BE3AA1","3","DUPLICATE_REVIEW","RuneforgeCore","cbs.cpp","C:\RUNEFOGE_PRO\runeforge\app\_archive\source-zips\Sunshine-master\Sunshine-master\src\cbs.cpp","0.008","21/03/2026 08:14:42 p. m.","True"
"B0D7526D582BA31DECB19E249E0B92018F0532DBF42E42C91A88AFB211F718B1","1","KEEP_CANDIDATE","RuneforgeCore","main.h","C:\RUNEFOGE_PRO\runeforge-mvp\runeforge-mvp\_archive\source-zips\Sunshine-master\Sunshine-master\src\main.h","0","21/03/2026 08:14:42 p. m.","True"
"B0D7526D582BA31DECB19E249E0B92018F0532DBF42E42C91A88AFB211F718B1","2","DUPLICATE_REVIEW","RuneforgeCore","main.h","C:\RUNEFOGE_PRO\runeforge\runeforge\app\_archive\source-zips\Sunshine-master\Sunshine-master\src\main.h","0","21/03/2026 08:14:42 p. m.","True"
"B0D7526D582BA31DECB19E249E0B92018F0532DBF42E42C91A88AFB211F718B1","3","DUPLICATE_REVIEW","RuneforgeCore","main.h","C:\RUNEFOGE_PRO\runeforge\app\_archive\source-zips\Sunshine-master\Sunshine-master\src\main.h","0","21/03/2026 08:14:42 p. m.","True"
"B1467482CF6CF05A7BE07D57ADD6CDA02EBE503BC64860253AE91DA664D333E2","1","KEEP_CANDIDATE","RuneforgeCore","pin.html","C:\RUNEFOGE_PRO\runeforge-mvp\runeforge-mvp\_archive\source-zips\Sunshine-master\Sunshine-master\src_assets\common\assets\web\pin.html","0.003","21/03/2026 08:14:42 p. m.","True"
"B1467482CF6CF05A7BE07D57ADD6CDA02EBE503BC64860253AE91DA664D333E2","2","DUPLICATE_REVIEW","RuneforgeCore","pin.html","C:\RUNEFOGE_PRO\runeforge\runeforge\app\_archive\source-zips\Sunshine-master\Sunshine-master\src_assets\common\assets\web\pin.html","0.003","21/03/2026 08:14:42 p. m.","True"
"B1467482CF6CF05A7BE07D57ADD6CDA02EBE503BC64860253AE91DA664D333E2","3","DUPLICATE_REVIEW","RuneforgeCore","pin.html","C:\RUNEFOGE_PRO\runeforge\app\_archive\source-zips\Sunshine-master\Sunshine-master\src_assets\common\assets\web\pin.html","0.003","21/03/2026 08:14:42 p. m.","True"
"B166D1B72CFF58AF2554755900830E8C9C157183F732A89B7EC229FB22E47643","1","KEEP_CANDIDATE","RuneforgeCore","password.html","C:\RUNEFOGE_PRO\runeforge-mvp\runeforge-mvp\_archive\source-zips\Sunshine-master\Sunshine-master\src_assets\common\assets\web\password.html","0.004","21/03/2026 08:14:42 p. m.","True"
"B166D1B72CFF58AF2554755900830E8C9C157183F732A89B7EC229FB22E47643","2","DUPLICATE_REVIEW","RuneforgeCore","password.html","C:\RUNEFOGE_PRO\runeforge\runeforge\app\_archive\source-zips\Sunshine-master\Sunshine-master\src_assets\common\assets\web\password.html","0.004","21/03/2026 08:14:42 p. m.","True"
"B166D1B72CFF58AF2554755900830E8C9C157183F732A89B7EC229FB22E47643","3","DUPLICATE_REVIEW","RuneforgeCore","password.html","C:\RUNEFOGE_PRO\runeforge\app\_archive\source-zips\Sunshine-master\Sunshine-master\src_assets\common\assets\web\password.html","0.004","21/03/2026 08:14:42 p. m.","True"
"B2620861633A9673B1CB5DAB7A235B29B0DADF0E77C39AE891392D9D2A7F8A5C","1","KEEP_CANDIDATE","RuneforgeCore","langregion.ini","C:\RUNEFOGE_PRO\runeforge-mvp\runeforge-mvp\retro\_downloads\PPSSPPWindowsARM64\assets\langregion.ini","0.001","15/03/2026 11:52:35 a. m.","True"
"B2620861633A9673B1CB5DAB7A235B29B0DADF0E77C39AE891392D9D2A7F8A5C","2","DUPLICATE_REVIEW","RuneforgeCore","langregion.ini","C:\RUNEFOGE_PRO\runeforge\runeforge\app\retro\_downloads\PPSSPPWindowsARM64\assets\langregion.ini","0.001","15/03/2026 11:52:35 a. m.","True"
"B2620861633A9673B1CB5DAB7A235B29B0DADF0E77C39AE891392D9D2A7F8A5C","3","DUPLICATE_REVIEW","RuneforgeCore","langregion.ini","C:\RUNEFOGE_PRO\runeforge\app\retro\_downloads\PPSSPPWindowsARM64\assets\langregion.ini","0.001","15/03/2026 11:52:35 a. m.","True"
"B29188CBC0933B77F0A06595C0F0EE8E5A4C7FB30F1AAA79EDDDACD8CE7FF61E","1","KEEP_CANDIDATE","RuneforgeCore","logging.cpp","C:\RUNEFOGE_PRO\runeforge-mvp\runeforge-mvp\_archive\source-zips\Sunshine-master\Sunshine-master\src\logging.cpp","0.009","21/03/2026 08:14:42 p. m.","True"
"B29188CBC0933B77F0A06595C0F0EE8E5A4C7FB30F1AAA79EDDDACD8CE7FF61E","2","DUPLICATE_REVIEW","RuneforgeCore","logging.cpp","C:\RUNEFOGE_PRO\runeforge\runeforge\app\_archive\source-zips\Sunshine-master\Sunshine-master\src\logging.cpp","0.009","21/03/2026 08:14:42 p. m.","True"
"B29188CBC0933B77F0A06595C0F0EE8E5A4C7FB30F1AAA79EDDDACD8CE7FF61E","3","DUPLICATE_REVIEW","RuneforgeCore","logging.cpp","C:\RUNEFOGE_PRO\runeforge\app\_archive\source-zips\Sunshine-master\Sunshine-master\src\logging.cpp","0.009","21/03/2026 08:14:42 p. m.","True"
"B2A54B6A24FEC80DE71134D3B333A2B652BA093A3497C432CACFD65192232338","1","KEEP_CANDIDATE","RuneforgeCore","tex_2xbrz.csh","C:\RUNEFOGE_PRO\runeforge-mvp\runeforge-mvp\retro\_downloads\PPSSPPWindowsARM64\assets\shaders\tex_2xbrz.csh","0.015","15/03/2026 11:52:35 a. m.","True"
"B2A54B6A24FEC80DE71134D3B333A2B652BA093A3497C432CACFD65192232338","2","DUPLICATE_REVIEW","RuneforgeCore","tex_2xbrz.csh","C:\RUNEFOGE_PRO\runeforge\runeforge\app\retro\_downloads\PPSSPPWindowsARM64\assets\shaders\tex_2xbrz.csh","0.015","15/03/2026 11:52:35 a. m.","True"
"B2A54B6A24FEC80DE71134D3B333A2B652BA093A3497C432CACFD65192232338","3","DUPLICATE_REVIEW","RuneforgeCore","tex_2xbrz.csh","C:\RUNEFOGE_PRO\runeforge\app\retro\_downloads\PPSSPPWindowsARM64\assets\shaders\tex_2xbrz.csh","0.015","15/03/2026 11:52:35 a. m.","True"
"B2DA6FEBA3D630EB743C3F469B026DCDB356DF7DA87AF882FBA0BD058D929A32","1","KEEP_CANDIDATE","RuneforgeCore","zh_TW.json","C:\RUNEFOGE_PRO\runeforge-mvp\runeforge-mvp\_archive\source-zips\Sunshine-master\Sunshine-master\src_assets\common\assets\web\public\assets\locale\zh_TW.json","0.036","21/03/2026 08:14:42 p. m.","True"
"B2DA6FEBA3D630EB743C3F469B026DCDB356DF7DA87AF882FBA0BD058D929A32","2","DUPLICATE_REVIEW","RuneforgeCore","zh_TW.json","C:\RUNEFOGE_PRO\runeforge\runeforge\app\_archive\source-zips\Sunshine-master\Sunshine-master\src_assets\common\assets\web\public\assets\locale\zh_TW.json","0.036","21/03/2026 08:14:42 p. m.","True"
"B2DA6FEBA3D630EB743C3F469B026DCDB356DF7DA87AF882FBA0BD058D929A32","3","DUPLICATE_REVIEW","RuneforgeCore","zh_TW.json","C:\RUNEFOGE_PRO\runeforge\app\_archive\source-zips\Sunshine-master\Sunshine-master\src_assets\common\assets\web\public\assets\locale\zh_TW.json","0.036","21/03/2026 08:14:42 p. m.","True"
"B31BBF73F45A6F7A24E46991955C6599880802B5922889CACA3C4F67CBC2C561","1","KEEP_CANDIDATE","RuneforgeCore","defaultshaders.ini","C:\RUNEFOGE_PRO\runeforge-mvp\runeforge-mvp\retro\_downloads\PPSSPPWindowsARM64\assets\shaders\defaultshaders.ini","0.006","15/03/2026 11:52:35 a. m.","True"
"B31BBF73F45A6F7A24E46991955C6599880802B5922889CACA3C4F67CBC2C561","2","DUPLICATE_REVIEW","RuneforgeCore","defaultshaders.ini","C:\RUNEFOGE_PRO\runeforge\runeforge\app\retro\_downloads\PPSSPPWindowsARM64\assets\shaders\defaultshaders.ini","0.006","15/03/2026 11:52:35 a. m.","True"
"B31BBF73F45A6F7A24E46991955C6599880802B5922889CACA3C4F67CBC2C561","3","DUPLICATE_REVIEW","RuneforgeCore","defaultshaders.ini","C:\RUNEFOGE_PRO\runeforge\app\retro\_downloads\PPSSPPWindowsARM64\assets\shaders\defaultshaders.ini","0.006","15/03/2026 11:52:35 a. m.","True"
"B37C9326B8DCBAEDD867E82B6778FE6AF259D890B4C156CD88F95A9BB46E75B1","1","KEEP_CANDIDATE","RuneforgeCore","tools-bios-dumper-v2.tar.gz","C:\RUNEFOGE_PRO\runeforge-mvp\runeforge-mvp\retro\tools\ps2-bios-dumper\tools-bios-dumper-v2.tar.gz","0","22/03/2026 08:03:16 p. m.","True"
"B37C9326B8DCBAEDD867E82B6778FE6AF259D890B4C156CD88F95A9BB46E75B1","2","DUPLICATE_REVIEW","RuneforgeCore","tools-bios-dumper-v2.tar.gz","C:\RUNEFOGE_PRO\runeforge\runeforge\app\retro\tools\ps2-bios-dumper\tools-bios-dumper-v2.tar.gz","0","22/03/2026 08:03:16 p. m.","True"
"B37C9326B8DCBAEDD867E82B6778FE6AF259D890B4C156CD88F95A9BB46E75B1","3","DUPLICATE_REVIEW","RuneforgeCore","tools-bios-dumper-v2.tar.gz","C:\RUNEFOGE_PRO\runeforge\app\retro\tools\ps2-bios-dumper\tools-bios-dumper-v2.tar.gz","0","22/03/2026 08:03:16 p. m.","True"
"B38616097447E8106FCE883A792CF38BF1327B2F2DEA547DD6CD5B18065791A7","1","KEEP_CANDIDATE","RuneforgeCore","vigembus-installer.png","C:\RUNEFOGE_PRO\runeforge-mvp\runeforge-mvp\_archive\source-zips\Sunshine-master\Sunshine-master\docs\images\vigembus-installer.png","0.058","21/03/2026 08:14:42 p. m.","True"
"B38616097447E8106FCE883A792CF38BF1327B2F2DEA547DD6CD5B18065791A7","2","DUPLICATE_REVIEW","RuneforgeCore","vigembus-installer.png","C:\RUNEFOGE_PRO\runeforge\runeforge\app\_archive\source-zips\Sunshine-master\Sunshine-master\docs\images\vigembus-installer.png","0.058","21/03/2026 08:14:42 p. m.","True"
"B38616097447E8106FCE883A792CF38BF1327B2F2DEA547DD6CD5B18065791A7","3","DUPLICATE_REVIEW","RuneforgeCore","vigembus-installer.png","C:\RUNEFOGE_PRO\runeforge\app\_archive\source-zips\Sunshine-master\Sunshine-master\docs\images\vigembus-installer.png","0.058","21/03/2026 08:14:42 p. m.","True"
"B3C4A4FA811DF0DC0EFD9F79265FA079C30A7D0B98E71FCA60E0539F650DE33B","1","KEEP_CANDIDATE","RuneforgeCore","nlohmann_json.json","C:\RUNEFOGE_PRO\runeforge-mvp\runeforge-mvp\_archive\source-zips\Sunshine-master\Sunshine-master\packaging\linux\flatpak\modules\nlohmann_json.json","0","21/03/2026 08:14:42 p. m.","True"
"B3C4A4FA811DF0DC0EFD9F79265FA079C30A7D0B98E71FCA60E0539F650DE33B","2","DUPLICATE_REVIEW","RuneforgeCore","nlohmann_json.json","C:\RUNEFOGE_PRO\runeforge\runeforge\app\_archive\source-zips\Sunshine-master\Sunshine-master\packaging\linux\flatpak\modules\nlohmann_json.json","0","21/03/2026 08:14:42 p. m.","True"
"B3C4A4FA811DF0DC0EFD9F79265FA079C30A7D0B98E71FCA60E0539F650DE33B","3","DUPLICATE_REVIEW","RuneforgeCore","nlohmann_json.json","C:\RUNEFOGE_PRO\runeforge\app\_archive\source-zips\Sunshine-master\Sunshine-master\packaging\linux\flatpak\modules\nlohmann_json.json","0","21/03/2026 08:14:42 p. m.","True"
"B3DAAE45BD2F753CE8A6C7F2B14D933D36A0E8B123B126B3F11E4E03A321A432","1","KEEP_CANDIDATE","RuneforgeCore","av_video.m","C:\RUNEFOGE_PRO\runeforge-mvp\runeforge-mvp\_archive\source-zips\Sunshine-master\Sunshine-master\src\platform\macos\av_video.m","0.005","21/03/2026 08:14:42 p. m.","True"
"B3DAAE45BD2F753CE8A6C7F2B14D933D36A0E8B123B126B3F11E4E03A321A432","2","DUPLICATE_REVIEW","RuneforgeCore","av_video.m","C:\RUNEFOGE_PRO\runeforge\runeforge\app\_archive\source-zips\Sunshine-master\Sunshine-master\src\platform\macos\av_video.m","0.005","21/03/2026 08:14:42 p. m.","True"
"B3DAAE45BD2F753CE8A6C7F2B14D933D36A0E8B123B126B3F11E4E03A321A432","3","DUPLICATE_REVIEW","RuneforgeCore","av_video.m","C:\RUNEFOGE_PRO\runeforge\app\_archive\source-zips\Sunshine-master\Sunshine-master\src\platform\macos\av_video.m","0.005","21/03/2026 08:14:42 p. m.","True"
"B402E09FCE82FBC367DFA60D3C5ED27656F5A0F22EC87334285DD907CF2BF47E","1","KEEP_CANDIDATE","RuneforgeCore","video_colorspace.cpp","C:\RUNEFOGE_PRO\runeforge-mvp\runeforge-mvp\_archive\source-zips\Sunshine-master\Sunshine-master\src\video_colorspace.cpp","0.008","21/03/2026 08:14:42 p. m.","True"
"B402E09FCE82FBC367DFA60D3C5ED27656F5A0F22EC87334285DD907CF2BF47E","2","DUPLICATE_REVIEW","RuneforgeCore","video_colorspace.cpp","C:\RUNEFOGE_PRO\runeforge\runeforge\app\_archive\source-zips\Sunshine-master\Sunshine-master\src\video_colorspace.cpp","0.008","21/03/2026 08:14:42 p. m.","True"
"B402E09FCE82FBC367DFA60D3C5ED27656F5A0F22EC87334285DD907CF2BF47E","3","DUPLICATE_REVIEW","RuneforgeCore","video_colorspace.cpp","C:\RUNEFOGE_PRO\runeforge\app\_archive\source-zips\Sunshine-master\Sunshine-master\src\video_colorspace.cpp","0.008","21/03/2026 08:14:42 p. m.","True"
"B47748C434DB431CFDBA83FF99C14AFF23DC9838EAFD2C4FA0A352EECD14EF91","1","KEEP_CANDIDATE","RuneforgeCore","init.js","C:\RUNEFOGE_PRO\runeforge-mvp\runeforge-mvp\_archive\source-zips\Sunshine-master\Sunshine-master\src_assets\common\assets\web\init.js","0.001","21/03/2026 08:14:42 p. m.","True"
"B47748C434DB431CFDBA83FF99C14AFF23DC9838EAFD2C4FA0A352EECD14EF91","2","DUPLICATE_REVIEW","RuneforgeCore","init.js","C:\RUNEFOGE_PRO\runeforge\runeforge\app\_archive\source-zips\Sunshine-master\Sunshine-master\src_assets\common\assets\web\init.js","0.001","21/03/2026 08:14:42 p. m.","True"
"B47748C434DB431CFDBA83FF99C14AFF23DC9838EAFD2C4FA0A352EECD14EF91","3","DUPLICATE_REVIEW","RuneforgeCore","init.js","C:\RUNEFOGE_PRO\runeforge\app\_archive\source-zips\Sunshine-master\Sunshine-master\src_assets\common\assets\web\init.js","0.001","21/03/2026 08:14:42 p. m.","True"
"B4906065AF857E10F5566D9BE371674013FBCED62E543EF80EE79C248A09D5CB","1","KEEP_CANDIDATE","RuneforgeCore","FindOpus.cmake","C:\RUNEFOGE_PRO\runeforge-mvp\runeforge-mvp\_archive\source-zips\Sunshine-master\Sunshine-master\cmake\dependencies\FindOpus.cmake","0.003","21/03/2026 08:14:42 p. m.","True"
"B4906065AF857E10F5566D9BE371674013FBCED62E543EF80EE79C248A09D5CB","2","DUPLICATE_REVIEW","RuneforgeCore","FindOpus.cmake","C:\RUNEFOGE_PRO\runeforge\runeforge\app\_archive\source-zips\Sunshine-master\Sunshine-master\cmake\dependencies\FindOpus.cmake","0.003","21/03/2026 08:14:42 p. m.","True"
"B4906065AF857E10F5566D9BE371674013FBCED62E543EF80EE79C248A09D5CB","3","DUPLICATE_REVIEW","RuneforgeCore","FindOpus.cmake","C:\RUNEFOGE_PRO\runeforge\app\_archive\source-zips\Sunshine-master\Sunshine-master\cmake\dependencies\FindOpus.cmake","0.003","21/03/2026 08:14:42 p. m.","True"
"B49F788964E202974ACE1D0E5B258C7A4022773137B4438FAD1F3B7355627F6B","1","KEEP_CANDIDATE","RuneforgeCore","ConvertY.frag","C:\RUNEFOGE_PRO\runeforge-mvp\runeforge-mvp\_archive\source-zips\Sunshine-master\Sunshine-master\src_assets\linux\assets\shaders\opengl\ConvertY.frag","0","21/03/2026 08:14:42 p. m.","True"
"B49F788964E202974ACE1D0E5B258C7A4022773137B4438FAD1F3B7355627F6B","2","DUPLICATE_REVIEW","RuneforgeCore","ConvertY.frag","C:\RUNEFOGE_PRO\runeforge\runeforge\app\_archive\source-zips\Sunshine-master\Sunshine-master\src_assets\linux\assets\shaders\opengl\ConvertY.frag","0","21/03/2026 08:14:42 p. m.","True"
"B49F788964E202974ACE1D0E5B258C7A4022773137B4438FAD1F3B7355627F6B","3","DUPLICATE_REVIEW","RuneforgeCore","ConvertY.frag","C:\RUNEFOGE_PRO\runeforge\app\_archive\source-zips\Sunshine-master\Sunshine-master\src_assets\linux\assets\shaders\opengl\ConvertY.frag","0","21/03/2026 08:14:42 p. m.","True"
"B554E00811E288D6460D8BDAAD500AA7BD67B47409B0EC78636500B8FF439535","1","KEEP_CANDIDATE","RuneforgeCore","fxaa.fsh","C:\RUNEFOGE_PRO\runeforge-mvp\runeforge-mvp\retro\_downloads\PPSSPPWindowsARM64\assets\shaders\fxaa.fsh","0.002","15/03/2026 11:52:35 a. m.","True"
"B554E00811E288D6460D8BDAAD500AA7BD67B47409B0EC78636500B8FF439535","2","DUPLICATE_REVIEW","RuneforgeCore","fxaa.fsh","C:\RUNEFOGE_PRO\runeforge\runeforge\app\retro\_downloads\PPSSPPWindowsARM64\assets\shaders\fxaa.fsh","0.002","15/03/2026 11:52:35 a. m.","True"
"B554E00811E288D6460D8BDAAD500AA7BD67B47409B0EC78636500B8FF439535","3","DUPLICATE_REVIEW","RuneforgeCore","fxaa.fsh","C:\RUNEFOGE_PRO\runeforge\app\retro\_downloads\PPSSPPWindowsARM64\assets\shaders\fxaa.fsh","0.002","15/03/2026 11:52:35 a. m.","True"
"B62041807A0E9BE54C64396709A9D6B7849D791F106AAEC8C4ADE0D0619846A3","1","KEEP_CANDIDATE","RuneforgeCore","misc.h","C:\RUNEFOGE_PRO\runeforge-mvp\runeforge-mvp\_archive\source-zips\Sunshine-master\Sunshine-master\src\platform\macos\misc.h","0","21/03/2026 08:14:42 p. m.","True"
"B62041807A0E9BE54C64396709A9D6B7849D791F106AAEC8C4ADE0D0619846A3","2","DUPLICATE_REVIEW","RuneforgeCore","misc.h","C:\RUNEFOGE_PRO\runeforge\runeforge\app\_archive\source-zips\Sunshine-master\Sunshine-master\src\platform\macos\misc.h","0","21/03/2026 08:14:42 p. m.","True"
"B62041807A0E9BE54C64396709A9D6B7849D791F106AAEC8C4ADE0D0619846A3","3","DUPLICATE_REVIEW","RuneforgeCore","misc.h","C:\RUNEFOGE_PRO\runeforge\app\_archive\source-zips\Sunshine-master\Sunshine-master\src\platform\macos\misc.h","0","21/03/2026 08:14:42 p. m.","True"
"B676FF4026DAE191ABD3E08E5CBC1B54F4A1E2A2CE1620DEEF67E2663B133B46","1","KEEP_CANDIDATE","RuneforgeCore","package-lock.json","C:\RUNEFOGE_PRO\runeforge\package-lock.json","0","24/04/2026 02:58:14 a. m.","True"
"B676FF4026DAE191ABD3E08E5CBC1B54F4A1E2A2CE1620DEEF67E2663B133B46","2","DUPLICATE_REVIEW","RuneforgeCore","package-lock.json","C:\RUNEFOGE_PRO\runeforge\runeforge\package-lock.json","0","24/04/2026 02:58:14 a. m.","True"
"B6884191D3EFFA7F72ECDF24266AD67B8A4BB870EF13D7D094948DFE4B85507B","1","KEEP_CANDIDATE","RuneforgeCore","traceService.ts","C:\RUNEFOGE_PRO\runeforge-v2-ready\runeforge-v2\src\trace\traceService.ts","0","13/04/2026 01:35:16 a. m.","True"
"B6884191D3EFFA7F72ECDF24266AD67B8A4BB870EF13D7D094948DFE4B85507B","2","DUPLICATE_REVIEW","RuneforgeCore","traceService.ts","C:\RUNEFOGE_PRO\RUNEFOGE_PRO\runeforge-v2-ready\runeforge-v2\src\trace\traceService.ts","0","13/04/2026 01:35:16 a. m.","False"
"B741F82B989E25E6D3A2DAB3C168F69FA2A31F9F142CF526C0D5D628CB71B24E","1","KEEP_CANDIDATE","RuneforgeCore","FindSystemd.cmake","C:\RUNEFOGE_PRO\runeforge-mvp\runeforge-mvp\_archive\source-zips\Sunshine-master\Sunshine-master\cmake\FindSystemd.cmake","0.001","21/03/2026 08:14:42 p. m.","True"
"B741F82B989E25E6D3A2DAB3C168F69FA2A31F9F142CF526C0D5D628CB71B24E","2","DUPLICATE_REVIEW","RuneforgeCore","FindSystemd.cmake","C:\RUNEFOGE_PRO\runeforge\runeforge\app\_archive\source-zips\Sunshine-master\Sunshine-master\cmake\FindSystemd.cmake","0.001","21/03/2026 08:14:42 p. m.","True"
"B741F82B989E25E6D3A2DAB3C168F69FA2A31F9F142CF526C0D5D628CB71B24E","3","DUPLICATE_REVIEW","RuneforgeCore","FindSystemd.cmake","C:\RUNEFOGE_PRO\runeforge\app\_archive\source-zips\Sunshine-master\Sunshine-master\cmake\FindSystemd.cmake","0.001","21/03/2026 08:14:42 p. m.","True"
"B78B464BD882871B39FBDB3F0D3CEDBA93BDF36B83150821DD3525CFF5E55B0D","1","KEEP_CANDIDATE","RuneforgeCore","README.md","C:\RUNEFOGE_PRO\runeforge-mvp\runeforge-mvp\_archive\source-zips\Sunshine-master\Sunshine-master\docs\maintainers\README.md","0.001","21/03/2026 08:14:42 p. m.","True"
"B78B464BD882871B39FBDB3F0D3CEDBA93BDF36B83150821DD3525CFF5E55B0D","2","DUPLICATE_REVIEW","RuneforgeCore","README.md","C:\RUNEFOGE_PRO\runeforge\runeforge\app\_archive\source-zips\Sunshine-master\Sunshine-master\docs\maintainers\README.md","0.001","21/03/2026 08:14:42 p. m.","True"
"B78B464BD882871B39FBDB3F0D3CEDBA93BDF36B83150821DD3525CFF5E55B0D","3","DUPLICATE_REVIEW","RuneforgeCore","README.md","C:\RUNEFOGE_PRO\runeforge\app\_archive\source-zips\Sunshine-master\Sunshine-master\docs\maintainers\README.md","0.001","21/03/2026 08:14:42 p. m.","True"
"B808DFF9924FF0B8CF6F37730889999BDF52EBBCB08FEC7AD78DB4D2C3B84E0C","1","KEEP_CANDIDATE","RuneforgeCore","sv.json","C:\RUNEFOGE_PRO\runeforge-mvp\runeforge-mvp\_archive\source-zips\Sunshine-master\Sunshine-master\src_assets\common\assets\web\public\assets\locale\sv.json","0.04","21/03/2026 08:14:42 p. m.","True"
"B808DFF9924FF0B8CF6F37730889999BDF52EBBCB08FEC7AD78DB4D2C3B84E0C","2","DUPLICATE_REVIEW","RuneforgeCore","sv.json","C:\RUNEFOGE_PRO\runeforge\runeforge\app\_archive\source-zips\Sunshine-master\Sunshine-master\src_assets\common\assets\web\public\assets\locale\sv.json","0.04","21/03/2026 08:14:42 p. m.","True"
"B808DFF9924FF0B8CF6F37730889999BDF52EBBCB08FEC7AD78DB4D2C3B84E0C","3","DUPLICATE_REVIEW","RuneforgeCore","sv.json","C:\RUNEFOGE_PRO\runeforge\app\_archive\source-zips\Sunshine-master\Sunshine-master\src_assets\common\assets\web\public\assets\locale\sv.json","0.04","21/03/2026 08:14:42 p. m.","True"
"B93384DE060054C47686B5213EBE3D86F22FA4305E53426F9845A00294E60AB5","1","KEEP_CANDIDATE","RuneforgeCore",".flake8","C:\RUNEFOGE_PRO\runeforge-mvp\runeforge-mvp\_archive\source-zips\Sunshine-master\Sunshine-master\.flake8","0","21/03/2026 08:14:42 p. m.","True"
"B93384DE060054C47686B5213EBE3D86F22FA4305E53426F9845A00294E60AB5","2","DUPLICATE_REVIEW","RuneforgeCore",".flake8","C:\RUNEFOGE_PRO\runeforge\runeforge\app\_archive\source-zips\Sunshine-master\Sunshine-master\.flake8","0","21/03/2026 08:14:42 p. m.","True"
"B93384DE060054C47686B5213EBE3D86F22FA4305E53426F9845A00294E60AB5","3","DUPLICATE_REVIEW","RuneforgeCore",".flake8","C:\RUNEFOGE_PRO\runeforge\app\_archive\source-zips\Sunshine-master\Sunshine-master\.flake8","0","21/03/2026 08:14:42 p. m.","True"
"B9C3EBE7A7ACD54A807A75A2744FE686907621C32FC12B67DE19A50D5802E871","1","KEEP_CANDIDATE","RuneforgeCore","Avances Tecnológicos, Operativos y de Mercado en Ingeniería Electrónica.xlsx","C:\RUNEFOGE_PRO\runeforge\Avances Tecnológicos, Operativos y de Mercado en Ingeniería Electrónica.xlsx","0.01","19/04/2026 06:23:39 p. m.","True"
"B9C3EBE7A7ACD54A807A75A2744FE686907621C32FC12B67DE19A50D5802E871","2","DUPLICATE_REVIEW","RuneforgeCore","Avances Tecnológicos, Operativos y de Mercado en Ingeniería Electrónica.xlsx","C:\RUNEFOGE_PRO\runeforge\runeforge\Avances Tecnológicos, Operativos y de Mercado en Ingeniería Electrónica.xlsx","0.01","19/04/2026 06:23:39 p. m.","True"
"BAAC3029A1AA6CAB1B779DA9B0BD90808A75E8E556D408618BA546ABA21398E7","1","KEEP_CANDIDATE","RuneforgeCore","bug-report.yml","C:\RUNEFOGE_PRO\runeforge-mvp\runeforge-mvp\_archive\source-zips\Sunshine-master\Sunshine-master\.github\ISSUE_TEMPLATE\bug-report.yml","0.005","21/03/2026 08:14:42 p. m.","True"
"BAAC3029A1AA6CAB1B779DA9B0BD90808A75E8E556D408618BA546ABA21398E7","2","DUPLICATE_REVIEW","RuneforgeCore","bug-report.yml","C:\RUNEFOGE_PRO\runeforge\runeforge\app\_archive\source-zips\Sunshine-master\Sunshine-master\.github\ISSUE_TEMPLATE\bug-report.yml","0.005","21/03/2026 08:14:42 p. m.","True"
"BAAC3029A1AA6CAB1B779DA9B0BD90808A75E8E556D408618BA546ABA21398E7","3","DUPLICATE_REVIEW","RuneforgeCore","bug-report.yml","C:\RUNEFOGE_PRO\runeforge\app\_archive\source-zips\Sunshine-master\Sunshine-master\.github\ISSUE_TEMPLATE\bug-report.yml","0.005","21/03/2026 08:14:42 p. m.","True"
"BB1B4EBB5E1AF4A0943A6C383104FB19BF15BCEBDDBA2B1FACD422AF59A2A207","1","KEEP_CANDIDATE","RuneforgeCore","Start-Runeforge-Commander-V41.ps1","C:\RUNEFOGE_PRO\runeforge\scripts\Start-Runeforge-Commander-V41.ps1","0.001","24/04/2026 01:04:37 a. m.","True"
"BB1B4EBB5E1AF4A0943A6C383104FB19BF15BCEBDDBA2B1FACD422AF59A2A207","2","DUPLICATE_REVIEW","RuneforgeCore","Start-Runeforge-Commander-V41.ps1","C:\RUNEFOGE_PRO\runeforge\runeforge\scripts\Start-Runeforge-Commander-V41.ps1","0.001","24/04/2026 01:04:37 a. m.","True"
"BB51770747253887874299E16438D093D4866C206785DEA5B1466C8EFB50026F","1","KEEP_CANDIDATE","RuneforgeCore","env.js","C:\RUNEFOGE_PRO\runeforge-mvp\runeforge-mvp\runeforge-mvp\src\config\env.js","0.001","27/03/2026 07:04:56 a. m.","True"
"BB51770747253887874299E16438D093D4866C206785DEA5B1466C8EFB50026F","2","DUPLICATE_REVIEW","RuneforgeCore","env.js","C:\RUNEFOGE_PRO\runeforge\runeforge\app\src\config\env.js","0.001","27/03/2026 07:04:56 a. m.","True"
"BB51770747253887874299E16438D093D4866C206785DEA5B1466C8EFB50026F","3","DUPLICATE_REVIEW","RuneforgeCore","env.js.20260425_025723.fix02a.bak","C:\RUNEFOGE_PRO\runeforge\backups\security\env.js.20260425_025723.fix02a.bak","0.001","27/03/2026 07:04:56 a. m.","True"
"BB5D7CA795BC5597B5EA78B2D6A5995E0AB0282E076FA417BD7FB812D8A1391E","1","KEEP_CANDIDATE","RuneforgeCore","compat.ini","C:\RUNEFOGE_PRO\runeforge-mvp\runeforge-mvp\retro\_downloads\PPSSPPWindowsARM64\assets\compat.ini","0.047","15/03/2026 11:52:35 a. m.","True"
"BB5D7CA795BC5597B5EA78B2D6A5995E0AB0282E076FA417BD7FB812D8A1391E","2","DUPLICATE_REVIEW","RuneforgeCore","compat.ini","C:\RUNEFOGE_PRO\runeforge\runeforge\app\retro\_downloads\PPSSPPWindowsARM64\assets\compat.ini","0.047","15/03/2026 11:52:35 a. m.","True"
"BB5D7CA795BC5597B5EA78B2D6A5995E0AB0282E076FA417BD7FB812D8A1391E","3","DUPLICATE_REVIEW","RuneforgeCore","compat.ini","C:\RUNEFOGE_PRO\runeforge\app\retro\_downloads\PPSSPPWindowsARM64\assets\compat.ini","0.047","15/03/2026 11:52:35 a. m.","True"
"BB8FD7E86369B1EFEF754694C2CF446B7E87E54B82D439B9AF70238EDADBA487","1","KEEP_CANDIDATE","RuneforgeCore","nvprefs_common.h","C:\RUNEFOGE_PRO\runeforge-mvp\runeforge-mvp\_archive\source-zips\Sunshine-master\Sunshine-master\src\platform\windows\nvprefs\nvprefs_common.h","0.001","21/03/2026 08:14:42 p. m.","True"
"BB8FD7E86369B1EFEF754694C2CF446B7E87E54B82D439B9AF70238EDADBA487","2","DUPLICATE_REVIEW","RuneforgeCore","nvprefs_common.h","C:\RUNEFOGE_PRO\runeforge\runeforge\app\_archive\source-zips\Sunshine-master\Sunshine-master\src\platform\windows\nvprefs\nvprefs_common.h","0.001","21/03/2026 08:14:42 p. m.","True"
"BB8FD7E86369B1EFEF754694C2CF446B7E87E54B82D439B9AF70238EDADBA487","3","DUPLICATE_REVIEW","RuneforgeCore","nvprefs_common.h","C:\RUNEFOGE_PRO\runeforge\app\_archive\source-zips\Sunshine-master\Sunshine-master\src\platform\windows\nvprefs\nvprefs_common.h","0.001","21/03/2026 08:14:42 p. m.","True"
"BB9743B628712FEC1CE4FEFA9CEA72F7FC6C3FA3A454B47495E09FAF4B0C1378","1","KEEP_CANDIDATE","RuneforgeCore","chat.routes.js","C:\RUNEFOGE_PRO\runeforge-mvp\runeforge-mvp\runeforge-mvp\src\modules\chat\chat.routes.js","0","27/03/2026 12:54:00 a. m.","True"
"BB9743B628712FEC1CE4FEFA9CEA72F7FC6C3FA3A454B47495E09FAF4B0C1378","2","DUPLICATE_REVIEW","RuneforgeCore","chat.routes.js","C:\RUNEFOGE_PRO\runeforge\runeforge\app\src\modules\chat\chat.routes.js","0","27/03/2026 12:54:00 a. m.","True"
"BB9743B628712FEC1CE4FEFA9CEA72F7FC6C3FA3A454B47495E09FAF4B0C1378","3","DUPLICATE_REVIEW","RuneforgeCore","chat.routes.js","C:\RUNEFOGE_PRO\runeforge\app\src\modules\chat\chat.routes.js","0","27/03/2026 12:54:00 a. m.","True"
"BB9743B628712FEC1CE4FEFA9CEA72F7FC6C3FA3A454B47495E09FAF4B0C1378","4","DUPLICATE_REVIEW","RuneforgeCore","chat.routes.js","C:\RUNEFOGE_PRO\runeforge-mvp\runeforge-mvp\src\modules\chat\chat.routes.js","0","26/03/2026 06:54:00 p. m.","True"
"BBE61796A865C2564C86EDF931258F1ED3BD9389EFE81A592D6FA190887E3DD9","1","KEEP_CANDIDATE","RuneforgeCore","audio.h","C:\RUNEFOGE_PRO\runeforge-mvp\runeforge-mvp\_archive\source-zips\Sunshine-master\Sunshine-master\src\audio.h","0.003","21/03/2026 08:14:42 p. m.","True"
"BBE61796A865C2564C86EDF931258F1ED3BD9389EFE81A592D6FA190887E3DD9","2","DUPLICATE_REVIEW","RuneforgeCore","audio.h","C:\RUNEFOGE_PRO\runeforge\runeforge\app\_archive\source-zips\Sunshine-master\Sunshine-master\src\audio.h","0.003","21/03/2026 08:14:42 p. m.","True"
"BBE61796A865C2564C86EDF931258F1ED3BD9389EFE81A592D6FA190887E3DD9","3","DUPLICATE_REVIEW","RuneforgeCore","audio.h","C:\RUNEFOGE_PRO\runeforge\app\_archive\source-zips\Sunshine-master\Sunshine-master\src\audio.h","0.003","21/03/2026 08:14:42 p. m.","True"
"BC2C9389AC33F120B4BE4FD3EFC467DE12FD886EC147969A4309EA270CCC1DA3","1","KEEP_CANDIDATE","RuneforgeCore","ltn14.pgf","C:\RUNEFOGE_PRO\runeforge-mvp\runeforge-mvp\retro\_downloads\PPSSPPWindowsARM64\assets\flash0\font\ltn14.pgf","0.03","15/03/2026 11:52:35 a. m.","True"
"BC2C9389AC33F120B4BE4FD3EFC467DE12FD886EC147969A4309EA270CCC1DA3","2","DUPLICATE_REVIEW","RuneforgeCore","ltn14.pgf","C:\RUNEFOGE_PRO\runeforge\runeforge\app\retro\_downloads\PPSSPPWindowsARM64\assets\flash0\font\ltn14.pgf","0.03","15/03/2026 11:52:35 a. m.","True"
"BC2C9389AC33F120B4BE4FD3EFC467DE12FD886EC147969A4309EA270CCC1DA3","3","DUPLICATE_REVIEW","RuneforgeCore","ltn14.pgf","C:\RUNEFOGE_PRO\runeforge\app\retro\_downloads\PPSSPPWindowsARM64\assets\flash0\font\ltn14.pgf","0.03","15/03/2026 11:52:35 a. m.","True"
"BC70E85DE101939650F3786E5EDA57DF5B660B1D891D4D78D8B16E5949DA3753","1","KEEP_CANDIDATE","RuneforgeCore","videoAA.fsh","C:\RUNEFOGE_PRO\runeforge-mvp\runeforge-mvp\retro\_downloads\PPSSPPWindowsARM64\assets\shaders\videoAA.fsh","0.006","15/03/2026 11:52:35 a. m.","True"
"BC70E85DE101939650F3786E5EDA57DF5B660B1D891D4D78D8B16E5949DA3753","2","DUPLICATE_REVIEW","RuneforgeCore","videoAA.fsh","C:\RUNEFOGE_PRO\runeforge\runeforge\app\retro\_downloads\PPSSPPWindowsARM64\assets\shaders\videoAA.fsh","0.006","15/03/2026 11:52:35 a. m.","True"
"BC70E85DE101939650F3786E5EDA57DF5B660B1D891D4D78D8B16E5949DA3753","3","DUPLICATE_REVIEW","RuneforgeCore","videoAA.fsh","C:\RUNEFOGE_PRO\runeforge\app\retro\_downloads\PPSSPPWindowsARM64\assets\shaders\videoAA.fsh","0.006","15/03/2026 11:52:35 a. m.","True"
"BC82AFD81CA99E683A25DCE01F6FF37CFCB102C7B30263E56DD5D3F8CC1A364E","1","KEEP_CANDIDATE","RuneforgeCore","tr.json","C:\RUNEFOGE_PRO\runeforge-mvp\runeforge-mvp\_archive\source-zips\Sunshine-master\Sunshine-master\src_assets\common\assets\web\public\assets\locale\tr.json","0.042","21/03/2026 08:14:42 p. m.","True"
"BC82AFD81CA99E683A25DCE01F6FF37CFCB102C7B30263E56DD5D3F8CC1A364E","2","DUPLICATE_REVIEW","RuneforgeCore","tr.json","C:\RUNEFOGE_PRO\runeforge\runeforge\app\_archive\source-zips\Sunshine-master\Sunshine-master\src_assets\common\assets\web\public\assets\locale\tr.json","0.042","21/03/2026 08:14:42 p. m.","True"
"BC82AFD81CA99E683A25DCE01F6FF37CFCB102C7B30263E56DD5D3F8CC1A364E","3","DUPLICATE_REVIEW","RuneforgeCore","tr.json","C:\RUNEFOGE_PRO\runeforge\app\_archive\source-zips\Sunshine-master\Sunshine-master\src_assets\common\assets\web\public\assets\locale\tr.json","0.042","21/03/2026 08:14:42 p. m.","True"
"BCDA9989638E5AAC79D5B58D5FFED29B51DF2C72754B3A1CC9CDC7BDE2BD9FD4","1","KEEP_CANDIDATE","RuneforgeCore","README.md","C:\RUNEFOGE_PRO\runeforge-mvp\runeforge-mvp\_archive\source-zips\Sunshine-master\Sunshine-master\README.md","0.013","21/03/2026 08:14:42 p. m.","True"
"BCDA9989638E5AAC79D5B58D5FFED29B51DF2C72754B3A1CC9CDC7BDE2BD9FD4","2","DUPLICATE_REVIEW","RuneforgeCore","README.md","C:\RUNEFOGE_PRO\runeforge\runeforge\app\_archive\source-zips\Sunshine-master\Sunshine-master\README.md","0.013","21/03/2026 08:14:42 p. m.","True"
"BCDA9989638E5AAC79D5B58D5FFED29B51DF2C72754B3A1CC9CDC7BDE2BD9FD4","3","DUPLICATE_REVIEW","RuneforgeCore","README.md","C:\RUNEFOGE_PRO\runeforge\app\_archive\source-zips\Sunshine-master\Sunshine-master\README.md","0.013","21/03/2026 08:14:42 p. m.","True"
"BCEB25D6312BD638CF657637549A7C99E93A864F9556BAB84683AC60C6B96553","1","KEEP_CANDIDATE","RuneforgeCore","bloom.fsh","C:\RUNEFOGE_PRO\runeforge-mvp\runeforge-mvp\retro\_downloads\PPSSPPWindowsARM64\assets\shaders\bloom.fsh","0.001","15/03/2026 11:52:35 a. m.","True"
"BCEB25D6312BD638CF657637549A7C99E93A864F9556BAB84683AC60C6B96553","2","DUPLICATE_REVIEW","RuneforgeCore","bloom.fsh","C:\RUNEFOGE_PRO\runeforge\runeforge\app\retro\_downloads\PPSSPPWindowsARM64\assets\shaders\bloom.fsh","0.001","15/03/2026 11:52:35 a. m.","True"
"BCEB25D6312BD638CF657637549A7C99E93A864F9556BAB84683AC60C6B96553","3","DUPLICATE_REVIEW","RuneforgeCore","bloom.fsh","C:\RUNEFOGE_PRO\runeforge\app\retro\_downloads\PPSSPPWindowsARM64\assets\shaders\bloom.fsh","0.001","15/03/2026 11:52:35 a. m.","True"
"BD8E275E03F44BA2F1D8EED1CA5627074359EC5D78097C7C1549EEB281C03FCA","1","KEEP_CANDIDATE","RuneforgeCore","prompt_memory_operator.txt","C:\RUNEFOGE_PRO\runeforge\runeforge\data\commander\snippets\prompt_memory_operator.txt","0","24/04/2026 01:04:37 a. m.","True"
"BD8E275E03F44BA2F1D8EED1CA5627074359EC5D78097C7C1549EEB281C03FCA","2","DUPLICATE_REVIEW","RuneforgeCore","prompt_memory_operator.txt","C:\RUNEFOGE_PRO\runeforge\data\commander\snippets\prompt_memory_operator.txt","0","24/04/2026 01:04:37 a. m.","True"
"BE3CA7C30E80F643D09DF3E50128CC1AACEEDF1FDDD6CAEF5E83C2162E757784","1","KEEP_CANDIDATE","RuneforgeCore","test_entry_handler.cpp","C:\RUNEFOGE_PRO\runeforge-mvp\runeforge-mvp\_archive\source-zips\Sunshine-master\Sunshine-master\tests\unit\test_entry_handler.cpp","0.001","21/03/2026 08:14:42 p. m.","True"
"BE3CA7C30E80F643D09DF3E50128CC1AACEEDF1FDDD6CAEF5E83C2162E757784","2","DUPLICATE_REVIEW","RuneforgeCore","test_entry_handler.cpp","C:\RUNEFOGE_PRO\runeforge\runeforge\app\_archive\source-zips\Sunshine-master\Sunshine-master\tests\unit\test_entry_handler.cpp","0.001","21/03/2026 08:14:42 p. m.","True"
"BE3CA7C30E80F643D09DF3E50128CC1AACEEDF1FDDD6CAEF5E83C2162E757784","3","DUPLICATE_REVIEW","RuneforgeCore","test_entry_handler.cpp","C:\RUNEFOGE_PRO\runeforge\app\_archive\source-zips\Sunshine-master\Sunshine-master\tests\unit\test_entry_handler.cpp","0.001","21/03/2026 08:14:42 p. m.","True"
"BE931A9E6C4FD2EABB096C035E324953EB12C04617FB62F8E69CBD30D361210E","1","KEEP_CANDIDATE","RuneforgeCore","stick_line.png","C:\RUNEFOGE_PRO\runeforge-mvp\runeforge-mvp\retro\_downloads\PPSSPPWindowsARM64\assets\ui_images\stick_line.png","0.009","15/03/2026 11:52:35 a. m.","True"
"BE931A9E6C4FD2EABB096C035E324953EB12C04617FB62F8E69CBD30D361210E","2","DUPLICATE_REVIEW","RuneforgeCore","stick_line.png","C:\RUNEFOGE_PRO\runeforge\runeforge\app\retro\_downloads\PPSSPPWindowsARM64\assets\ui_images\stick_line.png","0.009","15/03/2026 11:52:35 a. m.","True"
"BE931A9E6C4FD2EABB096C035E324953EB12C04617FB62F8E69CBD30D361210E","3","DUPLICATE_REVIEW","RuneforgeCore","stick_line.png","C:\RUNEFOGE_PRO\runeforge\app\retro\_downloads\PPSSPPWindowsARM64\assets\ui_images\stick_line.png","0.009","15/03/2026 11:52:35 a. m.","True"
"BF0E7FD55A47542DAF6A86F7E2D8D55EF182B53BBE32C60141D1FB15937377D7","1","KEEP_CANDIDATE","RuneforgeCore","Sunshine-master.zip","C:\RUNEFOGE_PRO\runeforge-mvp\runeforge-mvp\_archive\source-zips\Sunshine-master.zip","28.929","22/03/2026 03:50:26 a. m.","True"
"BF0E7FD55A47542DAF6A86F7E2D8D55EF182B53BBE32C60141D1FB15937377D7","2","DUPLICATE_REVIEW","RuneforgeCore","Sunshine-master.zip","C:\RUNEFOGE_PRO\runeforge\runeforge\app\_archive\source-zips\Sunshine-master.zip","28.929","22/03/2026 03:50:26 a. m.","True"
"BF0E7FD55A47542DAF6A86F7E2D8D55EF182B53BBE32C60141D1FB15937377D7","3","DUPLICATE_REVIEW","RuneforgeCore","Sunshine-master.zip","C:\RUNEFOGE_PRO\runeforge\app\_archive\source-zips\Sunshine-master.zip","28.929","22/03/2026 03:50:26 a. m.","True"
"BF181B7AC6C466041872B1F5D1C53C290764A313AEC950E15D398E539BFD667A","1","KEEP_CANDIDATE","RuneforgeCore","routes.ts","C:\RUNEFOGE_PRO\runeforge-v2-ready\runeforge-v2\src\modules\health\routes.ts","0","13/04/2026 01:35:16 a. m.","True"
"BF181B7AC6C466041872B1F5D1C53C290764A313AEC950E15D398E539BFD667A","2","DUPLICATE_REVIEW","RuneforgeCore","routes.ts","C:\RUNEFOGE_PRO\RUNEFOGE_PRO\runeforge-v2-ready\runeforge-v2\src\modules\health\routes.ts","0","13/04/2026 01:35:16 a. m.","False"
"BF35176AE1AD98F340E3AEF08034E903EDBE513C0EB171EA1CB43D137A6DB705","1","KEEP_CANDIDATE","RuneforgeCore","utf_utils.h","C:\RUNEFOGE_PRO\runeforge-mvp\runeforge-mvp\_archive\source-zips\Sunshine-master\Sunshine-master\src\platform\windows\utf_utils.h","0.001","21/03/2026 08:14:42 p. m.","True"
"BF35176AE1AD98F340E3AEF08034E903EDBE513C0EB171EA1CB43D137A6DB705","2","DUPLICATE_REVIEW","RuneforgeCore","utf_utils.h","C:\RUNEFOGE_PRO\runeforge\runeforge\app\_archive\source-zips\Sunshine-master\Sunshine-master\src\platform\windows\utf_utils.h","0.001","21/03/2026 08:14:42 p. m.","True"
"BF35176AE1AD98F340E3AEF08034E903EDBE513C0EB171EA1CB43D137A6DB705","3","DUPLICATE_REVIEW","RuneforgeCore","utf_utils.h","C:\RUNEFOGE_PRO\runeforge\app\_archive\source-zips\Sunshine-master\Sunshine-master\src\platform\windows\utf_utils.h","0.001","21/03/2026 08:14:42 p. m.","True"
"BF7EED0D391598B0F203717450E4690FEE0ED2FBA33DD506A4F1316BB5DC1C17","1","KEEP_CANDIDATE","RuneforgeCore","contributing.md","C:\RUNEFOGE_PRO\runeforge-mvp\runeforge-mvp\_archive\source-zips\Sunshine-master\Sunshine-master\docs\contributing.md","0.008","21/03/2026 08:14:42 p. m.","True"
"BF7EED0D391598B0F203717450E4690FEE0ED2FBA33DD506A4F1316BB5DC1C17","2","DUPLICATE_REVIEW","RuneforgeCore","contributing.md","C:\RUNEFOGE_PRO\runeforge\runeforge\app\_archive\source-zips\Sunshine-master\Sunshine-master\docs\contributing.md","0.008","21/03/2026 08:14:42 p. m.","True"
"BF7EED0D391598B0F203717450E4690FEE0ED2FBA33DD506A4F1316BB5DC1C17","3","DUPLICATE_REVIEW","RuneforgeCore","contributing.md","C:\RUNEFOGE_PRO\runeforge\app\_archive\source-zips\Sunshine-master\Sunshine-master\docs\contributing.md","0.008","21/03/2026 08:14:42 p. m.","True"
"C080A245B56D14111196076294C50D8E27AFE678B564723081EC634F021118E6","1","KEEP_CANDIDATE","RuneforgeCore","pl_PL.ini","C:\RUNEFOGE_PRO\runeforge-mvp\runeforge-mvp\retro\_downloads\PPSSPPWindowsARM64\assets\lang\pl_PL.ini","0.068","15/03/2026 11:52:35 a. m.","True"
"C080A245B56D14111196076294C50D8E27AFE678B564723081EC634F021118E6","2","DUPLICATE_REVIEW","RuneforgeCore","pl_PL.ini","C:\RUNEFOGE_PRO\runeforge\runeforge\app\retro\_downloads\PPSSPPWindowsARM64\assets\lang\pl_PL.ini","0.068","15/03/2026 11:52:35 a. m.","True"
"C080A245B56D14111196076294C50D8E27AFE678B564723081EC634F021118E6","3","DUPLICATE_REVIEW","RuneforgeCore","pl_PL.ini","C:\RUNEFOGE_PRO\runeforge\app\retro\_downloads\PPSSPPWindowsARM64\assets\lang\pl_PL.ini","0.068","15/03/2026 11:52:35 a. m.","True"
"C0D71546F9607B9BB560EF098B8221122F3CE2292C70377EB45278CB43CB2852","1","KEEP_CANDIDATE","RuneforgeCore","upscale_bicubic.fsh","C:\RUNEFOGE_PRO\runeforge-mvp\runeforge-mvp\retro\_downloads\PPSSPPWindowsARM64\assets\shaders\upscale_bicubic.fsh","0.002","15/03/2026 11:52:35 a. m.","True"
"C0D71546F9607B9BB560EF098B8221122F3CE2292C70377EB45278CB43CB2852","2","DUPLICATE_REVIEW","RuneforgeCore","upscale_bicubic.fsh","C:\RUNEFOGE_PRO\runeforge\runeforge\app\retro\_downloads\PPSSPPWindowsARM64\assets\shaders\upscale_bicubic.fsh","0.002","15/03/2026 11:52:35 a. m.","True"
"C0D71546F9607B9BB560EF098B8221122F3CE2292C70377EB45278CB43CB2852","3","DUPLICATE_REVIEW","RuneforgeCore","upscale_bicubic.fsh","C:\RUNEFOGE_PRO\runeforge\app\retro\_downloads\PPSSPPWindowsARM64\assets\shaders\upscale_bicubic.fsh","0.002","15/03/2026 11:52:35 a. m.","True"
"C10FE4FF10D0F49F6D5C83C41FEB86BD58182CE680EDE42AFF110F4CB60067ED","1","KEEP_CANDIDATE","RuneforgeCore","ci-bundle.yml","C:\RUNEFOGE_PRO\runeforge-mvp\runeforge-mvp\_archive\source-zips\Sunshine-master\Sunshine-master\.github\workflows\ci-bundle.yml","0.001","21/03/2026 08:14:42 p. m.","True"
"C10FE4FF10D0F49F6D5C83C41FEB86BD58182CE680EDE42AFF110F4CB60067ED","2","DUPLICATE_REVIEW","RuneforgeCore","ci-bundle.yml","C:\RUNEFOGE_PRO\runeforge\runeforge\app\_archive\source-zips\Sunshine-master\Sunshine-master\.github\workflows\ci-bundle.yml","0.001","21/03/2026 08:14:42 p. m.","True"
"C10FE4FF10D0F49F6D5C83C41FEB86BD58182CE680EDE42AFF110F4CB60067ED","3","DUPLICATE_REVIEW","RuneforgeCore","ci-bundle.yml","C:\RUNEFOGE_PRO\runeforge\app\_archive\source-zips\Sunshine-master\Sunshine-master\.github\workflows\ci-bundle.yml","0.001","21/03/2026 08:14:42 p. m.","True"
"C230AED91E49A48D5BFF76843BC96BFA7197FC3253C82A418A21C5E831500395","1","KEEP_CANDIDATE","RuneforgeCore","redump.csv","C:\RUNEFOGE_PRO\runeforge-mvp\runeforge-mvp\retro\_downloads\PPSSPPWindowsARM64\assets\redump.csv","0.543","15/03/2026 11:52:35 a. m.","True"
"C230AED91E49A48D5BFF76843BC96BFA7197FC3253C82A418A21C5E831500395","2","DUPLICATE_REVIEW","RuneforgeCore","redump.csv","C:\RUNEFOGE_PRO\runeforge\runeforge\app\retro\_downloads\PPSSPPWindowsARM64\assets\redump.csv","0.543","15/03/2026 11:52:35 a. m.","True"
"C230AED91E49A48D5BFF76843BC96BFA7197FC3253C82A418A21C5E831500395","3","DUPLICATE_REVIEW","RuneforgeCore","redump.csv","C:\RUNEFOGE_PRO\runeforge\app\retro\_downloads\PPSSPPWindowsARM64\assets\redump.csv","0.543","15/03/2026 11:52:35 a. m.","True"
"C2359851D406E966131373C3C4D3FE822CFEAAE7834368B8ECE3672974751C67","1","KEEP_CANDIDATE","RuneforgeCore","Network.vue","C:\RUNEFOGE_PRO\runeforge-mvp\runeforge-mvp\_archive\source-zips\Sunshine-master\Sunshine-master\src_assets\common\assets\web\configs\tabs\Network.vue","0.007","21/03/2026 08:14:42 p. m.","True"
"C2359851D406E966131373C3C4D3FE822CFEAAE7834368B8ECE3672974751C67","2","DUPLICATE_REVIEW","RuneforgeCore","Network.vue","C:\RUNEFOGE_PRO\runeforge\runeforge\app\_archive\source-zips\Sunshine-master\Sunshine-master\src_assets\common\assets\web\configs\tabs\Network.vue","0.007","21/03/2026 08:14:42 p. m.","True"
"C2359851D406E966131373C3C4D3FE822CFEAAE7834368B8ECE3672974751C67","3","DUPLICATE_REVIEW","RuneforgeCore","Network.vue","C:\RUNEFOGE_PRO\runeforge\app\_archive\source-zips\Sunshine-master\Sunshine-master\src_assets\common\assets\web\configs\tabs\Network.vue","0.007","21/03/2026 08:14:42 p. m.","True"
"C254D2999EF3F522FFFA5BE0004A36709676BDBC218975C84BB45A139399E06B","1","KEEP_CANDIDATE","RuneforgeCore","ci-homebrew.yml","C:\RUNEFOGE_PRO\runeforge-mvp\runeforge-mvp\_archive\source-zips\Sunshine-master\Sunshine-master\.github\workflows\ci-homebrew.yml","0.009","21/03/2026 08:14:42 p. m.","True"
"C254D2999EF3F522FFFA5BE0004A36709676BDBC218975C84BB45A139399E06B","2","DUPLICATE_REVIEW","RuneforgeCore","ci-homebrew.yml","C:\RUNEFOGE_PRO\runeforge\runeforge\app\_archive\source-zips\Sunshine-master\Sunshine-master\.github\workflows\ci-homebrew.yml","0.009","21/03/2026 08:14:42 p. m.","True"
"C254D2999EF3F522FFFA5BE0004A36709676BDBC218975C84BB45A139399E06B","3","DUPLICATE_REVIEW","RuneforgeCore","ci-homebrew.yml","C:\RUNEFOGE_PRO\runeforge\app\_archive\source-zips\Sunshine-master\Sunshine-master\.github\workflows\ci-homebrew.yml","0.009","21/03/2026 08:14:42 p. m.","True"
"C2647A3547C98A4602601559696C9A9A192E84806C7AA720B52DB7F5220CBFB0","1","KEEP_CANDIDATE","Laboratorio","labctl.sh","C:\RUNEFOGE_PRO\RUNEFOGE_PRO\lab_v1_1_files\lab\scripts\labctl.sh","0","16/03/2026 07:45:30 p. m.","False"
"C2647A3547C98A4602601559696C9A9A192E84806C7AA720B52DB7F5220CBFB0","2","DUPLICATE_REVIEW","Laboratorio","labctl.sh","C:\RUNEFOGE_PRO\lab_v1_1_files\lab\scripts\labctl.sh","0","16/03/2026 07:45:30 p. m.","False"
"C27637C97745BD0A5695105670B2631764AD3B7C4F1E6DFEB003065B59D4F963","1","KEEP_CANDIDATE","RuneforgeCore","windows_wix.cmake","C:\RUNEFOGE_PRO\runeforge-mvp\runeforge-mvp\_archive\source-zips\Sunshine-master\Sunshine-master\cmake\packaging\windows_wix.cmake","0.003","21/03/2026 08:14:42 p. m.","True"
"C27637C97745BD0A5695105670B2631764AD3B7C4F1E6DFEB003065B59D4F963","2","DUPLICATE_REVIEW","RuneforgeCore","windows_wix.cmake","C:\RUNEFOGE_PRO\runeforge\runeforge\app\_archive\source-zips\Sunshine-master\Sunshine-master\cmake\packaging\windows_wix.cmake","0.003","21/03/2026 08:14:42 p. m.","True"
"C27637C97745BD0A5695105670B2631764AD3B7C4F1E6DFEB003065B59D4F963","3","DUPLICATE_REVIEW","RuneforgeCore","windows_wix.cmake","C:\RUNEFOGE_PRO\runeforge\app\_archive\source-zips\Sunshine-master\Sunshine-master\cmake\packaging\windows_wix.cmake","0.003","21/03/2026 08:14:42 p. m.","True"
"C2B24E2E220075C9DDA1B6BCA3D91BBDBFD17136624D32EEEC4E1EA21A391A43","1","KEEP_CANDIDATE","RuneforgeCore","copr-ci.json","C:\RUNEFOGE_PRO\runeforge-mvp\runeforge-mvp\_archive\source-zips\Sunshine-master\Sunshine-master\.github\matchers\copr-ci.json","0","21/03/2026 08:14:42 p. m.","True"
"C2B24E2E220075C9DDA1B6BCA3D91BBDBFD17136624D32EEEC4E1EA21A391A43","2","DUPLICATE_REVIEW","RuneforgeCore","copr-ci.json","C:\RUNEFOGE_PRO\runeforge\runeforge\app\_archive\source-zips\Sunshine-master\Sunshine-master\.github\matchers\copr-ci.json","0","21/03/2026 08:14:42 p. m.","True"
"C2B24E2E220075C9DDA1B6BCA3D91BBDBFD17136624D32EEEC4E1EA21A391A43","3","DUPLICATE_REVIEW","RuneforgeCore","copr-ci.json","C:\RUNEFOGE_PRO\runeforge\app\_archive\source-zips\Sunshine-master\Sunshine-master\.github\matchers\copr-ci.json","0","21/03/2026 08:14:42 p. m.","True"
"C2FDB1D1E6E677883F13EB866A1D83B8F67CC94F00AEC21163612F61AFEFB693","1","KEEP_CANDIDATE","RuneforgeCore","sfx_confirm.wav","C:\RUNEFOGE_PRO\runeforge-mvp\runeforge-mvp\retro\_downloads\PPSSPPWindowsARM64\assets\sfx_confirm.wav","0.043","15/03/2026 11:52:35 a. m.","True"
"C2FDB1D1E6E677883F13EB866A1D83B8F67CC94F00AEC21163612F61AFEFB693","2","DUPLICATE_REVIEW","RuneforgeCore","sfx_confirm.wav","C:\RUNEFOGE_PRO\runeforge\runeforge\app\retro\_downloads\PPSSPPWindowsARM64\assets\sfx_confirm.wav","0.043","15/03/2026 11:52:35 a. m.","True"
"C2FDB1D1E6E677883F13EB866A1D83B8F67CC94F00AEC21163612F61AFEFB693","3","DUPLICATE_REVIEW","RuneforgeCore","sfx_confirm.wav","C:\RUNEFOGE_PRO\runeforge\app\retro\_downloads\PPSSPPWindowsARM64\assets\sfx_confirm.wav","0.043","15/03/2026 11:52:35 a. m.","True"
"C3F431FCD303CBED29193E884D738B65D5049D41DF7AEA46C89CC389B6F190D9","1","KEEP_CANDIDATE","RuneforgeCore","ThemeToggle.vue","C:\RUNEFOGE_PRO\runeforge-mvp\runeforge-mvp\_archive\source-zips\Sunshine-master\Sunshine-master\src_assets\common\assets\web\ThemeToggle.vue","0.005","21/03/2026 08:14:42 p. m.","True"
"C3F431FCD303CBED29193E884D738B65D5049D41DF7AEA46C89CC389B6F190D9","2","DUPLICATE_REVIEW","RuneforgeCore","ThemeToggle.vue","C:\RUNEFOGE_PRO\runeforge\runeforge\app\_archive\source-zips\Sunshine-master\Sunshine-master\src_assets\common\assets\web\ThemeToggle.vue","0.005","21/03/2026 08:14:42 p. m.","True"
"C3F431FCD303CBED29193E884D738B65D5049D41DF7AEA46C89CC389B6F190D9","3","DUPLICATE_REVIEW","RuneforgeCore","ThemeToggle.vue","C:\RUNEFOGE_PRO\runeforge\app\_archive\source-zips\Sunshine-master\Sunshine-master\src_assets\common\assets\web\ThemeToggle.vue","0.005","21/03/2026 08:14:42 p. m.","True"
"C42C3DD773A2E618A0E7FF96FD85E6EFD2239C910BF41DA96091878368157D1B","1","KEEP_CANDIDATE","RuneforgeCore","linux.cmake","C:\RUNEFOGE_PRO\runeforge-mvp\runeforge-mvp\_archive\source-zips\Sunshine-master\Sunshine-master\cmake\dependencies\linux.cmake","0","21/03/2026 08:14:42 p. m.","True"
"C42C3DD773A2E618A0E7FF96FD85E6EFD2239C910BF41DA96091878368157D1B","2","DUPLICATE_REVIEW","RuneforgeCore","linux.cmake","C:\RUNEFOGE_PRO\runeforge\runeforge\app\_archive\source-zips\Sunshine-master\Sunshine-master\cmake\dependencies\linux.cmake","0","21/03/2026 08:14:42 p. m.","True"
"C42C3DD773A2E618A0E7FF96FD85E6EFD2239C910BF41DA96091878368157D1B","3","DUPLICATE_REVIEW","RuneforgeCore","linux.cmake","C:\RUNEFOGE_PRO\runeforge\app\_archive\source-zips\Sunshine-master\Sunshine-master\cmake\dependencies\linux.cmake","0","21/03/2026 08:14:42 p. m.","True"
"C4CD4202C3EBA200F6B6EFDA00341EF207AC0200E68D3C83A11D5444813B6BEB","1","KEEP_CANDIDATE","RuneforgeCore","FindLIBDRM.cmake","C:\RUNEFOGE_PRO\runeforge-mvp\runeforge-mvp\_archive\source-zips\Sunshine-master\Sunshine-master\cmake\FindLIBDRM.cmake","0.001","21/03/2026 08:14:42 p. m.","True"
"C4CD4202C3EBA200F6B6EFDA00341EF207AC0200E68D3C83A11D5444813B6BEB","2","DUPLICATE_REVIEW","RuneforgeCore","FindLIBDRM.cmake","C:\RUNEFOGE_PRO\runeforge\runeforge\app\_archive\source-zips\Sunshine-master\Sunshine-master\cmake\FindLIBDRM.cmake","0.001","21/03/2026 08:14:42 p. m.","True"
"C4CD4202C3EBA200F6B6EFDA00341EF207AC0200E68D3C83A11D5444813B6BEB","3","DUPLICATE_REVIEW","RuneforgeCore","FindLIBDRM.cmake","C:\RUNEFOGE_PRO\runeforge\app\_archive\source-zips\Sunshine-master\Sunshine-master\cmake\FindLIBDRM.cmake","0.001","21/03/2026 08:14:42 p. m.","True"
"C51107ACD9785C57B71F0AEF564764894C79F0635479F60C0DA631E80A750FBD","1","KEEP_CANDIDATE","RuneforgeCore","tools-bios-dumper-v2.zip","C:\RUNEFOGE_PRO\runeforge-mvp\runeforge-mvp\retro\tools\ps2-bios-dumper\tools-bios-dumper-v2.zip","0","22/03/2026 08:03:12 p. m.","True"
"C51107ACD9785C57B71F0AEF564764894C79F0635479F60C0DA631E80A750FBD","2","DUPLICATE_REVIEW","RuneforgeCore","tools-bios-dumper-v2.zip","C:\RUNEFOGE_PRO\runeforge\runeforge\app\retro\tools\ps2-bios-dumper\tools-bios-dumper-v2.zip","0","22/03/2026 08:03:12 p. m.","True"
"C51107ACD9785C57B71F0AEF564764894C79F0635479F60C0DA631E80A750FBD","3","DUPLICATE_REVIEW","RuneforgeCore","tools-bios-dumper-v2.zip","C:\RUNEFOGE_PRO\runeforge\app\retro\tools\ps2-bios-dumper\tools-bios-dumper-v2.zip","0","22/03/2026 08:03:12 p. m.","True"
"C51520DAC87F475DC0679A03AAE0581B6A045797A2D845D06F8502E7A7AADCF3","1","KEEP_CANDIDATE","RuneforgeCore","tsconfig.json","C:\RUNEFOGE_PRO\runeforge-v2-ready\runeforge-v2\tsconfig.json","0","13/04/2026 01:35:15 a. m.","True"
"C51520DAC87F475DC0679A03AAE0581B6A045797A2D845D06F8502E7A7AADCF3","2","DUPLICATE_REVIEW","RuneforgeCore","tsconfig.json","C:\RUNEFOGE_PRO\RUNEFOGE_PRO\runeforge-v2-ready\runeforge-v2\tsconfig.json","0","13/04/2026 01:35:15 a. m.","False"
"C5E9F5CC9A7E19491B7483BB1D372976A6DABCD9A6EF892D4668924277738089","1","KEEP_CANDIDATE","RuneforgeCore","AdobeStock_303330124_1920x1280.jpg","C:\RUNEFOGE_PRO\runeforge-mvp\runeforge-mvp\_archive\source-zips\Sunshine-master\Sunshine-master\gh-pages-template\assets\img\banners\AdobeStock_303330124_1920x1280.jpg","1.738","21/03/2026 08:14:42 p. m.","True"
"C5E9F5CC9A7E19491B7483BB1D372976A6DABCD9A6EF892D4668924277738089","2","DUPLICATE_REVIEW","RuneforgeCore","AdobeStock_303330124_1920x1280.jpg","C:\RUNEFOGE_PRO\runeforge\runeforge\app\_archive\source-zips\Sunshine-master\Sunshine-master\gh-pages-template\assets\img\banners\AdobeStock_303330124_1920x1280.jpg","1.738","21/03/2026 08:14:42 p. m.","True"
"C5E9F5CC9A7E19491B7483BB1D372976A6DABCD9A6EF892D4668924277738089","3","DUPLICATE_REVIEW","RuneforgeCore","AdobeStock_303330124_1920x1280.jpg","C:\RUNEFOGE_PRO\runeforge\app\_archive\source-zips\Sunshine-master\Sunshine-master\gh-pages-template\assets\img\banners\AdobeStock_303330124_1920x1280.jpg","1.738","21/03/2026 08:14:42 p. m.","True"
"C6E9E867FD956A5EEE68750BB977DB8AEDA72993EA31D801B641170F76F2236E","1","KEEP_CANDIDATE","RuneforgeCore","Runeforge V2 Scaffold Base (1).pdf","C:\RUNEFOGE_PRO\Runeforge V2 Scaffold Base (1).pdf","0.016","13/04/2026 01:47:59 a. m.","True"
"C6E9E867FD956A5EEE68750BB977DB8AEDA72993EA31D801B641170F76F2236E","2","DUPLICATE_REVIEW","RuneforgeCore","Runeforge V2 Scaffold Base (1).pdf","C:\RUNEFOGE_PRO\RUNEFOGE_PRO\Runeforge V2 Scaffold Base (1).pdf","0.016","13/04/2026 01:47:59 a. m.","False"
"C71F3DEE57B8A105A88791DD041A008ADB918B14A3892A1B18ED6A63F721201A","1","KEEP_CANDIDATE","RuneforgeCore","ltn12.pgf","C:\RUNEFOGE_PRO\runeforge-mvp\runeforge-mvp\retro\_downloads\PPSSPPWindowsARM64\assets\flash0\font\ltn12.pgf","0.028","15/03/2026 11:52:35 a. m.","True"
"C71F3DEE57B8A105A88791DD041A008ADB918B14A3892A1B18ED6A63F721201A","2","DUPLICATE_REVIEW","RuneforgeCore","ltn12.pgf","C:\RUNEFOGE_PRO\runeforge\runeforge\app\retro\_downloads\PPSSPPWindowsARM64\assets\flash0\font\ltn12.pgf","0.028","15/03/2026 11:52:35 a. m.","True"
"C71F3DEE57B8A105A88791DD041A008ADB918B14A3892A1B18ED6A63F721201A","3","DUPLICATE_REVIEW","RuneforgeCore","ltn12.pgf","C:\RUNEFOGE_PRO\runeforge\app\retro\_downloads\PPSSPPWindowsARM64\assets\flash0\font\ltn12.pgf","0.028","15/03/2026 11:52:35 a. m.","True"
"C74C27B0D15BAA4DA78AE106A120835796790BAB740723881335FDB2785D1774","1","KEEP_CANDIDATE","RuneforgeCore","graphics.cpp","C:\RUNEFOGE_PRO\runeforge-mvp\runeforge-mvp\_archive\source-zips\Sunshine-master\Sunshine-master\src\platform\linux\graphics.cpp","0.031","21/03/2026 08:14:42 p. m.","True"
"C74C27B0D15BAA4DA78AE106A120835796790BAB740723881335FDB2785D1774","2","DUPLICATE_REVIEW","RuneforgeCore","graphics.cpp","C:\RUNEFOGE_PRO\runeforge\runeforge\app\_archive\source-zips\Sunshine-master\Sunshine-master\src\platform\linux\graphics.cpp","0.031","21/03/2026 08:14:42 p. m.","True"
"C74C27B0D15BAA4DA78AE106A120835796790BAB740723881335FDB2785D1774","3","DUPLICATE_REVIEW","RuneforgeCore","graphics.cpp","C:\RUNEFOGE_PRO\runeforge\app\_archive\source-zips\Sunshine-master\Sunshine-master\src\platform\linux\graphics.cpp","0.031","21/03/2026 08:14:42 p. m.","True"
"C7BAD09AE9E71ADEC6E84523113EAF6079B0EB7E2BDD72890DDB478F2EC3293B","1","KEEP_CANDIDATE","RuneforgeCore","chat.trace.js","C:\RUNEFOGE_PRO\runeforge-mvp\runeforge-mvp\runeforge-mvp\src\modules\chat\chat.trace.js","0","27/03/2026 07:04:54 a. m.","True"
"C7BAD09AE9E71ADEC6E84523113EAF6079B0EB7E2BDD72890DDB478F2EC3293B","2","DUPLICATE_REVIEW","RuneforgeCore","chat.trace.js","C:\RUNEFOGE_PRO\runeforge\runeforge\app\src\modules\chat\chat.trace.js","0","27/03/2026 07:04:54 a. m.","True"
"C7BAD09AE9E71ADEC6E84523113EAF6079B0EB7E2BDD72890DDB478F2EC3293B","3","DUPLICATE_REVIEW","RuneforgeCore","chat.trace.js","C:\RUNEFOGE_PRO\runeforge\app\src\modules\chat\chat.trace.js","0","27/03/2026 07:04:54 a. m.","True"
"C7BAD09AE9E71ADEC6E84523113EAF6079B0EB7E2BDD72890DDB478F2EC3293B","4","DUPLICATE_REVIEW","RuneforgeCore","chat.trace.js","C:\RUNEFOGE_PRO\runeforge-mvp\runeforge-mvp\src\modules\chat\chat.trace.js","0","27/03/2026 01:04:53 a. m.","True"
"C7C9C8E2C320B24AA638E9780D72EC7091EC4635AFB3045F72BD93142A6742EB","1","KEEP_CANDIDATE","RuneforgeCore","globals.h","C:\RUNEFOGE_PRO\runeforge-mvp\runeforge-mvp\_archive\source-zips\Sunshine-master\Sunshine-master\src\globals.h","0.001","21/03/2026 08:14:42 p. m.","True"
"C7C9C8E2C320B24AA638E9780D72EC7091EC4635AFB3045F72BD93142A6742EB","2","DUPLICATE_REVIEW","RuneforgeCore","globals.h","C:\RUNEFOGE_PRO\runeforge\runeforge\app\_archive\source-zips\Sunshine-master\Sunshine-master\src\globals.h","0.001","21/03/2026 08:14:42 p. m.","True"
"C7C9C8E2C320B24AA638E9780D72EC7091EC4635AFB3045F72BD93142A6742EB","3","DUPLICATE_REVIEW","RuneforgeCore","globals.h","C:\RUNEFOGE_PRO\runeforge\app\_archive\source-zips\Sunshine-master\Sunshine-master\src\globals.h","0.001","21/03/2026 08:14:42 p. m.","True"
"C8620BDD244585BBF993A82903168F6EC8464D4CBCAD238D4E0CA5623C1BA3C1","1","KEEP_CANDIDATE","RuneforgeCore","ltn8.pgf","C:\RUNEFOGE_PRO\runeforge-mvp\runeforge-mvp\retro\_downloads\PPSSPPWindowsARM64\assets\flash0\font\ltn8.pgf","0.029","15/03/2026 11:52:35 a. m.","True"
"C8620BDD244585BBF993A82903168F6EC8464D4CBCAD238D4E0CA5623C1BA3C1","2","DUPLICATE_REVIEW","RuneforgeCore","ltn8.pgf","C:\RUNEFOGE_PRO\runeforge\runeforge\app\retro\_downloads\PPSSPPWindowsARM64\assets\flash0\font\ltn8.pgf","0.029","15/03/2026 11:52:35 a. m.","True"
"C8620BDD244585BBF993A82903168F6EC8464D4CBCAD238D4E0CA5623C1BA3C1","3","DUPLICATE_REVIEW","RuneforgeCore","ltn8.pgf","C:\RUNEFOGE_PRO\runeforge\app\retro\_downloads\PPSSPPWindowsARM64\assets\flash0\font\ltn8.pgf","0.029","15/03/2026 11:52:35 a. m.","True"
"C89E08407C0B47D4C37F4F74E26F95393B80F2313239B4A320E9A84A468B61E8","1","KEEP_CANDIDATE","RuneforgeCore","sunshine.ico","C:\RUNEFOGE_PRO\runeforge-mvp\runeforge-mvp\_archive\source-zips\Sunshine-master\Sunshine-master\src_assets\common\assets\web\public\images\sunshine.ico","0.117","21/03/2026 08:14:42 p. m.","True"
"C89E08407C0B47D4C37F4F74E26F95393B80F2313239B4A320E9A84A468B61E8","2","DUPLICATE_REVIEW","RuneforgeCore","sunshine.ico","C:\RUNEFOGE_PRO\runeforge\runeforge\app\_archive\source-zips\Sunshine-master\Sunshine-master\src_assets\common\assets\web\public\images\sunshine.ico","0.117","21/03/2026 08:14:42 p. m.","True"
"C89E08407C0B47D4C37F4F74E26F95393B80F2313239B4A320E9A84A468B61E8","3","DUPLICATE_REVIEW","RuneforgeCore","sunshine.ico","C:\RUNEFOGE_PRO\runeforge\app\_archive\source-zips\Sunshine-master\Sunshine-master\src_assets\common\assets\web\public\images\sunshine.ico","0.117","21/03/2026 08:14:42 p. m.","True"
"C95F53B1279684C8DB5F2B518A63675DB3713B3C097C65FD2FF280BAF29FFD34","1","KEEP_CANDIDATE","RuneforgeCore","sfx_achievement_unlocked.wav","C:\RUNEFOGE_PRO\runeforge-mvp\runeforge-mvp\retro\_downloads\PPSSPPWindowsARM64\assets\sfx_achievement_unlocked.wav","0.078","15/03/2026 11:52:35 a. m.","True"
"C95F53B1279684C8DB5F2B518A63675DB3713B3C097C65FD2FF280BAF29FFD34","2","DUPLICATE_REVIEW","RuneforgeCore","sfx_achievement_unlocked.wav","C:\RUNEFOGE_PRO\runeforge\runeforge\app\retro\_downloads\PPSSPPWindowsARM64\assets\sfx_achievement_unlocked.wav","0.078","15/03/2026 11:52:35 a. m.","True"
"C95F53B1279684C8DB5F2B518A63675DB3713B3C097C65FD2FF280BAF29FFD34","3","DUPLICATE_REVIEW","RuneforgeCore","sfx_achievement_unlocked.wav","C:\RUNEFOGE_PRO\runeforge\app\retro\_downloads\PPSSPPWindowsARM64\assets\sfx_achievement_unlocked.wav","0.078","15/03/2026 11:52:35 a. m.","True"
"C96715ED419AB20B04E12D4AD0FE8D6FDBF6F8A48A1DCAB28C97E628D9D5D35D","1","KEEP_CANDIDATE","RuneforgeCore","welcome.html","C:\RUNEFOGE_PRO\runeforge-mvp\runeforge-mvp\_archive\source-zips\Sunshine-master\Sunshine-master\src_assets\common\assets\web\welcome.html","0.003","21/03/2026 08:14:42 p. m.","True"
"C96715ED419AB20B04E12D4AD0FE8D6FDBF6F8A48A1DCAB28C97E628D9D5D35D","2","DUPLICATE_REVIEW","RuneforgeCore","welcome.html","C:\RUNEFOGE_PRO\runeforge\runeforge\app\_archive\source-zips\Sunshine-master\Sunshine-master\src_assets\common\assets\web\welcome.html","0.003","21/03/2026 08:14:42 p. m.","True"
"C96715ED419AB20B04E12D4AD0FE8D6FDBF6F8A48A1DCAB28C97E628D9D5D35D","3","DUPLICATE_REVIEW","RuneforgeCore","welcome.html","C:\RUNEFOGE_PRO\runeforge\app\_archive\source-zips\Sunshine-master\Sunshine-master\src_assets\common\assets\web\welcome.html","0.003","21/03/2026 08:14:42 p. m.","True"
"C9F1755B145DFD4670A5B118025582AAAD0FF7E4522590FBC1223F6AD7D9C6D5","1","KEEP_CANDIDATE","RuneforgeCore","coreaudio_helpers.h","C:\RUNEFOGE_PRO\runeforge-mvp\runeforge-mvp\_archive\source-zips\Sunshine-master\Sunshine-master\src\platform\macos\coreaudio_helpers.h","0.002","21/03/2026 08:14:42 p. m.","True"
"C9F1755B145DFD4670A5B118025582AAAD0FF7E4522590FBC1223F6AD7D9C6D5","2","DUPLICATE_REVIEW","RuneforgeCore","coreaudio_helpers.h","C:\RUNEFOGE_PRO\runeforge\runeforge\app\_archive\source-zips\Sunshine-master\Sunshine-master\src\platform\macos\coreaudio_helpers.h","0.002","21/03/2026 08:14:42 p. m.","True"
"C9F1755B145DFD4670A5B118025582AAAD0FF7E4522590FBC1223F6AD7D9C6D5","3","DUPLICATE_REVIEW","RuneforgeCore","coreaudio_helpers.h","C:\RUNEFOGE_PRO\runeforge\app\_archive\source-zips\Sunshine-master\Sunshine-master\src\platform\macos\coreaudio_helpers.h","0.002","21/03/2026 08:14:42 p. m.","True"
"CA2D75DDD1C1D290AB58006A501E6B15866602B6171693D90DE2677888B3D23A","1","KEEP_CANDIDATE","RuneforgeCore","convert_yuv420_packed_uv_ps_base.hlsl","C:\RUNEFOGE_PRO\runeforge-mvp\runeforge-mvp\_archive\source-zips\Sunshine-master\Sunshine-master\src_assets\windows\assets\shaders\directx\include\convert_yuv420_packed_uv_ps_base.hlsl","0.002","21/03/2026 08:14:42 p. m.","True"
"CA2D75DDD1C1D290AB58006A501E6B15866602B6171693D90DE2677888B3D23A","2","DUPLICATE_REVIEW","RuneforgeCore","convert_yuv420_packed_uv_ps_base.hlsl","C:\RUNEFOGE_PRO\runeforge\runeforge\app\_archive\source-zips\Sunshine-master\Sunshine-master\src_assets\windows\assets\shaders\directx\include\convert_yuv420_packed_uv_ps_base.hlsl","0.002","21/03/2026 08:14:42 p. m.","True"
"CA2D75DDD1C1D290AB58006A501E6B15866602B6171693D90DE2677888B3D23A","3","DUPLICATE_REVIEW","RuneforgeCore","convert_yuv420_packed_uv_ps_base.hlsl","C:\RUNEFOGE_PRO\runeforge\app\_archive\source-zips\Sunshine-master\Sunshine-master\src_assets\windows\assets\shaders\directx\include\convert_yuv420_packed_uv_ps_base.hlsl","0.002","21/03/2026 08:14:42 p. m.","True"
"CA4182ED4477543EEB8E7D4FCD6AD8625788EC063C35A8A9C260E01795A89CA8","1","KEEP_CANDIDATE","RuneforgeCore","en.json","C:\RUNEFOGE_PRO\runeforge-mvp\runeforge-mvp\_archive\source-zips\Sunshine-master\Sunshine-master\src_assets\common\assets\web\public\assets\locale\en.json","0.038","21/03/2026 08:14:42 p. m.","True"
"CA4182ED4477543EEB8E7D4FCD6AD8625788EC063C35A8A9C260E01795A89CA8","2","DUPLICATE_REVIEW","RuneforgeCore","en.json","C:\RUNEFOGE_PRO\runeforge\runeforge\app\_archive\source-zips\Sunshine-master\Sunshine-master\src_assets\common\assets\web\public\assets\locale\en.json","0.038","21/03/2026 08:14:42 p. m.","True"
"CA4182ED4477543EEB8E7D4FCD6AD8625788EC063C35A8A9C260E01795A89CA8","3","DUPLICATE_REVIEW","RuneforgeCore","en.json","C:\RUNEFOGE_PRO\runeforge\app\_archive\source-zips\Sunshine-master\Sunshine-master\src_assets\common\assets\web\public\assets\locale\en.json","0.038","21/03/2026 08:14:42 p. m.","True"
"CA8B6E4FBA50898B509F1E75390783BAA08B147E6C55FADD87A02E357F6299FE","1","KEEP_CANDIDATE","RuneforgeCore","misc.mm","C:\RUNEFOGE_PRO\runeforge-mvp\runeforge-mvp\_archive\source-zips\Sunshine-master\Sunshine-master\src\platform\macos\misc.mm","0.019","21/03/2026 08:14:42 p. m.","True"
"CA8B6E4FBA50898B509F1E75390783BAA08B147E6C55FADD87A02E357F6299FE","2","DUPLICATE_REVIEW","RuneforgeCore","misc.mm","C:\RUNEFOGE_PRO\runeforge\runeforge\app\_archive\source-zips\Sunshine-master\Sunshine-master\src\platform\macos\misc.mm","0.019","21/03/2026 08:14:42 p. m.","True"
"CA8B6E4FBA50898B509F1E75390783BAA08B147E6C55FADD87A02E357F6299FE","3","DUPLICATE_REVIEW","RuneforgeCore","misc.mm","C:\RUNEFOGE_PRO\runeforge\app\_archive\source-zips\Sunshine-master\Sunshine-master\src\platform\macos\misc.mm","0.019","21/03/2026 08:14:42 p. m.","True"
"CACEFA08C1B3DB601BB2B0168B3C50E99D6D80FF286F2A5285A62519FBEC101D","1","KEEP_CANDIDATE","Laboratorio","mkwork.sh","C:\RUNEFOGE_PRO\RUNEFOGE_PRO\lab_v1_1_files\lab\scripts\mkwork.sh","0","16/03/2026 07:45:30 p. m.","False"
"CACEFA08C1B3DB601BB2B0168B3C50E99D6D80FF286F2A5285A62519FBEC101D","2","DUPLICATE_REVIEW","Laboratorio","mkwork.sh","C:\RUNEFOGE_PRO\lab_v1_1_files\lab\scripts\mkwork.sh","0","16/03/2026 07:45:30 p. m.","False"
"CB1129CF47C592897C67D2229B09012B66A6E180C5D68608EDB55AD4A3EBCA83","1","KEEP_CANDIDATE","RuneforgeCore","linux.cmake","C:\RUNEFOGE_PRO\runeforge-mvp\runeforge-mvp\_archive\source-zips\Sunshine-master\Sunshine-master\cmake\compile_definitions\linux.cmake","0.009","21/03/2026 08:14:42 p. m.","True"
"CB1129CF47C592897C67D2229B09012B66A6E180C5D68608EDB55AD4A3EBCA83","2","DUPLICATE_REVIEW","RuneforgeCore","linux.cmake","C:\RUNEFOGE_PRO\runeforge\runeforge\app\_archive\source-zips\Sunshine-master\Sunshine-master\cmake\compile_definitions\linux.cmake","0.009","21/03/2026 08:14:42 p. m.","True"
"CB1129CF47C592897C67D2229B09012B66A6E180C5D68608EDB55AD4A3EBCA83","3","DUPLICATE_REVIEW","RuneforgeCore","linux.cmake","C:\RUNEFOGE_PRO\runeforge\app\_archive\source-zips\Sunshine-master\Sunshine-master\cmake\compile_definitions\linux.cmake","0.009","21/03/2026 08:14:42 p. m.","True"
"CB3AE4113B8D0BDA69618B653B097DF440A3ED7DDE371CFD09DD5E3F9C561DA0","1","KEEP_CANDIDATE","RuneforgeCore","code_node_pm2_ports.ps1","C:\RUNEFOGE_PRO\runeforge\runeforge\data\commander\snippets\code_node_pm2_ports.ps1","0.001","24/04/2026 12:41:08 a. m.","True"
"CB3AE4113B8D0BDA69618B653B097DF440A3ED7DDE371CFD09DD5E3F9C561DA0","2","DUPLICATE_REVIEW","RuneforgeCore","code_node_pm2_ports.ps1","C:\RUNEFOGE_PRO\runeforge\data\commander\snippets\code_node_pm2_ports.ps1","0.001","24/04/2026 12:41:08 a. m.","True"
"CB583BF25A88274A7B6C9C2F4772CC2C259E63F4DE27F596BD400460244CD58C","1","KEEP_CANDIDATE","RuneforgeCore","stat_trackers.cpp","C:\RUNEFOGE_PRO\runeforge-mvp\runeforge-mvp\_archive\source-zips\Sunshine-master\Sunshine-master\src\stat_trackers.cpp","0","21/03/2026 08:14:42 p. m.","True"
"CB583BF25A88274A7B6C9C2F4772CC2C259E63F4DE27F596BD400460244CD58C","2","DUPLICATE_REVIEW","RuneforgeCore","stat_trackers.cpp","C:\RUNEFOGE_PRO\runeforge\runeforge\app\_archive\source-zips\Sunshine-master\Sunshine-master\src\stat_trackers.cpp","0","21/03/2026 08:14:42 p. m.","True"
"CB583BF25A88274A7B6C9C2F4772CC2C259E63F4DE27F596BD400460244CD58C","3","DUPLICATE_REVIEW","RuneforgeCore","stat_trackers.cpp","C:\RUNEFOGE_PRO\runeforge\app\_archive\source-zips\Sunshine-master\Sunshine-master\src\stat_trackers.cpp","0","21/03/2026 08:14:42 p. m.","True"
"CB5DE20853266B1E469CEC09F80E04642DECBC8E756EB3DCEEC686F50D9E3FAC","1","KEEP_CANDIDATE","RuneforgeCore","bg.png","C:\RUNEFOGE_PRO\runeforge-mvp\runeforge-mvp\retro\_downloads\PPSSPPWindowsARM64\assets\ui_images\bg.png","0.002","15/03/2026 11:52:35 a. m.","True"
"CB5DE20853266B1E469CEC09F80E04642DECBC8E756EB3DCEEC686F50D9E3FAC","2","DUPLICATE_REVIEW","RuneforgeCore","bg.png","C:\RUNEFOGE_PRO\runeforge\runeforge\app\retro\_downloads\PPSSPPWindowsARM64\assets\ui_images\bg.png","0.002","15/03/2026 11:52:35 a. m.","True"
"CB5DE20853266B1E469CEC09F80E04642DECBC8E756EB3DCEEC686F50D9E3FAC","3","DUPLICATE_REVIEW","RuneforgeCore","bg.png","C:\RUNEFOGE_PRO\runeforge\app\retro\_downloads\PPSSPPWindowsARM64\assets\ui_images\bg.png","0.002","15/03/2026 11:52:35 a. m.","True"
"CB9C4B41F5D77EC5AB1C8619FF30F6E6D3375027EF9D8D6E60D9601A6AE35E54","1","KEEP_CANDIDATE","RuneforgeCore","ro_RO.ini","C:\RUNEFOGE_PRO\runeforge-mvp\runeforge-mvp\retro\_downloads\PPSSPPWindowsARM64\assets\lang\ro_RO.ini","0.062","15/03/2026 11:52:35 a. m.","True"
"CB9C4B41F5D77EC5AB1C8619FF30F6E6D3375027EF9D8D6E60D9601A6AE35E54","2","DUPLICATE_REVIEW","RuneforgeCore","ro_RO.ini","C:\RUNEFOGE_PRO\runeforge\runeforge\app\retro\_downloads\PPSSPPWindowsARM64\assets\lang\ro_RO.ini","0.062","15/03/2026 11:52:35 a. m.","True"
"CB9C4B41F5D77EC5AB1C8619FF30F6E6D3375027EF9D8D6E60D9601A6AE35E54","3","DUPLICATE_REVIEW","RuneforgeCore","ro_RO.ini","C:\RUNEFOGE_PRO\runeforge\app\retro\_downloads\PPSSPPWindowsARM64\assets\lang\ro_RO.ini","0.062","15/03/2026 11:52:35 a. m.","True"
"CC0B4C80AA0BFBD38E0920FB8384F345DD0C2799AB7330CB26D923B030580DF6","1","KEEP_CANDIDATE","RuneforgeCore","colorcorrection.fsh","C:\RUNEFOGE_PRO\runeforge-mvp\runeforge-mvp\retro\_downloads\PPSSPPWindowsARM64\assets\shaders\colorcorrection.fsh","0","15/03/2026 11:52:35 a. m.","True"
"CC0B4C80AA0BFBD38E0920FB8384F345DD0C2799AB7330CB26D923B030580DF6","2","DUPLICATE_REVIEW","RuneforgeCore","colorcorrection.fsh","C:\RUNEFOGE_PRO\runeforge\runeforge\app\retro\_downloads\PPSSPPWindowsARM64\assets\shaders\colorcorrection.fsh","0","15/03/2026 11:52:35 a. m.","True"
"CC0B4C80AA0BFBD38E0920FB8384F345DD0C2799AB7330CB26D923B030580DF6","3","DUPLICATE_REVIEW","RuneforgeCore","colorcorrection.fsh","C:\RUNEFOGE_PRO\runeforge\app\retro\_downloads\PPSSPPWindowsARM64\assets\shaders\colorcorrection.fsh","0","15/03/2026 11:52:35 a. m.","True"
"CC6E064AFBFA8DAC1DD87E87A56C10622C8AC4F6F9E3D54FD4E5BCB50ECFC35E","1","KEEP_CANDIDATE","RuneforgeCore","code_import_open_latest_terminal_export.ps1","C:\RUNEFOGE_PRO\runeforge\runeforge\data\commander\snippets\code_import_open_latest_terminal_export.ps1","0","24/04/2026 01:15:44 a. m.","True"
"CC6E064AFBFA8DAC1DD87E87A56C10622C8AC4F6F9E3D54FD4E5BCB50ECFC35E","2","DUPLICATE_REVIEW","RuneforgeCore","code_import_open_latest_terminal_export.ps1","C:\RUNEFOGE_PRO\runeforge\data\commander\snippets\code_import_open_latest_terminal_export.ps1","0","24/04/2026 01:15:44 a. m.","True"
"CD90FE7A3ECDC05145BCDF4778F7828A0B8F965F111D9566BF5B2AC04890BEBC","1","KEEP_CANDIDATE","RuneforgeCore","sunshinesvc.cpp","C:\RUNEFOGE_PRO\runeforge-mvp\runeforge-mvp\_archive\source-zips\Sunshine-master\Sunshine-master\tools\sunshinesvc.cpp","0.013","21/03/2026 08:14:42 p. m.","True"
"CD90FE7A3ECDC05145BCDF4778F7828A0B8F965F111D9566BF5B2AC04890BEBC","2","DUPLICATE_REVIEW","RuneforgeCore","sunshinesvc.cpp","C:\RUNEFOGE_PRO\runeforge\runeforge\app\_archive\source-zips\Sunshine-master\Sunshine-master\tools\sunshinesvc.cpp","0.013","21/03/2026 08:14:42 p. m.","True"
"CD90FE7A3ECDC05145BCDF4778F7828A0B8F965F111D9566BF5B2AC04890BEBC","3","DUPLICATE_REVIEW","RuneforgeCore","sunshinesvc.cpp","C:\RUNEFOGE_PRO\runeforge\app\_archive\source-zips\Sunshine-master\Sunshine-master\tools\sunshinesvc.cpp","0.013","21/03/2026 08:14:42 p. m.","True"
"CDA7CC39524293EC6F1274C8D9493809332B67B6F2D9C1E872D4D34D2D7465AC","1","KEEP_CANDIDATE","RuneforgeCore","hello-redirect.txt","C:\RUNEFOGE_PRO\runeforge-mvp\runeforge-mvp\_archive\source-zips\Sunshine-master\Sunshine-master\tests\fixtures\http\hello-redirect.txt","0","21/03/2026 08:14:42 p. m.","True"
"CDA7CC39524293EC6F1274C8D9493809332B67B6F2D9C1E872D4D34D2D7465AC","2","DUPLICATE_REVIEW","RuneforgeCore","hello-redirect.txt","C:\RUNEFOGE_PRO\runeforge\runeforge\app\_archive\source-zips\Sunshine-master\Sunshine-master\tests\fixtures\http\hello-redirect.txt","0","21/03/2026 08:14:42 p. m.","True"
"CDA7CC39524293EC6F1274C8D9493809332B67B6F2D9C1E872D4D34D2D7465AC","3","DUPLICATE_REVIEW","RuneforgeCore","hello-redirect.txt","C:\RUNEFOGE_PRO\runeforge\app\_archive\source-zips\Sunshine-master\Sunshine-master\tests\fixtures\http\hello-redirect.txt","0","21/03/2026 08:14:42 p. m.","True"
"CDA9680CB61CB95B19ABF6788FBF37ADE7E3E9B6B74B49D3740264F283737CB0","1","KEEP_CANDIDATE","RuneforgeCore","keylayout.h","C:\RUNEFOGE_PRO\runeforge-mvp\runeforge-mvp\_archive\source-zips\Sunshine-master\Sunshine-master\src\platform\windows\keylayout.h","0.005","21/03/2026 08:14:42 p. m.","True"
"CDA9680CB61CB95B19ABF6788FBF37ADE7E3E9B6B74B49D3740264F283737CB0","2","DUPLICATE_REVIEW","RuneforgeCore","keylayout.h","C:\RUNEFOGE_PRO\runeforge\runeforge\app\_archive\source-zips\Sunshine-master\Sunshine-master\src\platform\windows\keylayout.h","0.005","21/03/2026 08:14:42 p. m.","True"
"CDA9680CB61CB95B19ABF6788FBF37ADE7E3E9B6B74B49D3740264F283737CB0","3","DUPLICATE_REVIEW","RuneforgeCore","keylayout.h","C:\RUNEFOGE_PRO\runeforge\app\_archive\source-zips\Sunshine-master\Sunshine-master\src\platform\windows\keylayout.h","0.005","21/03/2026 08:14:42 p. m.","True"
"CDADF23A1D085E04965A72E83A88682EDAC88D60C9F597BB2921CB2B399A994A","1","KEEP_CANDIDATE","RuneforgeCore","de_DE.ini","C:\RUNEFOGE_PRO\runeforge-mvp\runeforge-mvp\retro\_downloads\PPSSPPWindowsARM64\assets\lang\de_DE.ini","0.067","15/03/2026 11:52:35 a. m.","True"
"CDADF23A1D085E04965A72E83A88682EDAC88D60C9F597BB2921CB2B399A994A","2","DUPLICATE_REVIEW","RuneforgeCore","de_DE.ini","C:\RUNEFOGE_PRO\runeforge\runeforge\app\retro\_downloads\PPSSPPWindowsARM64\assets\lang\de_DE.ini","0.067","15/03/2026 11:52:35 a. m.","True"
"CDADF23A1D085E04965A72E83A88682EDAC88D60C9F597BB2921CB2B399A994A","3","DUPLICATE_REVIEW","RuneforgeCore","de_DE.ini","C:\RUNEFOGE_PRO\runeforge\app\retro\_downloads\PPSSPPWindowsARM64\assets\lang\de_DE.ini","0.067","15/03/2026 11:52:35 a. m.","True"
"CDF7A70368BC49F84FE80F2DE00E1333E5F99ADB7876B6D2D49B59168601303D","1","KEEP_CANDIDATE","RuneforgeCore","sources.json","C:\RUNEFOGE_PRO\runeforge-datahub\config\sources.json","0.001","15/04/2026 02:09:35 a. m.","True"
"CDF7A70368BC49F84FE80F2DE00E1333E5F99ADB7876B6D2D49B59168601303D","2","DUPLICATE_REVIEW","RuneforgeCore","sources.json","C:\RUNEFOGE_PRO\RUNEFOGE_PRO\runeforge-datahub\config\sources.json","0.001","15/04/2026 02:09:35 a. m.","False"
"CE5285B50BD869DC3A5D81DDF67F21753C2BFB1B0D7EBF914018E7489431C492","1","KEEP_CANDIDATE","RuneforgeCore","SimpleIcon.vue","C:\RUNEFOGE_PRO\runeforge-mvp\runeforge-mvp\_archive\source-zips\Sunshine-master\Sunshine-master\src_assets\common\assets\web\SimpleIcon.vue","0.001","21/03/2026 08:14:42 p. m.","True"
"CE5285B50BD869DC3A5D81DDF67F21753C2BFB1B0D7EBF914018E7489431C492","2","DUPLICATE_REVIEW","RuneforgeCore","SimpleIcon.vue","C:\RUNEFOGE_PRO\runeforge\runeforge\app\_archive\source-zips\Sunshine-master\Sunshine-master\src_assets\common\assets\web\SimpleIcon.vue","0.001","21/03/2026 08:14:42 p. m.","True"
"CE5285B50BD869DC3A5D81DDF67F21753C2BFB1B0D7EBF914018E7489431C492","3","DUPLICATE_REVIEW","RuneforgeCore","SimpleIcon.vue","C:\RUNEFOGE_PRO\runeforge\app\_archive\source-zips\Sunshine-master\Sunshine-master\src_assets\common\assets\web\SimpleIcon.vue","0.001","21/03/2026 08:14:42 p. m.","True"
"CE585B929567F1483D6688EE51C69B0FB0BAD4F8ED5F3677451EE60960034E31","1","KEEP_CANDIDATE","RuneforgeCore","package.json","C:\RUNEFOGE_PRO\runeforge-mvp\runeforge-mvp\_archive\source-zips\Sunshine-master\Sunshine-master\package.json","0.001","21/03/2026 08:14:42 p. m.","True"
"CE585B929567F1483D6688EE51C69B0FB0BAD4F8ED5F3677451EE60960034E31","2","DUPLICATE_REVIEW","RuneforgeCore","package.json","C:\RUNEFOGE_PRO\runeforge\runeforge\app\_archive\source-zips\Sunshine-master\Sunshine-master\package.json","0.001","21/03/2026 08:14:42 p. m.","True"
"CE585B929567F1483D6688EE51C69B0FB0BAD4F8ED5F3677451EE60960034E31","3","DUPLICATE_REVIEW","RuneforgeCore","package.json","C:\RUNEFOGE_PRO\runeforge\app\_archive\source-zips\Sunshine-master\Sunshine-master\package.json","0.001","21/03/2026 08:14:42 p. m.","True"
"CEA3A1E4FF6D41257831E0E5DB3FE212E5E8D8A96BD8CBAB50F3065ED1731064","1","KEEP_CANDIDATE","RuneforgeCore","system.js","C:\RUNEFOGE_PRO\runeforge-mvp\runeforge-mvp\runeforge-mvp\src\modules\chat\skills\system.js","0.001","27/03/2026 07:04:54 a. m.","True"
"CEA3A1E4FF6D41257831E0E5DB3FE212E5E8D8A96BD8CBAB50F3065ED1731064","2","DUPLICATE_REVIEW","RuneforgeCore","system.js","C:\RUNEFOGE_PRO\runeforge\runeforge\app\src\modules\chat\skills\system.js","0.001","27/03/2026 07:04:54 a. m.","True"
"CEA3A1E4FF6D41257831E0E5DB3FE212E5E8D8A96BD8CBAB50F3065ED1731064","3","DUPLICATE_REVIEW","RuneforgeCore","system.js","C:\RUNEFOGE_PRO\runeforge\app\src\modules\chat\skills\system.js","0.001","27/03/2026 07:04:54 a. m.","True"
"CEA3A1E4FF6D41257831E0E5DB3FE212E5E8D8A96BD8CBAB50F3065ED1731064","4","DUPLICATE_REVIEW","RuneforgeCore","system.js","C:\RUNEFOGE_PRO\runeforge-mvp\runeforge-mvp\src\modules\chat\skills\system.js","0.001","27/03/2026 01:04:53 a. m.","True"
"CEC8517E88FAE7B4BC05F46FD925098F7D615CC59CE89AE726E41731BE9A5D92","1","KEEP_CANDIDATE","RuneforgeCore","es_LA.ini","C:\RUNEFOGE_PRO\runeforge-mvp\runeforge-mvp\retro\_downloads\PPSSPPWindowsARM64\assets\lang\es_LA.ini","0.067","15/03/2026 11:52:35 a. m.","True"
"CEC8517E88FAE7B4BC05F46FD925098F7D615CC59CE89AE726E41731BE9A5D92","2","DUPLICATE_REVIEW","RuneforgeCore","es_LA.ini","C:\RUNEFOGE_PRO\runeforge\runeforge\app\retro\_downloads\PPSSPPWindowsARM64\assets\lang\es_LA.ini","0.067","15/03/2026 11:52:35 a. m.","True"
"CEC8517E88FAE7B4BC05F46FD925098F7D615CC59CE89AE726E41731BE9A5D92","3","DUPLICATE_REVIEW","RuneforgeCore","es_LA.ini","C:\RUNEFOGE_PRO\runeforge\app\retro\_downloads\PPSSPPWindowsARM64\assets\lang\es_LA.ini","0.067","15/03/2026 11:52:35 a. m.","True"
"CEF79672D3A18AE5C9A36CE2BFA10F7DCF4FA7FF31C581D011E58B10E41732E4","1","KEEP_CANDIDATE","RuneforgeCore","configuration.md","C:\RUNEFOGE_PRO\runeforge-mvp\runeforge-mvp\_archive\source-zips\Sunshine-master\Sunshine-master\docs\configuration.md","0.077","21/03/2026 08:14:42 p. m.","True"
"CEF79672D3A18AE5C9A36CE2BFA10F7DCF4FA7FF31C581D011E58B10E41732E4","2","DUPLICATE_REVIEW","RuneforgeCore","configuration.md","C:\RUNEFOGE_PRO\runeforge\runeforge\app\_archive\source-zips\Sunshine-master\Sunshine-master\docs\configuration.md","0.077","21/03/2026 08:14:42 p. m.","True"
"CEF79672D3A18AE5C9A36CE2BFA10F7DCF4FA7FF31C581D011E58B10E41732E4","3","DUPLICATE_REVIEW","RuneforgeCore","configuration.md","C:\RUNEFOGE_PRO\runeforge\app\_archive\source-zips\Sunshine-master\Sunshine-master\docs\configuration.md","0.077","21/03/2026 08:14:42 p. m.","True"
"CF55F9AC059065D9C16A948E02B4525E6DA2E92576DC9EF1CE4F6A0F9398614F","1","KEEP_CANDIDATE","RuneforgeCore","sunshine_version.js","C:\RUNEFOGE_PRO\runeforge-mvp\runeforge-mvp\_archive\source-zips\Sunshine-master\Sunshine-master\src_assets\common\assets\web\sunshine_version.js","0.002","21/03/2026 08:14:42 p. m.","True"
"CF55F9AC059065D9C16A948E02B4525E6DA2E92576DC9EF1CE4F6A0F9398614F","2","DUPLICATE_REVIEW","RuneforgeCore","sunshine_version.js","C:\RUNEFOGE_PRO\runeforge\runeforge\app\_archive\source-zips\Sunshine-master\Sunshine-master\src_assets\common\assets\web\sunshine_version.js","0.002","21/03/2026 08:14:42 p. m.","True"
"CF55F9AC059065D9C16A948E02B4525E6DA2E92576DC9EF1CE4F6A0F9398614F","3","DUPLICATE_REVIEW","RuneforgeCore","sunshine_version.js","C:\RUNEFOGE_PRO\runeforge\app\_archive\source-zips\Sunshine-master\Sunshine-master\src_assets\common\assets\web\sunshine_version.js","0.002","21/03/2026 08:14:42 p. m.","True"
"CF7131481C3A4AAA9C28DE1898CB3C527755B18479A17BCE8F47A44E14BB9F8F","1","KEEP_CANDIDATE","RuneforgeCore","start-backend.ps1","C:\RUNEFOGE_PRO\runeforge\scripts\backend\start-backend.ps1","0.001","19/04/2026 04:01:29 a. m.","True"
"CF7131481C3A4AAA9C28DE1898CB3C527755B18479A17BCE8F47A44E14BB9F8F","2","DUPLICATE_REVIEW","RuneforgeCore","start-backend.ps1","C:\RUNEFOGE_PRO\runeforge\runeforge\scripts\backend\start-backend.ps1","0.001","19/04/2026 04:01:29 a. m.","True"
"CFD24D9EC1F13D72215CB0A1C7ED6CA0E76B687BF12981665EB99A3C4A020585","1","KEEP_CANDIDATE","RuneforgeCore","stick.png","C:\RUNEFOGE_PRO\runeforge-mvp\runeforge-mvp\retro\_downloads\PPSSPPWindowsARM64\assets\ui_images\stick.png","0.003","15/03/2026 11:52:35 a. m.","True"
"CFD24D9EC1F13D72215CB0A1C7ED6CA0E76B687BF12981665EB99A3C4A020585","2","DUPLICATE_REVIEW","RuneforgeCore","stick.png","C:\RUNEFOGE_PRO\runeforge\runeforge\app\retro\_downloads\PPSSPPWindowsARM64\assets\ui_images\stick.png","0.003","15/03/2026 11:52:35 a. m.","True"
"CFD24D9EC1F13D72215CB0A1C7ED6CA0E76B687BF12981665EB99A3C4A020585","3","DUPLICATE_REVIEW","RuneforgeCore","stick.png","C:\RUNEFOGE_PRO\runeforge\app\retro\_downloads\PPSSPPWindowsARM64\assets\ui_images\stick.png","0.003","15/03/2026 11:52:35 a. m.","True"
"D0D379CA3DEADCEA34C2E1AB9A2790B93A2B3E8D05576B74EFDAF999E3ECA8C8","1","KEEP_CANDIDATE","RuneforgeCore","portalgrab.cpp","C:\RUNEFOGE_PRO\runeforge-mvp\runeforge-mvp\_archive\source-zips\Sunshine-master\Sunshine-master\src\platform\linux\portalgrab.cpp","0.057","21/03/2026 08:14:42 p. m.","True"
"D0D379CA3DEADCEA34C2E1AB9A2790B93A2B3E8D05576B74EFDAF999E3ECA8C8","2","DUPLICATE_REVIEW","RuneforgeCore","portalgrab.cpp","C:\RUNEFOGE_PRO\runeforge\runeforge\app\_archive\source-zips\Sunshine-master\Sunshine-master\src\platform\linux\portalgrab.cpp","0.057","21/03/2026 08:14:42 p. m.","True"
"D0D379CA3DEADCEA34C2E1AB9A2790B93A2B3E8D05576B74EFDAF999E3ECA8C8","3","DUPLICATE_REVIEW","RuneforgeCore","portalgrab.cpp","C:\RUNEFOGE_PRO\runeforge\app\_archive\source-zips\Sunshine-master\Sunshine-master\src\platform\linux\portalgrab.cpp","0.057","21/03/2026 08:14:42 p. m.","True"
"D1F29DDEA1CE92EE277A62F338D5E0B059AE0889D839BBB79C2D1449B87E8BA2","1","KEEP_CANDIDATE","RuneforgeCore","icon_gold.png","C:\RUNEFOGE_PRO\runeforge-mvp\runeforge-mvp\retro\_downloads\PPSSPPWindowsARM64\assets\ui_images\icon_gold.png","0.005","15/03/2026 11:52:35 a. m.","True"
"D1F29DDEA1CE92EE277A62F338D5E0B059AE0889D839BBB79C2D1449B87E8BA2","2","DUPLICATE_REVIEW","RuneforgeCore","icon_gold.png","C:\RUNEFOGE_PRO\runeforge\runeforge\app\retro\_downloads\PPSSPPWindowsARM64\assets\ui_images\icon_gold.png","0.005","15/03/2026 11:52:35 a. m.","True"
"D1F29DDEA1CE92EE277A62F338D5E0B059AE0889D839BBB79C2D1449B87E8BA2","3","DUPLICATE_REVIEW","RuneforgeCore","icon_gold.png","C:\RUNEFOGE_PRO\runeforge\app\retro\_downloads\PPSSPPWindowsARM64\assets\ui_images\icon_gold.png","0.005","15/03/2026 11:52:35 a. m.","True"
"D239D513A93B35F6043E537B59F9ACD91C1951611CA7D6F082F94039C6BC1140","1","KEEP_CANDIDATE","RuneforgeCore","AppRun","C:\RUNEFOGE_PRO\runeforge-mvp\runeforge-mvp\_archive\source-zips\Sunshine-master\Sunshine-master\packaging\linux\AppImage\AppRun","0.003","21/03/2026 08:14:42 p. m.","True"
"D239D513A93B35F6043E537B59F9ACD91C1951611CA7D6F082F94039C6BC1140","2","DUPLICATE_REVIEW","RuneforgeCore","AppRun","C:\RUNEFOGE_PRO\runeforge\runeforge\app\_archive\source-zips\Sunshine-master\Sunshine-master\packaging\linux\AppImage\AppRun","0.003","21/03/2026 08:14:42 p. m.","True"
"D239D513A93B35F6043E537B59F9ACD91C1951611CA7D6F082F94039C6BC1140","3","DUPLICATE_REVIEW","RuneforgeCore","AppRun","C:\RUNEFOGE_PRO\runeforge\app\_archive\source-zips\Sunshine-master\Sunshine-master\packaging\linux\AppImage\AppRun","0.003","21/03/2026 08:14:42 p. m.","True"
"D2957AEA96B07D9459075EBD5885CB6A9873FB242BE57627AB52201B7C10293C","1","KEEP_CANDIDATE","RuneforgeCore","sunshine-locked.png","C:\RUNEFOGE_PRO\runeforge-mvp\runeforge-mvp\_archive\source-zips\Sunshine-master\Sunshine-master\src_assets\common\assets\web\public\images\sunshine-locked.png","0.012","21/03/2026 08:14:42 p. m.","True"
"D2957AEA96B07D9459075EBD5885CB6A9873FB242BE57627AB52201B7C10293C","2","DUPLICATE_REVIEW","RuneforgeCore","sunshine-locked.png","C:\RUNEFOGE_PRO\runeforge\runeforge\app\_archive\source-zips\Sunshine-master\Sunshine-master\src_assets\common\assets\web\public\images\sunshine-locked.png","0.012","21/03/2026 08:14:42 p. m.","True"
"D2957AEA96B07D9459075EBD5885CB6A9873FB242BE57627AB52201B7C10293C","3","DUPLICATE_REVIEW","RuneforgeCore","sunshine-locked.png","C:\RUNEFOGE_PRO\runeforge\app\_archive\source-zips\Sunshine-master\Sunshine-master\src_assets\common\assets\web\public\images\sunshine-locked.png","0.012","21/03/2026 08:14:42 p. m.","True"
"D2C4E715DE82ADC31BE53C203BA6498BD43CCA89337D7F0CA18696CBAFED28E8","1","KEEP_CANDIDATE","RuneforgeCore","special_package_configuration.cmake","C:\RUNEFOGE_PRO\runeforge-mvp\runeforge-mvp\_archive\source-zips\Sunshine-master\Sunshine-master\cmake\prep\special_package_configuration.cmake","0.002","21/03/2026 08:14:42 p. m.","True"
"D2C4E715DE82ADC31BE53C203BA6498BD43CCA89337D7F0CA18696CBAFED28E8","2","DUPLICATE_REVIEW","RuneforgeCore","special_package_configuration.cmake","C:\RUNEFOGE_PRO\runeforge\runeforge\app\_archive\source-zips\Sunshine-master\Sunshine-master\cmake\prep\special_package_configuration.cmake","0.002","21/03/2026 08:14:42 p. m.","True"
"D2C4E715DE82ADC31BE53C203BA6498BD43CCA89337D7F0CA18696CBAFED28E8","3","DUPLICATE_REVIEW","RuneforgeCore","special_package_configuration.cmake","C:\RUNEFOGE_PRO\runeforge\app\_archive\source-zips\Sunshine-master\Sunshine-master\cmake\prep\special_package_configuration.cmake","0.002","21/03/2026 08:14:42 p. m.","True"
"D30C6F597EE6E3527393AD1413CCECF48A59A100E1224AF05A75D79F6C8741D3","1","KEEP_CANDIDATE","RuneforgeCore","cursor_vs.hlsl","C:\RUNEFOGE_PRO\runeforge-mvp\runeforge-mvp\_archive\source-zips\Sunshine-master\Sunshine-master\src_assets\windows\assets\shaders\directx\cursor_vs.hlsl","0","21/03/2026 08:14:42 p. m.","True"
"D30C6F597EE6E3527393AD1413CCECF48A59A100E1224AF05A75D79F6C8741D3","2","DUPLICATE_REVIEW","RuneforgeCore","cursor_vs.hlsl","C:\RUNEFOGE_PRO\runeforge\runeforge\app\_archive\source-zips\Sunshine-master\Sunshine-master\src_assets\windows\assets\shaders\directx\cursor_vs.hlsl","0","21/03/2026 08:14:42 p. m.","True"
"D30C6F597EE6E3527393AD1413CCECF48A59A100E1224AF05A75D79F6C8741D3","3","DUPLICATE_REVIEW","RuneforgeCore","cursor_vs.hlsl","C:\RUNEFOGE_PRO\runeforge\app\_archive\source-zips\Sunshine-master\Sunshine-master\src_assets\windows\assets\shaders\directx\cursor_vs.hlsl","0","21/03/2026 08:14:42 p. m.","True"
"D363CEC75FECFAFD1511E370E48C748C30199C694B83A4026BE34D799B192917","1","KEEP_CANDIDATE","RuneforgeCore","jpn0.pgf","C:\RUNEFOGE_PRO\runeforge-mvp\runeforge-mvp\retro\_downloads\PPSSPPWindowsARM64\assets\flash0\font\jpn0.pgf","4.116","15/03/2026 11:52:35 a. m.","True"
"D363CEC75FECFAFD1511E370E48C748C30199C694B83A4026BE34D799B192917","2","DUPLICATE_REVIEW","RuneforgeCore","jpn0.pgf","C:\RUNEFOGE_PRO\runeforge\runeforge\app\retro\_downloads\PPSSPPWindowsARM64\assets\flash0\font\jpn0.pgf","4.116","15/03/2026 11:52:35 a. m.","True"
"D363CEC75FECFAFD1511E370E48C748C30199C694B83A4026BE34D799B192917","3","DUPLICATE_REVIEW","RuneforgeCore","jpn0.pgf","C:\RUNEFOGE_PRO\runeforge\app\retro\_downloads\PPSSPPWindowsARM64\assets\flash0\font\jpn0.pgf","4.116","15/03/2026 11:52:35 a. m.","True"
"D37313EC452A1A682CA45A797927060616319B07A1AD177EE6C1CF11D379F9F5","1","KEEP_CANDIDATE","RuneforgeCore","sunshine-playing.ico","C:\RUNEFOGE_PRO\runeforge-mvp\runeforge-mvp\_archive\source-zips\Sunshine-master\Sunshine-master\src_assets\common\assets\web\public\images\sunshine-playing.ico","0.115","21/03/2026 08:14:42 p. m.","True"
"D37313EC452A1A682CA45A797927060616319B07A1AD177EE6C1CF11D379F9F5","2","DUPLICATE_REVIEW","RuneforgeCore","sunshine-playing.ico","C:\RUNEFOGE_PRO\runeforge\runeforge\app\_archive\source-zips\Sunshine-master\Sunshine-master\src_assets\common\assets\web\public\images\sunshine-playing.ico","0.115","21/03/2026 08:14:42 p. m.","True"
"D37313EC452A1A682CA45A797927060616319B07A1AD177EE6C1CF11D379F9F5","3","DUPLICATE_REVIEW","RuneforgeCore","sunshine-playing.ico","C:\RUNEFOGE_PRO\runeforge\app\_archive\source-zips\Sunshine-master\Sunshine-master\src_assets\common\assets\web\public\images\sunshine-playing.ico","0.115","21/03/2026 08:14:42 p. m.","True"
"D3817126B46032016E33E0690818B86BE83F306F1036F594A2821C8E2C7A0527","1","KEEP_CANDIDATE","RuneforgeCore","README.md","C:\RUNEFOGE_PRO\runeforge-mvp\runeforge-mvp\README.md","0.001","20/03/2026 06:15:07 a. m.","True"
"D3817126B46032016E33E0690818B86BE83F306F1036F594A2821C8E2C7A0527","2","DUPLICATE_REVIEW","RuneforgeCore","README.md","C:\RUNEFOGE_PRO\runeforge-mvp\runeforge-mvp\runeforge-mvp\README.md","0.001","20/03/2026 12:15:06 a. m.","True"
"D3817126B46032016E33E0690818B86BE83F306F1036F594A2821C8E2C7A0527","3","DUPLICATE_REVIEW","RuneforgeCore","README.md","C:\RUNEFOGE_PRO\runeforge\runeforge\app\README.md","0.001","20/03/2026 12:15:06 a. m.","True"
"D3817126B46032016E33E0690818B86BE83F306F1036F594A2821C8E2C7A0527","4","DUPLICATE_REVIEW","RuneforgeCore","README.md","C:\RUNEFOGE_PRO\runeforge\app\README.md","0.001","20/03/2026 12:15:06 a. m.","True"
"D448EA5EDA612A87799043131FD276C0973A1280E46D59CF6AF96E603C8FC1F3","1","KEEP_CANDIDATE","RuneforgeCore","zh_CN.ini","C:\RUNEFOGE_PRO\runeforge-mvp\runeforge-mvp\retro\_downloads\PPSSPPWindowsARM64\assets\lang\zh_CN.ini","0.061","15/03/2026 11:52:35 a. m.","True"
"D448EA5EDA612A87799043131FD276C0973A1280E46D59CF6AF96E603C8FC1F3","2","DUPLICATE_REVIEW","RuneforgeCore","zh_CN.ini","C:\RUNEFOGE_PRO\runeforge\runeforge\app\retro\_downloads\PPSSPPWindowsARM64\assets\lang\zh_CN.ini","0.061","15/03/2026 11:52:35 a. m.","True"
"D448EA5EDA612A87799043131FD276C0973A1280E46D59CF6AF96E603C8FC1F3","3","DUPLICATE_REVIEW","RuneforgeCore","zh_CN.ini","C:\RUNEFOGE_PRO\runeforge\app\retro\_downloads\PPSSPPWindowsARM64\assets\lang\zh_CN.ini","0.061","15/03/2026 11:52:35 a. m.","True"
"D458EEF4FBE315B87EA7AD6ACD53A494002E3EF2724AB33F5E326C5309326CD1","1","KEEP_CANDIDATE","RuneforgeCore","NvFBC.h","C:\RUNEFOGE_PRO\runeforge-mvp\runeforge-mvp\_archive\source-zips\Sunshine-master\Sunshine-master\third-party\nvfbc\NvFBC.h","0.063","21/03/2026 08:14:42 p. m.","True"
"D458EEF4FBE315B87EA7AD6ACD53A494002E3EF2724AB33F5E326C5309326CD1","2","DUPLICATE_REVIEW","RuneforgeCore","NvFBC.h","C:\RUNEFOGE_PRO\runeforge\runeforge\app\_archive\source-zips\Sunshine-master\Sunshine-master\third-party\nvfbc\NvFBC.h","0.063","21/03/2026 08:14:42 p. m.","True"
"D458EEF4FBE315B87EA7AD6ACD53A494002E3EF2724AB33F5E326C5309326CD1","3","DUPLICATE_REVIEW","RuneforgeCore","NvFBC.h","C:\RUNEFOGE_PRO\runeforge\app\_archive\source-zips\Sunshine-master\Sunshine-master\third-party\nvfbc\NvFBC.h","0.063","21/03/2026 08:14:42 p. m.","True"
"D467F0B8BA14CB62832FF15ECFF608AC9D7B73A355AF0F8A090087644E40118A","1","KEEP_CANDIDATE","RuneforgeCore","convert_yuv420_packed_uv_type0s_vs.hlsl","C:\RUNEFOGE_PRO\runeforge-mvp\runeforge-mvp\_archive\source-zips\Sunshine-master\Sunshine-master\src_assets\windows\assets\shaders\directx\convert_yuv420_packed_uv_type0s_vs.hlsl","0","21/03/2026 08:14:42 p. m.","True"
"D467F0B8BA14CB62832FF15ECFF608AC9D7B73A355AF0F8A090087644E40118A","2","DUPLICATE_REVIEW","RuneforgeCore","convert_yuv420_packed_uv_type0s_vs.hlsl","C:\RUNEFOGE_PRO\runeforge\runeforge\app\_archive\source-zips\Sunshine-master\Sunshine-master\src_assets\windows\assets\shaders\directx\convert_yuv420_packed_uv_type0s_vs.hlsl","0","21/03/2026 08:14:42 p. m.","True"
"D467F0B8BA14CB62832FF15ECFF608AC9D7B73A355AF0F8A090087644E40118A","3","DUPLICATE_REVIEW","RuneforgeCore","convert_yuv420_packed_uv_type0s_vs.hlsl","C:\RUNEFOGE_PRO\runeforge\app\_archive\source-zips\Sunshine-master\Sunshine-master\src_assets\windows\assets\shaders\directx\convert_yuv420_packed_uv_type0s_vs.hlsl","0","21/03/2026 08:14:42 p. m.","True"
"D4690EE2DA80E83FC177EC6DC4A747C199F39448D42ACBF5D40C1ACC7797EDAB","1","KEEP_CANDIDATE","RuneforgeCore","test_httpcommon.cpp","C:\RUNEFOGE_PRO\runeforge-mvp\runeforge-mvp\_archive\source-zips\Sunshine-master\Sunshine-master\tests\unit\test_httpcommon.cpp","0.002","21/03/2026 08:14:42 p. m.","True"
"D4690EE2DA80E83FC177EC6DC4A747C199F39448D42ACBF5D40C1ACC7797EDAB","2","DUPLICATE_REVIEW","RuneforgeCore","test_httpcommon.cpp","C:\RUNEFOGE_PRO\runeforge\runeforge\app\_archive\source-zips\Sunshine-master\Sunshine-master\tests\unit\test_httpcommon.cpp","0.002","21/03/2026 08:14:42 p. m.","True"
"D4690EE2DA80E83FC177EC6DC4A747C199F39448D42ACBF5D40C1ACC7797EDAB","3","DUPLICATE_REVIEW","RuneforgeCore","test_httpcommon.cpp","C:\RUNEFOGE_PRO\runeforge\app\_archive\source-zips\Sunshine-master\Sunshine-master\tests\unit\test_httpcommon.cpp","0.002","21/03/2026 08:14:42 p. m.","True"
"D4707307899C7AE54DED51B07E06895C095E44E9C52F96B59ED4053A3E4D3B4D","1","KEEP_CANDIDATE","RuneforgeCore","_config.yml","C:\RUNEFOGE_PRO\runeforge-mvp\runeforge-mvp\_archive\source-zips\Sunshine-master\Sunshine-master\gh-pages-template\_config.yml","0","21/03/2026 08:14:42 p. m.","True"
"D4707307899C7AE54DED51B07E06895C095E44E9C52F96B59ED4053A3E4D3B4D","2","DUPLICATE_REVIEW","RuneforgeCore","_config.yml","C:\RUNEFOGE_PRO\runeforge\runeforge\app\_archive\source-zips\Sunshine-master\Sunshine-master\gh-pages-template\_config.yml","0","21/03/2026 08:14:42 p. m.","True"
"D4707307899C7AE54DED51B07E06895C095E44E9C52F96B59ED4053A3E4D3B4D","3","DUPLICATE_REVIEW","RuneforgeCore","_config.yml","C:\RUNEFOGE_PRO\runeforge\app\_archive\source-zips\Sunshine-master\Sunshine-master\gh-pages-template\_config.yml","0","21/03/2026 08:14:42 p. m.","True"
"D480303FB05E94422920ACA4E3C7F858777F218F16AE6A9535B6A8D205730C4C","1","KEEP_CANDIDATE","RuneforgeCore","test_file_handler.cpp","C:\RUNEFOGE_PRO\runeforge-mvp\runeforge-mvp\_archive\source-zips\Sunshine-master\Sunshine-master\tests\unit\test_file_handler.cpp","0.003","21/03/2026 08:14:42 p. m.","True"
"D480303FB05E94422920ACA4E3C7F858777F218F16AE6A9535B6A8D205730C4C","2","DUPLICATE_REVIEW","RuneforgeCore","test_file_handler.cpp","C:\RUNEFOGE_PRO\runeforge\runeforge\app\_archive\source-zips\Sunshine-master\Sunshine-master\tests\unit\test_file_handler.cpp","0.003","21/03/2026 08:14:42 p. m.","True"
"D480303FB05E94422920ACA4E3C7F858777F218F16AE6A9535B6A8D205730C4C","3","DUPLICATE_REVIEW","RuneforgeCore","test_file_handler.cpp","C:\RUNEFOGE_PRO\runeforge\app\_archive\source-zips\Sunshine-master\Sunshine-master\tests\unit\test_file_handler.cpp","0.003","21/03/2026 08:14:42 p. m.","True"
"D49B12C563391B09E4565183D08B7928808A3B89E2082D3A49C3CF0D3BA6B9C7","1","KEEP_CANDIDATE","RuneforgeCore","miniupnpc.json","C:\RUNEFOGE_PRO\runeforge-mvp\runeforge-mvp\_archive\source-zips\Sunshine-master\Sunshine-master\packaging\linux\flatpak\modules\miniupnpc.json","0.001","21/03/2026 08:14:42 p. m.","True"
"D49B12C563391B09E4565183D08B7928808A3B89E2082D3A49C3CF0D3BA6B9C7","2","DUPLICATE_REVIEW","RuneforgeCore","miniupnpc.json","C:\RUNEFOGE_PRO\runeforge\runeforge\app\_archive\source-zips\Sunshine-master\Sunshine-master\packaging\linux\flatpak\modules\miniupnpc.json","0.001","21/03/2026 08:14:42 p. m.","True"
"D49B12C563391B09E4565183D08B7928808A3B89E2082D3A49C3CF0D3BA6B9C7","3","DUPLICATE_REVIEW","RuneforgeCore","miniupnpc.json","C:\RUNEFOGE_PRO\runeforge\app\_archive\source-zips\Sunshine-master\Sunshine-master\packaging\linux\flatpak\modules\miniupnpc.json","0.001","21/03/2026 08:14:42 p. m.","True"
"D4B7B8404100EDB4C98BC0B1799465BEBA0894E55DEA67C4E5F37F054DE80BB8","1","KEEP_CANDIDATE","RuneforgeCore","misc.cpp","C:\RUNEFOGE_PRO\runeforge-mvp\runeforge-mvp\_archive\source-zips\Sunshine-master\Sunshine-master\src\platform\windows\misc.cpp","0.067","21/03/2026 08:14:42 p. m.","True"
"D4B7B8404100EDB4C98BC0B1799465BEBA0894E55DEA67C4E5F37F054DE80BB8","2","DUPLICATE_REVIEW","RuneforgeCore","misc.cpp","C:\RUNEFOGE_PRO\runeforge\runeforge\app\_archive\source-zips\Sunshine-master\Sunshine-master\src\platform\windows\misc.cpp","0.067","21/03/2026 08:14:42 p. m.","True"
"D4B7B8404100EDB4C98BC0B1799465BEBA0894E55DEA67C4E5F37F054DE80BB8","3","DUPLICATE_REVIEW","RuneforgeCore","misc.cpp","C:\RUNEFOGE_PRO\runeforge\app\_archive\source-zips\Sunshine-master\Sunshine-master\src\platform\windows\misc.cpp","0.067","21/03/2026 08:14:42 p. m.","True"
"D4C515F4D83E1B6586D81D8C7DA4044037A229D35F1FE1E77EB9EFFF4F13885C","1","KEEP_CANDIDATE","RuneforgeCore","Start-Runeforge-Shell.ps1.20260424_185724.v43_2.bak","C:\RUNEFOGE_PRO\runeforge\runeforge\backups\v43\Start-Runeforge-Shell.ps1.20260424_185724.v43_2.bak","0.004","24/04/2026 06:53:28 p. m.","True"
"D4C515F4D83E1B6586D81D8C7DA4044037A229D35F1FE1E77EB9EFFF4F13885C","2","DUPLICATE_REVIEW","RuneforgeCore","Start-Runeforge-Shell.ps1.20260424_185724.v43_2.bak","C:\RUNEFOGE_PRO\runeforge\backups\v43\Start-Runeforge-Shell.ps1.20260424_185724.v43_2.bak","0.004","24/04/2026 06:53:28 p. m.","True"
"D4E4526C44A906DC1AFD892C2A2A29DD6D55F08154813D0B7D8E9140EC37896A","1","KEEP_CANDIDATE","RuneforgeCore","server.js.20260419_051124.normalize_input.bak","C:\RUNEFOGE_PRO\runeforge\runeforge\backups\api_chat\server.js.20260419_051124.normalize_input.bak","0.001","19/04/2026 04:51:36 a. m.","True"
"D4E4526C44A906DC1AFD892C2A2A29DD6D55F08154813D0B7D8E9140EC37896A","2","DUPLICATE_REVIEW","RuneforgeCore","server.js.20260419_051159.normalize_input.bak","C:\RUNEFOGE_PRO\runeforge\runeforge\backups\api_chat\server.js.20260419_051159.normalize_input.bak","0.001","19/04/2026 04:51:36 a. m.","True"
"D4E4526C44A906DC1AFD892C2A2A29DD6D55F08154813D0B7D8E9140EC37896A","3","DUPLICATE_REVIEW","RuneforgeCore","server.js.20260419_051220.normalize_input.bak","C:\RUNEFOGE_PRO\runeforge\runeforge\backups\api_chat\server.js.20260419_051220.normalize_input.bak","0.001","19/04/2026 04:51:36 a. m.","True"
"D4E4526C44A906DC1AFD892C2A2A29DD6D55F08154813D0B7D8E9140EC37896A","4","DUPLICATE_REVIEW","RuneforgeCore","server.js.20260419_051251.normalize_input.bak","C:\RUNEFOGE_PRO\runeforge\runeforge\backups\api_chat\server.js.20260419_051251.normalize_input.bak","0.001","19/04/2026 04:51:36 a. m.","True"
"D4E4526C44A906DC1AFD892C2A2A29DD6D55F08154813D0B7D8E9140EC37896A","5","DUPLICATE_REVIEW","RuneforgeCore","server.js.20260419_051124.normalize_input.bak","C:\RUNEFOGE_PRO\runeforge\backups\api_chat\server.js.20260419_051124.normalize_input.bak","0.001","19/04/2026 04:51:36 a. m.","True"
"D4E4526C44A906DC1AFD892C2A2A29DD6D55F08154813D0B7D8E9140EC37896A","6","DUPLICATE_REVIEW","RuneforgeCore","server.js.20260419_051159.normalize_input.bak","C:\RUNEFOGE_PRO\runeforge\backups\api_chat\server.js.20260419_051159.normalize_input.bak","0.001","19/04/2026 04:51:36 a. m.","True"
"D4E4526C44A906DC1AFD892C2A2A29DD6D55F08154813D0B7D8E9140EC37896A","7","DUPLICATE_REVIEW","RuneforgeCore","server.js.20260419_051220.normalize_input.bak","C:\RUNEFOGE_PRO\runeforge\backups\api_chat\server.js.20260419_051220.normalize_input.bak","0.001","19/04/2026 04:51:36 a. m.","True"
"D4E4526C44A906DC1AFD892C2A2A29DD6D55F08154813D0B7D8E9140EC37896A","8","DUPLICATE_REVIEW","RuneforgeCore","server.js.20260419_051251.normalize_input.bak","C:\RUNEFOGE_PRO\runeforge\backups\api_chat\server.js.20260419_051251.normalize_input.bak","0.001","19/04/2026 04:51:36 a. m.","True"
"D51F1726364102BA8CCFDD3B7065DFB1B3212BA6839AFBE5AB4B993E680B7399","1","KEEP_CANDIDATE","RuneforgeCore","options.cmake","C:\RUNEFOGE_PRO\runeforge-mvp\runeforge-mvp\_archive\source-zips\Sunshine-master\Sunshine-master\cmake\prep\options.cmake","0.003","21/03/2026 08:14:42 p. m.","True"
"D51F1726364102BA8CCFDD3B7065DFB1B3212BA6839AFBE5AB4B993E680B7399","2","DUPLICATE_REVIEW","RuneforgeCore","options.cmake","C:\RUNEFOGE_PRO\runeforge\runeforge\app\_archive\source-zips\Sunshine-master\Sunshine-master\cmake\prep\options.cmake","0.003","21/03/2026 08:14:42 p. m.","True"
"D51F1726364102BA8CCFDD3B7065DFB1B3212BA6839AFBE5AB4B993E680B7399","3","DUPLICATE_REVIEW","RuneforgeCore","options.cmake","C:\RUNEFOGE_PRO\runeforge\app\_archive\source-zips\Sunshine-master\Sunshine-master\cmake\prep\options.cmake","0.003","21/03/2026 08:14:42 p. m.","True"
"D5BA18884EB321D8E21C05A74104245DB25AC195AA1EA9189C2C6285CE1A0ADB","1","KEEP_CANDIDATE","RuneforgeCore","tests_main.cpp","C:\RUNEFOGE_PRO\runeforge-mvp\runeforge-mvp\_archive\source-zips\Sunshine-master\Sunshine-master\tests\tests_main.cpp","0","21/03/2026 08:14:42 p. m.","True"
"D5BA18884EB321D8E21C05A74104245DB25AC195AA1EA9189C2C6285CE1A0ADB","2","DUPLICATE_REVIEW","RuneforgeCore","tests_main.cpp","C:\RUNEFOGE_PRO\runeforge\runeforge\app\_archive\source-zips\Sunshine-master\Sunshine-master\tests\tests_main.cpp","0","21/03/2026 08:14:42 p. m.","True"
"D5BA18884EB321D8E21C05A74104245DB25AC195AA1EA9189C2C6285CE1A0ADB","3","DUPLICATE_REVIEW","RuneforgeCore","tests_main.cpp","C:\RUNEFOGE_PRO\runeforge\app\_archive\source-zips\Sunshine-master\Sunshine-master\tests\tests_main.cpp","0","21/03/2026 08:14:42 p. m.","True"
"D5E7C059AC6A78D3358D6B004E3092D0BBA6443F58575458E73E2C807307C6B3","1","KEEP_CANDIDATE","RuneforgeCore","GaussianDownscale.fsh","C:\RUNEFOGE_PRO\runeforge-mvp\runeforge-mvp\retro\_downloads\PPSSPPWindowsARM64\assets\shaders\GaussianDownscale.fsh","0.003","15/03/2026 11:52:35 a. m.","True"
"D5E7C059AC6A78D3358D6B004E3092D0BBA6443F58575458E73E2C807307C6B3","2","DUPLICATE_REVIEW","RuneforgeCore","GaussianDownscale.fsh","C:\RUNEFOGE_PRO\runeforge\runeforge\app\retro\_downloads\PPSSPPWindowsARM64\assets\shaders\GaussianDownscale.fsh","0.003","15/03/2026 11:52:35 a. m.","True"
"D5E7C059AC6A78D3358D6B004E3092D0BBA6443F58575458E73E2C807307C6B3","3","DUPLICATE_REVIEW","RuneforgeCore","GaussianDownscale.fsh","C:\RUNEFOGE_PRO\runeforge\app\retro\_downloads\PPSSPPWindowsARM64\assets\shaders\GaussianDownscale.fsh","0.003","15/03/2026 11:52:35 a. m.","True"
"D6D09B3FDE5529008AAD6CB2B47DE1D8BC7DC1843C6AE0FBE81158305EA0C371","1","KEEP_CANDIDATE","RuneforgeCore","cuda-13-math_functions.patch","C:\RUNEFOGE_PRO\runeforge-mvp\runeforge-mvp\_archive\source-zips\Sunshine-master\Sunshine-master\packaging\linux\patches\aarch64\cuda-13-math_functions.patch","0.002","21/03/2026 08:14:42 p. m.","True"
"D6D09B3FDE5529008AAD6CB2B47DE1D8BC7DC1843C6AE0FBE81158305EA0C371","2","DUPLICATE_REVIEW","RuneforgeCore","cuda-13-math_functions.patch","C:\RUNEFOGE_PRO\runeforge\runeforge\app\_archive\source-zips\Sunshine-master\Sunshine-master\packaging\linux\patches\aarch64\cuda-13-math_functions.patch","0.002","21/03/2026 08:14:42 p. m.","True"
"D6D09B3FDE5529008AAD6CB2B47DE1D8BC7DC1843C6AE0FBE81158305EA0C371","3","DUPLICATE_REVIEW","RuneforgeCore","cuda-13-math_functions.patch","C:\RUNEFOGE_PRO\runeforge\app\_archive\source-zips\Sunshine-master\Sunshine-master\packaging\linux\patches\aarch64\cuda-13-math_functions.patch","0.002","21/03/2026 08:14:42 p. m.","True"
"D6D1FCB6AA9C417D3D3F5F1A423B73868F7B3CC7308C2F1E70AF69F183244931","1","KEEP_CANDIDATE","RuneforgeCore","utility.h","C:\RUNEFOGE_PRO\runeforge-mvp\runeforge-mvp\_archive\source-zips\Sunshine-master\Sunshine-master\src\utility.h","0.023","21/03/2026 08:14:42 p. m.","True"
"D6D1FCB6AA9C417D3D3F5F1A423B73868F7B3CC7308C2F1E70AF69F183244931","2","DUPLICATE_REVIEW","RuneforgeCore","utility.h","C:\RUNEFOGE_PRO\runeforge\runeforge\app\_archive\source-zips\Sunshine-master\Sunshine-master\src\utility.h","0.023","21/03/2026 08:14:42 p. m.","True"
"D6D1FCB6AA9C417D3D3F5F1A423B73868F7B3CC7308C2F1E70AF69F183244931","3","DUPLICATE_REVIEW","RuneforgeCore","utility.h","C:\RUNEFOGE_PRO\runeforge\app\_archive\source-zips\Sunshine-master\Sunshine-master\src\utility.h","0.023","21/03/2026 08:14:42 p. m.","True"
"D7221FAFF6BA96C47F67866B46461B4D8250324023E3091E419CA0A43B40150B","1","KEEP_CANDIDATE","RuneforgeCore","fi_FI.ini","C:\RUNEFOGE_PRO\runeforge-mvp\runeforge-mvp\retro\_downloads\PPSSPPWindowsARM64\assets\lang\fi_FI.ini","0.065","15/03/2026 11:52:35 a. m.","True"
"D7221FAFF6BA96C47F67866B46461B4D8250324023E3091E419CA0A43B40150B","2","DUPLICATE_REVIEW","RuneforgeCore","fi_FI.ini","C:\RUNEFOGE_PRO\runeforge\runeforge\app\retro\_downloads\PPSSPPWindowsARM64\assets\lang\fi_FI.ini","0.065","15/03/2026 11:52:35 a. m.","True"
"D7221FAFF6BA96C47F67866B46461B4D8250324023E3091E419CA0A43B40150B","3","DUPLICATE_REVIEW","RuneforgeCore","fi_FI.ini","C:\RUNEFOGE_PRO\runeforge\app\retro\_downloads\PPSSPPWindowsARM64\assets\lang\fi_FI.ini","0.065","15/03/2026 11:52:35 a. m.","True"
"D78B2200827AEE21F1D5549E229D8629D711558348737B1DD6456EBF30B1A418","1","KEEP_CANDIDATE","RuneforgeCore","desktop-alt.png","C:\RUNEFOGE_PRO\runeforge-mvp\runeforge-mvp\_archive\source-zips\Sunshine-master\Sunshine-master\src_assets\common\assets\desktop-alt.png","0.008","21/03/2026 08:14:42 p. m.","True"
"D78B2200827AEE21F1D5549E229D8629D711558348737B1DD6456EBF30B1A418","2","DUPLICATE_REVIEW","RuneforgeCore","desktop-alt.png","C:\RUNEFOGE_PRO\runeforge\runeforge\app\_archive\source-zips\Sunshine-master\Sunshine-master\src_assets\common\assets\desktop-alt.png","0.008","21/03/2026 08:14:42 p. m.","True"
"D78B2200827AEE21F1D5549E229D8629D711558348737B1DD6456EBF30B1A418","3","DUPLICATE_REVIEW","RuneforgeCore","desktop-alt.png","C:\RUNEFOGE_PRO\runeforge\app\_archive\source-zips\Sunshine-master\Sunshine-master\src_assets\common\assets\desktop-alt.png","0.008","21/03/2026 08:14:42 p. m.","True"
"D8E6F7C5A1356D41DD82B0C00219FEBD21C791CC5CD1ECF8A0323CBEAFE6496C","1","KEEP_CANDIDATE","RuneforgeCore","Roboto_Condensed-Regular.ttf","C:\RUNEFOGE_PRO\runeforge-mvp\runeforge-mvp\retro\_downloads\PPSSPPWindowsARM64\assets\Roboto_Condensed-Regular.ttf","0.139","15/03/2026 11:52:35 a. m.","True"
"D8E6F7C5A1356D41DD82B0C00219FEBD21C791CC5CD1ECF8A0323CBEAFE6496C","2","DUPLICATE_REVIEW","RuneforgeCore","Roboto_Condensed-Regular.ttf","C:\RUNEFOGE_PRO\runeforge\runeforge\app\retro\_downloads\PPSSPPWindowsARM64\assets\Roboto_Condensed-Regular.ttf","0.139","15/03/2026 11:52:35 a. m.","True"
"D8E6F7C5A1356D41DD82B0C00219FEBD21C791CC5CD1ECF8A0323CBEAFE6496C","3","DUPLICATE_REVIEW","RuneforgeCore","Roboto_Condensed-Regular.ttf","C:\RUNEFOGE_PRO\runeforge\app\retro\_downloads\PPSSPPWindowsARM64\assets\Roboto_Condensed-Regular.ttf","0.139","15/03/2026 11:52:35 a. m.","True"
"D9164EBD069B5F735EB8EFC557801778498DA37F572EF70E3D35604739E6C613","1","KEEP_CANDIDATE","RuneforgeCore","box.png","C:\RUNEFOGE_PRO\runeforge-mvp\runeforge-mvp\_archive\source-zips\Sunshine-master\Sunshine-master\src_assets\common\assets\box.png","0.001","21/03/2026 08:14:42 p. m.","True"
"D9164EBD069B5F735EB8EFC557801778498DA37F572EF70E3D35604739E6C613","2","DUPLICATE_REVIEW","RuneforgeCore","box.png","C:\RUNEFOGE_PRO\runeforge\runeforge\app\_archive\source-zips\Sunshine-master\Sunshine-master\src_assets\common\assets\box.png","0.001","21/03/2026 08:14:42 p. m.","True"
"D9164EBD069B5F735EB8EFC557801778498DA37F572EF70E3D35604739E6C613","3","DUPLICATE_REVIEW","RuneforgeCore","box.png","C:\RUNEFOGE_PRO\runeforge\app\_archive\source-zips\Sunshine-master\Sunshine-master\src_assets\common\assets\box.png","0.001","21/03/2026 08:14:42 p. m.","True"
"D92D14E181F9C1E5DED249EE8462E2129E23446FE5BCA61660035C683C7D27FD","1","KEEP_CANDIDATE","RuneforgeCore","Runeforge V2 — Bitácora Operativa (1).pdf","C:\RUNEFOGE_PRO\Runeforge V2 — Bitácora Operativa (1).pdf","0.019","13/04/2026 01:50:26 a. m.","True"
"D92D14E181F9C1E5DED249EE8462E2129E23446FE5BCA61660035C683C7D27FD","2","DUPLICATE_REVIEW","RuneforgeCore","Runeforge V2 — Bitácora Operativa (1).pdf","C:\RUNEFOGE_PRO\RUNEFOGE_PRO\Runeforge V2 — Bitácora Operativa (1).pdf","0.019","13/04/2026 01:50:26 a. m.","False"
"DA0D82CF3082B12619E25E4C3C032812B60963CFE45DF001EA65AF09141BDA3E","1","KEEP_CANDIDATE","RuneforgeCore","ResourceCard.vue","C:\RUNEFOGE_PRO\runeforge-mvp\runeforge-mvp\_archive\source-zips\Sunshine-master\Sunshine-master\src_assets\common\assets\web\ResourceCard.vue","0.002","21/03/2026 08:14:42 p. m.","True"
"DA0D82CF3082B12619E25E4C3C032812B60963CFE45DF001EA65AF09141BDA3E","2","DUPLICATE_REVIEW","RuneforgeCore","ResourceCard.vue","C:\RUNEFOGE_PRO\runeforge\runeforge\app\_archive\source-zips\Sunshine-master\Sunshine-master\src_assets\common\assets\web\ResourceCard.vue","0.002","21/03/2026 08:14:42 p. m.","True"
"DA0D82CF3082B12619E25E4C3C032812B60963CFE45DF001EA65AF09141BDA3E","3","DUPLICATE_REVIEW","RuneforgeCore","ResourceCard.vue","C:\RUNEFOGE_PRO\runeforge\app\_archive\source-zips\Sunshine-master\Sunshine-master\src_assets\common\assets\web\ResourceCard.vue","0.002","21/03/2026 08:14:42 p. m.","True"
"DA38BD6B39965687F2D0B3DF0B8FF1005D4FBD21EC36FEBBDAFC4C2A04C1C2F4","1","KEEP_CANDIDATE","RuneforgeCore","CMakeLists.txt","C:\RUNEFOGE_PRO\runeforge-mvp\runeforge-mvp\_archive\source-zips\Sunshine-master\Sunshine-master\tests\CMakeLists.txt","0.007","21/03/2026 08:14:42 p. m.","True"
"DA38BD6B39965687F2D0B3DF0B8FF1005D4FBD21EC36FEBBDAFC4C2A04C1C2F4","2","DUPLICATE_REVIEW","RuneforgeCore","CMakeLists.txt","C:\RUNEFOGE_PRO\runeforge\runeforge\app\_archive\source-zips\Sunshine-master\Sunshine-master\tests\CMakeLists.txt","0.007","21/03/2026 08:14:42 p. m.","True"
"DA38BD6B39965687F2D0B3DF0B8FF1005D4FBD21EC36FEBBDAFC4C2A04C1C2F4","3","DUPLICATE_REVIEW","RuneforgeCore","CMakeLists.txt","C:\RUNEFOGE_PRO\runeforge\app\_archive\source-zips\Sunshine-master\Sunshine-master\tests\CMakeLists.txt","0.007","21/03/2026 08:14:42 p. m.","True"
"DA69D6F3193E279C892451C17F7E4926AECD4AEAF7300171DDB44C70551260CA","1","KEEP_CANDIDATE","RuneforgeCore","Roboto_Condensed-Bold.ttf","C:\RUNEFOGE_PRO\runeforge-mvp\runeforge-mvp\retro\_downloads\PPSSPPWindowsARM64\assets\Roboto_Condensed-Bold.ttf","0.14","15/03/2026 11:52:35 a. m.","True"
"DA69D6F3193E279C892451C17F7E4926AECD4AEAF7300171DDB44C70551260CA","2","DUPLICATE_REVIEW","RuneforgeCore","Roboto_Condensed-Bold.ttf","C:\RUNEFOGE_PRO\runeforge\runeforge\app\retro\_downloads\PPSSPPWindowsARM64\assets\Roboto_Condensed-Bold.ttf","0.14","15/03/2026 11:52:35 a. m.","True"
"DA69D6F3193E279C892451C17F7E4926AECD4AEAF7300171DDB44C70551260CA","3","DUPLICATE_REVIEW","RuneforgeCore","Roboto_Condensed-Bold.ttf","C:\RUNEFOGE_PRO\runeforge\app\retro\_downloads\PPSSPPWindowsARM64\assets\Roboto_Condensed-Bold.ttf","0.14","15/03/2026 11:52:35 a. m.","True"
"DA71FC6FD1C30EE6751E26E1285D3EFE1CD4310DAD70CF9853C8FD7D91652DC9","1","KEEP_CANDIDATE","RuneforgeCore","main.cpp","C:\RUNEFOGE_PRO\runeforge-mvp\runeforge-mvp\_archive\source-zips\Sunshine-master\Sunshine-master\src\main.cpp","0.013","21/03/2026 08:14:42 p. m.","True"
"DA71FC6FD1C30EE6751E26E1285D3EFE1CD4310DAD70CF9853C8FD7D91652DC9","2","DUPLICATE_REVIEW","RuneforgeCore","main.cpp","C:\RUNEFOGE_PRO\runeforge\runeforge\app\_archive\source-zips\Sunshine-master\Sunshine-master\src\main.cpp","0.013","21/03/2026 08:14:42 p. m.","True"
"DA71FC6FD1C30EE6751E26E1285D3EFE1CD4310DAD70CF9853C8FD7D91652DC9","3","DUPLICATE_REVIEW","RuneforgeCore","main.cpp","C:\RUNEFOGE_PRO\runeforge\app\_archive\source-zips\Sunshine-master\Sunshine-master\src\main.cpp","0.013","21/03/2026 08:14:42 p. m.","True"
"DADF4D858DE5D1D50F676EAAF541B6BA8F9454A074356E75C7D181A522C132EF","1","KEEP_CANDIDATE","RuneforgeCore","ru.json","C:\RUNEFOGE_PRO\runeforge-mvp\runeforge-mvp\_archive\source-zips\Sunshine-master\Sunshine-master\src_assets\common\assets\web\public\assets\locale\ru.json","0.062","21/03/2026 08:14:42 p. m.","True"
"DADF4D858DE5D1D50F676EAAF541B6BA8F9454A074356E75C7D181A522C132EF","2","DUPLICATE_REVIEW","RuneforgeCore","ru.json","C:\RUNEFOGE_PRO\runeforge\runeforge\app\_archive\source-zips\Sunshine-master\Sunshine-master\src_assets\common\assets\web\public\assets\locale\ru.json","0.062","21/03/2026 08:14:42 p. m.","True"
"DADF4D858DE5D1D50F676EAAF541B6BA8F9454A074356E75C7D181A522C132EF","3","DUPLICATE_REVIEW","RuneforgeCore","ru.json","C:\RUNEFOGE_PRO\runeforge\app\_archive\source-zips\Sunshine-master\Sunshine-master\src_assets\common\assets\web\public\assets\locale\ru.json","0.062","21/03/2026 08:14:42 p. m.","True"
"DB0809B153FA31ED246CBB4BC5CBF25F9014B002BC7880A8C2F00537CF08AA24","1","KEEP_CANDIDATE","RuneforgeCore","sunshine-playing.svg","C:\RUNEFOGE_PRO\runeforge-mvp\runeforge-mvp\_archive\source-zips\Sunshine-master\Sunshine-master\src_assets\common\assets\web\public\images\sunshine-playing.svg","0.004","21/03/2026 08:14:42 p. m.","True"
"DB0809B153FA31ED246CBB4BC5CBF25F9014B002BC7880A8C2F00537CF08AA24","2","DUPLICATE_REVIEW","RuneforgeCore","sunshine-playing.svg","C:\RUNEFOGE_PRO\runeforge\runeforge\app\_archive\source-zips\Sunshine-master\Sunshine-master\src_assets\common\assets\web\public\images\sunshine-playing.svg","0.004","21/03/2026 08:14:42 p. m.","True"
"DB0809B153FA31ED246CBB4BC5CBF25F9014B002BC7880A8C2F00537CF08AA24","3","DUPLICATE_REVIEW","RuneforgeCore","sunshine-playing.svg","C:\RUNEFOGE_PRO\runeforge\app\_archive\source-zips\Sunshine-master\Sunshine-master\src_assets\common\assets\web\public\images\sunshine-playing.svg","0.004","21/03/2026 08:14:42 p. m.","True"
"DB0A261EF8A2F5D3478139A98860D25768C23EC212E3F85E30F2CB57C0170247","1","KEEP_CANDIDATE","RuneforgeCore","display_device.cpp","C:\RUNEFOGE_PRO\runeforge-mvp\runeforge-mvp\_archive\source-zips\Sunshine-master\Sunshine-master\src\display_device.cpp","0.033","21/03/2026 08:14:42 p. m.","True"
"DB0A261EF8A2F5D3478139A98860D25768C23EC212E3F85E30F2CB57C0170247","2","DUPLICATE_REVIEW","RuneforgeCore","display_device.cpp","C:\RUNEFOGE_PRO\runeforge\runeforge\app\_archive\source-zips\Sunshine-master\Sunshine-master\src\display_device.cpp","0.033","21/03/2026 08:14:42 p. m.","True"
"DB0A261EF8A2F5D3478139A98860D25768C23EC212E3F85E30F2CB57C0170247","3","DUPLICATE_REVIEW","RuneforgeCore","display_device.cpp","C:\RUNEFOGE_PRO\runeforge\app\_archive\source-zips\Sunshine-master\Sunshine-master\src\display_device.cpp","0.033","21/03/2026 08:14:42 p. m.","True"
"DB426DA35085383FADA4EC6FDD479F32E57634C059EFB4888B916A2C51D05606","1","KEEP_CANDIDATE","RuneforgeCore","_locale.py","C:\RUNEFOGE_PRO\runeforge-mvp\runeforge-mvp\_archive\source-zips\Sunshine-master\Sunshine-master\scripts\_locale.py","0.005","21/03/2026 08:14:42 p. m.","True"
"DB426DA35085383FADA4EC6FDD479F32E57634C059EFB4888B916A2C51D05606","2","DUPLICATE_REVIEW","RuneforgeCore","_locale.py","C:\RUNEFOGE_PRO\runeforge\runeforge\app\_archive\source-zips\Sunshine-master\Sunshine-master\scripts\_locale.py","0.005","21/03/2026 08:14:42 p. m.","True"
"DB426DA35085383FADA4EC6FDD479F32E57634C059EFB4888B916A2C51D05606","3","DUPLICATE_REVIEW","RuneforgeCore","_locale.py","C:\RUNEFOGE_PRO\runeforge\app\_archive\source-zips\Sunshine-master\Sunshine-master\scripts\_locale.py","0.005","21/03/2026 08:14:42 p. m.","True"
"DB867FA37293A46C8C3E8263828F743750D2AE590A830CA3923864DC035E1B4E","1","KEEP_CANDIDATE","Laboratorio","clean.sh","C:\RUNEFOGE_PRO\RUNEFOGE_PRO\lab_v1_1_files\lab\scripts\cmds\clean.sh","0","16/03/2026 07:45:30 p. m.","False"
"DB867FA37293A46C8C3E8263828F743750D2AE590A830CA3923864DC035E1B4E","2","DUPLICATE_REVIEW","Laboratorio","clean.sh","C:\RUNEFOGE_PRO\lab_v1_1_files\lab\scripts\cmds\clean.sh","0","16/03/2026 07:45:30 p. m.","False"
"DBCC16BA93EB8DBC7C7EC934075C644E34D48C5EE4C7E42DE933D399DD4AFADC","1","KEEP_CANDIDATE","RuneforgeCore","it.json","C:\RUNEFOGE_PRO\runeforge-mvp\runeforge-mvp\_archive\source-zips\Sunshine-master\Sunshine-master\src_assets\common\assets\web\public\assets\locale\it.json","0.042","21/03/2026 08:14:42 p. m.","True"
"DBCC16BA93EB8DBC7C7EC934075C644E34D48C5EE4C7E42DE933D399DD4AFADC","2","DUPLICATE_REVIEW","RuneforgeCore","it.json","C:\RUNEFOGE_PRO\runeforge\runeforge\app\_archive\source-zips\Sunshine-master\Sunshine-master\src_assets\common\assets\web\public\assets\locale\it.json","0.042","21/03/2026 08:14:42 p. m.","True"
"DBCC16BA93EB8DBC7C7EC934075C644E34D48C5EE4C7E42DE933D399DD4AFADC","3","DUPLICATE_REVIEW","RuneforgeCore","it.json","C:\RUNEFOGE_PRO\runeforge\app\_archive\source-zips\Sunshine-master\Sunshine-master\src_assets\common\assets\web\public\assets\locale\it.json","0.042","21/03/2026 08:14:42 p. m.","True"
"DC0D10CB3652C232AF18E5CEF7376084E3680E86E37ADDBEA213EDFB5896794B","1","KEEP_CANDIDATE","RuneforgeCore","prompt_memory_update.txt","C:\RUNEFOGE_PRO\runeforge\runeforge\data\commander\snippets\prompt_memory_update.txt","0","24/04/2026 07:42:10 p. m.","True"
"DC0D10CB3652C232AF18E5CEF7376084E3680E86E37ADDBEA213EDFB5896794B","2","DUPLICATE_REVIEW","RuneforgeCore","prompt_memory_update.txt","C:\RUNEFOGE_PRO\runeforge\data\commander\snippets\prompt_memory_update.txt","0","24/04/2026 07:42:10 p. m.","True"
"DC28E8EA863823BF5D2DE3DC81BABC99856983507B67D5BC9051DF7D1969F1B1","1","KEEP_CANDIDATE","RuneforgeCore","naturalA.fsh","C:\RUNEFOGE_PRO\runeforge-mvp\runeforge-mvp\retro\_downloads\PPSSPPWindowsARM64\assets\shaders\naturalA.fsh","0.001","15/03/2026 11:52:35 a. m.","True"
"DC28E8EA863823BF5D2DE3DC81BABC99856983507B67D5BC9051DF7D1969F1B1","2","DUPLICATE_REVIEW","RuneforgeCore","naturalA.fsh","C:\RUNEFOGE_PRO\runeforge\runeforge\app\retro\_downloads\PPSSPPWindowsARM64\assets\shaders\naturalA.fsh","0.001","15/03/2026 11:52:35 a. m.","True"
"DC28E8EA863823BF5D2DE3DC81BABC99856983507B67D5BC9051DF7D1969F1B1","3","DUPLICATE_REVIEW","RuneforgeCore","naturalA.fsh","C:\RUNEFOGE_PRO\runeforge\app\retro\_downloads\PPSSPPWindowsARM64\assets\shaders\naturalA.fsh","0.001","15/03/2026 11:52:35 a. m.","True"
"DC5E90DFC1464597A7EEDB5A9409E091FE6776AFA188FAB914312C4D738C76C8","1","KEEP_CANDIDATE","RuneforgeCore","rtsp.h","C:\RUNEFOGE_PRO\runeforge-mvp\runeforge-mvp\_archive\source-zips\Sunshine-master\Sunshine-master\src\rtsp.h","0.001","21/03/2026 08:14:42 p. m.","True"
"DC5E90DFC1464597A7EEDB5A9409E091FE6776AFA188FAB914312C4D738C76C8","2","DUPLICATE_REVIEW","RuneforgeCore","rtsp.h","C:\RUNEFOGE_PRO\runeforge\runeforge\app\_archive\source-zips\Sunshine-master\Sunshine-master\src\rtsp.h","0.001","21/03/2026 08:14:42 p. m.","True"
"DC5E90DFC1464597A7EEDB5A9409E091FE6776AFA188FAB914312C4D738C76C8","3","DUPLICATE_REVIEW","RuneforgeCore","rtsp.h","C:\RUNEFOGE_PRO\runeforge\app\_archive\source-zips\Sunshine-master\Sunshine-master\src\rtsp.h","0.001","21/03/2026 08:14:42 p. m.","True"
"DD646E963FECB4705210BF34C0F1B2FC93D3926461C56BEDE4986A734BBE36C9","1","KEEP_CANDIDATE","RuneforgeCore","convert_yuv444_packed_y410_ps_linear.hlsl","C:\RUNEFOGE_PRO\runeforge-mvp\runeforge-mvp\_archive\source-zips\Sunshine-master\Sunshine-master\src_assets\windows\assets\shaders\directx\convert_yuv444_packed_y410_ps_linear.hlsl","0","21/03/2026 08:14:42 p. m.","True"
"DD646E963FECB4705210BF34C0F1B2FC93D3926461C56BEDE4986A734BBE36C9","2","DUPLICATE_REVIEW","RuneforgeCore","convert_yuv444_packed_y410_ps_linear.hlsl","C:\RUNEFOGE_PRO\runeforge\runeforge\app\_archive\source-zips\Sunshine-master\Sunshine-master\src_assets\windows\assets\shaders\directx\convert_yuv444_packed_y410_ps_linear.hlsl","0","21/03/2026 08:14:42 p. m.","True"
"DD646E963FECB4705210BF34C0F1B2FC93D3926461C56BEDE4986A734BBE36C9","3","DUPLICATE_REVIEW","RuneforgeCore","convert_yuv444_packed_y410_ps_linear.hlsl","C:\RUNEFOGE_PRO\runeforge\app\_archive\source-zips\Sunshine-master\Sunshine-master\src_assets\windows\assets\shaders\directx\convert_yuv444_packed_y410_ps_linear.hlsl","0","21/03/2026 08:14:42 p. m.","True"
"DDB4108540AF192D4A0C22A62B4778D38F3CA47DF3DF4CB8EEE1ED69FF9F271D","1","KEEP_CANDIDATE","RuneforgeCore","inputtino_mouse.cpp","C:\RUNEFOGE_PRO\runeforge-mvp\runeforge-mvp\_archive\source-zips\Sunshine-master\Sunshine-master\src\platform\linux\input\inputtino_mouse.cpp","0.002","21/03/2026 08:14:42 p. m.","True"
"DDB4108540AF192D4A0C22A62B4778D38F3CA47DF3DF4CB8EEE1ED69FF9F271D","2","DUPLICATE_REVIEW","RuneforgeCore","inputtino_mouse.cpp","C:\RUNEFOGE_PRO\runeforge\runeforge\app\_archive\source-zips\Sunshine-master\Sunshine-master\src\platform\linux\input\inputtino_mouse.cpp","0.002","21/03/2026 08:14:42 p. m.","True"
"DDB4108540AF192D4A0C22A62B4778D38F3CA47DF3DF4CB8EEE1ED69FF9F271D","3","DUPLICATE_REVIEW","RuneforgeCore","inputtino_mouse.cpp","C:\RUNEFOGE_PRO\runeforge\app\_archive\source-zips\Sunshine-master\Sunshine-master\src\platform\linux\input\inputtino_mouse.cpp","0.002","21/03/2026 08:14:42 p. m.","True"
"DDC90604EC0525C43C3084D0F9884274F82C7FDFC888B59C24391C818F9FED6E","1","KEEP_CANDIDATE","RuneforgeCore","no_NO.ini","C:\RUNEFOGE_PRO\runeforge-mvp\runeforge-mvp\retro\_downloads\PPSSPPWindowsARM64\assets\lang\no_NO.ini","0.061","15/03/2026 11:52:35 a. m.","True"
"DDC90604EC0525C43C3084D0F9884274F82C7FDFC888B59C24391C818F9FED6E","2","DUPLICATE_REVIEW","RuneforgeCore","no_NO.ini","C:\RUNEFOGE_PRO\runeforge\runeforge\app\retro\_downloads\PPSSPPWindowsARM64\assets\lang\no_NO.ini","0.061","15/03/2026 11:52:35 a. m.","True"
"DDC90604EC0525C43C3084D0F9884274F82C7FDFC888B59C24391C818F9FED6E","3","DUPLICATE_REVIEW","RuneforgeCore","no_NO.ini","C:\RUNEFOGE_PRO\runeforge\app\retro\_downloads\PPSSPPWindowsARM64\assets\lang\no_NO.ini","0.061","15/03/2026 11:52:35 a. m.","True"
"DE14746614C3B0F7C2ADE1673551D74E47703F082A5F1A09DB04426EF0045673","1","KEEP_CANDIDATE","RuneforgeCore","cuda.cu","C:\RUNEFOGE_PRO\runeforge-mvp\runeforge-mvp\_archive\source-zips\Sunshine-master\Sunshine-master\src\platform\linux\cuda.cu","0.01","21/03/2026 08:14:42 p. m.","True"
"DE14746614C3B0F7C2ADE1673551D74E47703F082A5F1A09DB04426EF0045673","2","DUPLICATE_REVIEW","RuneforgeCore","cuda.cu","C:\RUNEFOGE_PRO\runeforge\runeforge\app\_archive\source-zips\Sunshine-master\Sunshine-master\src\platform\linux\cuda.cu","0.01","21/03/2026 08:14:42 p. m.","True"
"DE14746614C3B0F7C2ADE1673551D74E47703F082A5F1A09DB04426EF0045673","3","DUPLICATE_REVIEW","RuneforgeCore","cuda.cu","C:\RUNEFOGE_PRO\runeforge\app\_archive\source-zips\Sunshine-master\Sunshine-master\src\platform\linux\cuda.cu","0.01","21/03/2026 08:14:42 p. m.","True"
"DE30695F11DCA37F72929ABCBBF54D93B5773B879C2D8DF1D0D6AAFED0B4EA6A","1","KEEP_CANDIDATE","RuneforgeCore","HKCU_Console.reg","C:\RUNEFOGE_PRO\runeforge\runeforge\backups\registry\rollback_20260424_015840\HKCU_Console.reg","0.007","24/04/2026 01:58:40 a. m.","True"
"DE30695F11DCA37F72929ABCBBF54D93B5773B879C2D8DF1D0D6AAFED0B4EA6A","2","DUPLICATE_REVIEW","RuneforgeCore","HKCU_Console.reg","C:\RUNEFOGE_PRO\runeforge\backups\registry\rollback_20260424_015840\HKCU_Console.reg","0.007","24/04/2026 01:58:40 a. m.","True"
"DE9580059169C1FA59E93A86BB2457A4C2277B8E2C61A4B34B7BFF04745BCB80","1","KEEP_CANDIDATE","RuneforgeCore","infra-dns.json","C:\RUNEFOGE_PRO\runeforge-mvp\runeforge-mvp\retro\_downloads\PPSSPPWindowsARM64\assets\infra-dns.json","0.017","15/03/2026 11:52:35 a. m.","True"
"DE9580059169C1FA59E93A86BB2457A4C2277B8E2C61A4B34B7BFF04745BCB80","2","DUPLICATE_REVIEW","RuneforgeCore","infra-dns.json","C:\RUNEFOGE_PRO\runeforge\runeforge\app\retro\_downloads\PPSSPPWindowsARM64\assets\infra-dns.json","0.017","15/03/2026 11:52:35 a. m.","True"
"DE9580059169C1FA59E93A86BB2457A4C2277B8E2C61A4B34B7BFF04745BCB80","3","DUPLICATE_REVIEW","RuneforgeCore","infra-dns.json","C:\RUNEFOGE_PRO\runeforge\app\retro\_downloads\PPSSPPWindowsARM64\assets\infra-dns.json","0.017","15/03/2026 11:52:35 a. m.","True"
"DE98E7DA4ABEB763AF380EC0C5C49B833CFE6B172F8D4E0CAB1D3F797DD16B62","1","KEEP_CANDIDATE","RuneforgeCore","constants.cmake","C:\RUNEFOGE_PRO\runeforge-mvp\runeforge-mvp\_archive\source-zips\Sunshine-master\Sunshine-master\cmake\prep\constants.cmake","0","21/03/2026 08:14:42 p. m.","True"
"DE98E7DA4ABEB763AF380EC0C5C49B833CFE6B172F8D4E0CAB1D3F797DD16B62","2","DUPLICATE_REVIEW","RuneforgeCore","constants.cmake","C:\RUNEFOGE_PRO\runeforge\runeforge\app\_archive\source-zips\Sunshine-master\Sunshine-master\cmake\prep\constants.cmake","0","21/03/2026 08:14:42 p. m.","True"
"DE98E7DA4ABEB763AF380EC0C5C49B833CFE6B172F8D4E0CAB1D3F797DD16B62","3","DUPLICATE_REVIEW","RuneforgeCore","constants.cmake","C:\RUNEFOGE_PRO\runeforge\app\_archive\source-zips\Sunshine-master\Sunshine-master\cmake\prep\constants.cmake","0","21/03/2026 08:14:42 p. m.","True"
"DECDF568FC66D8DA64CAFFB972EEF60EA4F72EDA71924530C69FA1EAD2BAA399","1","KEEP_CANDIDATE","RuneforgeCore","README.md","C:\RUNEFOGE_PRO\runeforge-mvp\runeforge-mvp\_archive\source-zips\Sunshine-master\Sunshine-master\packaging\linux\flatpak\README.md","0.001","21/03/2026 08:14:42 p. m.","True"
"DECDF568FC66D8DA64CAFFB972EEF60EA4F72EDA71924530C69FA1EAD2BAA399","2","DUPLICATE_REVIEW","RuneforgeCore","README.md","C:\RUNEFOGE_PRO\runeforge\runeforge\app\_archive\source-zips\Sunshine-master\Sunshine-master\packaging\linux\flatpak\README.md","0.001","21/03/2026 08:14:42 p. m.","True"
"DECDF568FC66D8DA64CAFFB972EEF60EA4F72EDA71924530C69FA1EAD2BAA399","3","DUPLICATE_REVIEW","RuneforgeCore","README.md","C:\RUNEFOGE_PRO\runeforge\app\_archive\source-zips\Sunshine-master\Sunshine-master\packaging\linux\flatpak\README.md","0.001","21/03/2026 08:14:42 p. m.","True"
"DEEE19B706096B841848BE8F79CE23AE7A474A18970EA69356985C624AEA6ECA","1","KEEP_CANDIDATE","RuneforgeCore","convert_yuv420_planar_y_ps_perceptual_quantizer.hlsl","C:\RUNEFOGE_PRO\runeforge-mvp\runeforge-mvp\_archive\source-zips\Sunshine-master\Sunshine-master\src_assets\windows\assets\shaders\directx\convert_yuv420_planar_y_ps_perceptual_quantizer.hlsl","0","21/03/2026 08:14:42 p. m.","True"
"DEEE19B706096B841848BE8F79CE23AE7A474A18970EA69356985C624AEA6ECA","2","DUPLICATE_REVIEW","RuneforgeCore","convert_yuv420_planar_y_ps_perceptual_quantizer.hlsl","C:\RUNEFOGE_PRO\runeforge\runeforge\app\_archive\source-zips\Sunshine-master\Sunshine-master\src_assets\windows\assets\shaders\directx\convert_yuv420_planar_y_ps_perceptual_quantizer.hlsl","0","21/03/2026 08:14:42 p. m.","True"
"DEEE19B706096B841848BE8F79CE23AE7A474A18970EA69356985C624AEA6ECA","3","DUPLICATE_REVIEW","RuneforgeCore","convert_yuv420_planar_y_ps_perceptual_quantizer.hlsl","C:\RUNEFOGE_PRO\runeforge\app\_archive\source-zips\Sunshine-master\Sunshine-master\src_assets\windows\assets\shaders\directx\convert_yuv420_planar_y_ps_perceptual_quantizer.hlsl","0","21/03/2026 08:14:42 p. m.","True"
"DF19C014BAD0A943850F8DBE66029BFC028E188074EAEC4A19C1C5FC67847E85","1","KEEP_CANDIDATE","RuneforgeCore","config.cpp","C:\RUNEFOGE_PRO\runeforge-mvp\runeforge-mvp\_archive\source-zips\Sunshine-master\Sunshine-master\src\config.cpp","0.05","21/03/2026 08:14:42 p. m.","True"
"DF19C014BAD0A943850F8DBE66029BFC028E188074EAEC4A19C1C5FC67847E85","2","DUPLICATE_REVIEW","RuneforgeCore","config.cpp","C:\RUNEFOGE_PRO\runeforge\runeforge\app\_archive\source-zips\Sunshine-master\Sunshine-master\src\config.cpp","0.05","21/03/2026 08:14:42 p. m.","True"
"DF19C014BAD0A943850F8DBE66029BFC028E188074EAEC4A19C1C5FC67847E85","3","DUPLICATE_REVIEW","RuneforgeCore","config.cpp","C:\RUNEFOGE_PRO\runeforge\app\_archive\source-zips\Sunshine-master\Sunshine-master\src\config.cpp","0.05","21/03/2026 08:14:42 p. m.","True"
"DF1FC6324384156B8214C84B650BC7231B7208ABA7D7046F3C300A98B2792D6F","1","KEEP_CANDIDATE","RuneforgeCore","auth.ts","C:\RUNEFOGE_PRO\runeforge-v2-ready\runeforge-v2\src\core\auth.ts","0","13/04/2026 01:35:16 a. m.","True"
"DF1FC6324384156B8214C84B650BC7231B7208ABA7D7046F3C300A98B2792D6F","2","DUPLICATE_REVIEW","RuneforgeCore","auth.ts","C:\RUNEFOGE_PRO\RUNEFOGE_PRO\runeforge-v2-ready\runeforge-v2\src\core\auth.ts","0","13/04/2026 01:35:16 a. m.","False"
"DF76E3BE5EBFCA84B56EF5B0BDB5EC1EC2F115CBEB65BA0066683FBB52F7DD62","1","KEEP_CANDIDATE","RuneforgeCore","sunshine-locked-45.png","C:\RUNEFOGE_PRO\runeforge-mvp\runeforge-mvp\_archive\source-zips\Sunshine-master\Sunshine-master\src_assets\common\assets\web\public\images\sunshine-locked-45.png","0.002","21/03/2026 08:14:42 p. m.","True"
"DF76E3BE5EBFCA84B56EF5B0BDB5EC1EC2F115CBEB65BA0066683FBB52F7DD62","2","DUPLICATE_REVIEW","RuneforgeCore","sunshine-locked-45.png","C:\RUNEFOGE_PRO\runeforge\runeforge\app\_archive\source-zips\Sunshine-master\Sunshine-master\src_assets\common\assets\web\public\images\sunshine-locked-45.png","0.002","21/03/2026 08:14:42 p. m.","True"
"DF76E3BE5EBFCA84B56EF5B0BDB5EC1EC2F115CBEB65BA0066683FBB52F7DD62","3","DUPLICATE_REVIEW","RuneforgeCore","sunshine-locked-45.png","C:\RUNEFOGE_PRO\runeforge\app\_archive\source-zips\Sunshine-master\Sunshine-master\src_assets\common\assets\web\public\images\sunshine-locked-45.png","0.002","21/03/2026 08:14:42 p. m.","True"
"DFC1EC7D86BD3157C5AFDD6FA1DA8896F57E9B72CF56A43022E1F2C67D250E01","1","KEEP_CANDIDATE","RuneforgeCore","gl_ES.ini","C:\RUNEFOGE_PRO\runeforge-mvp\runeforge-mvp\retro\_downloads\PPSSPPWindowsARM64\assets\lang\gl_ES.ini","0.062","15/03/2026 11:52:35 a. m.","True"
"DFC1EC7D86BD3157C5AFDD6FA1DA8896F57E9B72CF56A43022E1F2C67D250E01","2","DUPLICATE_REVIEW","RuneforgeCore","gl_ES.ini","C:\RUNEFOGE_PRO\runeforge\runeforge\app\retro\_downloads\PPSSPPWindowsARM64\assets\lang\gl_ES.ini","0.062","15/03/2026 11:52:35 a. m.","True"
"DFC1EC7D86BD3157C5AFDD6FA1DA8896F57E9B72CF56A43022E1F2C67D250E01","3","DUPLICATE_REVIEW","RuneforgeCore","gl_ES.ini","C:\RUNEFOGE_PRO\runeforge\app\retro\_downloads\PPSSPPWindowsARM64\assets\lang\gl_ES.ini","0.062","15/03/2026 11:52:35 a. m.","True"
"E0042B74055BCAF78D763E39019BF2CF9901C9545F5D40427A09BAE29813372B","1","KEEP_CANDIDATE","RuneforgeCore","5xBR.fsh","C:\RUNEFOGE_PRO\runeforge-mvp\runeforge-mvp\retro\_downloads\PPSSPPWindowsARM64\assets\shaders\5xBR.fsh","0.005","15/03/2026 11:52:35 a. m.","True"
"E0042B74055BCAF78D763E39019BF2CF9901C9545F5D40427A09BAE29813372B","2","DUPLICATE_REVIEW","RuneforgeCore","5xBR.fsh","C:\RUNEFOGE_PRO\runeforge\runeforge\app\retro\_downloads\PPSSPPWindowsARM64\assets\shaders\5xBR.fsh","0.005","15/03/2026 11:52:35 a. m.","True"
"E0042B74055BCAF78D763E39019BF2CF9901C9545F5D40427A09BAE29813372B","3","DUPLICATE_REVIEW","RuneforgeCore","5xBR.fsh","C:\RUNEFOGE_PRO\runeforge\app\retro\_downloads\PPSSPPWindowsARM64\assets\shaders\5xBR.fsh","0.005","15/03/2026 11:52:35 a. m.","True"
"E0267ABF9D734E2B9F766F8CB7A496B552C57CDFEACFA0EFDC5BFD21940AE145","1","KEEP_CANDIDATE","RuneforgeCore","Inconsolata-Regular.ttf","C:\RUNEFOGE_PRO\runeforge-mvp\runeforge-mvp\retro\_downloads\PPSSPPWindowsARM64\assets\Inconsolata-Regular.ttf","0.097","15/03/2026 11:52:35 a. m.","True"
"E0267ABF9D734E2B9F766F8CB7A496B552C57CDFEACFA0EFDC5BFD21940AE145","2","DUPLICATE_REVIEW","RuneforgeCore","Inconsolata-Regular.ttf","C:\RUNEFOGE_PRO\runeforge\runeforge\app\retro\_downloads\PPSSPPWindowsARM64\assets\Inconsolata-Regular.ttf","0.097","15/03/2026 11:52:35 a. m.","True"
"E0267ABF9D734E2B9F766F8CB7A496B552C57CDFEACFA0EFDC5BFD21940AE145","3","DUPLICATE_REVIEW","RuneforgeCore","Inconsolata-Regular.ttf","C:\RUNEFOGE_PRO\runeforge\app\retro\_downloads\PPSSPPWindowsARM64\assets\Inconsolata-Regular.ttf","0.097","15/03/2026 11:52:35 a. m.","True"
"E0B9D02127287808BB4F2C21592F7844628A3F73C4170E0994CA9FE159B20713","1","KEEP_CANDIDATE","RuneforgeCore","relay.routes.js","C:\RUNEFOGE_PRO\runeforge-mvp\runeforge-mvp\src\modules\relay\relay.routes.js","0","20/03/2026 06:15:07 a. m.","True"
"E0B9D02127287808BB4F2C21592F7844628A3F73C4170E0994CA9FE159B20713","2","DUPLICATE_REVIEW","RuneforgeCore","relay.routes.js","C:\RUNEFOGE_PRO\runeforge-mvp\runeforge-mvp\runeforge-mvp\src\modules\relay\relay.routes.js","0","20/03/2026 12:15:06 a. m.","True"
"E0B9D02127287808BB4F2C21592F7844628A3F73C4170E0994CA9FE159B20713","3","DUPLICATE_REVIEW","RuneforgeCore","relay.routes.js","C:\RUNEFOGE_PRO\runeforge\runeforge\app\src\modules\relay\relay.routes.js","0","20/03/2026 12:15:06 a. m.","True"
"E0B9D02127287808BB4F2C21592F7844628A3F73C4170E0994CA9FE159B20713","4","DUPLICATE_REVIEW","RuneforgeCore","relay.routes.js","C:\RUNEFOGE_PRO\runeforge\app\src\modules\relay\relay.routes.js","0","20/03/2026 12:15:06 a. m.","True"
"E0D9A77F60026869952E2530DC600AA9A106FF94691F81EAF52AEFFB415552EF","1","KEEP_CANDIDATE","RuneforgeCore","av_img_t.h","C:\RUNEFOGE_PRO\runeforge-mvp\runeforge-mvp\_archive\source-zips\Sunshine-master\Sunshine-master\src\platform\macos\av_img_t.h","0.002","21/03/2026 08:14:42 p. m.","True"
"E0D9A77F60026869952E2530DC600AA9A106FF94691F81EAF52AEFFB415552EF","2","DUPLICATE_REVIEW","RuneforgeCore","av_img_t.h","C:\RUNEFOGE_PRO\runeforge\runeforge\app\_archive\source-zips\Sunshine-master\Sunshine-master\src\platform\macos\av_img_t.h","0.002","21/03/2026 08:14:42 p. m.","True"
"E0D9A77F60026869952E2530DC600AA9A106FF94691F81EAF52AEFFB415552EF","3","DUPLICATE_REVIEW","RuneforgeCore","av_img_t.h","C:\RUNEFOGE_PRO\runeforge\app\_archive\source-zips\Sunshine-master\Sunshine-master\src\platform\macos\av_img_t.h","0.002","21/03/2026 08:14:42 p. m.","True"
"E134DEB5EC46C2C727D8D453ABBFA9A9C774801C3DB869DEAFE626D0A7E95945","1","KEEP_CANDIDATE","RuneforgeCore","fr.json","C:\RUNEFOGE_PRO\runeforge-mvp\runeforge-mvp\_archive\source-zips\Sunshine-master\Sunshine-master\src_assets\common\assets\web\public\assets\locale\fr.json","0.044","21/03/2026 08:14:42 p. m.","True"
"E134DEB5EC46C2C727D8D453ABBFA9A9C774801C3DB869DEAFE626D0A7E95945","2","DUPLICATE_REVIEW","RuneforgeCore","fr.json","C:\RUNEFOGE_PRO\runeforge\runeforge\app\_archive\source-zips\Sunshine-master\Sunshine-master\src_assets\common\assets\web\public\assets\locale\fr.json","0.044","21/03/2026 08:14:42 p. m.","True"
"E134DEB5EC46C2C727D8D453ABBFA9A9C774801C3DB869DEAFE626D0A7E95945","3","DUPLICATE_REVIEW","RuneforgeCore","fr.json","C:\RUNEFOGE_PRO\runeforge\app\_archive\source-zips\Sunshine-master\Sunshine-master\src_assets\common\assets\web\public\assets\locale\fr.json","0.044","21/03/2026 08:14:42 p. m.","True"
"E1441BECAABCBD7E2460B70FE84F7FC9D04F4512676494D62F1C998DCF73A87D","1","KEEP_CANDIDATE","RuneforgeCore","clion-toolchain.dockerfile","C:\RUNEFOGE_PRO\runeforge-mvp\runeforge-mvp\_archive\source-zips\Sunshine-master\Sunshine-master\docker\clion-toolchain.dockerfile","0.002","21/03/2026 08:14:42 p. m.","True"
"E1441BECAABCBD7E2460B70FE84F7FC9D04F4512676494D62F1C998DCF73A87D","2","DUPLICATE_REVIEW","RuneforgeCore","clion-toolchain.dockerfile","C:\RUNEFOGE_PRO\runeforge\runeforge\app\_archive\source-zips\Sunshine-master\Sunshine-master\docker\clion-toolchain.dockerfile","0.002","21/03/2026 08:14:42 p. m.","True"
"E1441BECAABCBD7E2460B70FE84F7FC9D04F4512676494D62F1C998DCF73A87D","3","DUPLICATE_REVIEW","RuneforgeCore","clion-toolchain.dockerfile","C:\RUNEFOGE_PRO\runeforge\app\_archive\source-zips\Sunshine-master\Sunshine-master\docker\clion-toolchain.dockerfile","0.002","21/03/2026 08:14:42 p. m.","True"
"E1994DD7F0FE984BC2936445EBD4EF224AC83A1C321AB3D7399DE276917307F6","1","KEEP_CANDIDATE","RuneforgeCore","nvapi_opensource_wrapper.cpp","C:\RUNEFOGE_PRO\runeforge-mvp\runeforge-mvp\_archive\source-zips\Sunshine-master\Sunshine-master\src\platform\windows\nvprefs\nvapi_opensource_wrapper.cpp","0.004","21/03/2026 08:14:42 p. m.","True"
"E1994DD7F0FE984BC2936445EBD4EF224AC83A1C321AB3D7399DE276917307F6","2","DUPLICATE_REVIEW","RuneforgeCore","nvapi_opensource_wrapper.cpp","C:\RUNEFOGE_PRO\runeforge\runeforge\app\_archive\source-zips\Sunshine-master\Sunshine-master\src\platform\windows\nvprefs\nvapi_opensource_wrapper.cpp","0.004","21/03/2026 08:14:42 p. m.","True"
"E1994DD7F0FE984BC2936445EBD4EF224AC83A1C321AB3D7399DE276917307F6","3","DUPLICATE_REVIEW","RuneforgeCore","nvapi_opensource_wrapper.cpp","C:\RUNEFOGE_PRO\runeforge\app\_archive\source-zips\Sunshine-master\Sunshine-master\src\platform\windows\nvprefs\nvapi_opensource_wrapper.cpp","0.004","21/03/2026 08:14:42 p. m.","True"
"E1B5EA6834FB629491832BC5668DBDCBE6EC4D39BD551A4F8A4E01C67F0421F9","1","KEEP_CANDIDATE","RuneforgeCore","config.html","C:\RUNEFOGE_PRO\runeforge-mvp\runeforge-mvp\_archive\source-zips\Sunshine-master\Sunshine-master\src_assets\common\assets\web\config.html","0.017","21/03/2026 08:14:42 p. m.","True"
"E1B5EA6834FB629491832BC5668DBDCBE6EC4D39BD551A4F8A4E01C67F0421F9","2","DUPLICATE_REVIEW","RuneforgeCore","config.html","C:\RUNEFOGE_PRO\runeforge\runeforge\app\_archive\source-zips\Sunshine-master\Sunshine-master\src_assets\common\assets\web\config.html","0.017","21/03/2026 08:14:42 p. m.","True"
"E1B5EA6834FB629491832BC5668DBDCBE6EC4D39BD551A4F8A4E01C67F0421F9","3","DUPLICATE_REVIEW","RuneforgeCore","config.html","C:\RUNEFOGE_PRO\runeforge\app\_archive\source-zips\Sunshine-master\Sunshine-master\src_assets\common\assets\web\config.html","0.017","21/03/2026 08:14:42 p. m.","True"
"E1EA79EFE95A17A94E3891607F08C64FF17B8B6C6D22513BEDF6CE4430F40048","1","KEEP_CANDIDATE","RuneforgeCore","PlatformLayout.vue","C:\RUNEFOGE_PRO\runeforge-mvp\runeforge-mvp\_archive\source-zips\Sunshine-master\Sunshine-master\src_assets\common\assets\web\PlatformLayout.vue","0.001","21/03/2026 08:14:42 p. m.","True"
"E1EA79EFE95A17A94E3891607F08C64FF17B8B6C6D22513BEDF6CE4430F40048","2","DUPLICATE_REVIEW","RuneforgeCore","PlatformLayout.vue","C:\RUNEFOGE_PRO\runeforge\runeforge\app\_archive\source-zips\Sunshine-master\Sunshine-master\src_assets\common\assets\web\PlatformLayout.vue","0.001","21/03/2026 08:14:42 p. m.","True"
"E1EA79EFE95A17A94E3891607F08C64FF17B8B6C6D22513BEDF6CE4430F40048","3","DUPLICATE_REVIEW","RuneforgeCore","PlatformLayout.vue","C:\RUNEFOGE_PRO\runeforge\app\_archive\source-zips\Sunshine-master\Sunshine-master\src_assets\common\assets\web\PlatformLayout.vue","0.001","21/03/2026 08:14:42 p. m.","True"
"E250F2782E0C72707CE16F73331E2604DAA84C488C8B9C959E2296867C1710BF","1","KEEP_CANDIDATE","RuneforgeCore","ltn9.pgf","C:\RUNEFOGE_PRO\runeforge-mvp\runeforge-mvp\retro\_downloads\PPSSPPWindowsARM64\assets\flash0\font\ltn9.pgf","0.026","15/03/2026 11:52:35 a. m.","True"
"E250F2782E0C72707CE16F73331E2604DAA84C488C8B9C959E2296867C1710BF","2","DUPLICATE_REVIEW","RuneforgeCore","ltn9.pgf","C:\RUNEFOGE_PRO\runeforge\runeforge\app\retro\_downloads\PPSSPPWindowsARM64\assets\flash0\font\ltn9.pgf","0.026","15/03/2026 11:52:35 a. m.","True"
"E250F2782E0C72707CE16F73331E2604DAA84C488C8B9C959E2296867C1710BF","3","DUPLICATE_REVIEW","RuneforgeCore","ltn9.pgf","C:\RUNEFOGE_PRO\runeforge\app\retro\_downloads\PPSSPPWindowsARM64\assets\flash0\font\ltn9.pgf","0.026","15/03/2026 11:52:35 a. m.","True"
"E28493658FFA9AA65F2C1721C83EC5EA313C0F352E12343186E76FA8C8025AD9","1","KEEP_CANDIDATE","RuneforgeCore","misc.h","C:\RUNEFOGE_PRO\runeforge-mvp\runeforge-mvp\_archive\source-zips\Sunshine-master\Sunshine-master\src\platform\windows\misc.h","0.001","21/03/2026 08:14:42 p. m.","True"
"E28493658FFA9AA65F2C1721C83EC5EA313C0F352E12343186E76FA8C8025AD9","2","DUPLICATE_REVIEW","RuneforgeCore","misc.h","C:\RUNEFOGE_PRO\runeforge\runeforge\app\_archive\source-zips\Sunshine-master\Sunshine-master\src\platform\windows\misc.h","0.001","21/03/2026 08:14:42 p. m.","True"
"E28493658FFA9AA65F2C1721C83EC5EA313C0F352E12343186E76FA8C8025AD9","3","DUPLICATE_REVIEW","RuneforgeCore","misc.h","C:\RUNEFOGE_PRO\runeforge\app\_archive\source-zips\Sunshine-master\Sunshine-master\src\platform\windows\misc.h","0.001","21/03/2026 08:14:42 p. m.","True"
"E2B4FFD497DE93905BB35E5C2066D7D9FE4E42A4FB4EC034EC439FFD78AE254E","1","KEEP_CANDIDATE","RuneforgeCore","routes.ts","C:\RUNEFOGE_PRO\runeforge-v2-ready\runeforge-v2\src\modules\actions\routes.ts","0.002","13/04/2026 01:35:16 a. m.","True"
"E2B4FFD497DE93905BB35E5C2066D7D9FE4E42A4FB4EC034EC439FFD78AE254E","2","DUPLICATE_REVIEW","RuneforgeCore","routes.ts","C:\RUNEFOGE_PRO\RUNEFOGE_PRO\runeforge-v2-ready\runeforge-v2\src\modules\actions\routes.ts","0.002","13/04/2026 01:35:16 a. m.","False"
"E30B45662D37516C590CA070C831B44A6883587E223ABD28082CB017623474F7","1","KEEP_CANDIDATE","RuneforgeCore","ltn5.pgf","C:\RUNEFOGE_PRO\runeforge-mvp\runeforge-mvp\retro\_downloads\PPSSPPWindowsARM64\assets\flash0\font\ltn5.pgf","0.037","15/03/2026 11:52:35 a. m.","True"
"E30B45662D37516C590CA070C831B44A6883587E223ABD28082CB017623474F7","2","DUPLICATE_REVIEW","RuneforgeCore","ltn5.pgf","C:\RUNEFOGE_PRO\runeforge\runeforge\app\retro\_downloads\PPSSPPWindowsARM64\assets\flash0\font\ltn5.pgf","0.037","15/03/2026 11:52:35 a. m.","True"
"E30B45662D37516C590CA070C831B44A6883587E223ABD28082CB017623474F7","3","DUPLICATE_REVIEW","RuneforgeCore","ltn5.pgf","C:\RUNEFOGE_PRO\runeforge\app\retro\_downloads\PPSSPPWindowsARM64\assets\flash0\font\ltn5.pgf","0.037","15/03/2026 11:52:35 a. m.","True"
"E3AF21D36421FCDDA095CF78FC52AB174DEFA88852457A93B366C20EB1AFDF3F","1","KEEP_CANDIDATE","RuneforgeCore","nvprefs_interface.cpp","C:\RUNEFOGE_PRO\runeforge-mvp\runeforge-mvp\_archive\source-zips\Sunshine-master\Sunshine-master\src\platform\windows\nvprefs\nvprefs_interface.cpp","0.007","21/03/2026 08:14:42 p. m.","True"
"E3AF21D36421FCDDA095CF78FC52AB174DEFA88852457A93B366C20EB1AFDF3F","2","DUPLICATE_REVIEW","RuneforgeCore","nvprefs_interface.cpp","C:\RUNEFOGE_PRO\runeforge\runeforge\app\_archive\source-zips\Sunshine-master\Sunshine-master\src\platform\windows\nvprefs\nvprefs_interface.cpp","0.007","21/03/2026 08:14:42 p. m.","True"
"E3AF21D36421FCDDA095CF78FC52AB174DEFA88852457A93B366C20EB1AFDF3F","3","DUPLICATE_REVIEW","RuneforgeCore","nvprefs_interface.cpp","C:\RUNEFOGE_PRO\runeforge\app\_archive\source-zips\Sunshine-master\Sunshine-master\src\platform\windows\nvprefs\nvprefs_interface.cpp","0.007","21/03/2026 08:14:42 p. m.","True"
"E3D4874F95F0DB7478F00629700C16E20E09E12D17334C09DE4F0996C6E1959B","1","KEEP_CANDIDATE","RuneforgeCore","macos_build.sh","C:\RUNEFOGE_PRO\runeforge-mvp\runeforge-mvp\_archive\source-zips\Sunshine-master\Sunshine-master\scripts\macos_build.sh","0.006","21/03/2026 08:14:42 p. m.","True"
"E3D4874F95F0DB7478F00629700C16E20E09E12D17334C09DE4F0996C6E1959B","2","DUPLICATE_REVIEW","RuneforgeCore","macos_build.sh","C:\RUNEFOGE_PRO\runeforge\runeforge\app\_archive\source-zips\Sunshine-master\Sunshine-master\scripts\macos_build.sh","0.006","21/03/2026 08:14:42 p. m.","True"
"E3D4874F95F0DB7478F00629700C16E20E09E12D17334C09DE4F0996C6E1959B","3","DUPLICATE_REVIEW","RuneforgeCore","macos_build.sh","C:\RUNEFOGE_PRO\runeforge\app\_archive\source-zips\Sunshine-master\Sunshine-master\scripts\macos_build.sh","0.006","21/03/2026 08:14:42 p. m.","True"
"E3DD86C4269FD1BCE24A43C8ED214F78A1B03125B5972D15BA50EAD567C60BE0","1","KEEP_CANDIDATE","RuneforgeCore","nvhttp.cpp","C:\RUNEFOGE_PRO\runeforge-mvp\runeforge-mvp\_archive\source-zips\Sunshine-master\Sunshine-master\src\nvhttp.cpp","0.04","21/03/2026 08:14:42 p. m.","True"
"E3DD86C4269FD1BCE24A43C8ED214F78A1B03125B5972D15BA50EAD567C60BE0","2","DUPLICATE_REVIEW","RuneforgeCore","nvhttp.cpp","C:\RUNEFOGE_PRO\runeforge\runeforge\app\_archive\source-zips\Sunshine-master\Sunshine-master\src\nvhttp.cpp","0.04","21/03/2026 08:14:42 p. m.","True"
"E3DD86C4269FD1BCE24A43C8ED214F78A1B03125B5972D15BA50EAD567C60BE0","3","DUPLICATE_REVIEW","RuneforgeCore","nvhttp.cpp","C:\RUNEFOGE_PRO\runeforge\app\_archive\source-zips\Sunshine-master\Sunshine-master\src\nvhttp.cpp","0.04","21/03/2026 08:14:42 p. m.","True"
"E425896037BB3F2C872AF7B98D8E6142402F235B3644C5252A41B8D1FF19C94E","1","KEEP_CANDIDATE","RuneforgeCore","sharpen.fsh","C:\RUNEFOGE_PRO\runeforge-mvp\runeforge-mvp\retro\_downloads\PPSSPPWindowsARM64\assets\shaders\sharpen.fsh","0","15/03/2026 11:52:35 a. m.","True"
"E425896037BB3F2C872AF7B98D8E6142402F235B3644C5252A41B8D1FF19C94E","2","DUPLICATE_REVIEW","RuneforgeCore","sharpen.fsh","C:\RUNEFOGE_PRO\runeforge\runeforge\app\retro\_downloads\PPSSPPWindowsARM64\assets\shaders\sharpen.fsh","0","15/03/2026 11:52:35 a. m.","True"
"E425896037BB3F2C872AF7B98D8E6142402F235B3644C5252A41B8D1FF19C94E","3","DUPLICATE_REVIEW","RuneforgeCore","sharpen.fsh","C:\RUNEFOGE_PRO\runeforge\app\retro\_downloads\PPSSPPWindowsARM64\assets\shaders\sharpen.fsh","0","15/03/2026 11:52:35 a. m.","True"
"E4430AB2D14819A792992BB162E76957216475D0457195C74C59105E4BA733A8","1","KEEP_CANDIDATE","RuneforgeCore","Import-LatestTerminalExport.ps1.20260424_185454.bak","C:\RUNEFOGE_PRO\runeforge\runeforge\backups\v43\Import-LatestTerminalExport.ps1.20260424_185454.bak","0.004","24/04/2026 01:11:18 a. m.","True"
"E4430AB2D14819A792992BB162E76957216475D0457195C74C59105E4BA733A8","2","DUPLICATE_REVIEW","RuneforgeCore","Import-LatestTerminalExport.ps1.20260424_185454.bak","C:\RUNEFOGE_PRO\runeforge\backups\v43\Import-LatestTerminalExport.ps1.20260424_185454.bak","0.004","24/04/2026 01:11:18 a. m.","True"
"E4AFDF53315963E2AA29320BD64CF4864CA6E26143D8EDE37B14A57C441F5545","1","KEEP_CANDIDATE","RuneforgeCore","autostart-service.bat","C:\RUNEFOGE_PRO\runeforge-mvp\runeforge-mvp\_archive\source-zips\Sunshine-master\Sunshine-master\src_assets\windows\misc\autostart\autostart-service.bat","0","21/03/2026 08:14:42 p. m.","True"
"E4AFDF53315963E2AA29320BD64CF4864CA6E26143D8EDE37B14A57C441F5545","2","DUPLICATE_REVIEW","RuneforgeCore","autostart-service.bat","C:\RUNEFOGE_PRO\runeforge\runeforge\app\_archive\source-zips\Sunshine-master\Sunshine-master\src_assets\windows\misc\autostart\autostart-service.bat","0","21/03/2026 08:14:42 p. m.","True"
"E4AFDF53315963E2AA29320BD64CF4864CA6E26143D8EDE37B14A57C441F5545","3","DUPLICATE_REVIEW","RuneforgeCore","autostart-service.bat","C:\RUNEFOGE_PRO\runeforge\app\_archive\source-zips\Sunshine-master\Sunshine-master\src_assets\windows\misc\autostart\autostart-service.bat","0","21/03/2026 08:14:42 p. m.","True"
"E4DF609C09D4A996E16DE137554E5C1D423557530A467359FCF7B674E080BC06","1","KEEP_CANDIDATE","Laboratorio","list.sh","C:\RUNEFOGE_PRO\RUNEFOGE_PRO\lab_v1_1_files\lab\scripts\cmds\list.sh","0","16/03/2026 07:45:30 p. m.","False"
"E4DF609C09D4A996E16DE137554E5C1D423557530A467359FCF7B674E080BC06","2","DUPLICATE_REVIEW","Laboratorio","list.sh","C:\RUNEFOGE_PRO\lab_v1_1_files\lab\scripts\cmds\list.sh","0","16/03/2026 07:45:30 p. m.","False"
"E542850BE7F67380A2B5111636381A1CFFB55431CA557D50516250B77F8B182A","1","KEEP_CANDIDATE","RuneforgeCore","vinewood.ini","C:\RUNEFOGE_PRO\runeforge-mvp\runeforge-mvp\retro\_downloads\PPSSPPWindowsARM64\assets\themes\vinewood.ini","0.001","15/03/2026 11:52:35 a. m.","True"
"E542850BE7F67380A2B5111636381A1CFFB55431CA557D50516250B77F8B182A","2","DUPLICATE_REVIEW","RuneforgeCore","vinewood.ini","C:\RUNEFOGE_PRO\runeforge\runeforge\app\retro\_downloads\PPSSPPWindowsARM64\assets\themes\vinewood.ini","0.001","15/03/2026 11:52:35 a. m.","True"
"E542850BE7F67380A2B5111636381A1CFFB55431CA557D50516250B77F8B182A","3","DUPLICATE_REVIEW","RuneforgeCore","vinewood.ini","C:\RUNEFOGE_PRO\runeforge\app\retro\_downloads\PPSSPPWindowsARM64\assets\themes\vinewood.ini","0.001","15/03/2026 11:52:35 a. m.","True"
"E555477BD74E45CD8D547916EE766E3809E65E48C66D7A9336CB88E34B8FD898","1","KEEP_CANDIDATE","RuneforgeCore","dev.lizardbyte.app.Sunshine.yml","C:\RUNEFOGE_PRO\runeforge-mvp\runeforge-mvp\_archive\source-zips\Sunshine-master\Sunshine-master\packaging\linux\flatpak\dev.lizardbyte.app.Sunshine.yml","0.004","21/03/2026 08:14:42 p. m.","True"
"E555477BD74E45CD8D547916EE766E3809E65E48C66D7A9336CB88E34B8FD898","2","DUPLICATE_REVIEW","RuneforgeCore","dev.lizardbyte.app.Sunshine.yml","C:\RUNEFOGE_PRO\runeforge\runeforge\app\_archive\source-zips\Sunshine-master\Sunshine-master\packaging\linux\flatpak\dev.lizardbyte.app.Sunshine.yml","0.004","21/03/2026 08:14:42 p. m.","True"
"E555477BD74E45CD8D547916EE766E3809E65E48C66D7A9336CB88E34B8FD898","3","DUPLICATE_REVIEW","RuneforgeCore","dev.lizardbyte.app.Sunshine.yml","C:\RUNEFOGE_PRO\runeforge\app\_archive\source-zips\Sunshine-master\Sunshine-master\packaging\linux\flatpak\dev.lizardbyte.app.Sunshine.yml","0.004","21/03/2026 08:14:42 p. m.","True"
"E5715363B218804E2A146CE0345D40C9201D2A731DEDB308B2D6D9AB6C174026","1","KEEP_CANDIDATE","RuneforgeCore","ja_JP.ini","C:\RUNEFOGE_PRO\runeforge-mvp\runeforge-mvp\retro\_downloads\PPSSPPWindowsARM64\assets\lang\ja_JP.ini","0.08","15/03/2026 11:52:35 a. m.","True"
"E5715363B218804E2A146CE0345D40C9201D2A731DEDB308B2D6D9AB6C174026","2","DUPLICATE_REVIEW","RuneforgeCore","ja_JP.ini","C:\RUNEFOGE_PRO\runeforge\runeforge\app\retro\_downloads\PPSSPPWindowsARM64\assets\lang\ja_JP.ini","0.08","15/03/2026 11:52:35 a. m.","True"
"E5715363B218804E2A146CE0345D40C9201D2A731DEDB308B2D6D9AB6C174026","3","DUPLICATE_REVIEW","RuneforgeCore","ja_JP.ini","C:\RUNEFOGE_PRO\runeforge\app\retro\_downloads\PPSSPPWindowsARM64\assets\lang\ja_JP.ini","0.08","15/03/2026 11:52:35 a. m.","True"
"E5831725AAAF28395BB1D627AB2305C1AACA65775DF24DEB6F81B92B3BC04833","1","KEEP_CANDIDATE","RuneforgeCore","start.ps1","C:\RUNEFOGE_PRO\runeforge-mvp\runeforge-mvp\scripts\start.ps1","0","20/03/2026 06:15:07 a. m.","True"
"E5831725AAAF28395BB1D627AB2305C1AACA65775DF24DEB6F81B92B3BC04833","2","DUPLICATE_REVIEW","RuneforgeCore","start.ps1","C:\RUNEFOGE_PRO\runeforge-mvp\runeforge-mvp\runeforge-mvp\scripts\start.ps1","0","20/03/2026 12:15:06 a. m.","True"
"E5831725AAAF28395BB1D627AB2305C1AACA65775DF24DEB6F81B92B3BC04833","3","DUPLICATE_REVIEW","RuneforgeCore","start.ps1","C:\RUNEFOGE_PRO\runeforge\runeforge\app\scripts\start.ps1","0","20/03/2026 12:15:06 a. m.","True"
"E5831725AAAF28395BB1D627AB2305C1AACA65775DF24DEB6F81B92B3BC04833","4","DUPLICATE_REVIEW","RuneforgeCore","start.ps1","C:\RUNEFOGE_PRO\runeforge\app\scripts\start.ps1","0","20/03/2026 12:15:06 a. m.","True"
"E5EADA0A15344DFAA6A108E11C0B35BE9B101607E26E7934AAFC6448797D8178","1","KEEP_CANDIDATE","RuneforgeCore","apps.json","C:\RUNEFOGE_PRO\runeforge-mvp\runeforge-mvp\_archive\source-zips\Sunshine-master\Sunshine-master\src_assets\linux\assets\apps.json","0.001","21/03/2026 08:14:42 p. m.","True"
"E5EADA0A15344DFAA6A108E11C0B35BE9B101607E26E7934AAFC6448797D8178","2","DUPLICATE_REVIEW","RuneforgeCore","apps.json","C:\RUNEFOGE_PRO\runeforge\runeforge\app\_archive\source-zips\Sunshine-master\Sunshine-master\src_assets\linux\assets\apps.json","0.001","21/03/2026 08:14:42 p. m.","True"
"E5EADA0A15344DFAA6A108E11C0B35BE9B101607E26E7934AAFC6448797D8178","3","DUPLICATE_REVIEW","RuneforgeCore","apps.json","C:\RUNEFOGE_PRO\runeforge\app\_archive\source-zips\Sunshine-master\Sunshine-master\src_assets\linux\assets\apps.json","0.001","21/03/2026 08:14:42 p. m.","True"
"E612604ADFEB2C95E79FDA401CA49ECC8C84367B7C11D4ACD88882A1136ABECF","1","KEEP_CANDIDATE","RuneforgeCore","common.cmake","C:\RUNEFOGE_PRO\runeforge-mvp\runeforge-mvp\_archive\source-zips\Sunshine-master\Sunshine-master\cmake\dependencies\common.cmake","0.002","21/03/2026 08:14:42 p. m.","True"
"E612604ADFEB2C95E79FDA401CA49ECC8C84367B7C11D4ACD88882A1136ABECF","2","DUPLICATE_REVIEW","RuneforgeCore","common.cmake","C:\RUNEFOGE_PRO\runeforge\runeforge\app\_archive\source-zips\Sunshine-master\Sunshine-master\cmake\dependencies\common.cmake","0.002","21/03/2026 08:14:42 p. m.","True"
"E612604ADFEB2C95E79FDA401CA49ECC8C84367B7C11D4ACD88882A1136ABECF","3","DUPLICATE_REVIEW","RuneforgeCore","common.cmake","C:\RUNEFOGE_PRO\runeforge\app\_archive\source-zips\Sunshine-master\Sunshine-master\cmake\dependencies\common.cmake","0.002","21/03/2026 08:14:42 p. m.","True"
"E6583E690895864726F1215A72C462AA7FA3382EE3EDB5BDF8CBD53C06312B24","1","KEEP_CANDIDATE","RuneforgeCore","ko.json","C:\RUNEFOGE_PRO\runeforge-mvp\runeforge-mvp\_archive\source-zips\Sunshine-master\Sunshine-master\src_assets\common\assets\web\public\assets\locale\ko.json","0.044","21/03/2026 08:14:42 p. m.","True"
"E6583E690895864726F1215A72C462AA7FA3382EE3EDB5BDF8CBD53C06312B24","2","DUPLICATE_REVIEW","RuneforgeCore","ko.json","C:\RUNEFOGE_PRO\runeforge\runeforge\app\_archive\source-zips\Sunshine-master\Sunshine-master\src_assets\common\assets\web\public\assets\locale\ko.json","0.044","21/03/2026 08:14:42 p. m.","True"
"E6583E690895864726F1215A72C462AA7FA3382EE3EDB5BDF8CBD53C06312B24","3","DUPLICATE_REVIEW","RuneforgeCore","ko.json","C:\RUNEFOGE_PRO\runeforge\app\_archive\source-zips\Sunshine-master\Sunshine-master\src_assets\common\assets\web\public\assets\locale\ko.json","0.044","21/03/2026 08:14:42 p. m.","True"
"E6C0FF9E8D26BFC1A89ACDE90DB80DA74A46247707463E861F1881B700BDE6C5","1","KEEP_CANDIDATE","RuneforgeCore","en_US.ini","C:\RUNEFOGE_PRO\runeforge-mvp\runeforge-mvp\retro\_downloads\PPSSPPWindowsARM64\assets\lang\en_US.ini","0.061","15/03/2026 11:52:35 a. m.","True"
"E6C0FF9E8D26BFC1A89ACDE90DB80DA74A46247707463E861F1881B700BDE6C5","2","DUPLICATE_REVIEW","RuneforgeCore","en_US.ini","C:\RUNEFOGE_PRO\runeforge\runeforge\app\retro\_downloads\PPSSPPWindowsARM64\assets\lang\en_US.ini","0.061","15/03/2026 11:52:35 a. m.","True"
"E6C0FF9E8D26BFC1A89ACDE90DB80DA74A46247707463E861F1881B700BDE6C5","3","DUPLICATE_REVIEW","RuneforgeCore","en_US.ini","C:\RUNEFOGE_PRO\runeforge\app\retro\_downloads\PPSSPPWindowsARM64\assets\lang\en_US.ini","0.061","15/03/2026 11:52:35 a. m.","True"
"E76B10B55718A2FBEC7F626240AF2F54C4619B3C4C5AB62D6951008B85C854E5","1","KEEP_CANDIDATE","RuneforgeCore","upnp.h","C:\RUNEFOGE_PRO\runeforge-mvp\runeforge-mvp\_archive\source-zips\Sunshine-master\Sunshine-master\src\upnp.h","0.001","21/03/2026 08:14:42 p. m.","True"
"E76B10B55718A2FBEC7F626240AF2F54C4619B3C4C5AB62D6951008B85C854E5","2","DUPLICATE_REVIEW","RuneforgeCore","upnp.h","C:\RUNEFOGE_PRO\runeforge\runeforge\app\_archive\source-zips\Sunshine-master\Sunshine-master\src\upnp.h","0.001","21/03/2026 08:14:42 p. m.","True"
"E76B10B55718A2FBEC7F626240AF2F54C4619B3C4C5AB62D6951008B85C854E5","3","DUPLICATE_REVIEW","RuneforgeCore","upnp.h","C:\RUNEFOGE_PRO\runeforge\app\_archive\source-zips\Sunshine-master\Sunshine-master\src\upnp.h","0.001","21/03/2026 08:14:42 p. m.","True"
"E7995C4A26AB19D77EF1E92D693558BB0774DD499D3E67CB8C4D8E1F838E02AD","1","KEEP_CANDIDATE","RuneforgeCore","administrators_authorized_keys.20260425_040222.bak","C:\RUNEFOGE_PRO\runeforge\data\audits\security_fix03e_install_generated_termius_key_20260425_040222\administrators_authorized_keys.20260425_040222.bak","0","18/04/2026 12:01:15 a. m.","True"
"E7995C4A26AB19D77EF1E92D693558BB0774DD499D3E67CB8C4D8E1F838E02AD","2","DUPLICATE_REVIEW","RuneforgeCore","authorized_keys.20260425_040222.bak","C:\RUNEFOGE_PRO\runeforge\data\audits\security_fix03e_install_generated_termius_key_20260425_040222\authorized_keys.20260425_040222.bak","0","18/04/2026 12:01:15 a. m.","True"
"E8DD54054E8BA5BFCE216943A01C2BF00F2CE93E092D128B617BC64AFC1B1A6F","1","KEEP_CANDIDATE","RuneforgeCore",".readthedocs.yaml","C:\RUNEFOGE_PRO\runeforge-mvp\runeforge-mvp\_archive\source-zips\Sunshine-master\Sunshine-master\gh-pages-template\.readthedocs.yaml","0.001","21/03/2026 08:14:42 p. m.","True"
"E8DD54054E8BA5BFCE216943A01C2BF00F2CE93E092D128B617BC64AFC1B1A6F","2","DUPLICATE_REVIEW","RuneforgeCore",".readthedocs.yaml","C:\RUNEFOGE_PRO\runeforge\runeforge\app\_archive\source-zips\Sunshine-master\Sunshine-master\gh-pages-template\.readthedocs.yaml","0.001","21/03/2026 08:14:42 p. m.","True"
"E8DD54054E8BA5BFCE216943A01C2BF00F2CE93E092D128B617BC64AFC1B1A6F","3","DUPLICATE_REVIEW","RuneforgeCore",".readthedocs.yaml","C:\RUNEFOGE_PRO\runeforge\app\_archive\source-zips\Sunshine-master\Sunshine-master\gh-pages-template\.readthedocs.yaml","0.001","21/03/2026 08:14:42 p. m.","True"
"E8DD761C2AB0DAC0B4708BF63F821E42234E1FDFC7E6D89CF2F4BE0425E0DAA7","1","KEEP_CANDIDATE","RuneforgeCore","index.html","C:\RUNEFOGE_PRO\runeforge-mvp\runeforge-mvp\_archive\source-zips\Sunshine-master\Sunshine-master\src_assets\common\assets\web\index.html","0.009","21/03/2026 08:14:42 p. m.","True"
"E8DD761C2AB0DAC0B4708BF63F821E42234E1FDFC7E6D89CF2F4BE0425E0DAA7","2","DUPLICATE_REVIEW","RuneforgeCore","index.html","C:\RUNEFOGE_PRO\runeforge\runeforge\app\_archive\source-zips\Sunshine-master\Sunshine-master\src_assets\common\assets\web\index.html","0.009","21/03/2026 08:14:42 p. m.","True"
"E8DD761C2AB0DAC0B4708BF63F821E42234E1FDFC7E6D89CF2F4BE0425E0DAA7","3","DUPLICATE_REVIEW","RuneforgeCore","index.html","C:\RUNEFOGE_PRO\runeforge\app\_archive\source-zips\Sunshine-master\Sunshine-master\src_assets\common\assets\web\index.html","0.009","21/03/2026 08:14:42 p. m.","True"
"E8ECCCC963149508E43E480F165E29F50022DBC5B4F5227B98D47393549DCD61","1","KEEP_CANDIDATE","RuneforgeCore","forge_ui_nexo_v_1_runeforge.jsx","C:\RUNEFOGE_PRO\runeforge-mvp\runeforge-mvp\forge_ui_nexo_v_1_runeforge.jsx","0.016","27/03/2026 01:28:19 a. m.","True"
"E8ECCCC963149508E43E480F165E29F50022DBC5B4F5227B98D47393549DCD61","2","DUPLICATE_REVIEW","RuneforgeCore","forge_ui_nexo_v_1_runeforge.jsx","C:\RUNEFOGE_PRO\runeforge\runeforge\app\forge_ui_nexo_v_1_runeforge.jsx","0.016","27/03/2026 01:28:19 a. m.","True"
"E8ECCCC963149508E43E480F165E29F50022DBC5B4F5227B98D47393549DCD61","3","DUPLICATE_REVIEW","RuneforgeCore","forge_ui_nexo_v_1_runeforge.jsx","C:\RUNEFOGE_PRO\runeforge\app\forge_ui_nexo_v_1_runeforge.jsx","0.016","27/03/2026 01:28:19 a. m.","True"
"E93A8DA6F56C14F50F4390A5C6AE77EC916B59E8889C4C059D9E60DC35E77C62","1","KEEP_CANDIDATE","RuneforgeCore","logo-sunshine-16.png","C:\RUNEFOGE_PRO\runeforge-mvp\runeforge-mvp\_archive\source-zips\Sunshine-master\Sunshine-master\src_assets\common\assets\web\public\images\logo-sunshine-16.png","0.001","21/03/2026 08:14:42 p. m.","True"
"E93A8DA6F56C14F50F4390A5C6AE77EC916B59E8889C4C059D9E60DC35E77C62","2","DUPLICATE_REVIEW","RuneforgeCore","logo-sunshine-16.png","C:\RUNEFOGE_PRO\runeforge\runeforge\app\_archive\source-zips\Sunshine-master\Sunshine-master\src_assets\common\assets\web\public\images\logo-sunshine-16.png","0.001","21/03/2026 08:14:42 p. m.","True"
"E93A8DA6F56C14F50F4390A5C6AE77EC916B59E8889C4C059D9E60DC35E77C62","3","DUPLICATE_REVIEW","RuneforgeCore","logo-sunshine-16.png","C:\RUNEFOGE_PRO\runeforge\app\_archive\source-zips\Sunshine-master\Sunshine-master\src_assets\common\assets\web\public\images\logo-sunshine-16.png","0.001","21/03/2026 08:14:42 p. m.","True"
"E9A51DA7D3783E77277662D6BE90239080A27B6F43D7C2F2628C48EC732B5F4B","1","KEEP_CANDIDATE","RuneforgeCore","terminal-export-bridge.json","C:\RUNEFOGE_PRO\runeforge\runeforge\data\commander\terminal-export-bridge.json","0.001","24/04/2026 01:11:19 a. m.","True"
"E9A51DA7D3783E77277662D6BE90239080A27B6F43D7C2F2628C48EC732B5F4B","2","DUPLICATE_REVIEW","RuneforgeCore","terminal-export-bridge.json","C:\RUNEFOGE_PRO\runeforge\data\commander\terminal-export-bridge.json","0.001","24/04/2026 01:11:19 a. m.","True"
"E9B61364431A236DE3BDEDE1295F9703725BAC4FDE09D507D3024A8D7C7FA6ED","1","KEEP_CANDIDATE","RuneforgeCore","gamestream_migration.md","C:\RUNEFOGE_PRO\runeforge-mvp\runeforge-mvp\_archive\source-zips\Sunshine-master\Sunshine-master\docs\gamestream_migration.md","0.002","21/03/2026 08:14:42 p. m.","True"
"E9B61364431A236DE3BDEDE1295F9703725BAC4FDE09D507D3024A8D7C7FA6ED","2","DUPLICATE_REVIEW","RuneforgeCore","gamestream_migration.md","C:\RUNEFOGE_PRO\runeforge\runeforge\app\_archive\source-zips\Sunshine-master\Sunshine-master\docs\gamestream_migration.md","0.002","21/03/2026 08:14:42 p. m.","True"
"E9B61364431A236DE3BDEDE1295F9703725BAC4FDE09D507D3024A8D7C7FA6ED","3","DUPLICATE_REVIEW","RuneforgeCore","gamestream_migration.md","C:\RUNEFOGE_PRO\runeforge\app\_archive\source-zips\Sunshine-master\Sunshine-master\docs\gamestream_migration.md","0.002","21/03/2026 08:14:42 p. m.","True"
"EA075FD90FDB37249A28EB3A242018A81A71F18A5BC0D6DCFDC819673805B423","1","KEEP_CANDIDATE","RuneforgeCore","aacolor.fsh","C:\RUNEFOGE_PRO\runeforge-mvp\runeforge-mvp\retro\_downloads\PPSSPPWindowsARM64\assets\shaders\aacolor.fsh","0.002","15/03/2026 11:52:35 a. m.","True"
"EA075FD90FDB37249A28EB3A242018A81A71F18A5BC0D6DCFDC819673805B423","2","DUPLICATE_REVIEW","RuneforgeCore","aacolor.fsh","C:\RUNEFOGE_PRO\runeforge\runeforge\app\retro\_downloads\PPSSPPWindowsARM64\assets\shaders\aacolor.fsh","0.002","15/03/2026 11:52:35 a. m.","True"
"EA075FD90FDB37249A28EB3A242018A81A71F18A5BC0D6DCFDC819673805B423","3","DUPLICATE_REVIEW","RuneforgeCore","aacolor.fsh","C:\RUNEFOGE_PRO\runeforge\app\retro\_downloads\PPSSPPWindowsARM64\assets\shaders\aacolor.fsh","0.002","15/03/2026 11:52:35 a. m.","True"
"EA2C8708FADA54240BD545071F1B68A3A24E582691D1790CF2B45FC066519DE5","1","KEEP_CANDIDATE","RuneforgeCore","id_ID.ini","C:\RUNEFOGE_PRO\runeforge-mvp\runeforge-mvp\retro\_downloads\PPSSPPWindowsARM64\assets\lang\id_ID.ini","0.065","15/03/2026 11:52:35 a. m.","True"
"EA2C8708FADA54240BD545071F1B68A3A24E582691D1790CF2B45FC066519DE5","2","DUPLICATE_REVIEW","RuneforgeCore","id_ID.ini","C:\RUNEFOGE_PRO\runeforge\runeforge\app\retro\_downloads\PPSSPPWindowsARM64\assets\lang\id_ID.ini","0.065","15/03/2026 11:52:35 a. m.","True"
"EA2C8708FADA54240BD545071F1B68A3A24E582691D1790CF2B45FC066519DE5","3","DUPLICATE_REVIEW","RuneforgeCore","id_ID.ini","C:\RUNEFOGE_PRO\runeforge\app\retro\_downloads\PPSSPPWindowsARM64\assets\lang\id_ID.ini","0.065","15/03/2026 11:52:35 a. m.","True"
"EA3EE2FB6B605B952E5700EE2BB0D12A866BBB33BBA9F39BA9043DDD424F50B7","1","KEEP_CANDIDATE","RuneforgeCore","AdobeStock_305732536.jpeg","C:\RUNEFOGE_PRO\runeforge-mvp\runeforge-mvp\_archive\source-zips\Sunshine-master\Sunshine-master\gh-pages-template\assets\img\banners\AdobeStock_305732536.jpeg","4.963","21/03/2026 08:14:42 p. m.","True"
"EA3EE2FB6B605B952E5700EE2BB0D12A866BBB33BBA9F39BA9043DDD424F50B7","2","DUPLICATE_REVIEW","RuneforgeCore","AdobeStock_305732536.jpeg","C:\RUNEFOGE_PRO\runeforge\runeforge\app\_archive\source-zips\Sunshine-master\Sunshine-master\gh-pages-template\assets\img\banners\AdobeStock_305732536.jpeg","4.963","21/03/2026 08:14:42 p. m.","True"
"EA3EE2FB6B605B952E5700EE2BB0D12A866BBB33BBA9F39BA9043DDD424F50B7","3","DUPLICATE_REVIEW","RuneforgeCore","AdobeStock_305732536.jpeg","C:\RUNEFOGE_PRO\runeforge\app\_archive\source-zips\Sunshine-master\Sunshine-master\gh-pages-template\assets\img\banners\AdobeStock_305732536.jpeg","4.963","21/03/2026 08:14:42 p. m.","True"
"EA54062BDCA386278262341786574163F4D1917A0020F04AB525BC9A1CB12B02","1","KEEP_CANDIDATE","RuneforgeCore","test_stream.cpp","C:\RUNEFOGE_PRO\runeforge-mvp\runeforge-mvp\_archive\source-zips\Sunshine-master\Sunshine-master\tests\unit\test_stream.cpp","0.001","21/03/2026 08:14:42 p. m.","True"
"EA54062BDCA386278262341786574163F4D1917A0020F04AB525BC9A1CB12B02","2","DUPLICATE_REVIEW","RuneforgeCore","test_stream.cpp","C:\RUNEFOGE_PRO\runeforge\runeforge\app\_archive\source-zips\Sunshine-master\Sunshine-master\tests\unit\test_stream.cpp","0.001","21/03/2026 08:14:42 p. m.","True"
"EA54062BDCA386278262341786574163F4D1917A0020F04AB525BC9A1CB12B02","3","DUPLICATE_REVIEW","RuneforgeCore","test_stream.cpp","C:\RUNEFOGE_PRO\runeforge\app\_archive\source-zips\Sunshine-master\Sunshine-master\tests\unit\test_stream.cpp","0.001","21/03/2026 08:14:42 p. m.","True"
"EAFBA3E2B76A8E8DDC8AC7652234C473A1EF42E5F93F607E0C7C6E48E2CE0D30","1","KEEP_CANDIDATE","RuneforgeCore","nv12_zero_device.h","C:\RUNEFOGE_PRO\runeforge-mvp\runeforge-mvp\_archive\source-zips\Sunshine-master\Sunshine-master\src\platform\macos\nv12_zero_device.h","0.001","21/03/2026 08:14:42 p. m.","True"
"EAFBA3E2B76A8E8DDC8AC7652234C473A1EF42E5F93F607E0C7C6E48E2CE0D30","2","DUPLICATE_REVIEW","RuneforgeCore","nv12_zero_device.h","C:\RUNEFOGE_PRO\runeforge\runeforge\app\_archive\source-zips\Sunshine-master\Sunshine-master\src\platform\macos\nv12_zero_device.h","0.001","21/03/2026 08:14:42 p. m.","True"
"EAFBA3E2B76A8E8DDC8AC7652234C473A1EF42E5F93F607E0C7C6E48E2CE0D30","3","DUPLICATE_REVIEW","RuneforgeCore","nv12_zero_device.h","C:\RUNEFOGE_PRO\runeforge\app\_archive\source-zips\Sunshine-master\Sunshine-master\src\platform\macos\nv12_zero_device.h","0.001","21/03/2026 08:14:42 p. m.","True"
"EB7550F9CF82DD9032CF98F1546C1C45EE3D4994EFE2880D6DC88C2347A0279F","1","KEEP_CANDIDATE","RuneforgeCore","Start-Runeforge-Commander-V43_5.ps1","C:\RUNEFOGE_PRO\runeforge\scripts\Start-Runeforge-Commander-V43_5.ps1","0.001","25/04/2026 02:12:48 a. m.","True"
"EB7550F9CF82DD9032CF98F1546C1C45EE3D4994EFE2880D6DC88C2347A0279F","2","DUPLICATE_REVIEW","RuneforgeCore","Start-Runeforge-Panel.ps1.20260425_022013.v43_6_backup","C:\RUNEFOGE_PRO\runeforge\backups\commander\Start-Runeforge-Panel.ps1.20260425_022013.v43_6_backup","0.001","25/04/2026 02:12:48 a. m.","True"
"EBA1ADB3FDBE5F7D820CFFC4F2BEDF68B91DD3DF69D09B140DDBE390A5CB0C92","1","KEEP_CANDIDATE","RuneforgeCore","scanlines.fsh","C:\RUNEFOGE_PRO\runeforge-mvp\runeforge-mvp\retro\_downloads\PPSSPPWindowsARM64\assets\shaders\scanlines.fsh","0.001","15/03/2026 11:52:35 a. m.","True"
"EBA1ADB3FDBE5F7D820CFFC4F2BEDF68B91DD3DF69D09B140DDBE390A5CB0C92","2","DUPLICATE_REVIEW","RuneforgeCore","scanlines.fsh","C:\RUNEFOGE_PRO\runeforge\runeforge\app\retro\_downloads\PPSSPPWindowsARM64\assets\shaders\scanlines.fsh","0.001","15/03/2026 11:52:35 a. m.","True"
"EBA1ADB3FDBE5F7D820CFFC4F2BEDF68B91DD3DF69D09B140DDBE390A5CB0C92","3","DUPLICATE_REVIEW","RuneforgeCore","scanlines.fsh","C:\RUNEFOGE_PRO\runeforge\app\retro\_downloads\PPSSPPWindowsARM64\assets\shaders\scanlines.fsh","0.001","15/03/2026 11:52:35 a. m.","True"
"EBB94EFD7D18143D6C6D54AE7AA5CC801D8C56DC7CA613C779CC60DC8B640A16","1","KEEP_CANDIDATE","RuneforgeCore","ltn11.pgf","C:\RUNEFOGE_PRO\runeforge-mvp\runeforge-mvp\retro\_downloads\PPSSPPWindowsARM64\assets\flash0\font\ltn11.pgf","0.028","15/03/2026 11:52:35 a. m.","True"
"EBB94EFD7D18143D6C6D54AE7AA5CC801D8C56DC7CA613C779CC60DC8B640A16","2","DUPLICATE_REVIEW","RuneforgeCore","ltn11.pgf","C:\RUNEFOGE_PRO\runeforge\runeforge\app\retro\_downloads\PPSSPPWindowsARM64\assets\flash0\font\ltn11.pgf","0.028","15/03/2026 11:52:35 a. m.","True"
"EBB94EFD7D18143D6C6D54AE7AA5CC801D8C56DC7CA613C779CC60DC8B640A16","3","DUPLICATE_REVIEW","RuneforgeCore","ltn11.pgf","C:\RUNEFOGE_PRO\runeforge\app\retro\_downloads\PPSSPPWindowsARM64\assets\flash0\font\ltn11.pgf","0.028","15/03/2026 11:52:35 a. m.","True"
"ECFDFC8C7F1EE367DDA81FF3177AF626B5BF64014315CE0C389903C40964B4BF","1","KEEP_CANDIDATE","RuneforgeCore","ltn2.pgf","C:\RUNEFOGE_PRO\runeforge-mvp\runeforge-mvp\retro\_downloads\PPSSPPWindowsARM64\assets\flash0\font\ltn2.pgf","0.039","15/03/2026 11:52:35 a. m.","True"
"ECFDFC8C7F1EE367DDA81FF3177AF626B5BF64014315CE0C389903C40964B4BF","2","DUPLICATE_REVIEW","RuneforgeCore","ltn2.pgf","C:\RUNEFOGE_PRO\runeforge\runeforge\app\retro\_downloads\PPSSPPWindowsARM64\assets\flash0\font\ltn2.pgf","0.039","15/03/2026 11:52:35 a. m.","True"
"ECFDFC8C7F1EE367DDA81FF3177AF626B5BF64014315CE0C389903C40964B4BF","3","DUPLICATE_REVIEW","RuneforgeCore","ltn2.pgf","C:\RUNEFOGE_PRO\runeforge\app\retro\_downloads\PPSSPPWindowsARM64\assets\flash0\font\ltn2.pgf","0.039","15/03/2026 11:52:35 a. m.","True"
"ED0A7F85199ACA8745B90CC7E9C786BCC799248ADF81EFE5E84ED6959FA0B32F","1","KEEP_CANDIDATE","RuneforgeCore","cartoon.fsh","C:\RUNEFOGE_PRO\runeforge-mvp\runeforge-mvp\retro\_downloads\PPSSPPWindowsARM64\assets\shaders\cartoon.fsh","0.001","15/03/2026 11:52:35 a. m.","True"
"ED0A7F85199ACA8745B90CC7E9C786BCC799248ADF81EFE5E84ED6959FA0B32F","2","DUPLICATE_REVIEW","RuneforgeCore","cartoon.fsh","C:\RUNEFOGE_PRO\runeforge\runeforge\app\retro\_downloads\PPSSPPWindowsARM64\assets\shaders\cartoon.fsh","0.001","15/03/2026 11:52:35 a. m.","True"
"ED0A7F85199ACA8745B90CC7E9C786BCC799248ADF81EFE5E84ED6959FA0B32F","3","DUPLICATE_REVIEW","RuneforgeCore","cartoon.fsh","C:\RUNEFOGE_PRO\runeforge\app\retro\_downloads\PPSSPPWindowsARM64\assets\shaders\cartoon.fsh","0.001","15/03/2026 11:52:35 a. m.","True"
"ED4B562532094825996BEAF6359E7DA0F0DD0633608899599150E9061AE22343","1","KEEP_CANDIDATE","RuneforgeCore","api.ts","C:\RUNEFOGE_PRO\runeforge-v2-ready\runeforge-v2\src\types\api.ts","0","13/04/2026 01:35:16 a. m.","True"
"ED4B562532094825996BEAF6359E7DA0F0DD0633608899599150E9061AE22343","2","DUPLICATE_REVIEW","RuneforgeCore","api.ts","C:\RUNEFOGE_PRO\RUNEFOGE_PRO\runeforge-v2-ready\runeforge-v2\src\types\api.ts","0","13/04/2026 01:35:16 a. m.","False"
"ED59B134E64597BAEB109A3567AD7C29936E77D0074398A5AD23606FB48D3108","1","KEEP_CANDIDATE","RuneforgeCore","steam.png","C:\RUNEFOGE_PRO\runeforge-mvp\runeforge-mvp\_archive\source-zips\Sunshine-master\Sunshine-master\src_assets\common\assets\steam.png","0.024","21/03/2026 08:14:42 p. m.","True"
"ED59B134E64597BAEB109A3567AD7C29936E77D0074398A5AD23606FB48D3108","2","DUPLICATE_REVIEW","RuneforgeCore","steam.png","C:\RUNEFOGE_PRO\runeforge\runeforge\app\_archive\source-zips\Sunshine-master\Sunshine-master\src_assets\common\assets\steam.png","0.024","21/03/2026 08:14:42 p. m.","True"
"ED59B134E64597BAEB109A3567AD7C29936E77D0074398A5AD23606FB48D3108","3","DUPLICATE_REVIEW","RuneforgeCore","steam.png","C:\RUNEFOGE_PRO\runeforge\app\_archive\source-zips\Sunshine-master\Sunshine-master\src_assets\common\assets\steam.png","0.024","21/03/2026 08:14:42 p. m.","True"
"ED9C8E7A5943288B1C259649348FD6F6CDB017E6C3B0A585347C0446ACBCB5FE","1","KEEP_CANDIDATE","RuneforgeCore","defender-pre.json","C:\RUNEFOGE_PRO\runeforge\runeforge\backups\hardening-20260423_235916\defender-pre.json","0.236","23/04/2026 11:59:25 p. m.","True"
"ED9C8E7A5943288B1C259649348FD6F6CDB017E6C3B0A585347C0446ACBCB5FE","2","DUPLICATE_REVIEW","RuneforgeCore","defender-pre.json","C:\RUNEFOGE_PRO\runeforge\backups\hardening-20260423_235916\defender-pre.json","0.236","23/04/2026 11:59:25 p. m.","True"
"EE0CE9F1B9B950E55C210235ACC210DC13FAECA49D655DB8578EE1A558867473","1","KEEP_CANDIDATE","RuneforgeCore","fr_FR.ini","C:\RUNEFOGE_PRO\runeforge-mvp\runeforge-mvp\retro\_downloads\PPSSPPWindowsARM64\assets\lang\fr_FR.ini","0.067","15/03/2026 11:52:35 a. m.","True"
"EE0CE9F1B9B950E55C210235ACC210DC13FAECA49D655DB8578EE1A558867473","2","DUPLICATE_REVIEW","RuneforgeCore","fr_FR.ini","C:\RUNEFOGE_PRO\runeforge\runeforge\app\retro\_downloads\PPSSPPWindowsARM64\assets\lang\fr_FR.ini","0.067","15/03/2026 11:52:35 a. m.","True"
"EE0CE9F1B9B950E55C210235ACC210DC13FAECA49D655DB8578EE1A558867473","3","DUPLICATE_REVIEW","RuneforgeCore","fr_FR.ini","C:\RUNEFOGE_PRO\runeforge\app\retro\_downloads\PPSSPPWindowsARM64\assets\lang\fr_FR.ini","0.067","15/03/2026 11:52:35 a. m.","True"
"EEEC9E5E131BE42448D6667F3BEAA12C2568F93C4E67B1F71BE655C242FD69D5","1","KEEP_CANDIDATE","RuneforgeCore","template_header.html","C:\RUNEFOGE_PRO\runeforge-mvp\runeforge-mvp\_archive\source-zips\Sunshine-master\Sunshine-master\src_assets\common\assets\web\template_header.html","0","21/03/2026 08:14:42 p. m.","True"
"EEEC9E5E131BE42448D6667F3BEAA12C2568F93C4E67B1F71BE655C242FD69D5","2","DUPLICATE_REVIEW","RuneforgeCore","template_header.html","C:\RUNEFOGE_PRO\runeforge\runeforge\app\_archive\source-zips\Sunshine-master\Sunshine-master\src_assets\common\assets\web\template_header.html","0","21/03/2026 08:14:42 p. m.","True"
"EEEC9E5E131BE42448D6667F3BEAA12C2568F93C4E67B1F71BE655C242FD69D5","3","DUPLICATE_REVIEW","RuneforgeCore","template_header.html","C:\RUNEFOGE_PRO\runeforge\app\_archive\source-zips\Sunshine-master\Sunshine-master\src_assets\common\assets\web\template_header.html","0","21/03/2026 08:14:42 p. m.","True"
"EF3A4003C66E851C2916B4352EB54EF623884695908D27A85FB3F6818969AF1B","1","KEEP_CANDIDATE","RuneforgeCore","4xhqglsl.fsh","C:\RUNEFOGE_PRO\runeforge-mvp\runeforge-mvp\retro\_downloads\PPSSPPWindowsARM64\assets\shaders\4xhqglsl.fsh","0.002","15/03/2026 11:52:35 a. m.","True"
"EF3A4003C66E851C2916B4352EB54EF623884695908D27A85FB3F6818969AF1B","2","DUPLICATE_REVIEW","RuneforgeCore","4xhqglsl.fsh","C:\RUNEFOGE_PRO\runeforge\runeforge\app\retro\_downloads\PPSSPPWindowsARM64\assets\shaders\4xhqglsl.fsh","0.002","15/03/2026 11:52:35 a. m.","True"
"EF3A4003C66E851C2916B4352EB54EF623884695908D27A85FB3F6818969AF1B","3","DUPLICATE_REVIEW","RuneforgeCore","4xhqglsl.fsh","C:\RUNEFOGE_PRO\runeforge\app\retro\_downloads\PPSSPPWindowsARM64\assets\shaders\4xhqglsl.fsh","0.002","15/03/2026 11:52:35 a. m.","True"
"EF8A71496588F03C1F4F0D70721614A9316BFAF3E1C3AF518316CE2D62A8A16A","1","KEEP_CANDIDATE","RuneforgeCore","base_vs.hlsl","C:\RUNEFOGE_PRO\runeforge-mvp\runeforge-mvp\_archive\source-zips\Sunshine-master\Sunshine-master\src_assets\windows\assets\shaders\directx\include\base_vs.hlsl","0.002","21/03/2026 08:14:42 p. m.","True"
"EF8A71496588F03C1F4F0D70721614A9316BFAF3E1C3AF518316CE2D62A8A16A","2","DUPLICATE_REVIEW","RuneforgeCore","base_vs.hlsl","C:\RUNEFOGE_PRO\runeforge\runeforge\app\_archive\source-zips\Sunshine-master\Sunshine-master\src_assets\windows\assets\shaders\directx\include\base_vs.hlsl","0.002","21/03/2026 08:14:42 p. m.","True"
"EF8A71496588F03C1F4F0D70721614A9316BFAF3E1C3AF518316CE2D62A8A16A","3","DUPLICATE_REVIEW","RuneforgeCore","base_vs.hlsl","C:\RUNEFOGE_PRO\runeforge\app\_archive\source-zips\Sunshine-master\Sunshine-master\src_assets\windows\assets\shaders\directx\include\base_vs.hlsl","0.002","21/03/2026 08:14:42 p. m.","True"
"EFF5F6A8A52E1DE87DEAC606DB76DD2BD6E453EE4573FC957019BAAFAFA80804","1","KEEP_CANDIDATE","RuneforgeCore","system.ts","C:\RUNEFOGE_PRO\runeforge-v2-ready\runeforge-v2\src\modules\chat\skills\system.ts","0","13/04/2026 01:35:16 a. m.","True"
"EFF5F6A8A52E1DE87DEAC606DB76DD2BD6E453EE4573FC957019BAAFAFA80804","2","DUPLICATE_REVIEW","RuneforgeCore","system.ts","C:\RUNEFOGE_PRO\RUNEFOGE_PRO\runeforge-v2-ready\runeforge-v2\src\modules\chat\skills\system.ts","0","13/04/2026 01:35:16 a. m.","False"
"F01BC99FA83F8F72CA339F044B2F2A92A11F0F1CE9A898B4D9CC8B466CCF9C05","1","KEEP_CANDIDATE","RuneforgeCore","AdapterNameSelector.vue","C:\RUNEFOGE_PRO\runeforge-mvp\runeforge-mvp\_archive\source-zips\Sunshine-master\Sunshine-master\src_assets\common\assets\web\configs\tabs\audiovideo\AdapterNameSelector.vue","0.002","21/03/2026 08:14:42 p. m.","True"
"F01BC99FA83F8F72CA339F044B2F2A92A11F0F1CE9A898B4D9CC8B466CCF9C05","2","DUPLICATE_REVIEW","RuneforgeCore","AdapterNameSelector.vue","C:\RUNEFOGE_PRO\runeforge\runeforge\app\_archive\source-zips\Sunshine-master\Sunshine-master\src_assets\common\assets\web\configs\tabs\audiovideo\AdapterNameSelector.vue","0.002","21/03/2026 08:14:42 p. m.","True"
"F01BC99FA83F8F72CA339F044B2F2A92A11F0F1CE9A898B4D9CC8B466CCF9C05","3","DUPLICATE_REVIEW","RuneforgeCore","AdapterNameSelector.vue","C:\RUNEFOGE_PRO\runeforge\app\_archive\source-zips\Sunshine-master\Sunshine-master\src_assets\common\assets\web\configs\tabs\audiovideo\AdapterNameSelector.vue","0.002","21/03/2026 08:14:42 p. m.","True"
"F0C5F0C0FF9ACD838CDB497BC0A4118155334C77B0CA28FDA549E78AAE4532BB","1","KEEP_CANDIDATE","RuneforgeCore","config.yml","C:\RUNEFOGE_PRO\runeforge-mvp\runeforge-mvp\_archive\source-zips\Sunshine-master\Sunshine-master\.github\ISSUE_TEMPLATE\config.yml","0.001","21/03/2026 08:14:42 p. m.","True"
"F0C5F0C0FF9ACD838CDB497BC0A4118155334C77B0CA28FDA549E78AAE4532BB","2","DUPLICATE_REVIEW","RuneforgeCore","config.yml","C:\RUNEFOGE_PRO\runeforge\runeforge\app\_archive\source-zips\Sunshine-master\Sunshine-master\.github\ISSUE_TEMPLATE\config.yml","0.001","21/03/2026 08:14:42 p. m.","True"
"F0C5F0C0FF9ACD838CDB497BC0A4118155334C77B0CA28FDA549E78AAE4532BB","3","DUPLICATE_REVIEW","RuneforgeCore","config.yml","C:\RUNEFOGE_PRO\runeforge\app\_archive\source-zips\Sunshine-master\Sunshine-master\.github\ISSUE_TEMPLATE\config.yml","0.001","21/03/2026 08:14:42 p. m.","True"
"F114291A84F74E929ED8C3572E145511F78AC21448287B382C17548257FE45D8","1","KEEP_CANDIDATE","RuneforgeCore","process.cpp","C:\RUNEFOGE_PRO\runeforge-mvp\runeforge-mvp\_archive\source-zips\Sunshine-master\Sunshine-master\src\process.cpp","0.025","21/03/2026 08:14:42 p. m.","True"
"F114291A84F74E929ED8C3572E145511F78AC21448287B382C17548257FE45D8","2","DUPLICATE_REVIEW","RuneforgeCore","process.cpp","C:\RUNEFOGE_PRO\runeforge\runeforge\app\_archive\source-zips\Sunshine-master\Sunshine-master\src\process.cpp","0.025","21/03/2026 08:14:42 p. m.","True"
"F114291A84F74E929ED8C3572E145511F78AC21448287B382C17548257FE45D8","3","DUPLICATE_REVIEW","RuneforgeCore","process.cpp","C:\RUNEFOGE_PRO\runeforge\app\_archive\source-zips\Sunshine-master\Sunshine-master\src\process.cpp","0.025","21/03/2026 08:14:42 p. m.","True"
"F1928BCDA505A552C2771F39D935CE982325D6B1671D76100374E20ECBE3DFEA","1","KEEP_CANDIDATE","RuneforgeCore","rtsp.cpp","C:\RUNEFOGE_PRO\runeforge-mvp\runeforge-mvp\_archive\source-zips\Sunshine-master\Sunshine-master\src\rtsp.cpp","0.043","21/03/2026 08:14:42 p. m.","True"
"F1928BCDA505A552C2771F39D935CE982325D6B1671D76100374E20ECBE3DFEA","2","DUPLICATE_REVIEW","RuneforgeCore","rtsp.cpp","C:\RUNEFOGE_PRO\runeforge\runeforge\app\_archive\source-zips\Sunshine-master\Sunshine-master\src\rtsp.cpp","0.043","21/03/2026 08:14:42 p. m.","True"
"F1928BCDA505A552C2771F39D935CE982325D6B1671D76100374E20ECBE3DFEA","3","DUPLICATE_REVIEW","RuneforgeCore","rtsp.cpp","C:\RUNEFOGE_PRO\runeforge\app\_archive\source-zips\Sunshine-master\Sunshine-master\src\rtsp.cpp","0.043","21/03/2026 08:14:42 p. m.","True"
"F2C580302CE705F1D89A9297AB835B69A29827AC267B4EF59009D3F62978E16F","1","KEEP_CANDIDATE","RuneforgeCore","Import-LatestTerminalExport.ps1","C:\RUNEFOGE_PRO\runeforge\scripts\Import-LatestTerminalExport.ps1","0.004","24/04/2026 06:54:55 p. m.","True"
"F2C580302CE705F1D89A9297AB835B69A29827AC267B4EF59009D3F62978E16F","2","DUPLICATE_REVIEW","RuneforgeCore","Import-LatestTerminalExport.ps1","C:\RUNEFOGE_PRO\runeforge\runeforge\scripts\Import-LatestTerminalExport.ps1","0.004","24/04/2026 06:54:55 p. m.","True"
"F2CB81237B4E10ADBF2E3DAFE169DB05E87135D7C6314D15F7EE5D45798CE157","1","KEEP_CANDIDATE","RuneforgeCore","upscale_spline36.fsh","C:\RUNEFOGE_PRO\runeforge-mvp\runeforge-mvp\retro\_downloads\PPSSPPWindowsARM64\assets\shaders\upscale_spline36.fsh","0.003","15/03/2026 11:52:35 a. m.","True"
"F2CB81237B4E10ADBF2E3DAFE169DB05E87135D7C6314D15F7EE5D45798CE157","2","DUPLICATE_REVIEW","RuneforgeCore","upscale_spline36.fsh","C:\RUNEFOGE_PRO\runeforge\runeforge\app\retro\_downloads\PPSSPPWindowsARM64\assets\shaders\upscale_spline36.fsh","0.003","15/03/2026 11:52:35 a. m.","True"
"F2CB81237B4E10ADBF2E3DAFE169DB05E87135D7C6314D15F7EE5D45798CE157","3","DUPLICATE_REVIEW","RuneforgeCore","upscale_spline36.fsh","C:\RUNEFOGE_PRO\runeforge\app\retro\_downloads\PPSSPPWindowsARM64\assets\shaders\upscale_spline36.fsh","0.003","15/03/2026 11:52:35 a. m.","True"
"F2D177FF012485E52E453423C5B19CF8789842A14918B9F9D2156CFC22EBD683","1","KEEP_CANDIDATE","Laboratorio","new.sh","C:\RUNEFOGE_PRO\RUNEFOGE_PRO\lab_v1_1_files\lab\scripts\cmds\new.sh","0","16/03/2026 07:45:30 p. m.","False"
"F2D177FF012485E52E453423C5B19CF8789842A14918B9F9D2156CFC22EBD683","2","DUPLICATE_REVIEW","Laboratorio","new.sh","C:\RUNEFOGE_PRO\lab_v1_1_files\lab\scripts\cmds\new.sh","0","16/03/2026 07:45:30 p. m.","False"
"F2D7EB4EB315B10B3DE87EA5FC4114E79FEB2F412B0336D2C0F26677812FCC99","1","KEEP_CANDIDATE","RuneforgeCore","ku_SO.ini","C:\RUNEFOGE_PRO\runeforge-mvp\runeforge-mvp\retro\_downloads\PPSSPPWindowsARM64\assets\lang\ku_SO.ini","0.066","15/03/2026 11:52:35 a. m.","True"
"F2D7EB4EB315B10B3DE87EA5FC4114E79FEB2F412B0336D2C0F26677812FCC99","2","DUPLICATE_REVIEW","RuneforgeCore","ku_SO.ini","C:\RUNEFOGE_PRO\runeforge\runeforge\app\retro\_downloads\PPSSPPWindowsARM64\assets\lang\ku_SO.ini","0.066","15/03/2026 11:52:35 a. m.","True"
"F2D7EB4EB315B10B3DE87EA5FC4114E79FEB2F412B0336D2C0F26677812FCC99","3","DUPLICATE_REVIEW","RuneforgeCore","ku_SO.ini","C:\RUNEFOGE_PRO\runeforge\app\retro\_downloads\PPSSPPWindowsARM64\assets\lang\ku_SO.ini","0.066","15/03/2026 11:52:35 a. m.","True"
"F2D90F5CD99279D4B73C87BCC97309678346AE69FF1369DA95586F4B1F8275BE","1","KEEP_CANDIDATE","RuneforgeCore","_update-pacman-repo.yml","C:\RUNEFOGE_PRO\runeforge-mvp\runeforge-mvp\_archive\source-zips\Sunshine-master\Sunshine-master\.github\workflows\_update-pacman-repo.yml","0.001","21/03/2026 08:14:42 p. m.","True"
"F2D90F5CD99279D4B73C87BCC97309678346AE69FF1369DA95586F4B1F8275BE","2","DUPLICATE_REVIEW","RuneforgeCore","_update-pacman-repo.yml","C:\RUNEFOGE_PRO\runeforge\runeforge\app\_archive\source-zips\Sunshine-master\Sunshine-master\.github\workflows\_update-pacman-repo.yml","0.001","21/03/2026 08:14:42 p. m.","True"
"F2D90F5CD99279D4B73C87BCC97309678346AE69FF1369DA95586F4B1F8275BE","3","DUPLICATE_REVIEW","RuneforgeCore","_update-pacman-repo.yml","C:\RUNEFOGE_PRO\runeforge\app\_archive\source-zips\Sunshine-master\Sunshine-master\.github\workflows\_update-pacman-repo.yml","0.001","21/03/2026 08:14:42 p. m.","True"
"F2D9E18D617AC0C831B5D4D82154BDD543EA16731A92B712925217A4C0B215F6","1","KEEP_CANDIDATE","RuneforgeCore","Start-Runeforge-Shell.ps1.20260424_185328.bak","C:\RUNEFOGE_PRO\runeforge\runeforge\backups\v43\Start-Runeforge-Shell.ps1.20260424_185328.bak","0.003","24/04/2026 06:45:40 p. m.","True"
"F2D9E18D617AC0C831B5D4D82154BDD543EA16731A92B712925217A4C0B215F6","2","DUPLICATE_REVIEW","RuneforgeCore","Start-Runeforge-Shell.ps1.20260424_185328.bak","C:\RUNEFOGE_PRO\runeforge\backups\v43\Start-Runeforge-Shell.ps1.20260424_185328.bak","0.003","24/04/2026 06:45:40 p. m.","True"
"F3168CB111939B6C9C984EF0B575845887B0EE349E0F7A4BAF2110A72B64421A","1","KEEP_CANDIDATE","RuneforgeCore","thread_pool.h","C:\RUNEFOGE_PRO\runeforge-mvp\runeforge-mvp\_archive\source-zips\Sunshine-master\Sunshine-master\src\thread_pool.h","0.003","21/03/2026 08:14:42 p. m.","True"
"F3168CB111939B6C9C984EF0B575845887B0EE349E0F7A4BAF2110A72B64421A","2","DUPLICATE_REVIEW","RuneforgeCore","thread_pool.h","C:\RUNEFOGE_PRO\runeforge\runeforge\app\_archive\source-zips\Sunshine-master\Sunshine-master\src\thread_pool.h","0.003","21/03/2026 08:14:42 p. m.","True"
"F3168CB111939B6C9C984EF0B575845887B0EE349E0F7A4BAF2110A72B64421A","3","DUPLICATE_REVIEW","RuneforgeCore","thread_pool.h","C:\RUNEFOGE_PRO\runeforge\app\_archive\source-zips\Sunshine-master\Sunshine-master\src\thread_pool.h","0.003","21/03/2026 08:14:42 p. m.","True"
"F32EBCC396F32630AC9D9139025BCE1B49F64E5EA62702CF7595D14322468511","1","KEEP_CANDIDATE","RuneforgeCore","x11grab.h","C:\RUNEFOGE_PRO\runeforge-mvp\runeforge-mvp\_archive\source-zips\Sunshine-master\Sunshine-master\src\platform\linux\x11grab.h","0.001","21/03/2026 08:14:42 p. m.","True"
"F32EBCC396F32630AC9D9139025BCE1B49F64E5EA62702CF7595D14322468511","2","DUPLICATE_REVIEW","RuneforgeCore","x11grab.h","C:\RUNEFOGE_PRO\runeforge\runeforge\app\_archive\source-zips\Sunshine-master\Sunshine-master\src\platform\linux\x11grab.h","0.001","21/03/2026 08:14:42 p. m.","True"
"F32EBCC396F32630AC9D9139025BCE1B49F64E5EA62702CF7595D14322468511","3","DUPLICATE_REVIEW","RuneforgeCore","x11grab.h","C:\RUNEFOGE_PRO\runeforge\app\_archive\source-zips\Sunshine-master\Sunshine-master\src\platform\linux\x11grab.h","0.001","21/03/2026 08:14:42 p. m.","True"
"F35A722C41680B2F58868E1580A0C4939356DA97F58E4F37933470F7798F206F","1","KEEP_CANDIDATE","RuneforgeCore","es_ES.ini","C:\RUNEFOGE_PRO\runeforge-mvp\runeforge-mvp\retro\_downloads\PPSSPPWindowsARM64\assets\lang\es_ES.ini","0.069","15/03/2026 11:52:35 a. m.","True"
"F35A722C41680B2F58868E1580A0C4939356DA97F58E4F37933470F7798F206F","2","DUPLICATE_REVIEW","RuneforgeCore","es_ES.ini","C:\RUNEFOGE_PRO\runeforge\runeforge\app\retro\_downloads\PPSSPPWindowsARM64\assets\lang\es_ES.ini","0.069","15/03/2026 11:52:35 a. m.","True"
"F35A722C41680B2F58868E1580A0C4939356DA97F58E4F37933470F7798F206F","3","DUPLICATE_REVIEW","RuneforgeCore","es_ES.ini","C:\RUNEFOGE_PRO\runeforge\app\retro\_downloads\PPSSPPWindowsARM64\assets\lang\es_ES.ini","0.069","15/03/2026 11:52:35 a. m.","True"
"F36DCB6EBB3CCAA847948B8FE276948B0A4157091BFB0FEFC70215BAC89B6F78","1","KEEP_CANDIDATE","RuneforgeCore","ssh_repair_20260417_122033.log","C:\RUNEFOGE_PRO\runeforge\runeforge\app\data\trace\ssh_repair_20260417_122033.log","0.005","17/04/2026 12:20:59 p. m.","True"
"F36DCB6EBB3CCAA847948B8FE276948B0A4157091BFB0FEFC70215BAC89B6F78","2","DUPLICATE_REVIEW","RuneforgeCore","ssh_repair_20260417_122033.log","C:\RUNEFOGE_PRO\runeforge\app\data\trace\ssh_repair_20260417_122033.log","0.005","17/04/2026 12:20:59 p. m.","True"
"F38F33DFA108F73836B63A6CD3DCF312B0B39C126CC7CA9E55ED9B821E4623CD","1","KEEP_CANDIDATE","RuneforgeCore","inventory_20260415_021003.csv","C:\RUNEFOGE_PRO\runeforge-datahub\data\reports\inventory_20260415_021003.csv","28.446","15/04/2026 02:10:22 a. m.","True"
"F38F33DFA108F73836B63A6CD3DCF312B0B39C126CC7CA9E55ED9B821E4623CD","2","DUPLICATE_REVIEW","RuneforgeCore","inventory_20260415_021003.csv","C:\RUNEFOGE_PRO\RUNEFOGE_PRO\runeforge-datahub\data\reports\inventory_20260415_021003.csv","28.446","15/04/2026 02:10:22 a. m.","False"
"F3C554165794823747C846F51E9E48B3E3680FC7BA4B7BF44F9E6B9E67CD8F9A","1","KEEP_CANDIDATE","RuneforgeCore","tools-tests-pad.zip","C:\RUNEFOGE_PRO\runeforge-mvp\runeforge-mvp\retro\tools\ps2-bios-dumper\tools-tests-pad.zip","0","22/03/2026 08:02:44 p. m.","True"
"F3C554165794823747C846F51E9E48B3E3680FC7BA4B7BF44F9E6B9E67CD8F9A","2","DUPLICATE_REVIEW","RuneforgeCore","tools-tests-pad.zip","C:\RUNEFOGE_PRO\runeforge\runeforge\app\retro\tools\ps2-bios-dumper\tools-tests-pad.zip","0","22/03/2026 08:02:44 p. m.","True"
"F3C554165794823747C846F51E9E48B3E3680FC7BA4B7BF44F9E6B9E67CD8F9A","3","DUPLICATE_REVIEW","RuneforgeCore","tools-tests-pad.zip","C:\RUNEFOGE_PRO\runeforge\app\retro\tools\ps2-bios-dumper\tools-tests-pad.zip","0","22/03/2026 08:02:44 p. m.","True"
"F3D46829D5FD7064774D085D7EA3AB7E6FD753AEDAE6360559A448C8DDE62C94","1","KEEP_CANDIDATE","RuneforgeCore","sunshine-playing.png","C:\RUNEFOGE_PRO\runeforge-mvp\runeforge-mvp\_archive\source-zips\Sunshine-master\Sunshine-master\src_assets\common\assets\web\public\images\sunshine-playing.png","0.012","21/03/2026 08:14:42 p. m.","True"
"F3D46829D5FD7064774D085D7EA3AB7E6FD753AEDAE6360559A448C8DDE62C94","2","DUPLICATE_REVIEW","RuneforgeCore","sunshine-playing.png","C:\RUNEFOGE_PRO\runeforge\runeforge\app\_archive\source-zips\Sunshine-master\Sunshine-master\src_assets\common\assets\web\public\images\sunshine-playing.png","0.012","21/03/2026 08:14:42 p. m.","True"
"F3D46829D5FD7064774D085D7EA3AB7E6FD753AEDAE6360559A448C8DDE62C94","3","DUPLICATE_REVIEW","RuneforgeCore","sunshine-playing.png","C:\RUNEFOGE_PRO\runeforge\app\_archive\source-zips\Sunshine-master\Sunshine-master\src_assets\common\assets\web\public\images\sunshine-playing.png","0.012","21/03/2026 08:14:42 p. m.","True"
"F50888E7B92857A23D54F0DC3EF68697C4BDFA12B2B960DB89DAAFBE66C58660","1","KEEP_CANDIDATE","RuneforgeCore","estructura_cerrada.json","C:\RUNEFOGE_PRO\runeforge\estructura_cerrada.json","0","19/04/2026 03:25:06 a. m.","True"
"F50888E7B92857A23D54F0DC3EF68697C4BDFA12B2B960DB89DAAFBE66C58660","2","DUPLICATE_REVIEW","RuneforgeCore","estructura_cerrada.json","C:\RUNEFOGE_PRO\runeforge\runeforge\estructura_cerrada.json","0","19/04/2026 03:25:06 a. m.","True"
"F50A7E6A1165F3FC0AEF3FBD6A35F99D6581CBA1DAFD6FC5B26E97C8547E2671","1","KEEP_CANDIDATE","RuneforgeCore","zh_TW.ini","C:\RUNEFOGE_PRO\runeforge-mvp\runeforge-mvp\retro\_downloads\PPSSPPWindowsARM64\assets\lang\zh_TW.ini","0.06","15/03/2026 11:52:35 a. m.","True"
"F50A7E6A1165F3FC0AEF3FBD6A35F99D6581CBA1DAFD6FC5B26E97C8547E2671","2","DUPLICATE_REVIEW","RuneforgeCore","zh_TW.ini","C:\RUNEFOGE_PRO\runeforge\runeforge\app\retro\_downloads\PPSSPPWindowsARM64\assets\lang\zh_TW.ini","0.06","15/03/2026 11:52:35 a. m.","True"
"F50A7E6A1165F3FC0AEF3FBD6A35F99D6581CBA1DAFD6FC5B26E97C8547E2671","3","DUPLICATE_REVIEW","RuneforgeCore","zh_TW.ini","C:\RUNEFOGE_PRO\runeforge\app\retro\_downloads\PPSSPPWindowsARM64\assets\lang\zh_TW.ini","0.06","15/03/2026 11:52:35 a. m.","True"
"F51B637984A15EBA4B90BB441B6C117F75F93F515FF2E3EEE6513D43517B58E4","1","KEEP_CANDIDATE","RuneforgeCore","fakereflections.fsh","C:\RUNEFOGE_PRO\runeforge-mvp\runeforge-mvp\retro\_downloads\PPSSPPWindowsARM64\assets\shaders\fakereflections.fsh","0.001","15/03/2026 11:52:35 a. m.","True"
"F51B637984A15EBA4B90BB441B6C117F75F93F515FF2E3EEE6513D43517B58E4","2","DUPLICATE_REVIEW","RuneforgeCore","fakereflections.fsh","C:\RUNEFOGE_PRO\runeforge\runeforge\app\retro\_downloads\PPSSPPWindowsARM64\assets\shaders\fakereflections.fsh","0.001","15/03/2026 11:52:35 a. m.","True"
"F51B637984A15EBA4B90BB441B6C117F75F93F515FF2E3EEE6513D43517B58E4","3","DUPLICATE_REVIEW","RuneforgeCore","fakereflections.fsh","C:\RUNEFOGE_PRO\runeforge\app\retro\_downloads\PPSSPPWindowsARM64\assets\shaders\fakereflections.fsh","0.001","15/03/2026 11:52:35 a. m.","True"
"F56B389DDE4DA2AD6F65F3AC136C3D9C1A681AA76C3CA531E984410B261B4810","1","KEEP_CANDIDATE","RuneforgeCore","sfx_toggle_on.wav","C:\RUNEFOGE_PRO\runeforge-mvp\runeforge-mvp\retro\_downloads\PPSSPPWindowsARM64\assets\sfx_toggle_on.wav","0.037","15/03/2026 11:52:35 a. m.","True"
"F56B389DDE4DA2AD6F65F3AC136C3D9C1A681AA76C3CA531E984410B261B4810","2","DUPLICATE_REVIEW","RuneforgeCore","sfx_toggle_on.wav","C:\RUNEFOGE_PRO\runeforge\runeforge\app\retro\_downloads\PPSSPPWindowsARM64\assets\sfx_toggle_on.wav","0.037","15/03/2026 11:52:35 a. m.","True"
"F56B389DDE4DA2AD6F65F3AC136C3D9C1A681AA76C3CA531E984410B261B4810","3","DUPLICATE_REVIEW","RuneforgeCore","sfx_toggle_on.wav","C:\RUNEFOGE_PRO\runeforge\app\retro\_downloads\PPSSPPWindowsARM64\assets\sfx_toggle_on.wav","0.037","15/03/2026 11:52:35 a. m.","True"
"F5D7A8E4567DCC4385F5A1E54BC32E91398A4370A9B8B3A1CAEA20CCB3A5E2FD","1","KEEP_CANDIDATE","RuneforgeCore","upnp.cpp","C:\RUNEFOGE_PRO\runeforge-mvp\runeforge-mvp\_archive\source-zips\Sunshine-master\Sunshine-master\src\upnp.cpp","0.013","21/03/2026 08:14:42 p. m.","True"
"F5D7A8E4567DCC4385F5A1E54BC32E91398A4370A9B8B3A1CAEA20CCB3A5E2FD","2","DUPLICATE_REVIEW","RuneforgeCore","upnp.cpp","C:\RUNEFOGE_PRO\runeforge\runeforge\app\_archive\source-zips\Sunshine-master\Sunshine-master\src\upnp.cpp","0.013","21/03/2026 08:14:42 p. m.","True"
"F5D7A8E4567DCC4385F5A1E54BC32E91398A4370A9B8B3A1CAEA20CCB3A5E2FD","3","DUPLICATE_REVIEW","RuneforgeCore","upnp.cpp","C:\RUNEFOGE_PRO\runeforge\app\_archive\source-zips\Sunshine-master\Sunshine-master\src\upnp.cpp","0.013","21/03/2026 08:14:42 p. m.","True"
"F61D1F2264E833D004E871F1D323AEDC342EEBAF68920936385B1DC8D4CB353D","1","KEEP_CANDIDATE","RuneforgeCore","codex.routes.js","C:\RUNEFOGE_PRO\runeforge-mvp\runeforge-mvp\src\modules\codex\codex.routes.js","0","20/03/2026 06:15:07 a. m.","True"
"F61D1F2264E833D004E871F1D323AEDC342EEBAF68920936385B1DC8D4CB353D","2","DUPLICATE_REVIEW","RuneforgeCore","codex.routes.js","C:\RUNEFOGE_PRO\runeforge-mvp\runeforge-mvp\runeforge-mvp\src\modules\codex\codex.routes.js","0","20/03/2026 12:15:06 a. m.","True"
"F61D1F2264E833D004E871F1D323AEDC342EEBAF68920936385B1DC8D4CB353D","3","DUPLICATE_REVIEW","RuneforgeCore","codex.routes.js","C:\RUNEFOGE_PRO\runeforge\runeforge\app\src\modules\codex\codex.routes.js","0","20/03/2026 12:15:06 a. m.","True"
"F61D1F2264E833D004E871F1D323AEDC342EEBAF68920936385B1DC8D4CB353D","4","DUPLICATE_REVIEW","RuneforgeCore","codex.routes.js","C:\RUNEFOGE_PRO\runeforge\app\src\modules\codex\codex.routes.js","0","20/03/2026 12:15:06 a. m.","True"
"F688320D4BEDAF4C72D7C797AAC895ED5A48075A7FB3218C6FC679A18893032B","1","KEEP_CANDIDATE","RuneforgeCore","nvenc_d3d11_native.h","C:\RUNEFOGE_PRO\runeforge-mvp\runeforge-mvp\_archive\source-zips\Sunshine-master\Sunshine-master\src\nvenc\nvenc_d3d11_native.h","0.001","21/03/2026 08:14:42 p. m.","True"
"F688320D4BEDAF4C72D7C797AAC895ED5A48075A7FB3218C6FC679A18893032B","2","DUPLICATE_REVIEW","RuneforgeCore","nvenc_d3d11_native.h","C:\RUNEFOGE_PRO\runeforge\runeforge\app\_archive\source-zips\Sunshine-master\Sunshine-master\src\nvenc\nvenc_d3d11_native.h","0.001","21/03/2026 08:14:42 p. m.","True"
"F688320D4BEDAF4C72D7C797AAC895ED5A48075A7FB3218C6FC679A18893032B","3","DUPLICATE_REVIEW","RuneforgeCore","nvenc_d3d11_native.h","C:\RUNEFOGE_PRO\runeforge\app\_archive\source-zips\Sunshine-master\Sunshine-master\src\nvenc\nvenc_d3d11_native.h","0.001","21/03/2026 08:14:42 p. m.","True"
"F6B885CE1EC15C73DD044027164598AA9A78BE22C7A9F5F1325AE618434C177A","1","KEEP_CANDIDATE","RuneforgeCore","7z.png","C:\RUNEFOGE_PRO\runeforge-mvp\runeforge-mvp\retro\_downloads\PPSSPPWindowsARM64\assets\7z.png","0.006","15/03/2026 11:52:35 a. m.","True"
"F6B885CE1EC15C73DD044027164598AA9A78BE22C7A9F5F1325AE618434C177A","2","DUPLICATE_REVIEW","RuneforgeCore","7z.png","C:\RUNEFOGE_PRO\runeforge\runeforge\app\retro\_downloads\PPSSPPWindowsARM64\assets\7z.png","0.006","15/03/2026 11:52:35 a. m.","True"
"F6B885CE1EC15C73DD044027164598AA9A78BE22C7A9F5F1325AE618434C177A","3","DUPLICATE_REVIEW","RuneforgeCore","7z.png","C:\RUNEFOGE_PRO\runeforge\app\retro\_downloads\PPSSPPWindowsARM64\assets\7z.png","0.006","15/03/2026 11:52:35 a. m.","True"
"F6C5393730FBC09E8ED1E004135E37AED198817F5A26724F5C4EA665CD42F0D1","1","KEEP_CANDIDATE","RuneforgeCore","start-steam.ps1","C:\RUNEFOGE_PRO\runeforge-mvp\runeforge-mvp\ops\games\start-steam.ps1","0","21/03/2026 09:02:46 p. m.","True"
"F6C5393730FBC09E8ED1E004135E37AED198817F5A26724F5C4EA665CD42F0D1","2","DUPLICATE_REVIEW","RuneforgeCore","start-steam.ps1","C:\RUNEFOGE_PRO\runeforge\runeforge\app\ops\games\start-steam.ps1","0","21/03/2026 09:02:46 p. m.","True"
"F6C5393730FBC09E8ED1E004135E37AED198817F5A26724F5C4EA665CD42F0D1","3","DUPLICATE_REVIEW","RuneforgeCore","start-steam.ps1","C:\RUNEFOGE_PRO\runeforge\app\ops\games\start-steam.ps1","0","21/03/2026 09:02:46 p. m.","True"
"F7A4E09FC7B7E4BA2E62717FB0200FE1906C6709FBA0776C0E6A3D721FB26C61","1","KEEP_CANDIDATE","RuneforgeCore","README.md","C:\RUNEFOGE_PRO\runeforge-mvp\runeforge-mvp\retro\_downloads\PPSSPPWindowsARM64\assets\lang\README.md","0.001","15/03/2026 11:52:35 a. m.","True"
"F7A4E09FC7B7E4BA2E62717FB0200FE1906C6709FBA0776C0E6A3D721FB26C61","2","DUPLICATE_REVIEW","RuneforgeCore","README.md","C:\RUNEFOGE_PRO\runeforge\runeforge\app\retro\_downloads\PPSSPPWindowsARM64\assets\lang\README.md","0.001","15/03/2026 11:52:35 a. m.","True"
"F7A4E09FC7B7E4BA2E62717FB0200FE1906C6709FBA0776C0E6A3D721FB26C61","3","DUPLICATE_REVIEW","RuneforgeCore","README.md","C:\RUNEFOGE_PRO\runeforge\app\retro\_downloads\PPSSPPWindowsARM64\assets\lang\README.md","0.001","15/03/2026 11:52:35 a. m.","True"
"F7B0F2726808C5BB7207A2A5C297DF437277E95E121B7E46DC8F5CF152BB0DD4","1","KEEP_CANDIDATE","RuneforgeCore","vfpu_log2_lut65536.dat","C:\RUNEFOGE_PRO\runeforge-mvp\runeforge-mvp\retro\_downloads\PPSSPPWindowsARM64\assets\vfpu\vfpu_log2_lut65536.dat","0","15/03/2026 11:52:35 a. m.","True"
"F7B0F2726808C5BB7207A2A5C297DF437277E95E121B7E46DC8F5CF152BB0DD4","2","DUPLICATE_REVIEW","RuneforgeCore","vfpu_log2_lut65536.dat","C:\RUNEFOGE_PRO\runeforge\runeforge\app\retro\_downloads\PPSSPPWindowsARM64\assets\vfpu\vfpu_log2_lut65536.dat","0","15/03/2026 11:52:35 a. m.","True"
"F7B0F2726808C5BB7207A2A5C297DF437277E95E121B7E46DC8F5CF152BB0DD4","3","DUPLICATE_REVIEW","RuneforgeCore","vfpu_log2_lut65536.dat","C:\RUNEFOGE_PRO\runeforge\app\retro\_downloads\PPSSPPWindowsARM64\assets\vfpu\vfpu_log2_lut65536.dat","0","15/03/2026 11:52:35 a. m.","True"
"F831D10AEF291E4F3E715F595007E8E74A44B64B90F8115E46D0D223FB08DF51","1","KEEP_CANDIDATE","RuneforgeCore","NvidiaNvencEncoder.vue","C:\RUNEFOGE_PRO\runeforge-mvp\runeforge-mvp\_archive\source-zips\Sunshine-master\Sunshine-master\src_assets\common\assets\web\configs\tabs\encoders\NvidiaNvencEncoder.vue","0.004","21/03/2026 08:14:42 p. m.","True"
"F831D10AEF291E4F3E715F595007E8E74A44B64B90F8115E46D0D223FB08DF51","2","DUPLICATE_REVIEW","RuneforgeCore","NvidiaNvencEncoder.vue","C:\RUNEFOGE_PRO\runeforge\runeforge\app\_archive\source-zips\Sunshine-master\Sunshine-master\src_assets\common\assets\web\configs\tabs\encoders\NvidiaNvencEncoder.vue","0.004","21/03/2026 08:14:42 p. m.","True"
"F831D10AEF291E4F3E715F595007E8E74A44B64B90F8115E46D0D223FB08DF51","3","DUPLICATE_REVIEW","RuneforgeCore","NvidiaNvencEncoder.vue","C:\RUNEFOGE_PRO\runeforge\app\_archive\source-zips\Sunshine-master\Sunshine-master\src_assets\common\assets\web\configs\tabs\encoders\NvidiaNvencEncoder.vue","0.004","21/03/2026 08:14:42 p. m.","True"
"F845B37485B95304D7BF7975D8C6A4D0D2F6FCC2948B86A8A32107AA96FC62FB","1","KEEP_CANDIDATE","RuneforgeCore","pyproject.toml","C:\RUNEFOGE_PRO\runeforge-mvp\runeforge-mvp\_archive\source-zips\Sunshine-master\Sunshine-master\pyproject.toml","0.001","21/03/2026 08:14:42 p. m.","True"
"F845B37485B95304D7BF7975D8C6A4D0D2F6FCC2948B86A8A32107AA96FC62FB","2","DUPLICATE_REVIEW","RuneforgeCore","pyproject.toml","C:\RUNEFOGE_PRO\runeforge\runeforge\app\_archive\source-zips\Sunshine-master\Sunshine-master\pyproject.toml","0.001","21/03/2026 08:14:42 p. m.","True"
"F845B37485B95304D7BF7975D8C6A4D0D2F6FCC2948B86A8A32107AA96FC62FB","3","DUPLICATE_REVIEW","RuneforgeCore","pyproject.toml","C:\RUNEFOGE_PRO\runeforge\app\_archive\source-zips\Sunshine-master\Sunshine-master\pyproject.toml","0.001","21/03/2026 08:14:42 p. m.","True"
"F88D4973966B9AC3C4F4D2F54524AB252D56D0677535B7E828847AE6E73889E7","1","KEEP_CANDIDATE","RuneforgeCore","fxaa.vsh","C:\RUNEFOGE_PRO\runeforge-mvp\runeforge-mvp\retro\_downloads\PPSSPPWindowsARM64\assets\shaders\fxaa.vsh","0","15/03/2026 11:52:35 a. m.","True"
"F88D4973966B9AC3C4F4D2F54524AB252D56D0677535B7E828847AE6E73889E7","2","DUPLICATE_REVIEW","RuneforgeCore","fxaa.vsh","C:\RUNEFOGE_PRO\runeforge\runeforge\app\retro\_downloads\PPSSPPWindowsARM64\assets\shaders\fxaa.vsh","0","15/03/2026 11:52:35 a. m.","True"
"F88D4973966B9AC3C4F4D2F54524AB252D56D0677535B7E828847AE6E73889E7","3","DUPLICATE_REVIEW","RuneforgeCore","fxaa.vsh","C:\RUNEFOGE_PRO\runeforge\app\retro\_downloads\PPSSPPWindowsARM64\assets\shaders\fxaa.vsh","0","15/03/2026 11:52:35 a. m.","True"
"F8D24D34C3B6B093A4FD0D4D02DD7B39D673C39FE796A85E7914691392BC7963","1","KEEP_CANDIDATE","RuneforgeCore","uk_UA.ini","C:\RUNEFOGE_PRO\runeforge-mvp\runeforge-mvp\retro\_downloads\PPSSPPWindowsARM64\assets\lang\uk_UA.ini","0.091","15/03/2026 11:52:35 a. m.","True"
"F8D24D34C3B6B093A4FD0D4D02DD7B39D673C39FE796A85E7914691392BC7963","2","DUPLICATE_REVIEW","RuneforgeCore","uk_UA.ini","C:\RUNEFOGE_PRO\runeforge\runeforge\app\retro\_downloads\PPSSPPWindowsARM64\assets\lang\uk_UA.ini","0.091","15/03/2026 11:52:35 a. m.","True"
"F8D24D34C3B6B093A4FD0D4D02DD7B39D673C39FE796A85E7914691392BC7963","3","DUPLICATE_REVIEW","RuneforgeCore","uk_UA.ini","C:\RUNEFOGE_PRO\runeforge\app\retro\_downloads\PPSSPPWindowsARM64\assets\lang\uk_UA.ini","0.091","15/03/2026 11:52:35 a. m.","True"
"F931228EF02629AC7847F021BB2E1963FD03B9FD3CFA06799F460E6E2BD8572C","1","KEEP_CANDIDATE","RuneforgeCore","crt.fsh","C:\RUNEFOGE_PRO\runeforge-mvp\runeforge-mvp\retro\_downloads\PPSSPPWindowsARM64\assets\shaders\crt.fsh","0.001","15/03/2026 11:52:35 a. m.","True"
"F931228EF02629AC7847F021BB2E1963FD03B9FD3CFA06799F460E6E2BD8572C","2","DUPLICATE_REVIEW","RuneforgeCore","crt.fsh","C:\RUNEFOGE_PRO\runeforge\runeforge\app\retro\_downloads\PPSSPPWindowsARM64\assets\shaders\crt.fsh","0.001","15/03/2026 11:52:35 a. m.","True"
"F931228EF02629AC7847F021BB2E1963FD03B9FD3CFA06799F460E6E2BD8572C","3","DUPLICATE_REVIEW","RuneforgeCore","crt.fsh","C:\RUNEFOGE_PRO\runeforge\app\retro\_downloads\PPSSPPWindowsARM64\assets\shaders\crt.fsh","0.001","15/03/2026 11:52:35 a. m.","True"
"F9663632661B0721A220B9C97115BA9BEC7F1A685DE6AA9A34EE98DCD3A79C96","1","KEEP_CANDIDATE","RuneforgeCore","video.cpp","C:\RUNEFOGE_PRO\runeforge-mvp\runeforge-mvp\_archive\source-zips\Sunshine-master\Sunshine-master\src\video.cpp","0.104","21/03/2026 08:14:42 p. m.","True"
"F9663632661B0721A220B9C97115BA9BEC7F1A685DE6AA9A34EE98DCD3A79C96","2","DUPLICATE_REVIEW","RuneforgeCore","video.cpp","C:\RUNEFOGE_PRO\runeforge\runeforge\app\_archive\source-zips\Sunshine-master\Sunshine-master\src\video.cpp","0.104","21/03/2026 08:14:42 p. m.","True"
"F9663632661B0721A220B9C97115BA9BEC7F1A685DE6AA9A34EE98DCD3A79C96","3","DUPLICATE_REVIEW","RuneforgeCore","video.cpp","C:\RUNEFOGE_PRO\runeforge\app\_archive\source-zips\Sunshine-master\Sunshine-master\src\video.cpp","0.104","21/03/2026 08:14:42 p. m.","True"
"F9A3FA5B73CA21DE68962ADD0FC20AC49650F86D8CA083A41F74CD8EA114A1E2","1","KEEP_CANDIDATE","RuneforgeCore","glad.cmake","C:\RUNEFOGE_PRO\runeforge-mvp\runeforge-mvp\_archive\source-zips\Sunshine-master\Sunshine-master\cmake\dependencies\glad.cmake","0.009","21/03/2026 08:14:42 p. m.","True"
"F9A3FA5B73CA21DE68962ADD0FC20AC49650F86D8CA083A41F74CD8EA114A1E2","2","DUPLICATE_REVIEW","RuneforgeCore","glad.cmake","C:\RUNEFOGE_PRO\runeforge\runeforge\app\_archive\source-zips\Sunshine-master\Sunshine-master\cmake\dependencies\glad.cmake","0.009","21/03/2026 08:14:42 p. m.","True"
"F9A3FA5B73CA21DE68962ADD0FC20AC49650F86D8CA083A41F74CD8EA114A1E2","3","DUPLICATE_REVIEW","RuneforgeCore","glad.cmake","C:\RUNEFOGE_PRO\runeforge\app\_archive\source-zips\Sunshine-master\Sunshine-master\cmake\dependencies\glad.cmake","0.009","21/03/2026 08:14:42 p. m.","True"
"F9E3A6924872F03F28831B3DD0D103E4529E82978B00AA8C18E2B97352DA6C8C","1","KEEP_CANDIDATE","RuneforgeCore","rswrapper.h","C:\RUNEFOGE_PRO\runeforge-mvp\runeforge-mvp\_archive\source-zips\Sunshine-master\Sunshine-master\src\rswrapper.h","0.001","21/03/2026 08:14:42 p. m.","True"
"F9E3A6924872F03F28831B3DD0D103E4529E82978B00AA8C18E2B97352DA6C8C","2","DUPLICATE_REVIEW","RuneforgeCore","rswrapper.h","C:\RUNEFOGE_PRO\runeforge\runeforge\app\_archive\source-zips\Sunshine-master\Sunshine-master\src\rswrapper.h","0.001","21/03/2026 08:14:42 p. m.","True"
"F9E3A6924872F03F28831B3DD0D103E4529E82978B00AA8C18E2B97352DA6C8C","3","DUPLICATE_REVIEW","RuneforgeCore","rswrapper.h","C:\RUNEFOGE_PRO\runeforge\app\_archive\source-zips\Sunshine-master\Sunshine-master\src\rswrapper.h","0.001","21/03/2026 08:14:42 p. m.","True"
"F9E709F53C7DA83659054926269A5579A9EDBB49B1024DEC43DB86F8E20F8C42","1","KEEP_CANDIDATE","RuneforgeCore","cursor_ps.hlsl","C:\RUNEFOGE_PRO\runeforge-mvp\runeforge-mvp\_archive\source-zips\Sunshine-master\Sunshine-master\src_assets\windows\assets\shaders\directx\cursor_ps.hlsl","0","21/03/2026 08:14:42 p. m.","True"
"F9E709F53C7DA83659054926269A5579A9EDBB49B1024DEC43DB86F8E20F8C42","2","DUPLICATE_REVIEW","RuneforgeCore","cursor_ps.hlsl","C:\RUNEFOGE_PRO\runeforge\runeforge\app\_archive\source-zips\Sunshine-master\Sunshine-master\src_assets\windows\assets\shaders\directx\cursor_ps.hlsl","0","21/03/2026 08:14:42 p. m.","True"
"F9E709F53C7DA83659054926269A5579A9EDBB49B1024DEC43DB86F8E20F8C42","3","DUPLICATE_REVIEW","RuneforgeCore","cursor_ps.hlsl","C:\RUNEFOGE_PRO\runeforge\app\_archive\source-zips\Sunshine-master\Sunshine-master\src_assets\windows\assets\shaders\directx\cursor_ps.hlsl","0","21/03/2026 08:14:42 p. m.","True"
"FA031B5E41DF74CDE96359810E37CA1C0EC201A18B8E88B741C2F73EFB3D241A","1","KEEP_CANDIDATE","RuneforgeCore","file_handler.h","C:\RUNEFOGE_PRO\runeforge-mvp\runeforge-mvp\_archive\source-zips\Sunshine-master\Sunshine-master\src\file_handler.h","0.001","21/03/2026 08:14:42 p. m.","True"
"FA031B5E41DF74CDE96359810E37CA1C0EC201A18B8E88B741C2F73EFB3D241A","2","DUPLICATE_REVIEW","RuneforgeCore","file_handler.h","C:\RUNEFOGE_PRO\runeforge\runeforge\app\_archive\source-zips\Sunshine-master\Sunshine-master\src\file_handler.h","0.001","21/03/2026 08:14:42 p. m.","True"
"FA031B5E41DF74CDE96359810E37CA1C0EC201A18B8E88B741C2F73EFB3D241A","3","DUPLICATE_REVIEW","RuneforgeCore","file_handler.h","C:\RUNEFOGE_PRO\runeforge\app\_archive\source-zips\Sunshine-master\Sunshine-master\src\file_handler.h","0.001","21/03/2026 08:14:42 p. m.","True"
"FA40F2D45AB765F784BCE7C2BE1A833EF9F61DC1DFEBEDFCE097D257BB5E706A","1","KEEP_CANDIDATE","RuneforgeCore","vi.json","C:\RUNEFOGE_PRO\runeforge-mvp\runeforge-mvp\_archive\source-zips\Sunshine-master\Sunshine-master\src_assets\common\assets\web\public\assets\locale\vi.json","0.05","21/03/2026 08:14:42 p. m.","True"
"FA40F2D45AB765F784BCE7C2BE1A833EF9F61DC1DFEBEDFCE097D257BB5E706A","2","DUPLICATE_REVIEW","RuneforgeCore","vi.json","C:\RUNEFOGE_PRO\runeforge\runeforge\app\_archive\source-zips\Sunshine-master\Sunshine-master\src_assets\common\assets\web\public\assets\locale\vi.json","0.05","21/03/2026 08:14:42 p. m.","True"
"FA40F2D45AB765F784BCE7C2BE1A833EF9F61DC1DFEBEDFCE097D257BB5E706A","3","DUPLICATE_REVIEW","RuneforgeCore","vi.json","C:\RUNEFOGE_PRO\runeforge\app\_archive\source-zips\Sunshine-master\Sunshine-master\src_assets\common\assets\web\public\assets\locale\vi.json","0.05","21/03/2026 08:14:42 p. m.","True"
"FAF0660D0B804143483AC97DAF0860A1B1906CE34DCB430E8237A6D83E848FC3","1","KEEP_CANDIDATE","RuneforgeCore","windows.cmake","C:\RUNEFOGE_PRO\runeforge-mvp\runeforge-mvp\_archive\source-zips\Sunshine-master\Sunshine-master\cmake\targets\windows.cmake","0","21/03/2026 08:14:42 p. m.","True"
"FAF0660D0B804143483AC97DAF0860A1B1906CE34DCB430E8237A6D83E848FC3","2","DUPLICATE_REVIEW","RuneforgeCore","windows.cmake","C:\RUNEFOGE_PRO\runeforge\runeforge\app\_archive\source-zips\Sunshine-master\Sunshine-master\cmake\targets\windows.cmake","0","21/03/2026 08:14:42 p. m.","True"
"FAF0660D0B804143483AC97DAF0860A1B1906CE34DCB430E8237A6D83E848FC3","3","DUPLICATE_REVIEW","RuneforgeCore","windows.cmake","C:\RUNEFOGE_PRO\runeforge\app\_archive\source-zips\Sunshine-master\Sunshine-master\cmake\targets\windows.cmake","0","21/03/2026 08:14:42 p. m.","True"
"FB2C746788BB98B11AF7BB7641C5F9FC6F4C0F295ACC19F7B1AE5B484AEB029E","1","KEEP_CANDIDATE","RuneforgeCore","nvprefs_common.cpp","C:\RUNEFOGE_PRO\runeforge-mvp\runeforge-mvp\_archive\source-zips\Sunshine-master\Sunshine-master\src\platform\windows\nvprefs\nvprefs_common.cpp","0.001","21/03/2026 08:14:42 p. m.","True"
"FB2C746788BB98B11AF7BB7641C5F9FC6F4C0F295ACC19F7B1AE5B484AEB029E","2","DUPLICATE_REVIEW","RuneforgeCore","nvprefs_common.cpp","C:\RUNEFOGE_PRO\runeforge\runeforge\app\_archive\source-zips\Sunshine-master\Sunshine-master\src\platform\windows\nvprefs\nvprefs_common.cpp","0.001","21/03/2026 08:14:42 p. m.","True"
"FB2C746788BB98B11AF7BB7641C5F9FC6F4C0F295ACC19F7B1AE5B484AEB029E","3","DUPLICATE_REVIEW","RuneforgeCore","nvprefs_common.cpp","C:\RUNEFOGE_PRO\runeforge\app\_archive\source-zips\Sunshine-master\Sunshine-master\src\platform\windows\nvprefs\nvprefs_common.cpp","0.001","21/03/2026 08:14:42 p. m.","True"
"FB674021C8377CEB1C4DC83A410FC4BC908F27BD8B992DF159FC212C549DA6AF","1","KEEP_CANDIDATE","RuneforgeCore","index.html","C:\RUNEFOGE_PRO\runeforge\runeforge\app\public\index.html","0.001","19/04/2026 05:54:19 a. m.","True"
"FB674021C8377CEB1C4DC83A410FC4BC908F27BD8B992DF159FC212C549DA6AF","2","DUPLICATE_REVIEW","RuneforgeCore","index.html","C:\RUNEFOGE_PRO\runeforge\app\public\index.html","0.001","19/04/2026 05:54:19 a. m.","True"
"FB674021C8377CEB1C4DC83A410FC4BC908F27BD8B992DF159FC212C549DA6AF","3","DUPLICATE_REVIEW","RuneforgeCore","index.full.20260419_055418.bak","C:\RUNEFOGE_PRO\runeforge\runeforge\backups\forge_ui\index.full.20260419_055418.bak","0.001","19/04/2026 05:52:16 a. m.","True"
"FB674021C8377CEB1C4DC83A410FC4BC908F27BD8B992DF159FC212C549DA6AF","4","DUPLICATE_REVIEW","RuneforgeCore","index.full.20260419_055418.bak","C:\RUNEFOGE_PRO\runeforge\backups\forge_ui\index.full.20260419_055418.bak","0.001","19/04/2026 05:52:16 a. m.","True"
"FB9E2B2E4DC4020C558B1EE7E5D8F24E652FD549B9505E4280D4EE39906E3710","1","KEEP_CANDIDATE","RuneforgeCore","Open-TerminalExportFolder.ps1","C:\RUNEFOGE_PRO\runeforge\scripts\Open-TerminalExportFolder.ps1","0","24/04/2026 01:11:18 a. m.","True"
"FB9E2B2E4DC4020C558B1EE7E5D8F24E652FD549B9505E4280D4EE39906E3710","2","DUPLICATE_REVIEW","RuneforgeCore","Open-TerminalExportFolder.ps1","C:\RUNEFOGE_PRO\runeforge\runeforge\scripts\Open-TerminalExportFolder.ps1","0","24/04/2026 01:11:18 a. m.","True"
"FBC76D97C2DB7F6627530F362B356EB7E49079B4B2F8C6FE0DB2F0B0750E98D7","1","KEEP_CANDIDATE","RuneforgeCore","retroachievements_logo.png","C:\RUNEFOGE_PRO\runeforge-mvp\runeforge-mvp\retro\_downloads\PPSSPPWindowsARM64\assets\ui_images\retroachievements_logo.png","0.004","15/03/2026 11:52:35 a. m.","True"
"FBC76D97C2DB7F6627530F362B356EB7E49079B4B2F8C6FE0DB2F0B0750E98D7","2","DUPLICATE_REVIEW","RuneforgeCore","retroachievements_logo.png","C:\RUNEFOGE_PRO\runeforge\runeforge\app\retro\_downloads\PPSSPPWindowsARM64\assets\ui_images\retroachievements_logo.png","0.004","15/03/2026 11:52:35 a. m.","True"
"FBC76D97C2DB7F6627530F362B356EB7E49079B4B2F8C6FE0DB2F0B0750E98D7","3","DUPLICATE_REVIEW","RuneforgeCore","retroachievements_logo.png","C:\RUNEFOGE_PRO\runeforge\app\retro\_downloads\PPSSPPWindowsARM64\assets\ui_images\retroachievements_logo.png","0.004","15/03/2026 11:52:35 a. m.","True"
"FC02738D73AE3148F6A9CE5C1136A11C406EB81128F14F82C6C056C0AAE00EAE","1","KEEP_CANDIDATE","RuneforgeCore","Start-Runeforge-Commander-V43_5.ps1.20260424_194815.launcherfix.bak","C:\RUNEFOGE_PRO\runeforge\runeforge\backups\commander\Start-Runeforge-Commander-V43_5.ps1.20260424_194815.launcherfix.bak","0.001","24/04/2026 07:42:12 p. m.","True"
"FC02738D73AE3148F6A9CE5C1136A11C406EB81128F14F82C6C056C0AAE00EAE","2","DUPLICATE_REVIEW","RuneforgeCore","Start-Runeforge-Commander-V43_5.ps1.20260424_194815.launcherfix.bak","C:\RUNEFOGE_PRO\runeforge\backups\commander\Start-Runeforge-Commander-V43_5.ps1.20260424_194815.launcherfix.bak","0.001","24/04/2026 07:42:12 p. m.","True"
"FC337E8DF54BC0C34DF8F8F4E8457741B31F2E0F0D497F9A02D88433FA91BE20","1","KEEP_CANDIDATE","RuneforgeCore","build_version.cmake","C:\RUNEFOGE_PRO\runeforge-mvp\runeforge-mvp\_archive\source-zips\Sunshine-master\Sunshine-master\cmake\prep\build_version.cmake","0.006","21/03/2026 08:14:42 p. m.","True"
"FC337E8DF54BC0C34DF8F8F4E8457741B31F2E0F0D497F9A02D88433FA91BE20","2","DUPLICATE_REVIEW","RuneforgeCore","build_version.cmake","C:\RUNEFOGE_PRO\runeforge\runeforge\app\_archive\source-zips\Sunshine-master\Sunshine-master\cmake\prep\build_version.cmake","0.006","21/03/2026 08:14:42 p. m.","True"
"FC337E8DF54BC0C34DF8F8F4E8457741B31F2E0F0D497F9A02D88433FA91BE20","3","DUPLICATE_REVIEW","RuneforgeCore","build_version.cmake","C:\RUNEFOGE_PRO\runeforge\app\_archive\source-zips\Sunshine-master\Sunshine-master\cmake\prep\build_version.cmake","0.006","21/03/2026 08:14:42 p. m.","True"
"FCD6B4F4BB088E70C0C3E0AA0466D8AE9A2BF6B9459AE0A660E7DE37A914EA35","1","KEEP_CANDIDATE","RuneforgeCore","vfpu_exp2_lut.dat","C:\RUNEFOGE_PRO\runeforge-mvp\runeforge-mvp\retro\_downloads\PPSSPPWindowsARM64\assets\vfpu\vfpu_exp2_lut.dat","0.25","15/03/2026 11:52:35 a. m.","True"
"FCD6B4F4BB088E70C0C3E0AA0466D8AE9A2BF6B9459AE0A660E7DE37A914EA35","2","DUPLICATE_REVIEW","RuneforgeCore","vfpu_exp2_lut.dat","C:\RUNEFOGE_PRO\runeforge\runeforge\app\retro\_downloads\PPSSPPWindowsARM64\assets\vfpu\vfpu_exp2_lut.dat","0.25","15/03/2026 11:52:35 a. m.","True"
"FCD6B4F4BB088E70C0C3E0AA0466D8AE9A2BF6B9459AE0A660E7DE37A914EA35","3","DUPLICATE_REVIEW","RuneforgeCore","vfpu_exp2_lut.dat","C:\RUNEFOGE_PRO\runeforge\app\retro\_downloads\PPSSPPWindowsARM64\assets\vfpu\vfpu_exp2_lut.dat","0.25","15/03/2026 11:52:35 a. m.","True"
"FD05E0F8E6207C3984B980A0F037381C9C4A6F22A6DD94FDCFA995318DB2A0A4","1","KEEP_CANDIDATE","RuneforgeCore","xvfb-run","C:\RUNEFOGE_PRO\runeforge-mvp\runeforge-mvp\_archive\source-zips\Sunshine-master\Sunshine-master\packaging\linux\flatpak\modules\xvfb\xvfb-run","0.005","21/03/2026 08:14:42 p. m.","True"
"FD05E0F8E6207C3984B980A0F037381C9C4A6F22A6DD94FDCFA995318DB2A0A4","2","DUPLICATE_REVIEW","RuneforgeCore","xvfb-run","C:\RUNEFOGE_PRO\runeforge\runeforge\app\_archive\source-zips\Sunshine-master\Sunshine-master\packaging\linux\flatpak\modules\xvfb\xvfb-run","0.005","21/03/2026 08:14:42 p. m.","True"
"FD05E0F8E6207C3984B980A0F037381C9C4A6F22A6DD94FDCFA995318DB2A0A4","3","DUPLICATE_REVIEW","RuneforgeCore","xvfb-run","C:\RUNEFOGE_PRO\runeforge\app\_archive\source-zips\Sunshine-master\Sunshine-master\packaging\linux\flatpak\modules\xvfb\xvfb-run","0.005","21/03/2026 08:14:42 p. m.","True"
"FD4C9FDA9CD3F9AE7C962B0DDF37232294D55580E1AA165AA06129B8549389EB","1","KEEP_CANDIDATE","RuneforgeCore","runeforge.db-shm","C:\RUNEFOGE_PRO\runeforge-v2-ready\runeforge-v2\data\runeforge.db-shm","0.031","19/04/2026 07:38:22 p. m.","True"
"FD4C9FDA9CD3F9AE7C962B0DDF37232294D55580E1AA165AA06129B8549389EB","2","DUPLICATE_REVIEW","RuneforgeCore","runeforge.db-shm","C:\RUNEFOGE_PRO\RUNEFOGE_PRO\runeforge-v2-ready\runeforge-v2\data\runeforge.db-shm","0.031","19/04/2026 07:38:22 p. m.","False"
"FDB588D4F6E52AF2A65CBAF94542F2C299B6E3FDFAF121A132EC7B5035BE523A","1","KEEP_CANDIDATE","Laboratorio","version.sh","C:\RUNEFOGE_PRO\RUNEFOGE_PRO\lab_v1_1_files\lab\scripts\cmds\version.sh","0","16/03/2026 07:45:30 p. m.","False"
"FDB588D4F6E52AF2A65CBAF94542F2C299B6E3FDFAF121A132EC7B5035BE523A","2","DUPLICATE_REVIEW","Laboratorio","version.sh","C:\RUNEFOGE_PRO\lab_v1_1_files\lab\scripts\cmds\version.sh","0","16/03/2026 07:45:30 p. m.","False"
"FDBF890FEDD79A60FE2A063AC54E89A5B82BDA659C81126DD5B66D93D53DD40D","1","KEEP_CANDIDATE","RuneforgeCore","inputtino_gamepad.cpp","C:\RUNEFOGE_PRO\runeforge-mvp\runeforge-mvp\_archive\source-zips\Sunshine-master\Sunshine-master\src\platform\linux\input\inputtino_gamepad.cpp","0.013","21/03/2026 08:14:42 p. m.","True"
"FDBF890FEDD79A60FE2A063AC54E89A5B82BDA659C81126DD5B66D93D53DD40D","2","DUPLICATE_REVIEW","RuneforgeCore","inputtino_gamepad.cpp","C:\RUNEFOGE_PRO\runeforge\runeforge\app\_archive\source-zips\Sunshine-master\Sunshine-master\src\platform\linux\input\inputtino_gamepad.cpp","0.013","21/03/2026 08:14:42 p. m.","True"
"FDBF890FEDD79A60FE2A063AC54E89A5B82BDA659C81126DD5B66D93D53DD40D","3","DUPLICATE_REVIEW","RuneforgeCore","inputtino_gamepad.cpp","C:\RUNEFOGE_PRO\runeforge\app\_archive\source-zips\Sunshine-master\Sunshine-master\src\platform\linux\input\inputtino_gamepad.cpp","0.013","21/03/2026 08:14:42 p. m.","True"
"FE467B36E74A99A5CCBB9214C00F49318CF66D68C542F8B1C2F1CBBD4F21DEB6","1","KEEP_CANDIDATE","RuneforgeCore","fsr_easu.fsh","C:\RUNEFOGE_PRO\runeforge-mvp\runeforge-mvp\retro\_downloads\PPSSPPWindowsARM64\assets\shaders\fsr_easu.fsh","0.007","15/03/2026 11:52:35 a. m.","True"
"FE467B36E74A99A5CCBB9214C00F49318CF66D68C542F8B1C2F1CBBD4F21DEB6","2","DUPLICATE_REVIEW","RuneforgeCore","fsr_easu.fsh","C:\RUNEFOGE_PRO\runeforge\runeforge\app\retro\_downloads\PPSSPPWindowsARM64\assets\shaders\fsr_easu.fsh","0.007","15/03/2026 11:52:35 a. m.","True"
"FE467B36E74A99A5CCBB9214C00F49318CF66D68C542F8B1C2F1CBBD4F21DEB6","3","DUPLICATE_REVIEW","RuneforgeCore","fsr_easu.fsh","C:\RUNEFOGE_PRO\runeforge\app\retro\_downloads\PPSSPPWindowsARM64\assets\shaders\fsr_easu.fsh","0.007","15/03/2026 11:52:35 a. m.","True"
"FE54329877E231F74046EBDF1761448C0CD9EB0A2873EF2F34F36D849AFDDCA5","1","KEEP_CANDIDATE","RuneforgeCore","PROMPT_RESUME_RUNEFORGE_2026-04-24_V43.3_TO_AHK_PANEL_V44.txt","C:\RUNEFOGE_PRO\runeforge\runeforge\docs\PROMPT_RESUME_RUNEFORGE_2026-04-24_V43.3_TO_AHK_PANEL_V44.txt","0.001","24/04/2026 07:31:57 p. m.","True"
"FE54329877E231F74046EBDF1761448C0CD9EB0A2873EF2F34F36D849AFDDCA5","2","DUPLICATE_REVIEW","RuneforgeCore","PROMPT_RESUME_RUNEFORGE_2026-04-24_V43.3_TO_AHK_PANEL_V44.txt","C:\RUNEFOGE_PRO\runeforge\docs\PROMPT_RESUME_RUNEFORGE_2026-04-24_V43.3_TO_AHK_PANEL_V44.txt","0.001","24/04/2026 07:31:57 p. m.","True"
"FEA7276CFE72C623E338BD8092BBDBF7690FE4A44F0C505F5C883AC931E4E968","1","KEEP_CANDIDATE","RuneforgeCore",".readthedocs.yaml","C:\RUNEFOGE_PRO\runeforge-mvp\runeforge-mvp\_archive\source-zips\Sunshine-master\Sunshine-master\.readthedocs.yaml","0.001","21/03/2026 08:14:42 p. m.","True"
"FEA7276CFE72C623E338BD8092BBDBF7690FE4A44F0C505F5C883AC931E4E968","2","DUPLICATE_REVIEW","RuneforgeCore",".readthedocs.yaml","C:\RUNEFOGE_PRO\runeforge\runeforge\app\_archive\source-zips\Sunshine-master\Sunshine-master\.readthedocs.yaml","0.001","21/03/2026 08:14:42 p. m.","True"
"FEA7276CFE72C623E338BD8092BBDBF7690FE4A44F0C505F5C883AC931E4E968","3","DUPLICATE_REVIEW","RuneforgeCore",".readthedocs.yaml","C:\RUNEFOGE_PRO\runeforge\app\_archive\source-zips\Sunshine-master\Sunshine-master\.readthedocs.yaml","0.001","21/03/2026 08:14:42 p. m.","True"
"FEB4BCBDEC23B1CE8DB75FC2F70BBAD2377276AB1AA9D03CB448F08110681196","1","KEEP_CANDIDATE","RuneforgeCore","start-sunshine.ps1","C:\RUNEFOGE_PRO\runeforge-mvp\runeforge-mvp\ops\games\start-sunshine.ps1","0.001","21/03/2026 09:07:58 p. m.","True"
"FEB4BCBDEC23B1CE8DB75FC2F70BBAD2377276AB1AA9D03CB448F08110681196","2","DUPLICATE_REVIEW","RuneforgeCore","start-sunshine.ps1","C:\RUNEFOGE_PRO\runeforge\runeforge\app\ops\games\start-sunshine.ps1","0.001","21/03/2026 09:07:58 p. m.","True"
"FEB4BCBDEC23B1CE8DB75FC2F70BBAD2377276AB1AA9D03CB448F08110681196","3","DUPLICATE_REVIEW","RuneforgeCore","start-sunshine.ps1","C:\RUNEFOGE_PRO\runeforge\app\ops\games\start-sunshine.ps1","0.001","21/03/2026 09:07:58 p. m.","True"
"FF8FCDEBCA739EAA81C07CAABD78B3E3EAFB89CAC0E68CAF7AAF7A2B25514E85","1","KEEP_CANDIDATE","RuneforgeCore","ltn10.pgf","C:\RUNEFOGE_PRO\runeforge-mvp\runeforge-mvp\retro\_downloads\PPSSPPWindowsARM64\assets\flash0\font\ltn10.pgf","0.03","15/03/2026 11:52:35 a. m.","True"
"FF8FCDEBCA739EAA81C07CAABD78B3E3EAFB89CAC0E68CAF7AAF7A2B25514E85","2","DUPLICATE_REVIEW","RuneforgeCore","ltn10.pgf","C:\RUNEFOGE_PRO\runeforge\runeforge\app\retro\_downloads\PPSSPPWindowsARM64\assets\flash0\font\ltn10.pgf","0.03","15/03/2026 11:52:35 a. m.","True"
"FF8FCDEBCA739EAA81C07CAABD78B3E3EAFB89CAC0E68CAF7AAF7A2B25514E85","3","DUPLICATE_REVIEW","RuneforgeCore","ltn10.pgf","C:\RUNEFOGE_PRO\runeforge\app\retro\_downloads\PPSSPPWindowsARM64\assets\flash0\font\ltn10.pgf","0.03","15/03/2026 11:52:35 a. m.","True"
