"Class","Category","Name","FullPath","SizeMB","LastWrite","IsCanonical"
"MEMORY_OR_PROMPT","MemoriaIA","MEMORIA RUNEGORGE.txt","C:\RUNEFOGE_PRO\MEMORIA RUNEGORGE.txt","0.002","13/04/2026 01:48:58 a. m.","False"
"MEMORY_OR_PROMPT","RuneforgeCore","Prompt Codex Runeforge Final.pdf","C:\RUNEFOGE_PRO\Prompt Codex Runeforge Final.pdf","0.017","12/04/2026 08:36:27 p. m.","False"
"REVIEW_MANUAL","RuneforgeCore","Runeforge V2 — Bitácora Operativa (1).pdf","C:\RUNEFOGE_PRO\Runeforge V2 — Bitácora Operativa (1).pdf","0.019","13/04/2026 01:50:26 a. m.","True"
"REVIEW_MANUAL","RuneforgeCore","Runeforge V2 — Bitácora Operativa.pdf","C:\RUNEFOGE_PRO\Runeforge V2 — Bitácora Operativa.pdf","0.019","13/04/2026 01:45:38 a. m.","True"
"REVIEW_MANUAL","RuneforgeCore","Runeforge V2 Scaffold Base (1).pdf","C:\RUNEFOGE_PRO\Runeforge V2 Scaffold Base (1).pdf","0.016","13/04/2026 01:47:59 a. m.","True"
"REVIEW_MANUAL","RuneforgeCore","Runeforge V2 Scaffold Base.pdf","C:\RUNEFOGE_PRO\Runeforge V2 Scaffold Base.pdf","0.016","13/04/2026 01:47:49 a. m.","True"
"LEGACY_PROJECT","RuneforgeCore",".env","C:\RUNEFOGE_PRO\runeforge-v2-ready\runeforge-v2\.env","0","19/04/2026 07:37:46 p. m.","True"
"LEGACY_PROJECT","RuneforgeCore",".env.example","C:\RUNEFOGE_PRO\runeforge-v2-ready\runeforge-v2\.env.example","0","13/04/2026 01:35:15 a. m.","True"
"LEGACY_PROJECT","RuneforgeCore","package-lock.json","C:\RUNEFOGE_PRO\runeforge-v2-ready\runeforge-v2\package-lock.json","0.052","19/04/2026 07:12:10 p. m.","True"
"LEGACY_PROJECT","RuneforgeCore","package.json","C:\RUNEFOGE_PRO\runeforge-v2-ready\runeforge-v2\package.json","0","13/04/2026 01:35:15 a. m.","True"
"DOCUMENTATION","RuneforgeCore","README.md","C:\RUNEFOGE_PRO\runeforge-v2-ready\runeforge-v2\README.md","0.001","13/04/2026 01:35:15 a. m.","True"
"LEGACY_PROJECT","RuneforgeCore","tsconfig.json","C:\RUNEFOGE_PRO\runeforge-v2-ready\runeforge-v2\tsconfig.json","0","13/04/2026 01:35:15 a. m.","True"
"LEGACY_PROJECT","RuneforgeCore","app.ts","C:\RUNEFOGE_PRO\runeforge-v2-ready\runeforge-v2\src\app.ts","0.001","13/04/2026 01:35:16 a. m.","True"
"LEGACY_PROJECT","RuneforgeCore","server.ts","C:\RUNEFOGE_PRO\runeforge-v2-ready\runeforge-v2\src\server.ts","0","13/04/2026 01:35:16 a. m.","True"
"LEGACY_PROJECT","RuneforgeCore","api.ts","C:\RUNEFOGE_PRO\runeforge-v2-ready\runeforge-v2\src\types\api.ts","0","13/04/2026 01:35:16 a. m.","True"
"LEGACY_PROJECT","RuneforgeCore","traceRepo.ts","C:\RUNEFOGE_PRO\runeforge-v2-ready\runeforge-v2\src\trace\traceRepo.ts","0.001","13/04/2026 01:35:16 a. m.","True"
"LEGACY_PROJECT","RuneforgeCore","traceService.ts","C:\RUNEFOGE_PRO\runeforge-v2-ready\runeforge-v2\src\trace\traceService.ts","0","13/04/2026 01:35:16 a. m.","True"
"LEGACY_PROJECT","RuneforgeCore","core.ts","C:\RUNEFOGE_PRO\runeforge-v2-ready\runeforge-v2\src\routes\core.ts","0.001","19/04/2026 07:14:23 p. m.","True"
"LEGACY_PROJECT","RuneforgeCore","routes.ts","C:\RUNEFOGE_PRO\runeforge-v2-ready\runeforge-v2\src\modules\health\routes.ts","0","13/04/2026 01:35:16 a. m.","True"
"LEGACY_PROJECT","RuneforgeCore","router.ts","C:\RUNEFOGE_PRO\runeforge-v2-ready\runeforge-v2\src\modules\chat\router.ts","0","13/04/2026 01:35:16 a. m.","True"
"LEGACY_PROJECT","RuneforgeCore","routes.ts","C:\RUNEFOGE_PRO\runeforge-v2-ready\runeforge-v2\src\modules\chat\routes.ts","0.001","13/04/2026 01:35:16 a. m.","True"
"LEGACY_PROJECT","RuneforgeCore","service.ts","C:\RUNEFOGE_PRO\runeforge-v2-ready\runeforge-v2\src\modules\chat\service.ts","0","13/04/2026 01:35:16 a. m.","True"
"LEGACY_PROJECT","RuneforgeCore","general.ts","C:\RUNEFOGE_PRO\runeforge-v2-ready\runeforge-v2\src\modules\chat\skills\general.ts","0","13/04/2026 01:35:16 a. m.","True"
"LEGACY_PROJECT","RuneforgeCore","system.ts","C:\RUNEFOGE_PRO\runeforge-v2-ready\runeforge-v2\src\modules\chat\skills\system.ts","0","13/04/2026 01:35:16 a. m.","True"
"LEGACY_PROJECT","RuneforgeCore","telemetria.ts","C:\RUNEFOGE_PRO\runeforge-v2-ready\runeforge-v2\src\modules\chat\skills\telemetria.ts","0","13/04/2026 01:35:16 a. m.","True"
"LEGACY_PROJECT","RuneforgeCore","routes.ts","C:\RUNEFOGE_PRO\runeforge-v2-ready\runeforge-v2\src\modules\actions\routes.ts","0.002","13/04/2026 01:35:16 a. m.","True"
"LEGACY_PROJECT","RuneforgeCore","client.ts","C:\RUNEFOGE_PRO\runeforge-v2-ready\runeforge-v2\src\db\client.ts","0","13/04/2026 01:35:16 a. m.","True"
"LEGACY_PROJECT","RuneforgeCore","init.ts","C:\RUNEFOGE_PRO\runeforge-v2-ready\runeforge-v2\src\db\init.ts","0","13/04/2026 01:35:16 a. m.","True"
"LEGACY_PROJECT","RuneforgeCore","auth.ts","C:\RUNEFOGE_PRO\runeforge-v2-ready\runeforge-v2\src\core\auth.ts","0","13/04/2026 01:35:16 a. m.","True"
"LEGACY_PROJECT","RuneforgeCore","config.ts","C:\RUNEFOGE_PRO\runeforge-v2-ready\runeforge-v2\src\core\config.ts","0.001","13/04/2026 01:35:16 a. m.","True"
"LEGACY_PROJECT","RuneforgeCore","errors.ts","C:\RUNEFOGE_PRO\runeforge-v2-ready\runeforge-v2\src\core\errors.ts","0","13/04/2026 01:35:16 a. m.","True"
"LEGACY_PROJECT","RuneforgeCore","tailscaleGuard.ts","C:\RUNEFOGE_PRO\runeforge-v2-ready\runeforge-v2\src\core\tailscaleGuard.ts","0.001","13/04/2026 01:35:16 a. m.","True"
"LEGACY_PROJECT","RuneforgeCore","registry.ts","C:\RUNEFOGE_PRO\runeforge-v2-ready\runeforge-v2\src\actions\registry.ts","0.001","13/04/2026 01:35:16 a. m.","True"
"LEGACY_PROJECT","RuneforgeCore","runPowerShell.ts","C:\RUNEFOGE_PRO\runeforge-v2-ready\runeforge-v2\src\actions\runPowerShell.ts","0.001","13/04/2026 01:35:16 a. m.","True"
"LEGACY_PROJECT","RuneforgeCore","schemas.ts","C:\RUNEFOGE_PRO\runeforge-v2-ready\runeforge-v2\src\actions\schemas.ts","0","13/04/2026 01:35:16 a. m.","True"
"SCRIPTING_ACTIVE_OR_REVIEW","RuneforgeCore","system-status.ps1","C:\RUNEFOGE_PRO\runeforge-v2-ready\runeforge-v2\scripts\system-status.ps1","0","13/04/2026 01:35:16 a. m.","True"
"LEGACY_PROJECT","RuneforgeCore","runeforge.db","C:\RUNEFOGE_PRO\runeforge-v2-ready\runeforge-v2\data\runeforge.db","0.004","19/04/2026 07:38:22 p. m.","True"
"LEGACY_PROJECT","RuneforgeCore","runeforge.db-shm","C:\RUNEFOGE_PRO\runeforge-v2-ready\runeforge-v2\data\runeforge.db-shm","0.031","19/04/2026 07:38:22 p. m.","True"
"LEGACY_PROJECT","RuneforgeCore","runeforge.db-wal","C:\RUNEFOGE_PRO\runeforge-v2-ready\runeforge-v2\data\runeforge.db-wal","0","19/04/2026 07:38:22 p. m.","True"
"LEGACY_PROJECT","RuneforgeCore",".env.example","C:\RUNEFOGE_PRO\runeforge-mvp\runeforge-mvp\.env.example","0","20/03/2026 06:15:07 a. m.","True"
"LEGACY_PROJECT","RuneforgeCore",".gitignore","C:\RUNEFOGE_PRO\runeforge-mvp\runeforge-mvp\.gitignore","0","20/03/2026 06:15:07 a. m.","True"
"LEGACY_PROJECT","RuneforgeCore","check-runeforge.ps1","C:\RUNEFOGE_PRO\runeforge-mvp\runeforge-mvp\check-runeforge.ps1","0.001","27/03/2026 07:04:56 a. m.","True"
"LEGACY_PROJECT","RuneforgeCore","forge_ui_nexo_v_1_runeforge.jsx","C:\RUNEFOGE_PRO\runeforge-mvp\runeforge-mvp\forge_ui_nexo_v_1_runeforge.jsx","0.016","27/03/2026 01:28:19 a. m.","True"
"LEGACY_PROJECT","RuneforgeCore","package-lock.json","C:\RUNEFOGE_PRO\runeforge-mvp\runeforge-mvp\package-lock.json","0.041","26/03/2026 12:51:28 p. m.","True"
"LEGACY_PROJECT","RuneforgeCore","package.json","C:\RUNEFOGE_PRO\runeforge-mvp\runeforge-mvp\package.json","0.001","20/03/2026 06:15:07 a. m.","True"
"DOCUMENTATION","RuneforgeCore","README.md","C:\RUNEFOGE_PRO\runeforge-mvp\runeforge-mvp\README.md","0.001","20/03/2026 06:15:07 a. m.","True"
"LEGACY_PROJECT","RuneforgeCore","start-runeforge.cmd","C:\RUNEFOGE_PRO\runeforge-mvp\runeforge-mvp\start-runeforge.cmd","0","27/03/2026 07:04:56 a. m.","True"
"LEGACY_PROJECT","RuneforgeCore","app.js","C:\RUNEFOGE_PRO\runeforge-mvp\runeforge-mvp\src\app.js","0.001","20/03/2026 06:15:07 a. m.","True"
"LEGACY_PROJECT","RuneforgeCore","server.js","C:\RUNEFOGE_PRO\runeforge-mvp\runeforge-mvp\src\server.js","0","20/03/2026 06:15:07 a. m.","True"
"LEGACY_PROJECT","RuneforgeCore","logger.js","C:\RUNEFOGE_PRO\runeforge-mvp\runeforge-mvp\src\shared\logger.js","0.001","20/03/2026 06:15:07 a. m.","True"
"LEGACY_PROJECT","RuneforgeCore","trace.middleware.js","C:\RUNEFOGE_PRO\runeforge-mvp\runeforge-mvp\src\modules\trace\trace.middleware.js","0","20/03/2026 06:15:07 a. m.","True"
"LEGACY_PROJECT","RuneforgeCore","sentinel.routes.js","C:\RUNEFOGE_PRO\runeforge-mvp\runeforge-mvp\src\modules\sentinel\sentinel.routes.js","0","20/03/2026 06:15:07 a. m.","True"
"LEGACY_PROJECT","RuneforgeCore","relay.routes.js","C:\RUNEFOGE_PRO\runeforge-mvp\runeforge-mvp\src\modules\relay\relay.routes.js","0","20/03/2026 06:15:07 a. m.","True"
"LEGACY_PROJECT","RuneforgeCore","forge.routes.js","C:\RUNEFOGE_PRO\runeforge-mvp\runeforge-mvp\src\modules\forge\forge.routes.js","0.002","20/03/2026 06:15:07 a. m.","True"
"LEGACY_PROJECT","RuneforgeCore","codex.routes.js","C:\RUNEFOGE_PRO\runeforge-mvp\runeforge-mvp\src\modules\codex\codex.routes.js","0","20/03/2026 06:15:07 a. m.","True"
"LEGACY_PROJECT","RuneforgeCore","chat.routes.js","C:\RUNEFOGE_PRO\runeforge-mvp\runeforge-mvp\src\modules\chat\chat.routes.js","0","26/03/2026 06:54:00 p. m.","True"
"LEGACY_PROJECT","RuneforgeCore","chat.service.js","C:\RUNEFOGE_PRO\runeforge-mvp\runeforge-mvp\src\modules\chat\chat.service.js","0.001","26/03/2026 06:55:32 p. m.","True"
"LEGACY_PROJECT","RuneforgeCore","chat.trace.js","C:\RUNEFOGE_PRO\runeforge-mvp\runeforge-mvp\src\modules\chat\chat.trace.js","0","27/03/2026 01:04:53 a. m.","True"
"LEGACY_PROJECT","RuneforgeCore","skill-router.js","C:\RUNEFOGE_PRO\runeforge-mvp\runeforge-mvp\src\modules\chat\skill-router.js","0.001","26/03/2026 06:57:16 p. m.","True"
"LEGACY_PROJECT","RuneforgeCore","general.js","C:\RUNEFOGE_PRO\runeforge-mvp\runeforge-mvp\src\modules\chat\skills\general.js","0","27/03/2026 01:04:53 a. m.","True"
"LEGACY_PROJECT","RuneforgeCore","system.js","C:\RUNEFOGE_PRO\runeforge-mvp\runeforge-mvp\src\modules\chat\skills\system.js","0.001","27/03/2026 01:04:53 a. m.","True"
"LEGACY_PROJECT","RuneforgeCore","telemetria.js","C:\RUNEFOGE_PRO\runeforge-mvp\runeforge-mvp\src\modules\chat\skills\telemetria.js","0.002","27/03/2026 01:04:53 a. m.","True"
"LEGACY_PROJECT","RuneforgeCore","beacon.routes.js","C:\RUNEFOGE_PRO\runeforge-mvp\runeforge-mvp\src\modules\beacon\beacon.routes.js","0.001","20/03/2026 06:15:07 a. m.","True"
"LEGACY_PROJECT","RuneforgeCore","command-registry.js","C:\RUNEFOGE_PRO\runeforge-mvp\runeforge-mvp\src\core\command-registry.js","0.001","20/03/2026 06:15:07 a. m.","True"
"LEGACY_PROJECT","RuneforgeCore","env.js","C:\RUNEFOGE_PRO\runeforge-mvp\runeforge-mvp\src\config\env.js","0.001","20/03/2026 06:15:07 a. m.","True"
"LEGACY_PROJECT","RuneforgeCore","whatsapp.webhook.routes.js","C:\RUNEFOGE_PRO\runeforge-mvp\runeforge-mvp\src\adapters\whatsapp\whatsapp.webhook.routes.js","0.001","20/03/2026 06:15:07 a. m.","True"
"LEGACY_PROJECT","RuneforgeCore","ai.client.js","C:\RUNEFOGE_PRO\runeforge-mvp\runeforge-mvp\src\adapters\ai\ai.client.js","0","20/03/2026 06:15:07 a. m.","True"
"SCRIPTING_ACTIVE_OR_REVIEW","RuneforgeCore","dev.ps1","C:\RUNEFOGE_PRO\runeforge-mvp\runeforge-mvp\scripts\dev.ps1","0","27/03/2026 07:04:56 a. m.","True"
"SCRIPTING_ACTIVE_OR_REVIEW","RuneforgeCore","start.ps1","C:\RUNEFOGE_PRO\runeforge-mvp\runeforge-mvp\scripts\start.ps1","0","20/03/2026 06:15:07 a. m.","True"
"LEGACY_PROJECT","RuneforgeCore",".env","C:\RUNEFOGE_PRO\runeforge-mvp\runeforge-mvp\runeforge-mvp\.env","0","27/03/2026 07:04:56 a. m.","True"
"LEGACY_PROJECT","RuneforgeCore",".env.example","C:\RUNEFOGE_PRO\runeforge-mvp\runeforge-mvp\runeforge-mvp\.env.example","0","27/03/2026 07:04:56 a. m.","True"
"LEGACY_PROJECT","RuneforgeCore",".gitignore","C:\RUNEFOGE_PRO\runeforge-mvp\runeforge-mvp\runeforge-mvp\.gitignore","0","20/03/2026 12:15:06 a. m.","True"
"LEGACY_PROJECT","RuneforgeCore","package-lock.json","C:\RUNEFOGE_PRO\runeforge-mvp\runeforge-mvp\runeforge-mvp\package-lock.json","0.041","27/03/2026 01:17:01 a. m.","True"
"LEGACY_PROJECT","RuneforgeCore","package.json","C:\RUNEFOGE_PRO\runeforge-mvp\runeforge-mvp\runeforge-mvp\package.json","0.001","20/03/2026 12:15:06 a. m.","True"
"DOCUMENTATION","RuneforgeCore","README.md","C:\RUNEFOGE_PRO\runeforge-mvp\runeforge-mvp\runeforge-mvp\README.md","0.001","20/03/2026 12:15:06 a. m.","True"
"LEGACY_PROJECT","RuneforgeCore","app.js","C:\RUNEFOGE_PRO\runeforge-mvp\runeforge-mvp\runeforge-mvp\src\app.js","0.001","27/03/2026 12:51:28 a. m.","True"
"LEGACY_PROJECT","RuneforgeCore","server.js","C:\RUNEFOGE_PRO\runeforge-mvp\runeforge-mvp\runeforge-mvp\src\server.js","0","20/03/2026 12:15:06 a. m.","True"
"LEGACY_PROJECT","RuneforgeCore","logger.js","C:\RUNEFOGE_PRO\runeforge-mvp\runeforge-mvp\runeforge-mvp\src\shared\logger.js","0.001","20/03/2026 12:15:06 a. m.","True"
"LEGACY_PROJECT","RuneforgeCore","trace.middleware.js","C:\RUNEFOGE_PRO\runeforge-mvp\runeforge-mvp\runeforge-mvp\src\modules\trace\trace.middleware.js","0","20/03/2026 12:15:06 a. m.","True"
"LEGACY_PROJECT","RuneforgeCore","sentinel.routes.js","C:\RUNEFOGE_PRO\runeforge-mvp\runeforge-mvp\runeforge-mvp\src\modules\sentinel\sentinel.routes.js","0","20/03/2026 12:15:06 a. m.","True"
"LEGACY_PROJECT","RuneforgeCore","relay.routes.js","C:\RUNEFOGE_PRO\runeforge-mvp\runeforge-mvp\runeforge-mvp\src\modules\relay\relay.routes.js","0","20/03/2026 12:15:06 a. m.","True"
"LEGACY_PROJECT","RuneforgeCore","forge.routes.js","C:\RUNEFOGE_PRO\runeforge-mvp\runeforge-mvp\runeforge-mvp\src\modules\forge\forge.routes.js","0.002","20/03/2026 12:15:06 a. m.","True"
"LEGACY_PROJECT","RuneforgeCore","codex.routes.js","C:\RUNEFOGE_PRO\runeforge-mvp\runeforge-mvp\runeforge-mvp\src\modules\codex\codex.routes.js","0","20/03/2026 12:15:06 a. m.","True"
"LEGACY_PROJECT","RuneforgeCore","chat.routes.js","C:\RUNEFOGE_PRO\runeforge-mvp\runeforge-mvp\runeforge-mvp\src\modules\chat\chat.routes.js","0","27/03/2026 12:54:00 a. m.","True"
"LEGACY_PROJECT","RuneforgeCore","chat.service.js","C:\RUNEFOGE_PRO\runeforge-mvp\runeforge-mvp\runeforge-mvp\src\modules\chat\chat.service.js","0.001","27/03/2026 12:55:32 a. m.","True"
"LEGACY_PROJECT","RuneforgeCore","chat.trace.js","C:\RUNEFOGE_PRO\runeforge-mvp\runeforge-mvp\runeforge-mvp\src\modules\chat\chat.trace.js","0","27/03/2026 07:04:54 a. m.","True"
"LEGACY_PROJECT","RuneforgeCore","skill-router.js","C:\RUNEFOGE_PRO\runeforge-mvp\runeforge-mvp\runeforge-mvp\src\modules\chat\skill-router.js","0.001","27/03/2026 12:57:16 a. m.","True"
"LEGACY_PROJECT","RuneforgeCore","general.js","C:\RUNEFOGE_PRO\runeforge-mvp\runeforge-mvp\runeforge-mvp\src\modules\chat\skills\general.js","0","27/03/2026 07:04:54 a. m.","True"
"LEGACY_PROJECT","RuneforgeCore","system.js","C:\RUNEFOGE_PRO\runeforge-mvp\runeforge-mvp\runeforge-mvp\src\modules\chat\skills\system.js","0.001","27/03/2026 07:04:54 a. m.","True"
"LEGACY_PROJECT","RuneforgeCore","telemetria.js","C:\RUNEFOGE_PRO\runeforge-mvp\runeforge-mvp\runeforge-mvp\src\modules\chat\skills\telemetria.js","0.002","27/03/2026 07:04:54 a. m.","True"
"LEGACY_PROJECT","RuneforgeCore","beacon.routes.js","C:\RUNEFOGE_PRO\runeforge-mvp\runeforge-mvp\runeforge-mvp\src\modules\beacon\beacon.routes.js","0.001","20/03/2026 12:15:06 a. m.","True"
"LEGACY_PROJECT","RuneforgeCore","command-registry.js","C:\RUNEFOGE_PRO\runeforge-mvp\runeforge-mvp\runeforge-mvp\src\core\command-registry.js","0.002","27/03/2026 07:04:56 a. m.","True"
"LEGACY_PROJECT","RuneforgeCore","env.js","C:\RUNEFOGE_PRO\runeforge-mvp\runeforge-mvp\runeforge-mvp\src\config\env.js","0.001","27/03/2026 07:04:56 a. m.","True"
"LEGACY_PROJECT","RuneforgeCore","whatsapp.webhook.routes.js","C:\RUNEFOGE_PRO\runeforge-mvp\runeforge-mvp\runeforge-mvp\src\adapters\whatsapp\whatsapp.webhook.routes.js","0.001","20/03/2026 12:15:06 a. m.","True"
"LEGACY_PROJECT","RuneforgeCore","ai.client.js","C:\RUNEFOGE_PRO\runeforge-mvp\runeforge-mvp\runeforge-mvp\src\adapters\ai\ai.client.js","0","20/03/2026 12:15:06 a. m.","True"
"SCRIPTING_ACTIVE_OR_REVIEW","RuneforgeCore","dev.ps1","C:\RUNEFOGE_PRO\runeforge-mvp\runeforge-mvp\runeforge-mvp\scripts\dev.ps1","0","20/03/2026 12:15:06 a. m.","True"
"SCRIPTING_ACTIVE_OR_REVIEW","RuneforgeCore","start.ps1","C:\RUNEFOGE_PRO\runeforge-mvp\runeforge-mvp\runeforge-mvp\scripts\start.ps1","0","20/03/2026 12:15:06 a. m.","True"
"LEGACY_PROJECT","RuneforgeCore","chat.log","C:\RUNEFOGE_PRO\runeforge-mvp\runeforge-mvp\runeforge-mvp\data\trace\chat.log","0.003","27/03/2026 01:17:33 a. m.","True"
"AUDIT_OR_TRACE_DATA","RuneforgeCore","runeforge.log","C:\RUNEFOGE_PRO\runeforge-mvp\runeforge-mvp\runeforge-mvp\data\logs\runeforge.log","0.006","27/03/2026 01:18:46 a. m.","True"
"LAB","RuneforgeCore","padtest_ps2.elf","C:\RUNEFOGE_PRO\runeforge-mvp\runeforge-mvp\retro\tools\ps2-bios-dumper\padtest_ps2.elf","0.19","22/03/2026 08:02:28 p. m.","True"
"LEGACY_PROJECT","RuneforgeCore","PS2dumperV2_bin.7z","C:\RUNEFOGE_PRO\runeforge-mvp\runeforge-mvp\retro\tools\ps2-bios-dumper\PS2dumperV2_bin.7z","0.281","22/03/2026 08:03:00 p. m.","True"
"LEGACY_PROJECT","RuneforgeCore","PS2dumperV2_iso.7z","C:\RUNEFOGE_PRO\runeforge-mvp\runeforge-mvp\retro\tools\ps2-bios-dumper\PS2dumperV2_iso.7z","0.432","22/03/2026 08:03:08 p. m.","True"
"LEGACY_PROJECT","RuneforgeCore","tools-bios-dumper-v2.tar.gz","C:\RUNEFOGE_PRO\runeforge-mvp\runeforge-mvp\retro\tools\ps2-bios-dumper\tools-bios-dumper-v2.tar.gz","0","22/03/2026 08:03:16 p. m.","True"
"LEGACY_PROJECT","RuneforgeCore","tools-bios-dumper-v2.zip","C:\RUNEFOGE_PRO\runeforge-mvp\runeforge-mvp\retro\tools\ps2-bios-dumper\tools-bios-dumper-v2.zip","0","22/03/2026 08:03:12 p. m.","True"
"LAB","RuneforgeCore","tools-tests-pad.tar.gz","C:\RUNEFOGE_PRO\runeforge-mvp\runeforge-mvp\retro\tools\ps2-bios-dumper\tools-tests-pad.tar.gz","0","22/03/2026 08:02:48 p. m.","True"
"LAB","RuneforgeCore","tools-tests-pad.zip","C:\RUNEFOGE_PRO\runeforge-mvp\runeforge-mvp\retro\tools\ps2-bios-dumper\tools-tests-pad.zip","0","22/03/2026 08:02:44 p. m.","True"
"LEGACY_PROJECT","RuneforgeCore","PlayniteInstaller.exe","C:\RUNEFOGE_PRO\runeforge-mvp\runeforge-mvp\retro\frontends\playnite\PlayniteInstaller.exe","0.244","22/03/2026 08:06:12 p. m.","True"
"VENDOR_ARCHIVE","RuneforgeCore","PPSSPPSetup_v1.20.3-36-g2d8832ec71.exe","C:\RUNEFOGE_PRO\runeforge-mvp\runeforge-mvp\retro\emulators\ppsspp\PPSSPPSetup_v1.20.3-36-g2d8832ec71.exe","21.018","22/03/2026 08:08:16 p. m.","True"
"VENDOR_ARCHIVE","RuneforgeCore","PPSSPPWindowsARM64.zip","C:\RUNEFOGE_PRO\runeforge-mvp\runeforge-mvp\retro\_downloads\PPSSPPWindowsARM64.zip","18.417","23/03/2026 02:07:38 a. m.","True"
"VENDOR_ARCHIVE","RuneforgeCore","PPSSPPWindowsARM64.exe","C:\RUNEFOGE_PRO\runeforge-mvp\runeforge-mvp\retro\_downloads\PPSSPPWindowsARM64\PPSSPPWindowsARM64.exe","17.404","15/03/2026 12:07:06 p. m.","True"
"VENDOR_ARCHIVE","RuneforgeCore","README.md","C:\RUNEFOGE_PRO\runeforge-mvp\runeforge-mvp\retro\_downloads\PPSSPPWindowsARM64\README.md","0.038","15/03/2026 11:52:35 a. m.","True"
"VENDOR_ARCHIVE","RuneforgeCore","7z.png","C:\RUNEFOGE_PRO\runeforge-mvp\runeforge-mvp\retro\_downloads\PPSSPPWindowsARM64\assets\7z.png","0.006","15/03/2026 11:52:35 a. m.","True"
"VENDOR_ARCHIVE","RuneforgeCore","adhoc-servers.json","C:\RUNEFOGE_PRO\runeforge-mvp\runeforge-mvp\retro\_downloads\PPSSPPWindowsARM64\assets\adhoc-servers.json","0.004","15/03/2026 11:52:35 a. m.","True"
"VENDOR_ARCHIVE","RuneforgeCore","asciifont_atlas.meta","C:\RUNEFOGE_PRO\runeforge-mvp\runeforge-mvp\retro\_downloads\PPSSPPWindowsARM64\assets\asciifont_atlas.meta","0.007","15/03/2026 11:52:35 a. m.","True"
"VENDOR_ARCHIVE","RuneforgeCore","asciifont_atlas.zim","C:\RUNEFOGE_PRO\runeforge-mvp\runeforge-mvp\retro\_downloads\PPSSPPWindowsARM64\assets\asciifont_atlas.zim","0.079","15/03/2026 11:52:35 a. m.","True"
"VENDOR_ARCHIVE","RuneforgeCore","compat.ini","C:\RUNEFOGE_PRO\runeforge-mvp\runeforge-mvp\retro\_downloads\PPSSPPWindowsARM64\assets\compat.ini","0.047","15/03/2026 11:52:35 a. m.","True"
"VENDOR_ARCHIVE","RuneforgeCore","compatvr.ini","C:\RUNEFOGE_PRO\runeforge-mvp\runeforge-mvp\retro\_downloads\PPSSPPWindowsARM64\assets\compatvr.ini","0.023","15/03/2026 11:52:35 a. m.","True"
"VENDOR_ARCHIVE","RuneforgeCore","font_atlas.meta","C:\RUNEFOGE_PRO\runeforge-mvp\runeforge-mvp\retro\_downloads\PPSSPPWindowsARM64\assets\font_atlas.meta","0.052","15/03/2026 11:52:35 a. m.","True"
"VENDOR_ARCHIVE","RuneforgeCore","font_atlas.zim","C:\RUNEFOGE_PRO\runeforge-mvp\runeforge-mvp\retro\_downloads\PPSSPPWindowsARM64\assets\font_atlas.zim","0.982","15/03/2026 11:52:35 a. m.","True"
"VENDOR_ARCHIVE","RuneforgeCore","gamecontrollerdb.txt","C:\RUNEFOGE_PRO\runeforge-mvp\runeforge-mvp\retro\_downloads\PPSSPPWindowsARM64\assets\gamecontrollerdb.txt","0.521","15/03/2026 11:52:35 a. m.","True"
"VENDOR_ARCHIVE","RuneforgeCore","Inconsolata-Regular.ttf","C:\RUNEFOGE_PRO\runeforge-mvp\runeforge-mvp\retro\_downloads\PPSSPPWindowsARM64\assets\Inconsolata-Regular.ttf","0.097","15/03/2026 11:52:35 a. m.","True"
"VENDOR_ARCHIVE","RuneforgeCore","infra-dns.json","C:\RUNEFOGE_PRO\runeforge-mvp\runeforge-mvp\retro\_downloads\PPSSPPWindowsARM64\assets\infra-dns.json","0.017","15/03/2026 11:52:35 a. m.","True"
"VENDOR_ARCHIVE","RuneforgeCore","knownfuncs.ini","C:\RUNEFOGE_PRO\runeforge-mvp\runeforge-mvp\retro\_downloads\PPSSPPWindowsARM64\assets\knownfuncs.ini","0.011","15/03/2026 11:52:35 a. m.","True"
"VENDOR_ARCHIVE","RuneforgeCore","langregion.ini","C:\RUNEFOGE_PRO\runeforge-mvp\runeforge-mvp\retro\_downloads\PPSSPPWindowsARM64\assets\langregion.ini","0.001","15/03/2026 11:52:35 a. m.","True"
"VENDOR_ARCHIVE","RuneforgeCore","ppge_atlas.meta","C:\RUNEFOGE_PRO\runeforge-mvp\runeforge-mvp\retro\_downloads\PPSSPPWindowsARM64\assets\ppge_atlas.meta","0.048","15/03/2026 11:52:35 a. m.","True"
"VENDOR_ARCHIVE","RuneforgeCore","ppge_atlas.zim","C:\RUNEFOGE_PRO\runeforge-mvp\runeforge-mvp\retro\_downloads\PPSSPPWindowsARM64\assets\ppge_atlas.zim","0.636","15/03/2026 11:52:35 a. m.","True"
"VENDOR_ARCHIVE","RuneforgeCore","rargray.png","C:\RUNEFOGE_PRO\runeforge-mvp\runeforge-mvp\retro\_downloads\PPSSPPWindowsARM64\assets\rargray.png","0.009","15/03/2026 11:52:35 a. m.","True"
"VENDOR_ARCHIVE","RuneforgeCore","redump.csv","C:\RUNEFOGE_PRO\runeforge-mvp\runeforge-mvp\retro\_downloads\PPSSPPWindowsARM64\assets\redump.csv","0.543","15/03/2026 11:52:35 a. m.","True"
"VENDOR_ARCHIVE","RuneforgeCore","Roboto_Condensed-Bold.ttf","C:\RUNEFOGE_PRO\runeforge-mvp\runeforge-mvp\retro\_downloads\PPSSPPWindowsARM64\assets\Roboto_Condensed-Bold.ttf","0.14","15/03/2026 11:52:35 a. m.","True"
"VENDOR_ARCHIVE","RuneforgeCore","Roboto_Condensed-Italic.ttf","C:\RUNEFOGE_PRO\runeforge-mvp\runeforge-mvp\retro\_downloads\PPSSPPWindowsARM64\assets\Roboto_Condensed-Italic.ttf","0.145","15/03/2026 11:52:35 a. m.","True"
"VENDOR_ARCHIVE","RuneforgeCore","Roboto_Condensed-Light.ttf","C:\RUNEFOGE_PRO\runeforge-mvp\runeforge-mvp\retro\_downloads\PPSSPPWindowsARM64\assets\Roboto_Condensed-Light.ttf","0.139","15/03/2026 11:52:35 a. m.","True"
"VENDOR_ARCHIVE","RuneforgeCore","Roboto_Condensed-Regular.ttf","C:\RUNEFOGE_PRO\runeforge-mvp\runeforge-mvp\retro\_downloads\PPSSPPWindowsARM64\assets\Roboto_Condensed-Regular.ttf","0.139","15/03/2026 11:52:35 a. m.","True"
"VENDOR_ARCHIVE","RuneforgeCore","sfx_achievement_unlocked.wav","C:\RUNEFOGE_PRO\runeforge-mvp\runeforge-mvp\retro\_downloads\PPSSPPWindowsARM64\assets\sfx_achievement_unlocked.wav","0.078","15/03/2026 11:52:35 a. m.","True"
"VENDOR_ARCHIVE","RuneforgeCore","sfx_back.wav","C:\RUNEFOGE_PRO\runeforge-mvp\runeforge-mvp\retro\_downloads\PPSSPPWindowsARM64\assets\sfx_back.wav","0.031","15/03/2026 11:52:35 a. m.","True"
"VENDOR_ARCHIVE","RuneforgeCore","sfx_confirm.wav","C:\RUNEFOGE_PRO\runeforge-mvp\runeforge-mvp\retro\_downloads\PPSSPPWindowsARM64\assets\sfx_confirm.wav","0.043","15/03/2026 11:52:35 a. m.","True"
"VENDOR_ARCHIVE","RuneforgeCore","sfx_leaderbord_submitted.wav","C:\RUNEFOGE_PRO\runeforge-mvp\runeforge-mvp\retro\_downloads\PPSSPPWindowsARM64\assets\sfx_leaderbord_submitted.wav","0.09","15/03/2026 11:52:35 a. m.","True"
"VENDOR_ARCHIVE","RuneforgeCore","sfx_select.wav","C:\RUNEFOGE_PRO\runeforge-mvp\runeforge-mvp\retro\_downloads\PPSSPPWindowsARM64\assets\sfx_select.wav","0.026","15/03/2026 11:52:35 a. m.","True"
"VENDOR_ARCHIVE","RuneforgeCore","sfx_toggle_off.wav","C:\RUNEFOGE_PRO\runeforge-mvp\runeforge-mvp\retro\_downloads\PPSSPPWindowsARM64\assets\sfx_toggle_off.wav","0.033","15/03/2026 11:52:35 a. m.","True"
"VENDOR_ARCHIVE","RuneforgeCore","sfx_toggle_on.wav","C:\RUNEFOGE_PRO\runeforge-mvp\runeforge-mvp\retro\_downloads\PPSSPPWindowsARM64\assets\sfx_toggle_on.wav","0.037","15/03/2026 11:52:35 a. m.","True"
"VENDOR_ARCHIVE","RuneforgeCore","zip.png","C:\RUNEFOGE_PRO\runeforge-mvp\runeforge-mvp\retro\_downloads\PPSSPPWindowsARM64\assets\zip.png","0.006","15/03/2026 11:52:35 a. m.","True"
"VENDOR_ARCHIVE","RuneforgeCore","vfpu_asin_lut_deltas.dat","C:\RUNEFOGE_PRO\runeforge-mvp\runeforge-mvp\retro\_downloads\PPSSPPWindowsARM64\assets\vfpu\vfpu_asin_lut_deltas.dat","0.493","15/03/2026 11:52:35 a. m.","True"
"VENDOR_ARCHIVE","RuneforgeCore","vfpu_asin_lut_indices.dat","C:\RUNEFOGE_PRO\runeforge-mvp\runeforge-mvp\retro\_downloads\PPSSPPWindowsARM64\assets\vfpu\vfpu_asin_lut_indices.dat","0.762","15/03/2026 11:52:35 a. m.","True"
"VENDOR_ARCHIVE","RuneforgeCore","vfpu_asin_lut65536.dat","C:\RUNEFOGE_PRO\runeforge-mvp\runeforge-mvp\retro\_downloads\PPSSPPWindowsARM64\assets\vfpu\vfpu_asin_lut65536.dat","0.001","15/03/2026 11:52:35 a. m.","True"
"VENDOR_ARCHIVE","RuneforgeCore","vfpu_exp2_lut.dat","C:\RUNEFOGE_PRO\runeforge-mvp\runeforge-mvp\retro\_downloads\PPSSPPWindowsARM64\assets\vfpu\vfpu_exp2_lut.dat","0.25","15/03/2026 11:52:35 a. m.","True"
"VENDOR_ARCHIVE","RuneforgeCore","vfpu_exp2_lut65536.dat","C:\RUNEFOGE_PRO\runeforge-mvp\runeforge-mvp\retro\_downloads\PPSSPPWindowsARM64\assets\vfpu\vfpu_exp2_lut65536.dat","0","15/03/2026 11:52:35 a. m.","True"
"VENDOR_ARCHIVE","RuneforgeCore","vfpu_log2_lut.dat","C:\RUNEFOGE_PRO\runeforge-mvp\runeforge-mvp\retro\_downloads\PPSSPPWindowsARM64\assets\vfpu\vfpu_log2_lut.dat","2","15/03/2026 11:52:35 a. m.","True"
"VENDOR_ARCHIVE","RuneforgeCore","vfpu_log2_lut65536_quadratic.dat","C:\RUNEFOGE_PRO\runeforge-mvp\runeforge-mvp\retro\_downloads\PPSSPPWindowsARM64\assets\vfpu\vfpu_log2_lut65536_quadratic.dat","0","15/03/2026 11:52:35 a. m.","True"
"VENDOR_ARCHIVE","RuneforgeCore","vfpu_log2_lut65536.dat","C:\RUNEFOGE_PRO\runeforge-mvp\runeforge-mvp\retro\_downloads\PPSSPPWindowsARM64\assets\vfpu\vfpu_log2_lut65536.dat","0","15/03/2026 11:52:35 a. m.","True"
"VENDOR_ARCHIVE","RuneforgeCore","vfpu_rcp_lut.dat","C:\RUNEFOGE_PRO\runeforge-mvp\runeforge-mvp\retro\_downloads\PPSSPPWindowsARM64\assets\vfpu\vfpu_rcp_lut.dat","0.25","15/03/2026 11:52:35 a. m.","True"
"VENDOR_ARCHIVE","RuneforgeCore","vfpu_rsqrt_lut.dat","C:\RUNEFOGE_PRO\runeforge-mvp\runeforge-mvp\retro\_downloads\PPSSPPWindowsARM64\assets\vfpu\vfpu_rsqrt_lut.dat","0.25","15/03/2026 11:52:35 a. m.","True"
"VENDOR_ARCHIVE","RuneforgeCore","vfpu_sin_lut_delta.dat","C:\RUNEFOGE_PRO\runeforge-mvp\runeforge-mvp\retro\_downloads\PPSSPPWindowsARM64\assets\vfpu\vfpu_sin_lut_delta.dat","0.25","15/03/2026 11:52:35 a. m.","True"
"VENDOR_ARCHIVE","RuneforgeCore","vfpu_sin_lut_exceptions.dat","C:\RUNEFOGE_PRO\runeforge-mvp\runeforge-mvp\retro\_downloads\PPSSPPWindowsARM64\assets\vfpu\vfpu_sin_lut_exceptions.dat","0.083","15/03/2026 11:52:35 a. m.","True"
"VENDOR_ARCHIVE","RuneforgeCore","vfpu_sin_lut_interval_delta.dat","C:\RUNEFOGE_PRO\runeforge-mvp\runeforge-mvp\retro\_downloads\PPSSPPWindowsARM64\assets\vfpu\vfpu_sin_lut_interval_delta.dat","0.125","15/03/2026 11:52:35 a. m.","True"
"VENDOR_ARCHIVE","RuneforgeCore","vfpu_sin_lut8192.dat","C:\RUNEFOGE_PRO\runeforge-mvp\runeforge-mvp\retro\_downloads\PPSSPPWindowsARM64\assets\vfpu\vfpu_sin_lut8192.dat","0.004","15/03/2026 11:52:35 a. m.","True"
"VENDOR_ARCHIVE","RuneforgeCore","vfpu_sqrt_lut.dat","C:\RUNEFOGE_PRO\runeforge-mvp\runeforge-mvp\retro\_downloads\PPSSPPWindowsARM64\assets\vfpu\vfpu_sqrt_lut.dat","0.25","15/03/2026 11:52:35 a. m.","True"
"VENDOR_ARCHIVE","RuneforgeCore","index.html","C:\RUNEFOGE_PRO\runeforge-mvp\runeforge-mvp\retro\_downloads\PPSSPPWindowsARM64\assets\upload\index.html","0.011","15/03/2026 11:52:35 a. m.","True"
"VENDOR_ARCHIVE","RuneforgeCore","bg.png","C:\RUNEFOGE_PRO\runeforge-mvp\runeforge-mvp\retro\_downloads\PPSSPPWindowsARM64\assets\ui_images\bg.png","0.002","15/03/2026 11:52:35 a. m.","True"
"VENDOR_ARCHIVE","RuneforgeCore","drop_shadow.png","C:\RUNEFOGE_PRO\runeforge-mvp\runeforge-mvp\retro\_downloads\PPSSPPWindowsARM64\assets\ui_images\drop_shadow.png","0.002","15/03/2026 11:52:35 a. m.","True"
"VENDOR_ARCHIVE","RuneforgeCore","icon_gold.png","C:\RUNEFOGE_PRO\runeforge-mvp\runeforge-mvp\retro\_downloads\PPSSPPWindowsARM64\assets\ui_images\icon_gold.png","0.005","15/03/2026 11:52:35 a. m.","True"
"VENDOR_ARCHIVE","RuneforgeCore","icon.png","C:\RUNEFOGE_PRO\runeforge-mvp\runeforge-mvp\retro\_downloads\PPSSPPWindowsARM64\assets\ui_images\icon.png","0.006","15/03/2026 11:52:35 a. m.","True"
"VENDOR_ARCHIVE","RuneforgeCore","images.svg","C:\RUNEFOGE_PRO\runeforge-mvp\runeforge-mvp\retro\_downloads\PPSSPPWindowsARM64\assets\ui_images\images.svg","0.257","15/03/2026 11:52:35 a. m.","True"
"VENDOR_ARCHIVE","RuneforgeCore","psp_display.png","C:\RUNEFOGE_PRO\runeforge-mvp\runeforge-mvp\retro\_downloads\PPSSPPWindowsARM64\assets\ui_images\psp_display.png","0","15/03/2026 11:52:35 a. m.","True"
"VENDOR_ARCHIVE","RuneforgeCore","retroachievements_logo.png","C:\RUNEFOGE_PRO\runeforge-mvp\runeforge-mvp\retro\_downloads\PPSSPPWindowsARM64\assets\ui_images\retroachievements_logo.png","0.004","15/03/2026 11:52:35 a. m.","True"
"VENDOR_ARCHIVE","RuneforgeCore","stick_line.png","C:\RUNEFOGE_PRO\runeforge-mvp\runeforge-mvp\retro\_downloads\PPSSPPWindowsARM64\assets\ui_images\stick_line.png","0.009","15/03/2026 11:52:35 a. m.","True"
"VENDOR_ARCHIVE","RuneforgeCore","stick.png","C:\RUNEFOGE_PRO\runeforge-mvp\runeforge-mvp\retro\_downloads\PPSSPPWindowsARM64\assets\ui_images\stick.png","0.003","15/03/2026 11:52:35 a. m.","True"
"VENDOR_ARCHIVE","RuneforgeCore","svg_sources.txt","C:\RUNEFOGE_PRO\runeforge-mvp\runeforge-mvp\retro\_downloads\PPSSPPWindowsARM64\assets\ui_images\svg_sources.txt","0","15/03/2026 11:52:35 a. m.","True"
"VENDOR_ARCHIVE","RuneforgeCore","1995.ini","C:\RUNEFOGE_PRO\runeforge-mvp\runeforge-mvp\retro\_downloads\PPSSPPWindowsARM64\assets\themes\1995.ini","0.001","15/03/2026 11:52:35 a. m.","True"
"VENDOR_ARCHIVE","RuneforgeCore","alpine.ini","C:\RUNEFOGE_PRO\runeforge-mvp\runeforge-mvp\retro\_downloads\PPSSPPWindowsARM64\assets\themes\alpine.ini","0.001","15/03/2026 11:52:35 a. m.","True"
"VENDOR_ARCHIVE","RuneforgeCore","defaultthemes.ini","C:\RUNEFOGE_PRO\runeforge-mvp\runeforge-mvp\retro\_downloads\PPSSPPWindowsARM64\assets\themes\defaultthemes.ini","0.002","15/03/2026 11:52:35 a. m.","True"
"VENDOR_ARCHIVE","RuneforgeCore","slateforest.ini","C:\RUNEFOGE_PRO\runeforge-mvp\runeforge-mvp\retro\_downloads\PPSSPPWindowsARM64\assets\themes\slateforest.ini","0.001","15/03/2026 11:52:35 a. m.","True"
"VENDOR_ARCHIVE","RuneforgeCore","strawberry.ini","C:\RUNEFOGE_PRO\runeforge-mvp\runeforge-mvp\retro\_downloads\PPSSPPWindowsARM64\assets\themes\strawberry.ini","0.001","15/03/2026 11:52:35 a. m.","True"
"VENDOR_ARCHIVE","RuneforgeCore","vinewood.ini","C:\RUNEFOGE_PRO\runeforge-mvp\runeforge-mvp\retro\_downloads\PPSSPPWindowsARM64\assets\themes\vinewood.ini","0.001","15/03/2026 11:52:35 a. m.","True"
"VENDOR_ARCHIVE","RuneforgeCore","4xhqglsl.fsh","C:\RUNEFOGE_PRO\runeforge-mvp\runeforge-mvp\retro\_downloads\PPSSPPWindowsARM64\assets\shaders\4xhqglsl.fsh","0.002","15/03/2026 11:52:35 a. m.","True"
"VENDOR_ARCHIVE","RuneforgeCore","4xhqglsl.vsh","C:\RUNEFOGE_PRO\runeforge-mvp\runeforge-mvp\retro\_downloads\PPSSPPWindowsARM64\assets\shaders\4xhqglsl.vsh","0.001","15/03/2026 11:52:35 a. m.","True"
"VENDOR_ARCHIVE","RuneforgeCore","5xBR-lv2.fsh","C:\RUNEFOGE_PRO\runeforge-mvp\runeforge-mvp\retro\_downloads\PPSSPPWindowsARM64\assets\shaders\5xBR-lv2.fsh","0.009","15/03/2026 11:52:35 a. m.","True"
"VENDOR_ARCHIVE","RuneforgeCore","5xBR.fsh","C:\RUNEFOGE_PRO\runeforge-mvp\runeforge-mvp\retro\_downloads\PPSSPPWindowsARM64\assets\shaders\5xBR.fsh","0.005","15/03/2026 11:52:35 a. m.","True"
"VENDOR_ARCHIVE","RuneforgeCore","5xBR.vsh","C:\RUNEFOGE_PRO\runeforge-mvp\runeforge-mvp\retro\_downloads\PPSSPPWindowsARM64\assets\shaders\5xBR.vsh","0.001","15/03/2026 11:52:35 a. m.","True"
"VENDOR_ARCHIVE","RuneforgeCore","aacolor.fsh","C:\RUNEFOGE_PRO\runeforge-mvp\runeforge-mvp\retro\_downloads\PPSSPPWindowsARM64\assets\shaders\aacolor.fsh","0.002","15/03/2026 11:52:35 a. m.","True"
"VENDOR_ARCHIVE","RuneforgeCore","aacolor.vsh","C:\RUNEFOGE_PRO\runeforge-mvp\runeforge-mvp\retro\_downloads\PPSSPPWindowsARM64\assets\shaders\aacolor.vsh","0.001","15/03/2026 11:52:35 a. m.","True"
"VENDOR_ARCHIVE","RuneforgeCore","bloom.fsh","C:\RUNEFOGE_PRO\runeforge-mvp\runeforge-mvp\retro\_downloads\PPSSPPWindowsARM64\assets\shaders\bloom.fsh","0.001","15/03/2026 11:52:35 a. m.","True"
"VENDOR_ARCHIVE","RuneforgeCore","bloomnoblur.fsh","C:\RUNEFOGE_PRO\runeforge-mvp\runeforge-mvp\retro\_downloads\PPSSPPWindowsARM64\assets\shaders\bloomnoblur.fsh","0.001","15/03/2026 11:52:35 a. m.","True"
"VENDOR_ARCHIVE","RuneforgeCore","cartoon.fsh","C:\RUNEFOGE_PRO\runeforge-mvp\runeforge-mvp\retro\_downloads\PPSSPPWindowsARM64\assets\shaders\cartoon.fsh","0.001","15/03/2026 11:52:35 a. m.","True"
"VENDOR_ARCHIVE","RuneforgeCore","cartoon.vsh","C:\RUNEFOGE_PRO\runeforge-mvp\runeforge-mvp\retro\_downloads\PPSSPPWindowsARM64\assets\shaders\cartoon.vsh","0.001","15/03/2026 11:52:35 a. m.","True"
"VENDOR_ARCHIVE","RuneforgeCore","colorcorrection.fsh","C:\RUNEFOGE_PRO\runeforge-mvp\runeforge-mvp\retro\_downloads\PPSSPPWindowsARM64\assets\shaders\colorcorrection.fsh","0","15/03/2026 11:52:35 a. m.","True"
"VENDOR_ARCHIVE","RuneforgeCore","crt.fsh","C:\RUNEFOGE_PRO\runeforge-mvp\runeforge-mvp\retro\_downloads\PPSSPPWindowsARM64\assets\shaders\crt.fsh","0.001","15/03/2026 11:52:35 a. m.","True"
"VENDOR_ARCHIVE","RuneforgeCore","defaultshaders.ini","C:\RUNEFOGE_PRO\runeforge-mvp\runeforge-mvp\retro\_downloads\PPSSPPWindowsARM64\assets\shaders\defaultshaders.ini","0.006","15/03/2026 11:52:35 a. m.","True"
"VENDOR_ARCHIVE","RuneforgeCore","fakereflections.fsh","C:\RUNEFOGE_PRO\runeforge-mvp\runeforge-mvp\retro\_downloads\PPSSPPWindowsARM64\assets\shaders\fakereflections.fsh","0.001","15/03/2026 11:52:35 a. m.","True"
"VENDOR_ARCHIVE","RuneforgeCore","fsr_easu.fsh","C:\RUNEFOGE_PRO\runeforge-mvp\runeforge-mvp\retro\_downloads\PPSSPPWindowsARM64\assets\shaders\fsr_easu.fsh","0.007","15/03/2026 11:52:35 a. m.","True"
"VENDOR_ARCHIVE","RuneforgeCore","fsr_rcas.fsh","C:\RUNEFOGE_PRO\runeforge-mvp\runeforge-mvp\retro\_downloads\PPSSPPWindowsARM64\assets\shaders\fsr_rcas.fsh","0.004","15/03/2026 11:52:35 a. m.","True"
"VENDOR_ARCHIVE","RuneforgeCore","fxaa.fsh","C:\RUNEFOGE_PRO\runeforge-mvp\runeforge-mvp\retro\_downloads\PPSSPPWindowsARM64\assets\shaders\fxaa.fsh","0.002","15/03/2026 11:52:35 a. m.","True"
"VENDOR_ARCHIVE","RuneforgeCore","fxaa.vsh","C:\RUNEFOGE_PRO\runeforge-mvp\runeforge-mvp\retro\_downloads\PPSSPPWindowsARM64\assets\shaders\fxaa.vsh","0","15/03/2026 11:52:35 a. m.","True"
"VENDOR_ARCHIVE","RuneforgeCore","GaussianDownscale.fsh","C:\RUNEFOGE_PRO\runeforge-mvp\runeforge-mvp\retro\_downloads\PPSSPPWindowsARM64\assets\shaders\GaussianDownscale.fsh","0.003","15/03/2026 11:52:35 a. m.","True"
"VENDOR_ARCHIVE","RuneforgeCore","natural.fsh","C:\RUNEFOGE_PRO\runeforge-mvp\runeforge-mvp\retro\_downloads\PPSSPPWindowsARM64\assets\shaders\natural.fsh","0.002","15/03/2026 11:52:35 a. m.","True"
"VENDOR_ARCHIVE","RuneforgeCore","natural.vsh","C:\RUNEFOGE_PRO\runeforge-mvp\runeforge-mvp\retro\_downloads\PPSSPPWindowsARM64\assets\shaders\natural.vsh","0.001","15/03/2026 11:52:35 a. m.","True"
"VENDOR_ARCHIVE","RuneforgeCore","naturalA.fsh","C:\RUNEFOGE_PRO\runeforge-mvp\runeforge-mvp\retro\_downloads\PPSSPPWindowsARM64\assets\shaders\naturalA.fsh","0.001","15/03/2026 11:52:35 a. m.","True"
"VENDOR_ARCHIVE","RuneforgeCore","naturalA.vsh","C:\RUNEFOGE_PRO\runeforge-mvp\runeforge-mvp\retro\_downloads\PPSSPPWindowsARM64\assets\shaders\naturalA.vsh","0","15/03/2026 11:52:35 a. m.","True"
"VENDOR_ARCHIVE","RuneforgeCore","persistence.fsh","C:\RUNEFOGE_PRO\runeforge-mvp\runeforge-mvp\retro\_downloads\PPSSPPWindowsARM64\assets\shaders\persistence.fsh","0","15/03/2026 11:52:35 a. m.","True"
"VENDOR_ARCHIVE","RuneforgeCore","psp_color.fsh","C:\RUNEFOGE_PRO\runeforge-mvp\runeforge-mvp\retro\_downloads\PPSSPPWindowsARM64\assets\shaders\psp_color.fsh","0.001","15/03/2026 11:52:35 a. m.","True"
"VENDOR_ARCHIVE","RuneforgeCore","scanlines.fsh","C:\RUNEFOGE_PRO\runeforge-mvp\runeforge-mvp\retro\_downloads\PPSSPPWindowsARM64\assets\shaders\scanlines.fsh","0.001","15/03/2026 11:52:35 a. m.","True"
"VENDOR_ARCHIVE","RuneforgeCore","sharpen.fsh","C:\RUNEFOGE_PRO\runeforge-mvp\runeforge-mvp\retro\_downloads\PPSSPPWindowsARM64\assets\shaders\sharpen.fsh","0","15/03/2026 11:52:35 a. m.","True"
"VENDOR_ARCHIVE","RuneforgeCore","stereo_red_blue.fsh","C:\RUNEFOGE_PRO\runeforge-mvp\runeforge-mvp\retro\_downloads\PPSSPPWindowsARM64\assets\shaders\stereo_red_blue.fsh","0.001","15/03/2026 11:52:35 a. m.","True"
"VENDOR_ARCHIVE","RuneforgeCore","stereo_sbs.fsh","C:\RUNEFOGE_PRO\runeforge-mvp\runeforge-mvp\retro\_downloads\PPSSPPWindowsARM64\assets\shaders\stereo_sbs.fsh","0","15/03/2026 11:52:35 a. m.","True"
"VENDOR_ARCHIVE","RuneforgeCore","tex_2xbrz.csh","C:\RUNEFOGE_PRO\runeforge-mvp\runeforge-mvp\retro\_downloads\PPSSPPWindowsARM64\assets\shaders\tex_2xbrz.csh","0.015","15/03/2026 11:52:35 a. m.","True"
"VENDOR_ARCHIVE","RuneforgeCore","tex_4xbrz.csh","C:\RUNEFOGE_PRO\runeforge-mvp\runeforge-mvp\retro\_downloads\PPSSPPWindowsARM64\assets\shaders\tex_4xbrz.csh","0.015","15/03/2026 11:52:35 a. m.","True"
"VENDOR_ARCHIVE","RuneforgeCore","tex_mmpx_adv.csh","C:\RUNEFOGE_PRO\runeforge-mvp\runeforge-mvp\retro\_downloads\PPSSPPWindowsARM64\assets\shaders\tex_mmpx_adv.csh","0.047","15/03/2026 11:52:35 a. m.","True"
"VENDOR_ARCHIVE","RuneforgeCore","tex_mmpx.csh","C:\RUNEFOGE_PRO\runeforge-mvp\runeforge-mvp\retro\_downloads\PPSSPPWindowsARM64\assets\shaders\tex_mmpx.csh","0.005","15/03/2026 11:52:35 a. m.","True"
"VENDOR_ARCHIVE","RuneforgeCore","upscale_bicubic.fsh","C:\RUNEFOGE_PRO\runeforge-mvp\runeforge-mvp\retro\_downloads\PPSSPPWindowsARM64\assets\shaders\upscale_bicubic.fsh","0.002","15/03/2026 11:52:35 a. m.","True"
"VENDOR_ARCHIVE","RuneforgeCore","upscale_bicubic.vsh","C:\RUNEFOGE_PRO\runeforge-mvp\runeforge-mvp\retro\_downloads\PPSSPPWindowsARM64\assets\shaders\upscale_bicubic.vsh","0","15/03/2026 11:52:35 a. m.","True"
"VENDOR_ARCHIVE","RuneforgeCore","upscale_sharp_bilinear.fsh","C:\RUNEFOGE_PRO\runeforge-mvp\runeforge-mvp\retro\_downloads\PPSSPPWindowsARM64\assets\shaders\upscale_sharp_bilinear.fsh","0.001","15/03/2026 11:52:35 a. m.","True"
"VENDOR_ARCHIVE","RuneforgeCore","upscale_sharp_bilinear.vsh","C:\RUNEFOGE_PRO\runeforge-mvp\runeforge-mvp\retro\_downloads\PPSSPPWindowsARM64\assets\shaders\upscale_sharp_bilinear.vsh","0","15/03/2026 11:52:35 a. m.","True"
"VENDOR_ARCHIVE","RuneforgeCore","upscale_spline36.fsh","C:\RUNEFOGE_PRO\runeforge-mvp\runeforge-mvp\retro\_downloads\PPSSPPWindowsARM64\assets\shaders\upscale_spline36.fsh","0.003","15/03/2026 11:52:35 a. m.","True"
"VENDOR_ARCHIVE","RuneforgeCore","upscale_spline36.vsh","C:\RUNEFOGE_PRO\runeforge-mvp\runeforge-mvp\retro\_downloads\PPSSPPWindowsARM64\assets\shaders\upscale_spline36.vsh","0","15/03/2026 11:52:35 a. m.","True"
"VENDOR_ARCHIVE","RuneforgeCore","videoAA.fsh","C:\RUNEFOGE_PRO\runeforge-mvp\runeforge-mvp\retro\_downloads\PPSSPPWindowsARM64\assets\shaders\videoAA.fsh","0.006","15/03/2026 11:52:35 a. m.","True"
"VENDOR_ARCHIVE","RuneforgeCore","vignette.fsh","C:\RUNEFOGE_PRO\runeforge-mvp\runeforge-mvp\retro\_downloads\PPSSPPWindowsARM64\assets\shaders\vignette.fsh","0.001","15/03/2026 11:52:35 a. m.","True"
"VENDOR_ARCHIVE","RuneforgeCore","ppsspp.xml","C:\RUNEFOGE_PRO\runeforge-mvp\runeforge-mvp\retro\_downloads\PPSSPPWindowsARM64\assets\mime\ppsspp.xml","0.001","15/03/2026 11:52:35 a. m.","True"
"VENDOR_ARCHIVE","RuneforgeCore","ar_AE.ini","C:\RUNEFOGE_PRO\runeforge-mvp\runeforge-mvp\retro\_downloads\PPSSPPWindowsARM64\assets\lang\ar_AE.ini","0.072","15/03/2026 11:52:35 a. m.","True"
"VENDOR_ARCHIVE","RuneforgeCore","az_AZ.ini","C:\RUNEFOGE_PRO\runeforge-mvp\runeforge-mvp\retro\_downloads\PPSSPPWindowsARM64\assets\lang\az_AZ.ini","0.069","15/03/2026 11:52:35 a. m.","True"
"VENDOR_ARCHIVE","RuneforgeCore","be_BY.ini","C:\RUNEFOGE_PRO\runeforge-mvp\runeforge-mvp\retro\_downloads\PPSSPPWindowsARM64\assets\lang\be_BY.ini","0.073","15/03/2026 11:52:35 a. m.","True"
"VENDOR_ARCHIVE","RuneforgeCore","bg_BG.ini","C:\RUNEFOGE_PRO\runeforge-mvp\runeforge-mvp\retro\_downloads\PPSSPPWindowsARM64\assets\lang\bg_BG.ini","0.073","15/03/2026 11:52:35 a. m.","True"
"VENDOR_ARCHIVE","RuneforgeCore","ca_ES.ini","C:\RUNEFOGE_PRO\runeforge-mvp\runeforge-mvp\retro\_downloads\PPSSPPWindowsARM64\assets\lang\ca_ES.ini","0.063","15/03/2026 11:52:35 a. m.","True"
"VENDOR_ARCHIVE","RuneforgeCore","cz_CZ.ini","C:\RUNEFOGE_PRO\runeforge-mvp\runeforge-mvp\retro\_downloads\PPSSPPWindowsARM64\assets\lang\cz_CZ.ini","0.063","15/03/2026 11:52:35 a. m.","True"
"VENDOR_ARCHIVE","RuneforgeCore","da_DK.ini","C:\RUNEFOGE_PRO\runeforge-mvp\runeforge-mvp\retro\_downloads\PPSSPPWindowsARM64\assets\lang\da_DK.ini","0.061","15/03/2026 11:52:35 a. m.","True"
"VENDOR_ARCHIVE","RuneforgeCore","de_DE.ini","C:\RUNEFOGE_PRO\runeforge-mvp\runeforge-mvp\retro\_downloads\PPSSPPWindowsARM64\assets\lang\de_DE.ini","0.067","15/03/2026 11:52:35 a. m.","True"
"VENDOR_ARCHIVE","RuneforgeCore","dr_ID.ini","C:\RUNEFOGE_PRO\runeforge-mvp\runeforge-mvp\retro\_downloads\PPSSPPWindowsARM64\assets\lang\dr_ID.ini","0.061","15/03/2026 11:52:35 a. m.","True"
"VENDOR_ARCHIVE","RuneforgeCore","en_US.ini","C:\RUNEFOGE_PRO\runeforge-mvp\runeforge-mvp\retro\_downloads\PPSSPPWindowsARM64\assets\lang\en_US.ini","0.061","15/03/2026 11:52:35 a. m.","True"
"VENDOR_ARCHIVE","RuneforgeCore","es_ES.ini","C:\RUNEFOGE_PRO\runeforge-mvp\runeforge-mvp\retro\_downloads\PPSSPPWindowsARM64\assets\lang\es_ES.ini","0.069","15/03/2026 11:52:35 a. m.","True"
"VENDOR_ARCHIVE","RuneforgeCore","es_LA.ini","C:\RUNEFOGE_PRO\runeforge-mvp\runeforge-mvp\retro\_downloads\PPSSPPWindowsARM64\assets\lang\es_LA.ini","0.067","15/03/2026 11:52:35 a. m.","True"
"VENDOR_ARCHIVE","RuneforgeCore","fa_IR.ini","C:\RUNEFOGE_PRO\runeforge-mvp\runeforge-mvp\retro\_downloads\PPSSPPWindowsARM64\assets\lang\fa_IR.ini","0.073","15/03/2026 11:52:35 a. m.","True"
"VENDOR_ARCHIVE","RuneforgeCore","fi_FI.ini","C:\RUNEFOGE_PRO\runeforge-mvp\runeforge-mvp\retro\_downloads\PPSSPPWindowsARM64\assets\lang\fi_FI.ini","0.065","15/03/2026 11:52:35 a. m.","True"
"VENDOR_ARCHIVE","RuneforgeCore","fr_FR.ini","C:\RUNEFOGE_PRO\runeforge-mvp\runeforge-mvp\retro\_downloads\PPSSPPWindowsARM64\assets\lang\fr_FR.ini","0.067","15/03/2026 11:52:35 a. m.","True"
"VENDOR_ARCHIVE","RuneforgeCore","gl_ES.ini","C:\RUNEFOGE_PRO\runeforge-mvp\runeforge-mvp\retro\_downloads\PPSSPPWindowsARM64\assets\lang\gl_ES.ini","0.062","15/03/2026 11:52:35 a. m.","True"
"VENDOR_ARCHIVE","RuneforgeCore","gr_EL.ini","C:\RUNEFOGE_PRO\runeforge-mvp\runeforge-mvp\retro\_downloads\PPSSPPWindowsARM64\assets\lang\gr_EL.ini","0.082","15/03/2026 11:52:35 a. m.","True"
"VENDOR_ARCHIVE","RuneforgeCore","he_IL_invert.ini","C:\RUNEFOGE_PRO\runeforge-mvp\runeforge-mvp\retro\_downloads\PPSSPPWindowsARM64\assets\lang\he_IL_invert.ini","0.063","15/03/2026 11:52:35 a. m.","True"
"VENDOR_ARCHIVE","RuneforgeCore","he_IL.ini","C:\RUNEFOGE_PRO\runeforge-mvp\runeforge-mvp\retro\_downloads\PPSSPPWindowsARM64\assets\lang\he_IL.ini","0.063","15/03/2026 11:52:35 a. m.","True"
"VENDOR_ARCHIVE","RuneforgeCore","hr_HR.ini","C:\RUNEFOGE_PRO\runeforge-mvp\runeforge-mvp\retro\_downloads\PPSSPPWindowsARM64\assets\lang\hr_HR.ini","0.063","15/03/2026 11:52:35 a. m.","True"
"VENDOR_ARCHIVE","RuneforgeCore","hu_HU.ini","C:\RUNEFOGE_PRO\runeforge-mvp\runeforge-mvp\retro\_downloads\PPSSPPWindowsARM64\assets\lang\hu_HU.ini","0.068","15/03/2026 11:52:35 a. m.","True"
"VENDOR_ARCHIVE","RuneforgeCore","id_ID.ini","C:\RUNEFOGE_PRO\runeforge-mvp\runeforge-mvp\retro\_downloads\PPSSPPWindowsARM64\assets\lang\id_ID.ini","0.065","15/03/2026 11:52:35 a. m.","True"
"VENDOR_ARCHIVE","RuneforgeCore","it_IT.ini","C:\RUNEFOGE_PRO\runeforge-mvp\runeforge-mvp\retro\_downloads\PPSSPPWindowsARM64\assets\lang\it_IT.ini","0.068","15/03/2026 11:52:35 a. m.","True"
"VENDOR_ARCHIVE","RuneforgeCore","ja_JP.ini","C:\RUNEFOGE_PRO\runeforge-mvp\runeforge-mvp\retro\_downloads\PPSSPPWindowsARM64\assets\lang\ja_JP.ini","0.08","15/03/2026 11:52:35 a. m.","True"
"VENDOR_ARCHIVE","RuneforgeCore","jv_ID.ini","C:\RUNEFOGE_PRO\runeforge-mvp\runeforge-mvp\retro\_downloads\PPSSPPWindowsARM64\assets\lang\jv_ID.ini","0.061","15/03/2026 11:52:35 a. m.","True"
"VENDOR_ARCHIVE","RuneforgeCore","ko_KR.ini","C:\RUNEFOGE_PRO\runeforge-mvp\runeforge-mvp\retro\_downloads\PPSSPPWindowsARM64\assets\lang\ko_KR.ini","0.07","15/03/2026 11:52:35 a. m.","True"
"VENDOR_ARCHIVE","RuneforgeCore","ku_SO.ini","C:\RUNEFOGE_PRO\runeforge-mvp\runeforge-mvp\retro\_downloads\PPSSPPWindowsARM64\assets\lang\ku_SO.ini","0.066","15/03/2026 11:52:35 a. m.","True"
"VENDOR_ARCHIVE","RuneforgeCore","lo_LA.ini","C:\RUNEFOGE_PRO\runeforge-mvp\runeforge-mvp\retro\_downloads\PPSSPPWindowsARM64\assets\lang\lo_LA.ini","0.083","15/03/2026 11:52:35 a. m.","True"
"VENDOR_ARCHIVE","RuneforgeCore","lt-LT.ini","C:\RUNEFOGE_PRO\runeforge-mvp\runeforge-mvp\retro\_downloads\PPSSPPWindowsARM64\assets\lang\lt-LT.ini","0.064","15/03/2026 11:52:35 a. m.","True"
"VENDOR_ARCHIVE","RuneforgeCore","ms_MY.ini","C:\RUNEFOGE_PRO\runeforge-mvp\runeforge-mvp\retro\_downloads\PPSSPPWindowsARM64\assets\lang\ms_MY.ini","0.061","15/03/2026 11:52:35 a. m.","True"
"VENDOR_ARCHIVE","RuneforgeCore","nl_NL.ini","C:\RUNEFOGE_PRO\runeforge-mvp\runeforge-mvp\retro\_downloads\PPSSPPWindowsARM64\assets\lang\nl_NL.ini","0.063","15/03/2026 11:52:35 a. m.","True"
"VENDOR_ARCHIVE","RuneforgeCore","no_NO.ini","C:\RUNEFOGE_PRO\runeforge-mvp\runeforge-mvp\retro\_downloads\PPSSPPWindowsARM64\assets\lang\no_NO.ini","0.061","15/03/2026 11:52:35 a. m.","True"
"VENDOR_ARCHIVE","RuneforgeCore","pl_PL.ini","C:\RUNEFOGE_PRO\runeforge-mvp\runeforge-mvp\retro\_downloads\PPSSPPWindowsARM64\assets\lang\pl_PL.ini","0.068","15/03/2026 11:52:35 a. m.","True"
"VENDOR_ARCHIVE","RuneforgeCore","pt_BR.ini","C:\RUNEFOGE_PRO\runeforge-mvp\runeforge-mvp\retro\_downloads\PPSSPPWindowsARM64\assets\lang\pt_BR.ini","0.07","15/03/2026 11:52:35 a. m.","True"
"VENDOR_ARCHIVE","RuneforgeCore","pt_PT.ini","C:\RUNEFOGE_PRO\runeforge-mvp\runeforge-mvp\retro\_downloads\PPSSPPWindowsARM64\assets\lang\pt_PT.ini","0.07","15/03/2026 11:52:35 a. m.","True"
"VENDOR_ARCHIVE","RuneforgeCore","README.md","C:\RUNEFOGE_PRO\runeforge-mvp\runeforge-mvp\retro\_downloads\PPSSPPWindowsARM64\assets\lang\README.md","0.001","15/03/2026 11:52:35 a. m.","True"
"VENDOR_ARCHIVE","RuneforgeCore","ro_RO.ini","C:\RUNEFOGE_PRO\runeforge-mvp\runeforge-mvp\retro\_downloads\PPSSPPWindowsARM64\assets\lang\ro_RO.ini","0.062","15/03/2026 11:52:35 a. m.","True"
"VENDOR_ARCHIVE","RuneforgeCore","ru_RU.ini","C:\RUNEFOGE_PRO\runeforge-mvp\runeforge-mvp\retro\_downloads\PPSSPPWindowsARM64\assets\lang\ru_RU.ini","0.092","15/03/2026 11:52:35 a. m.","True"
"VENDOR_ARCHIVE","RuneforgeCore","sv_SE.ini","C:\RUNEFOGE_PRO\runeforge-mvp\runeforge-mvp\retro\_downloads\PPSSPPWindowsARM64\assets\lang\sv_SE.ini","0.063","15/03/2026 11:52:35 a. m.","True"
"VENDOR_ARCHIVE","RuneforgeCore","tg_PH.ini","C:\RUNEFOGE_PRO\runeforge-mvp\runeforge-mvp\retro\_downloads\PPSSPPWindowsARM64\assets\lang\tg_PH.ini","0.068","15/03/2026 11:52:35 a. m.","True"
"VENDOR_ARCHIVE","RuneforgeCore","th_TH.ini","C:\RUNEFOGE_PRO\runeforge-mvp\runeforge-mvp\retro\_downloads\PPSSPPWindowsARM64\assets\lang\th_TH.ini","0.126","15/03/2026 11:52:35 a. m.","True"
"VENDOR_ARCHIVE","RuneforgeCore","tr_TR.ini","C:\RUNEFOGE_PRO\runeforge-mvp\runeforge-mvp\retro\_downloads\PPSSPPWindowsARM64\assets\lang\tr_TR.ini","0.066","15/03/2026 11:52:35 a. m.","True"
"VENDOR_ARCHIVE","RuneforgeCore","uk_UA.ini","C:\RUNEFOGE_PRO\runeforge-mvp\runeforge-mvp\retro\_downloads\PPSSPPWindowsARM64\assets\lang\uk_UA.ini","0.091","15/03/2026 11:52:35 a. m.","True"
"VENDOR_ARCHIVE","RuneforgeCore","vi_VN.ini","C:\RUNEFOGE_PRO\runeforge-mvp\runeforge-mvp\retro\_downloads\PPSSPPWindowsARM64\assets\lang\vi_VN.ini","0.066","15/03/2026 11:52:35 a. m.","True"
"VENDOR_ARCHIVE","RuneforgeCore","zh_CN.ini","C:\RUNEFOGE_PRO\runeforge-mvp\runeforge-mvp\retro\_downloads\PPSSPPWindowsARM64\assets\lang\zh_CN.ini","0.061","15/03/2026 11:52:35 a. m.","True"
"VENDOR_ARCHIVE","RuneforgeCore","zh_TW.ini","C:\RUNEFOGE_PRO\runeforge-mvp\runeforge-mvp\retro\_downloads\PPSSPPWindowsARM64\assets\lang\zh_TW.ini","0.06","15/03/2026 11:52:35 a. m.","True"
"VENDOR_ARCHIVE","RuneforgeCore","jpn0.pgf","C:\RUNEFOGE_PRO\runeforge-mvp\runeforge-mvp\retro\_downloads\PPSSPPWindowsARM64\assets\flash0\font\jpn0.pgf","4.116","15/03/2026 11:52:35 a. m.","True"
"VENDOR_ARCHIVE","RuneforgeCore","kr0.pgf","C:\RUNEFOGE_PRO\runeforge-mvp\runeforge-mvp\retro\_downloads\PPSSPPWindowsARM64\assets\flash0\font\kr0.pgf","1.566","15/03/2026 11:52:35 a. m.","True"
"VENDOR_ARCHIVE","RuneforgeCore","ltn0.pgf","C:\RUNEFOGE_PRO\runeforge-mvp\runeforge-mvp\retro\_downloads\PPSSPPWindowsARM64\assets\flash0\font\ltn0.pgf","0.036","15/03/2026 11:52:35 a. m.","True"
"VENDOR_ARCHIVE","RuneforgeCore","ltn1.pgf","C:\RUNEFOGE_PRO\runeforge-mvp\runeforge-mvp\retro\_downloads\PPSSPPWindowsARM64\assets\flash0\font\ltn1.pgf","0.036","15/03/2026 11:52:35 a. m.","True"
"VENDOR_ARCHIVE","RuneforgeCore","ltn10.pgf","C:\RUNEFOGE_PRO\runeforge-mvp\runeforge-mvp\retro\_downloads\PPSSPPWindowsARM64\assets\flash0\font\ltn10.pgf","0.03","15/03/2026 11:52:35 a. m.","True"
"VENDOR_ARCHIVE","RuneforgeCore","ltn11.pgf","C:\RUNEFOGE_PRO\runeforge-mvp\runeforge-mvp\retro\_downloads\PPSSPPWindowsARM64\assets\flash0\font\ltn11.pgf","0.028","15/03/2026 11:52:35 a. m.","True"
"VENDOR_ARCHIVE","RuneforgeCore","ltn12.pgf","C:\RUNEFOGE_PRO\runeforge-mvp\runeforge-mvp\retro\_downloads\PPSSPPWindowsARM64\assets\flash0\font\ltn12.pgf","0.028","15/03/2026 11:52:35 a. m.","True"
"VENDOR_ARCHIVE","RuneforgeCore","ltn13.pgf","C:\RUNEFOGE_PRO\runeforge-mvp\runeforge-mvp\retro\_downloads\PPSSPPWindowsARM64\assets\flash0\font\ltn13.pgf","0.028","15/03/2026 11:52:35 a. m.","True"
"VENDOR_ARCHIVE","RuneforgeCore","ltn14.pgf","C:\RUNEFOGE_PRO\runeforge-mvp\runeforge-mvp\retro\_downloads\PPSSPPWindowsARM64\assets\flash0\font\ltn14.pgf","0.03","15/03/2026 11:52:35 a. m.","True"
"VENDOR_ARCHIVE","RuneforgeCore","ltn15.pgf","C:\RUNEFOGE_PRO\runeforge-mvp\runeforge-mvp\retro\_downloads\PPSSPPWindowsARM64\assets\flash0\font\ltn15.pgf","0.029","15/03/2026 11:52:35 a. m.","True"
"VENDOR_ARCHIVE","RuneforgeCore","ltn2.pgf","C:\RUNEFOGE_PRO\runeforge-mvp\runeforge-mvp\retro\_downloads\PPSSPPWindowsARM64\assets\flash0\font\ltn2.pgf","0.039","15/03/2026 11:52:35 a. m.","True"
"VENDOR_ARCHIVE","RuneforgeCore","ltn3.pgf","C:\RUNEFOGE_PRO\runeforge-mvp\runeforge-mvp\retro\_downloads\PPSSPPWindowsARM64\assets\flash0\font\ltn3.pgf","0.039","15/03/2026 11:52:35 a. m.","True"
"VENDOR_ARCHIVE","RuneforgeCore","ltn4.pgf","C:\RUNEFOGE_PRO\runeforge-mvp\runeforge-mvp\retro\_downloads\PPSSPPWindowsARM64\assets\flash0\font\ltn4.pgf","0.038","15/03/2026 11:52:35 a. m.","True"
"VENDOR_ARCHIVE","RuneforgeCore","ltn5.pgf","C:\RUNEFOGE_PRO\runeforge-mvp\runeforge-mvp\retro\_downloads\PPSSPPWindowsARM64\assets\flash0\font\ltn5.pgf","0.037","15/03/2026 11:52:35 a. m.","True"
"VENDOR_ARCHIVE","RuneforgeCore","ltn6.pgf","C:\RUNEFOGE_PRO\runeforge-mvp\runeforge-mvp\retro\_downloads\PPSSPPWindowsARM64\assets\flash0\font\ltn6.pgf","0.04","15/03/2026 11:52:35 a. m.","True"
"VENDOR_ARCHIVE","RuneforgeCore","ltn7.pgf","C:\RUNEFOGE_PRO\runeforge-mvp\runeforge-mvp\retro\_downloads\PPSSPPWindowsARM64\assets\flash0\font\ltn7.pgf","0.04","15/03/2026 11:52:35 a. m.","True"
"VENDOR_ARCHIVE","RuneforgeCore","ltn8.pgf","C:\RUNEFOGE_PRO\runeforge-mvp\runeforge-mvp\retro\_downloads\PPSSPPWindowsARM64\assets\flash0\font\ltn8.pgf","0.029","15/03/2026 11:52:35 a. m.","True"
"VENDOR_ARCHIVE","RuneforgeCore","ltn9.pgf","C:\RUNEFOGE_PRO\runeforge-mvp\runeforge-mvp\retro\_downloads\PPSSPPWindowsARM64\assets\flash0\font\ltn9.pgf","0.026","15/03/2026 11:52:35 a. m.","True"
"VENDOR_ARCHIVE","RuneforgeCore",".nojekyll","C:\RUNEFOGE_PRO\runeforge-mvp\runeforge-mvp\retro\_downloads\PPSSPPWindowsARM64\assets\debugger\.nojekyll","0","15/03/2026 11:53:07 a. m.","True"
"VENDOR_ARCHIVE","RuneforgeCore","asset-manifest.json","C:\RUNEFOGE_PRO\runeforge-mvp\runeforge-mvp\retro\_downloads\PPSSPPWindowsARM64\assets\debugger\asset-manifest.json","0","15/03/2026 11:53:07 a. m.","True"
"VENDOR_ARCHIVE","RuneforgeCore","favicon.ico","C:\RUNEFOGE_PRO\runeforge-mvp\runeforge-mvp\retro\_downloads\PPSSPPWindowsARM64\assets\debugger\favicon.ico","0.107","15/03/2026 11:53:07 a. m.","True"
"VENDOR_ARCHIVE","RuneforgeCore","index.html","C:\RUNEFOGE_PRO\runeforge-mvp\runeforge-mvp\retro\_downloads\PPSSPPWindowsARM64\assets\debugger\index.html","0.001","15/03/2026 11:53:07 a. m.","True"
"VENDOR_ARCHIVE","RuneforgeCore","manifest.json","C:\RUNEFOGE_PRO\runeforge-mvp\runeforge-mvp\retro\_downloads\PPSSPPWindowsARM64\assets\debugger\manifest.json","0","15/03/2026 11:53:07 a. m.","True"
"VENDOR_ARCHIVE","RuneforgeCore","logo.94f885ce93dfb6d29a122402a15cccca.svg","C:\RUNEFOGE_PRO\runeforge-mvp\runeforge-mvp\retro\_downloads\PPSSPPWindowsARM64\assets\debugger\static\media\logo.94f885ce93dfb6d29a122402a15cccca.svg","0.003","15/03/2026 11:53:07 a. m.","True"
"VENDOR_ARCHIVE","RuneforgeCore","main.fe87e942.js","C:\RUNEFOGE_PRO\runeforge-mvp\runeforge-mvp\retro\_downloads\PPSSPPWindowsARM64\assets\debugger\static\js\main.fe87e942.js","0.558","15/03/2026 11:53:07 a. m.","True"
"VENDOR_ARCHIVE","RuneforgeCore","main.fe87e942.js.LICENSE.txt","C:\RUNEFOGE_PRO\runeforge-mvp\runeforge-mvp\retro\_downloads\PPSSPPWindowsARM64\assets\debugger\static\js\main.fe87e942.js.LICENSE.txt","0.002","15/03/2026 11:53:07 a. m.","True"
"VENDOR_ARCHIVE","RuneforgeCore","main.fe87e942.js.map","C:\RUNEFOGE_PRO\runeforge-mvp\runeforge-mvp\retro\_downloads\PPSSPPWindowsARM64\assets\debugger\static\js\main.fe87e942.js.map","2.132","15/03/2026 11:53:07 a. m.","True"
"VENDOR_ARCHIVE","RuneforgeCore","main.3eab8a01.css","C:\RUNEFOGE_PRO\runeforge-mvp\runeforge-mvp\retro\_downloads\PPSSPPWindowsARM64\assets\debugger\static\css\main.3eab8a01.css","0.015","15/03/2026 11:53:07 a. m.","True"
"VENDOR_ARCHIVE","RuneforgeCore","main.3eab8a01.css.map","C:\RUNEFOGE_PRO\runeforge-mvp\runeforge-mvp\retro\_downloads\PPSSPPWindowsARM64\assets\debugger\static\css\main.3eab8a01.css.map","0.027","15/03/2026 11:53:07 a. m.","True"
"VENDOR_ARCHIVE","RuneforgeCore","start-ppsspp.ps1","C:\RUNEFOGE_PRO\runeforge-mvp\runeforge-mvp\ops\retro\start-ppsspp.ps1","0","22/03/2026 10:38:02 p. m.","True"
"LEGACY_PROJECT","RuneforgeCore","check-game-host.ps1","C:\RUNEFOGE_PRO\runeforge-mvp\runeforge-mvp\ops\games\check-game-host.ps1","0.001","21/03/2026 09:07:58 p. m.","True"
"LEGACY_PROJECT","RuneforgeCore","check-gpu.ps1","C:\RUNEFOGE_PRO\runeforge-mvp\runeforge-mvp\ops\games\check-gpu.ps1","0","21/03/2026 09:02:46 p. m.","True"
"LEGACY_PROJECT","RuneforgeCore","check-network.ps1","C:\RUNEFOGE_PRO\runeforge-mvp\runeforge-mvp\ops\games\check-network.ps1","0","21/03/2026 09:02:46 p. m.","True"
"LEGACY_PROJECT","RuneforgeCore","start-steam.ps1","C:\RUNEFOGE_PRO\runeforge-mvp\runeforge-mvp\ops\games\start-steam.ps1","0","21/03/2026 09:02:46 p. m.","True"
"LEGACY_PROJECT","RuneforgeCore","start-sunshine.ps1","C:\RUNEFOGE_PRO\runeforge-mvp\runeforge-mvp\ops\games\start-sunshine.ps1","0.001","21/03/2026 09:07:58 p. m.","True"
"LEGACY_PROJECT","RuneforgeCore","stop-sunshine.ps1","C:\RUNEFOGE_PRO\runeforge-mvp\runeforge-mvp\ops\games\stop-sunshine.ps1","0","21/03/2026 09:07:58 p. m.","True"
"LEGACY_PROJECT","RuneforgeCore","chat.log","C:\RUNEFOGE_PRO\runeforge-mvp\runeforge-mvp\data\trace\chat.log","0.001","27/03/2026 01:05:15 a. m.","True"
"AUDIT_OR_TRACE_DATA","RuneforgeCore","runeforge.log","C:\RUNEFOGE_PRO\runeforge-mvp\runeforge-mvp\data\logs\runeforge.log","0.005","27/03/2026 01:05:15 a. m.","True"
"VENDOR_ARCHIVE","RuneforgeCore","Sunshine-master.zip","C:\RUNEFOGE_PRO\runeforge-mvp\runeforge-mvp\_archive\source-zips\Sunshine-master.zip","28.929","22/03/2026 03:50:26 a. m.","True"
"VENDOR_ARCHIVE","RuneforgeCore",".clang-format","C:\RUNEFOGE_PRO\runeforge-mvp\runeforge-mvp\_archive\source-zips\Sunshine-master\Sunshine-master\.clang-format","0.003","21/03/2026 08:14:42 p. m.","True"
"VENDOR_ARCHIVE","RuneforgeCore",".dockerignore","C:\RUNEFOGE_PRO\runeforge-mvp\runeforge-mvp\_archive\source-zips\Sunshine-master\Sunshine-master\.dockerignore","0","21/03/2026 08:14:42 p. m.","True"
"VENDOR_ARCHIVE","RuneforgeCore",".flake8","C:\RUNEFOGE_PRO\runeforge-mvp\runeforge-mvp\_archive\source-zips\Sunshine-master\Sunshine-master\.flake8","0","21/03/2026 08:14:42 p. m.","True"
"VENDOR_ARCHIVE","RuneforgeCore",".gitattributes","C:\RUNEFOGE_PRO\runeforge-mvp\runeforge-mvp\_archive\source-zips\Sunshine-master\Sunshine-master\.gitattributes","0","21/03/2026 08:14:42 p. m.","True"
"VENDOR_ARCHIVE","RuneforgeCore",".gitignore","C:\RUNEFOGE_PRO\runeforge-mvp\runeforge-mvp\_archive\source-zips\Sunshine-master\Sunshine-master\.gitignore","0","21/03/2026 08:14:42 p. m.","True"
"VENDOR_ARCHIVE","RuneforgeCore",".gitmodules","C:\RUNEFOGE_PRO\runeforge-mvp\runeforge-mvp\_archive\source-zips\Sunshine-master\Sunshine-master\.gitmodules","0.003","21/03/2026 08:14:42 p. m.","True"
"VENDOR_ARCHIVE","RuneforgeCore",".prettierrc.json","C:\RUNEFOGE_PRO\runeforge-mvp\runeforge-mvp\_archive\source-zips\Sunshine-master\Sunshine-master\.prettierrc.json","0","21/03/2026 08:14:42 p. m.","True"
"VENDOR_ARCHIVE","RuneforgeCore",".readthedocs.yaml","C:\RUNEFOGE_PRO\runeforge-mvp\runeforge-mvp\_archive\source-zips\Sunshine-master\Sunshine-master\.readthedocs.yaml","0.001","21/03/2026 08:14:42 p. m.","True"
"VENDOR_ARCHIVE","RuneforgeCore",".rstcheck.cfg","C:\RUNEFOGE_PRO\runeforge-mvp\runeforge-mvp\_archive\source-zips\Sunshine-master\Sunshine-master\.rstcheck.cfg","0","21/03/2026 08:14:42 p. m.","True"
"VENDOR_ARCHIVE","RuneforgeCore","CMakeLists.txt","C:\RUNEFOGE_PRO\runeforge-mvp\runeforge-mvp\_archive\source-zips\Sunshine-master\Sunshine-master\CMakeLists.txt","0.002","21/03/2026 08:14:42 p. m.","True"
"VENDOR_ARCHIVE","RuneforgeCore","codecov.yml","C:\RUNEFOGE_PRO\runeforge-mvp\runeforge-mvp\_archive\source-zips\Sunshine-master\Sunshine-master\codecov.yml","0","21/03/2026 08:14:42 p. m.","True"
"VENDOR_ARCHIVE","RuneforgeCore","crowdin.yml","C:\RUNEFOGE_PRO\runeforge-mvp\runeforge-mvp\_archive\source-zips\Sunshine-master\Sunshine-master\crowdin.yml","0.001","21/03/2026 08:14:42 p. m.","True"
"VENDOR_ARCHIVE","RuneforgeCore","DOCKER_README.md","C:\RUNEFOGE_PRO\runeforge-mvp\runeforge-mvp\_archive\source-zips\Sunshine-master\Sunshine-master\DOCKER_README.md","0.006","21/03/2026 08:14:42 p. m.","True"
"VENDOR_ARCHIVE","RuneforgeCore","LICENSE","C:\RUNEFOGE_PRO\runeforge-mvp\runeforge-mvp\_archive\source-zips\Sunshine-master\Sunshine-master\LICENSE","0.034","21/03/2026 08:14:42 p. m.","True"
"VENDOR_ARCHIVE","RuneforgeCore","NOTICE","C:\RUNEFOGE_PRO\runeforge-mvp\runeforge-mvp\_archive\source-zips\Sunshine-master\Sunshine-master\NOTICE","0","21/03/2026 08:14:42 p. m.","True"
"VENDOR_ARCHIVE","RuneforgeCore","package.json","C:\RUNEFOGE_PRO\runeforge-mvp\runeforge-mvp\_archive\source-zips\Sunshine-master\Sunshine-master\package.json","0.001","21/03/2026 08:14:42 p. m.","True"
"VENDOR_ARCHIVE","RuneforgeCore","pyproject.toml","C:\RUNEFOGE_PRO\runeforge-mvp\runeforge-mvp\_archive\source-zips\Sunshine-master\Sunshine-master\pyproject.toml","0.001","21/03/2026 08:14:42 p. m.","True"
"VENDOR_ARCHIVE","RuneforgeCore","README.md","C:\RUNEFOGE_PRO\runeforge-mvp\runeforge-mvp\_archive\source-zips\Sunshine-master\Sunshine-master\README.md","0.013","21/03/2026 08:14:42 p. m.","True"
"VENDOR_ARCHIVE","RuneforgeCore","sunshine.ico","C:\RUNEFOGE_PRO\runeforge-mvp\runeforge-mvp\_archive\source-zips\Sunshine-master\Sunshine-master\sunshine.ico","0.115","21/03/2026 08:14:42 p. m.","True"
"VENDOR_ARCHIVE","RuneforgeCore","sunshine.png","C:\RUNEFOGE_PRO\runeforge-mvp\runeforge-mvp\_archive\source-zips\Sunshine-master\Sunshine-master\sunshine.png","0.02","21/03/2026 08:14:42 p. m.","True"
"VENDOR_ARCHIVE","RuneforgeCore","sunshine.svg","C:\RUNEFOGE_PRO\runeforge-mvp\runeforge-mvp\_archive\source-zips\Sunshine-master\Sunshine-master\sunshine.svg","0.002","21/03/2026 08:14:42 p. m.","True"
"VENDOR_ARCHIVE","RuneforgeCore","vite.config.js","C:\RUNEFOGE_PRO\runeforge-mvp\runeforge-mvp\_archive\source-zips\Sunshine-master\Sunshine-master\vite.config.js","0.003","21/03/2026 08:14:42 p. m.","True"
"VENDOR_ARCHIVE","RuneforgeCore","audio.cpp","C:\RUNEFOGE_PRO\runeforge-mvp\runeforge-mvp\_archive\source-zips\Sunshine-master\Sunshine-master\tools\audio.cpp","0.009","21/03/2026 08:14:42 p. m.","True"
"VENDOR_ARCHIVE","RuneforgeCore","CMakeLists.txt","C:\RUNEFOGE_PRO\runeforge-mvp\runeforge-mvp\_archive\source-zips\Sunshine-master\Sunshine-master\tools\CMakeLists.txt","0.001","21/03/2026 08:14:42 p. m.","True"
"VENDOR_ARCHIVE","RuneforgeCore","dxgi.cpp","C:\RUNEFOGE_PRO\runeforge-mvp\runeforge-mvp\_archive\source-zips\Sunshine-master\Sunshine-master\tools\dxgi.cpp","0.003","21/03/2026 08:14:42 p. m.","True"
"VENDOR_ARCHIVE","RuneforgeCore","sunshinesvc.cpp","C:\RUNEFOGE_PRO\runeforge-mvp\runeforge-mvp\_archive\source-zips\Sunshine-master\Sunshine-master\tools\sunshinesvc.cpp","0.013","21/03/2026 08:14:42 p. m.","True"
"VENDOR_ARCHIVE","RuneforgeCore",".clang-format-ignore","C:\RUNEFOGE_PRO\runeforge-mvp\runeforge-mvp\_archive\source-zips\Sunshine-master\Sunshine-master\third-party\.clang-format-ignore","0","21/03/2026 08:14:42 p. m.","True"
"VENDOR_ARCHIVE","RuneforgeCore","helper_math.h","C:\RUNEFOGE_PRO\runeforge-mvp\runeforge-mvp\_archive\source-zips\Sunshine-master\Sunshine-master\third-party\nvfbc\helper_math.h","0.036","21/03/2026 08:14:42 p. m.","True"
"VENDOR_ARCHIVE","RuneforgeCore","NvFBC.h","C:\RUNEFOGE_PRO\runeforge-mvp\runeforge-mvp\_archive\source-zips\Sunshine-master\Sunshine-master\third-party\nvfbc\NvFBC.h","0.063","21/03/2026 08:14:42 p. m.","True"
"VENDOR_ARCHIVE","RuneforgeCore","CMakeLists.txt","C:\RUNEFOGE_PRO\runeforge-mvp\runeforge-mvp\_archive\source-zips\Sunshine-master\Sunshine-master\tests\CMakeLists.txt","0.007","21/03/2026 08:14:42 p. m.","True"
"VENDOR_ARCHIVE","RuneforgeCore","tests_common.h","C:\RUNEFOGE_PRO\runeforge-mvp\runeforge-mvp\_archive\source-zips\Sunshine-master\Sunshine-master\tests\tests_common.h","0.005","21/03/2026 08:14:42 p. m.","True"
"VENDOR_ARCHIVE","RuneforgeCore","tests_environment.h","C:\RUNEFOGE_PRO\runeforge-mvp\runeforge-mvp\_archive\source-zips\Sunshine-master\Sunshine-master\tests\tests_environment.h","0","21/03/2026 08:14:42 p. m.","True"
"VENDOR_ARCHIVE","RuneforgeCore","tests_events.h","C:\RUNEFOGE_PRO\runeforge-mvp\runeforge-mvp\_archive\source-zips\Sunshine-master\Sunshine-master\tests\tests_events.h","0.002","21/03/2026 08:14:42 p. m.","True"
"VENDOR_ARCHIVE","RuneforgeCore","tests_log_checker.h","C:\RUNEFOGE_PRO\runeforge-mvp\runeforge-mvp\_archive\source-zips\Sunshine-master\Sunshine-master\tests\tests_log_checker.h","0.004","21/03/2026 08:14:42 p. m.","True"
"VENDOR_ARCHIVE","RuneforgeCore","tests_main.cpp","C:\RUNEFOGE_PRO\runeforge-mvp\runeforge-mvp\_archive\source-zips\Sunshine-master\Sunshine-master\tests\tests_main.cpp","0","21/03/2026 08:14:42 p. m.","True"
"VENDOR_ARCHIVE","RuneforgeCore","test_audio.cpp","C:\RUNEFOGE_PRO\runeforge-mvp\runeforge-mvp\_archive\source-zips\Sunshine-master\Sunshine-master\tests\unit\test_audio.cpp","0.002","21/03/2026 08:14:42 p. m.","True"
"VENDOR_ARCHIVE","RuneforgeCore","test_confighttp.cpp","C:\RUNEFOGE_PRO\runeforge-mvp\runeforge-mvp\_archive\source-zips\Sunshine-master\Sunshine-master\tests\unit\test_confighttp.cpp","0.058","21/03/2026 08:14:42 p. m.","True"
"VENDOR_ARCHIVE","RuneforgeCore","test_display_device.cpp","C:\RUNEFOGE_PRO\runeforge-mvp\runeforge-mvp\_archive\source-zips\Sunshine-master\Sunshine-master\tests\unit\test_display_device.cpp","0.035","21/03/2026 08:14:42 p. m.","True"
"VENDOR_ARCHIVE","RuneforgeCore","test_entry_handler.cpp","C:\RUNEFOGE_PRO\runeforge-mvp\runeforge-mvp\_archive\source-zips\Sunshine-master\Sunshine-master\tests\unit\test_entry_handler.cpp","0.001","21/03/2026 08:14:42 p. m.","True"
"VENDOR_ARCHIVE","RuneforgeCore","test_file_handler.cpp","C:\RUNEFOGE_PRO\runeforge-mvp\runeforge-mvp\_archive\source-zips\Sunshine-master\Sunshine-master\tests\unit\test_file_handler.cpp","0.003","21/03/2026 08:14:42 p. m.","True"
"VENDOR_ARCHIVE","RuneforgeCore","test_http_pairing.cpp","C:\RUNEFOGE_PRO\runeforge-mvp\runeforge-mvp\_archive\source-zips\Sunshine-master\Sunshine-master\tests\unit\test_http_pairing.cpp","0.013","21/03/2026 08:14:42 p. m.","True"
"VENDOR_ARCHIVE","RuneforgeCore","test_httpcommon.cpp","C:\RUNEFOGE_PRO\runeforge-mvp\runeforge-mvp\_archive\source-zips\Sunshine-master\Sunshine-master\tests\unit\test_httpcommon.cpp","0.002","21/03/2026 08:14:42 p. m.","True"
"VENDOR_ARCHIVE","RuneforgeCore","test_logging.cpp","C:\RUNEFOGE_PRO\runeforge-mvp\runeforge-mvp\_archive\source-zips\Sunshine-master\Sunshine-master\tests\unit\test_logging.cpp","0.001","21/03/2026 08:14:42 p. m.","True"
"VENDOR_ARCHIVE","RuneforgeCore","test_mouse.cpp","C:\RUNEFOGE_PRO\runeforge-mvp\runeforge-mvp\_archive\source-zips\Sunshine-master\Sunshine-master\tests\unit\test_mouse.cpp","0.004","21/03/2026 08:14:42 p. m.","True"
"VENDOR_ARCHIVE","RuneforgeCore","test_network.cpp","C:\RUNEFOGE_PRO\runeforge-mvp\runeforge-mvp\_archive\source-zips\Sunshine-master\Sunshine-master\tests\unit\test_network.cpp","0.004","21/03/2026 08:14:42 p. m.","True"
"VENDOR_ARCHIVE","RuneforgeCore","test_process.cpp","C:\RUNEFOGE_PRO\runeforge-mvp\runeforge-mvp\_archive\source-zips\Sunshine-master\Sunshine-master\tests\unit\test_process.cpp","0.006","21/03/2026 08:14:42 p. m.","True"
"VENDOR_ARCHIVE","RuneforgeCore","test_rswrapper.cpp","C:\RUNEFOGE_PRO\runeforge-mvp\runeforge-mvp\_archive\source-zips\Sunshine-master\Sunshine-master\tests\unit\test_rswrapper.cpp","0.001","21/03/2026 08:14:42 p. m.","True"
"VENDOR_ARCHIVE","RuneforgeCore","test_stream.cpp","C:\RUNEFOGE_PRO\runeforge-mvp\runeforge-mvp\_archive\source-zips\Sunshine-master\Sunshine-master\tests\unit\test_stream.cpp","0.001","21/03/2026 08:14:42 p. m.","True"
"VENDOR_ARCHIVE","RuneforgeCore","test_video.cpp","C:\RUNEFOGE_PRO\runeforge-mvp\runeforge-mvp\_archive\source-zips\Sunshine-master\Sunshine-master\tests\unit\test_video.cpp","0.002","21/03/2026 08:14:42 p. m.","True"
"VENDOR_ARCHIVE","RuneforgeCore","test_common.cpp","C:\RUNEFOGE_PRO\runeforge-mvp\runeforge-mvp\_archive\source-zips\Sunshine-master\Sunshine-master\tests\unit\platform\test_common.cpp","0.001","21/03/2026 08:14:42 p. m.","True"
"VENDOR_ARCHIVE","RuneforgeCore","test_utf_utils.cpp","C:\RUNEFOGE_PRO\runeforge-mvp\runeforge-mvp\_archive\source-zips\Sunshine-master\Sunshine-master\tests\unit\platform\windows\test_utf_utils.cpp","0.013","21/03/2026 08:14:42 p. m.","True"
"VENDOR_ARCHIVE","RuneforgeCore","test_av_audio.mm","C:\RUNEFOGE_PRO\runeforge-mvp\runeforge-mvp\_archive\source-zips\Sunshine-master\Sunshine-master\tests\unit\platform\macos\test_av_audio.mm","0.016","21/03/2026 08:14:42 p. m.","True"
"VENDOR_ARCHIVE","RuneforgeCore","test_config_consistency.cpp","C:\RUNEFOGE_PRO\runeforge-mvp\runeforge-mvp\_archive\source-zips\Sunshine-master\Sunshine-master\tests\integration\test_config_consistency.cpp","0.023","21/03/2026 08:14:42 p. m.","True"
"VENDOR_ARCHIVE","RuneforgeCore","test_external_commands.cpp","C:\RUNEFOGE_PRO\runeforge-mvp\runeforge-mvp\_archive\source-zips\Sunshine-master\Sunshine-master\tests\integration\test_external_commands.cpp","0.006","21/03/2026 08:14:42 p. m.","True"
"VENDOR_ARCHIVE","RuneforgeCore","test_locale_consistency.cpp","C:\RUNEFOGE_PRO\runeforge-mvp\runeforge-mvp\_archive\source-zips\Sunshine-master\Sunshine-master\tests\integration\test_locale_consistency.cpp","0.011","21/03/2026 08:14:42 p. m.","True"
"VENDOR_ARCHIVE","RuneforgeCore","hello-redirect.txt","C:\RUNEFOGE_PRO\runeforge-mvp\runeforge-mvp\_archive\source-zips\Sunshine-master\Sunshine-master\tests\fixtures\http\hello-redirect.txt","0","21/03/2026 08:14:42 p. m.","True"
"VENDOR_ARCHIVE","RuneforgeCore","hello.txt","C:\RUNEFOGE_PRO\runeforge-mvp\runeforge-mvp\_archive\source-zips\Sunshine-master\Sunshine-master\tests\fixtures\http\hello.txt","0","21/03/2026 08:14:42 p. m.","True"
"VENDOR_ARCHIVE","RuneforgeCore","sunshine-setup.ps1","C:\RUNEFOGE_PRO\runeforge-mvp\runeforge-mvp\_archive\source-zips\Sunshine-master\Sunshine-master\src_assets\windows\misc\sunshine-setup.ps1","0.022","21/03/2026 08:14:42 p. m.","True"
"VENDOR_ARCHIVE","RuneforgeCore","install-service.bat","C:\RUNEFOGE_PRO\runeforge-mvp\runeforge-mvp\_archive\source-zips\Sunshine-master\Sunshine-master\src_assets\windows\misc\service\install-service.bat","0.002","21/03/2026 08:14:42 p. m.","True"
"VENDOR_ARCHIVE","RuneforgeCore","uninstall-service.bat","C:\RUNEFOGE_PRO\runeforge-mvp\runeforge-mvp\_archive\source-zips\Sunshine-master\Sunshine-master\src_assets\windows\misc\service\uninstall-service.bat","0.001","21/03/2026 08:14:42 p. m.","True"
"VENDOR_ARCHIVE","RuneforgeCore","update-path.bat","C:\RUNEFOGE_PRO\runeforge-mvp\runeforge-mvp\_archive\source-zips\Sunshine-master\Sunshine-master\src_assets\windows\misc\path\update-path.bat","0.003","21/03/2026 08:14:42 p. m.","True"
"VENDOR_ARCHIVE","RuneforgeCore","migrate-config.bat","C:\RUNEFOGE_PRO\runeforge-mvp\runeforge-mvp\_archive\source-zips\Sunshine-master\Sunshine-master\src_assets\windows\misc\migration\migrate-config.bat","0.002","21/03/2026 08:14:42 p. m.","True"
"VENDOR_ARCHIVE","RuneforgeCore","add-firewall-rule.bat","C:\RUNEFOGE_PRO\runeforge-mvp\runeforge-mvp\_archive\source-zips\Sunshine-master\Sunshine-master\src_assets\windows\misc\firewall\add-firewall-rule.bat","0","21/03/2026 08:14:42 p. m.","True"
"VENDOR_ARCHIVE","RuneforgeCore","delete-firewall-rule.bat","C:\RUNEFOGE_PRO\runeforge-mvp\runeforge-mvp\_archive\source-zips\Sunshine-master\Sunshine-master\src_assets\windows\misc\firewall\delete-firewall-rule.bat","0","21/03/2026 08:14:42 p. m.","True"
"VENDOR_ARCHIVE","RuneforgeCore","autostart-service.bat","C:\RUNEFOGE_PRO\runeforge-mvp\runeforge-mvp\_archive\source-zips\Sunshine-master\Sunshine-master\src_assets\windows\misc\autostart\autostart-service.bat","0","21/03/2026 08:14:42 p. m.","True"
"VENDOR_ARCHIVE","RuneforgeCore","apps.json","C:\RUNEFOGE_PRO\runeforge-mvp\runeforge-mvp\_archive\source-zips\Sunshine-master\Sunshine-master\src_assets\windows\assets\apps.json","0","21/03/2026 08:14:42 p. m.","True"
"VENDOR_ARCHIVE","RuneforgeCore","convert_yuv420_packed_uv_type0_ps_linear.hlsl","C:\RUNEFOGE_PRO\runeforge-mvp\runeforge-mvp\_archive\source-zips\Sunshine-master\Sunshine-master\src_assets\windows\assets\shaders\directx\convert_yuv420_packed_uv_type0_ps_linear.hlsl","0","21/03/2026 08:14:42 p. m.","True"
"VENDOR_ARCHIVE","RuneforgeCore","convert_yuv420_packed_uv_type0_ps_perceptual_quantizer.hlsl","C:\RUNEFOGE_PRO\runeforge-mvp\runeforge-mvp\_archive\source-zips\Sunshine-master\Sunshine-master\src_assets\windows\assets\shaders\directx\convert_yuv420_packed_uv_type0_ps_perceptual_quantizer.hlsl","0","21/03/2026 08:14:42 p. m.","True"
"VENDOR_ARCHIVE","RuneforgeCore","convert_yuv420_packed_uv_type0_ps.hlsl","C:\RUNEFOGE_PRO\runeforge-mvp\runeforge-mvp\_archive\source-zips\Sunshine-master\Sunshine-master\src_assets\windows\assets\shaders\directx\convert_yuv420_packed_uv_type0_ps.hlsl","0","21/03/2026 08:14:42 p. m.","True"
"VENDOR_ARCHIVE","RuneforgeCore","convert_yuv420_packed_uv_type0_vs.hlsl","C:\RUNEFOGE_PRO\runeforge-mvp\runeforge-mvp\_archive\source-zips\Sunshine-master\Sunshine-master\src_assets\windows\assets\shaders\directx\convert_yuv420_packed_uv_type0_vs.hlsl","0","21/03/2026 08:14:42 p. m.","True"
"VENDOR_ARCHIVE","RuneforgeCore","convert_yuv420_packed_uv_type0s_ps_linear.hlsl","C:\RUNEFOGE_PRO\runeforge-mvp\runeforge-mvp\_archive\source-zips\Sunshine-master\Sunshine-master\src_assets\windows\assets\shaders\directx\convert_yuv420_packed_uv_type0s_ps_linear.hlsl","0","21/03/2026 08:14:42 p. m.","True"
"VENDOR_ARCHIVE","RuneforgeCore","convert_yuv420_packed_uv_type0s_ps_perceptual_quantizer.hlsl","C:\RUNEFOGE_PRO\runeforge-mvp\runeforge-mvp\_archive\source-zips\Sunshine-master\Sunshine-master\src_assets\windows\assets\shaders\directx\convert_yuv420_packed_uv_type0s_ps_perceptual_quantizer.hlsl","0","21/03/2026 08:14:42 p. m.","True"
"VENDOR_ARCHIVE","RuneforgeCore","convert_yuv420_packed_uv_type0s_ps.hlsl","C:\RUNEFOGE_PRO\runeforge-mvp\runeforge-mvp\_archive\source-zips\Sunshine-master\Sunshine-master\src_assets\windows\assets\shaders\directx\convert_yuv420_packed_uv_type0s_ps.hlsl","0","21/03/2026 08:14:42 p. m.","True"
"VENDOR_ARCHIVE","RuneforgeCore","convert_yuv420_packed_uv_type0s_vs.hlsl","C:\RUNEFOGE_PRO\runeforge-mvp\runeforge-mvp\_archive\source-zips\Sunshine-master\Sunshine-master\src_assets\windows\assets\shaders\directx\convert_yuv420_packed_uv_type0s_vs.hlsl","0","21/03/2026 08:14:42 p. m.","True"
"VENDOR_ARCHIVE","RuneforgeCore","convert_yuv420_planar_y_ps_linear.hlsl","C:\RUNEFOGE_PRO\runeforge-mvp\runeforge-mvp\_archive\source-zips\Sunshine-master\Sunshine-master\src_assets\windows\assets\shaders\directx\convert_yuv420_planar_y_ps_linear.hlsl","0","21/03/2026 08:14:42 p. m.","True"
"VENDOR_ARCHIVE","RuneforgeCore","convert_yuv420_planar_y_ps_perceptual_quantizer.hlsl","C:\RUNEFOGE_PRO\runeforge-mvp\runeforge-mvp\_archive\source-zips\Sunshine-master\Sunshine-master\src_assets\windows\assets\shaders\directx\convert_yuv420_planar_y_ps_perceptual_quantizer.hlsl","0","21/03/2026 08:14:42 p. m.","True"
"VENDOR_ARCHIVE","RuneforgeCore","convert_yuv420_planar_y_ps.hlsl","C:\RUNEFOGE_PRO\runeforge-mvp\runeforge-mvp\_archive\source-zips\Sunshine-master\Sunshine-master\src_assets\windows\assets\shaders\directx\convert_yuv420_planar_y_ps.hlsl","0","21/03/2026 08:14:42 p. m.","True"
"VENDOR_ARCHIVE","RuneforgeCore","convert_yuv420_planar_y_vs.hlsl","C:\RUNEFOGE_PRO\runeforge-mvp\runeforge-mvp\_archive\source-zips\Sunshine-master\Sunshine-master\src_assets\windows\assets\shaders\directx\convert_yuv420_planar_y_vs.hlsl","0","21/03/2026 08:14:42 p. m.","True"
"VENDOR_ARCHIVE","RuneforgeCore","convert_yuv444_packed_ayuv_ps_linear.hlsl","C:\RUNEFOGE_PRO\runeforge-mvp\runeforge-mvp\_archive\source-zips\Sunshine-master\Sunshine-master\src_assets\windows\assets\shaders\directx\convert_yuv444_packed_ayuv_ps_linear.hlsl","0","21/03/2026 08:14:42 p. m.","True"
"VENDOR_ARCHIVE","RuneforgeCore","convert_yuv444_packed_ayuv_ps.hlsl","C:\RUNEFOGE_PRO\runeforge-mvp\runeforge-mvp\_archive\source-zips\Sunshine-master\Sunshine-master\src_assets\windows\assets\shaders\directx\convert_yuv444_packed_ayuv_ps.hlsl","0","21/03/2026 08:14:42 p. m.","True"
"VENDOR_ARCHIVE","RuneforgeCore","convert_yuv444_packed_vs.hlsl","C:\RUNEFOGE_PRO\runeforge-mvp\runeforge-mvp\_archive\source-zips\Sunshine-master\Sunshine-master\src_assets\windows\assets\shaders\directx\convert_yuv444_packed_vs.hlsl","0","21/03/2026 08:14:42 p. m.","True"
"VENDOR_ARCHIVE","RuneforgeCore","convert_yuv444_packed_y410_ps_linear.hlsl","C:\RUNEFOGE_PRO\runeforge-mvp\runeforge-mvp\_archive\source-zips\Sunshine-master\Sunshine-master\src_assets\windows\assets\shaders\directx\convert_yuv444_packed_y410_ps_linear.hlsl","0","21/03/2026 08:14:42 p. m.","True"
"VENDOR_ARCHIVE","RuneforgeCore","convert_yuv444_packed_y410_ps_perceptual_quantizer.hlsl","C:\RUNEFOGE_PRO\runeforge-mvp\runeforge-mvp\_archive\source-zips\Sunshine-master\Sunshine-master\src_assets\windows\assets\shaders\directx\convert_yuv444_packed_y410_ps_perceptual_quantizer.hlsl","0","21/03/2026 08:14:42 p. m.","True"
"VENDOR_ARCHIVE","RuneforgeCore","convert_yuv444_packed_y410_ps.hlsl","C:\RUNEFOGE_PRO\runeforge-mvp\runeforge-mvp\_archive\source-zips\Sunshine-master\Sunshine-master\src_assets\windows\assets\shaders\directx\convert_yuv444_packed_y410_ps.hlsl","0","21/03/2026 08:14:42 p. m.","True"
"VENDOR_ARCHIVE","RuneforgeCore","convert_yuv444_planar_ps_linear.hlsl","C:\RUNEFOGE_PRO\runeforge-mvp\runeforge-mvp\_archive\source-zips\Sunshine-master\Sunshine-master\src_assets\windows\assets\shaders\directx\convert_yuv444_planar_ps_linear.hlsl","0","21/03/2026 08:14:42 p. m.","True"
"VENDOR_ARCHIVE","RuneforgeCore","convert_yuv444_planar_ps_perceptual_quantizer.hlsl","C:\RUNEFOGE_PRO\runeforge-mvp\runeforge-mvp\_archive\source-zips\Sunshine-master\Sunshine-master\src_assets\windows\assets\shaders\directx\convert_yuv444_planar_ps_perceptual_quantizer.hlsl","0","21/03/2026 08:14:42 p. m.","True"
"VENDOR_ARCHIVE","RuneforgeCore","convert_yuv444_planar_ps.hlsl","C:\RUNEFOGE_PRO\runeforge-mvp\runeforge-mvp\_archive\source-zips\Sunshine-master\Sunshine-master\src_assets\windows\assets\shaders\directx\convert_yuv444_planar_ps.hlsl","0","21/03/2026 08:14:42 p. m.","True"
"VENDOR_ARCHIVE","RuneforgeCore","convert_yuv444_planar_vs.hlsl","C:\RUNEFOGE_PRO\runeforge-mvp\runeforge-mvp\_archive\source-zips\Sunshine-master\Sunshine-master\src_assets\windows\assets\shaders\directx\convert_yuv444_planar_vs.hlsl","0.001","21/03/2026 08:14:42 p. m.","True"
"VENDOR_ARCHIVE","RuneforgeCore","cursor_ps_normalize_white.hlsl","C:\RUNEFOGE_PRO\runeforge-mvp\runeforge-mvp\_archive\source-zips\Sunshine-master\Sunshine-master\src_assets\windows\assets\shaders\directx\cursor_ps_normalize_white.hlsl","0","21/03/2026 08:14:42 p. m.","True"
"VENDOR_ARCHIVE","RuneforgeCore","cursor_ps.hlsl","C:\RUNEFOGE_PRO\runeforge-mvp\runeforge-mvp\_archive\source-zips\Sunshine-master\Sunshine-master\src_assets\windows\assets\shaders\directx\cursor_ps.hlsl","0","21/03/2026 08:14:42 p. m.","True"
"VENDOR_ARCHIVE","RuneforgeCore","cursor_vs.hlsl","C:\RUNEFOGE_PRO\runeforge-mvp\runeforge-mvp\_archive\source-zips\Sunshine-master\Sunshine-master\src_assets\windows\assets\shaders\directx\cursor_vs.hlsl","0","21/03/2026 08:14:42 p. m.","True"
"VENDOR_ARCHIVE","RuneforgeCore","base_vs_types.hlsl","C:\RUNEFOGE_PRO\runeforge-mvp\runeforge-mvp\_archive\source-zips\Sunshine-master\Sunshine-master\src_assets\windows\assets\shaders\directx\include\base_vs_types.hlsl","0.001","21/03/2026 08:14:42 p. m.","True"
"VENDOR_ARCHIVE","RuneforgeCore","base_vs.hlsl","C:\RUNEFOGE_PRO\runeforge-mvp\runeforge-mvp\_archive\source-zips\Sunshine-master\Sunshine-master\src_assets\windows\assets\shaders\directx\include\base_vs.hlsl","0.002","21/03/2026 08:14:42 p. m.","True"
"VENDOR_ARCHIVE","RuneforgeCore","common.hlsl","C:\RUNEFOGE_PRO\runeforge-mvp\runeforge-mvp\_archive\source-zips\Sunshine-master\Sunshine-master\src_assets\windows\assets\shaders\directx\include\common.hlsl","0.001","21/03/2026 08:14:42 p. m.","True"
"VENDOR_ARCHIVE","RuneforgeCore","convert_base.hlsl","C:\RUNEFOGE_PRO\runeforge-mvp\runeforge-mvp\_archive\source-zips\Sunshine-master\Sunshine-master\src_assets\windows\assets\shaders\directx\include\convert_base.hlsl","0","21/03/2026 08:14:42 p. m.","True"
"VENDOR_ARCHIVE","RuneforgeCore","convert_linear_base.hlsl","C:\RUNEFOGE_PRO\runeforge-mvp\runeforge-mvp\_archive\source-zips\Sunshine-master\Sunshine-master\src_assets\windows\assets\shaders\directx\include\convert_linear_base.hlsl","0","21/03/2026 08:14:42 p. m.","True"
"VENDOR_ARCHIVE","RuneforgeCore","convert_perceptual_quantizer_base.hlsl","C:\RUNEFOGE_PRO\runeforge-mvp\runeforge-mvp\_archive\source-zips\Sunshine-master\Sunshine-master\src_assets\windows\assets\shaders\directx\include\convert_perceptual_quantizer_base.hlsl","0","21/03/2026 08:14:42 p. m.","True"
"VENDOR_ARCHIVE","RuneforgeCore","convert_yuv420_packed_uv_ps_base.hlsl","C:\RUNEFOGE_PRO\runeforge-mvp\runeforge-mvp\_archive\source-zips\Sunshine-master\Sunshine-master\src_assets\windows\assets\shaders\directx\include\convert_yuv420_packed_uv_ps_base.hlsl","0.002","21/03/2026 08:14:42 p. m.","True"
"VENDOR_ARCHIVE","RuneforgeCore","convert_yuv420_planar_y_ps_base.hlsl","C:\RUNEFOGE_PRO\runeforge-mvp\runeforge-mvp\_archive\source-zips\Sunshine-master\Sunshine-master\src_assets\windows\assets\shaders\directx\include\convert_yuv420_planar_y_ps_base.hlsl","0","21/03/2026 08:14:42 p. m.","True"
"VENDOR_ARCHIVE","RuneforgeCore","convert_yuv444_ps_base.hlsl","C:\RUNEFOGE_PRO\runeforge-mvp\runeforge-mvp\_archive\source-zips\Sunshine-master\Sunshine-master\src_assets\windows\assets\shaders\directx\include\convert_yuv444_ps_base.hlsl","0.001","21/03/2026 08:14:42 p. m.","True"
"VENDOR_ARCHIVE","RuneforgeCore","apps.json","C:\RUNEFOGE_PRO\runeforge-mvp\runeforge-mvp\_archive\source-zips\Sunshine-master\Sunshine-master\src_assets\macos\assets\apps.json","0","21/03/2026 08:14:42 p. m.","True"
"VENDOR_ARCHIVE","RuneforgeCore","60-sunshine.conf","C:\RUNEFOGE_PRO\runeforge-mvp\runeforge-mvp\_archive\source-zips\Sunshine-master\Sunshine-master\src_assets\linux\misc\60-sunshine.conf","0","21/03/2026 08:14:42 p. m.","True"
"VENDOR_ARCHIVE","RuneforgeCore","60-sunshine.rules","C:\RUNEFOGE_PRO\runeforge-mvp\runeforge-mvp\_archive\source-zips\Sunshine-master\Sunshine-master\src_assets\linux\misc\60-sunshine.rules","0.001","21/03/2026 08:14:42 p. m.","True"
"VENDOR_ARCHIVE","RuneforgeCore","postinst","C:\RUNEFOGE_PRO\runeforge-mvp\runeforge-mvp\_archive\source-zips\Sunshine-master\Sunshine-master\src_assets\linux\misc\postinst","0.001","21/03/2026 08:14:42 p. m.","True"
"VENDOR_ARCHIVE","RuneforgeCore","apps.json","C:\RUNEFOGE_PRO\runeforge-mvp\runeforge-mvp\_archive\source-zips\Sunshine-master\Sunshine-master\src_assets\linux\assets\apps.json","0.001","21/03/2026 08:14:42 p. m.","True"
"VENDOR_ARCHIVE","RuneforgeCore","ConvertUV.frag","C:\RUNEFOGE_PRO\runeforge-mvp\runeforge-mvp\_archive\source-zips\Sunshine-master\Sunshine-master\src_assets\linux\assets\shaders\opengl\ConvertUV.frag","0.001","21/03/2026 08:14:42 p. m.","True"
"VENDOR_ARCHIVE","RuneforgeCore","ConvertUV.vert","C:\RUNEFOGE_PRO\runeforge-mvp\runeforge-mvp\_archive\source-zips\Sunshine-master\Sunshine-master\src_assets\linux\assets\shaders\opengl\ConvertUV.vert","0.001","21/03/2026 08:14:42 p. m.","True"
"VENDOR_ARCHIVE","RuneforgeCore","ConvertY.frag","C:\RUNEFOGE_PRO\runeforge-mvp\runeforge-mvp\_archive\source-zips\Sunshine-master\Sunshine-master\src_assets\linux\assets\shaders\opengl\ConvertY.frag","0","21/03/2026 08:14:42 p. m.","True"
"VENDOR_ARCHIVE","RuneforgeCore","Scene.frag","C:\RUNEFOGE_PRO\runeforge-mvp\runeforge-mvp\_archive\source-zips\Sunshine-master\Sunshine-master\src_assets\linux\assets\shaders\opengl\Scene.frag","0","21/03/2026 08:14:42 p. m.","True"
"VENDOR_ARCHIVE","RuneforgeCore","Scene.vert","C:\RUNEFOGE_PRO\runeforge-mvp\runeforge-mvp\_archive\source-zips\Sunshine-master\Sunshine-master\src_assets\linux\assets\shaders\opengl\Scene.vert","0","21/03/2026 08:14:42 p. m.","True"
"VENDOR_ARCHIVE","RuneforgeCore","box.png","C:\RUNEFOGE_PRO\runeforge-mvp\runeforge-mvp\_archive\source-zips\Sunshine-master\Sunshine-master\src_assets\common\assets\box.png","0.001","21/03/2026 08:14:42 p. m.","True"
"VENDOR_ARCHIVE","RuneforgeCore","desktop-alt.png","C:\RUNEFOGE_PRO\runeforge-mvp\runeforge-mvp\_archive\source-zips\Sunshine-master\Sunshine-master\src_assets\common\assets\desktop-alt.png","0.008","21/03/2026 08:14:42 p. m.","True"
"VENDOR_ARCHIVE","RuneforgeCore","desktop.png","C:\RUNEFOGE_PRO\runeforge-mvp\runeforge-mvp\_archive\source-zips\Sunshine-master\Sunshine-master\src_assets\common\assets\desktop.png","0.008","21/03/2026 08:14:42 p. m.","True"
"VENDOR_ARCHIVE","RuneforgeCore","steam.png","C:\RUNEFOGE_PRO\runeforge-mvp\runeforge-mvp\_archive\source-zips\Sunshine-master\Sunshine-master\src_assets\common\assets\steam.png","0.024","21/03/2026 08:14:42 p. m.","True"
"VENDOR_ARCHIVE","RuneforgeCore","apps.html","C:\RUNEFOGE_PRO\runeforge-mvp\runeforge-mvp\_archive\source-zips\Sunshine-master\Sunshine-master\src_assets\common\assets\web\apps.html","0.033","21/03/2026 08:14:42 p. m.","True"
"VENDOR_ARCHIVE","RuneforgeCore","Checkbox.vue","C:\RUNEFOGE_PRO\runeforge-mvp\runeforge-mvp\_archive\source-zips\Sunshine-master\Sunshine-master\src_assets\common\assets\web\Checkbox.vue","0.003","21/03/2026 08:14:42 p. m.","True"
"VENDOR_ARCHIVE","RuneforgeCore","config.html","C:\RUNEFOGE_PRO\runeforge-mvp\runeforge-mvp\_archive\source-zips\Sunshine-master\Sunshine-master\src_assets\common\assets\web\config.html","0.017","21/03/2026 08:14:42 p. m.","True"
"VENDOR_ARCHIVE","RuneforgeCore","featured.html","C:\RUNEFOGE_PRO\runeforge-mvp\runeforge-mvp\_archive\source-zips\Sunshine-master\Sunshine-master\src_assets\common\assets\web\featured.html","0.015","21/03/2026 08:14:42 p. m.","True"
"VENDOR_ARCHIVE","RuneforgeCore","index.html","C:\RUNEFOGE_PRO\runeforge-mvp\runeforge-mvp\_archive\source-zips\Sunshine-master\Sunshine-master\src_assets\common\assets\web\index.html","0.009","21/03/2026 08:14:42 p. m.","True"
"VENDOR_ARCHIVE","RuneforgeCore","init.js","C:\RUNEFOGE_PRO\runeforge-mvp\runeforge-mvp\_archive\source-zips\Sunshine-master\Sunshine-master\src_assets\common\assets\web\init.js","0.001","21/03/2026 08:14:42 p. m.","True"
"VENDOR_ARCHIVE","RuneforgeCore","locale.js","C:\RUNEFOGE_PRO\runeforge-mvp\runeforge-mvp\_archive\source-zips\Sunshine-master\Sunshine-master\src_assets\common\assets\web\locale.js","0.001","21/03/2026 08:14:42 p. m.","True"
"VENDOR_ARCHIVE","RuneforgeCore","Navbar.vue","C:\RUNEFOGE_PRO\runeforge-mvp\runeforge-mvp\_archive\source-zips\Sunshine-master\Sunshine-master\src_assets\common\assets\web\Navbar.vue","0.003","21/03/2026 08:14:42 p. m.","True"
"VENDOR_ARCHIVE","RuneforgeCore","password.html","C:\RUNEFOGE_PRO\runeforge-mvp\runeforge-mvp\_archive\source-zips\Sunshine-master\Sunshine-master\src_assets\common\assets\web\password.html","0.004","21/03/2026 08:14:42 p. m.","True"
"VENDOR_ARCHIVE","RuneforgeCore","pin.html","C:\RUNEFOGE_PRO\runeforge-mvp\runeforge-mvp\_archive\source-zips\Sunshine-master\Sunshine-master\src_assets\common\assets\web\pin.html","0.003","21/03/2026 08:14:42 p. m.","True"
"VENDOR_ARCHIVE","RuneforgeCore","platform-i18n.js","C:\RUNEFOGE_PRO\runeforge-mvp\runeforge-mvp\_archive\source-zips\Sunshine-master\Sunshine-master\src_assets\common\assets\web\platform-i18n.js","0.002","21/03/2026 08:14:42 p. m.","True"
"VENDOR_ARCHIVE","RuneforgeCore","PlatformLayout.vue","C:\RUNEFOGE_PRO\runeforge-mvp\runeforge-mvp\_archive\source-zips\Sunshine-master\Sunshine-master\src_assets\common\assets\web\PlatformLayout.vue","0.001","21/03/2026 08:14:42 p. m.","True"
"VENDOR_ARCHIVE","RuneforgeCore","ResourceCard.vue","C:\RUNEFOGE_PRO\runeforge-mvp\runeforge-mvp\_archive\source-zips\Sunshine-master\Sunshine-master\src_assets\common\assets\web\ResourceCard.vue","0.002","21/03/2026 08:14:42 p. m.","True"
"VENDOR_ARCHIVE","RuneforgeCore","SimpleIcon.vue","C:\RUNEFOGE_PRO\runeforge-mvp\runeforge-mvp\_archive\source-zips\Sunshine-master\Sunshine-master\src_assets\common\assets\web\SimpleIcon.vue","0.001","21/03/2026 08:14:42 p. m.","True"
"VENDOR_ARCHIVE","RuneforgeCore","sunshine_version.js","C:\RUNEFOGE_PRO\runeforge-mvp\runeforge-mvp\_archive\source-zips\Sunshine-master\Sunshine-master\src_assets\common\assets\web\sunshine_version.js","0.002","21/03/2026 08:14:42 p. m.","True"
"VENDOR_ARCHIVE","RuneforgeCore","template_header.html","C:\RUNEFOGE_PRO\runeforge-mvp\runeforge-mvp\_archive\source-zips\Sunshine-master\Sunshine-master\src_assets\common\assets\web\template_header.html","0","21/03/2026 08:14:42 p. m.","True"
"VENDOR_ARCHIVE","RuneforgeCore","theme.js","C:\RUNEFOGE_PRO\runeforge-mvp\runeforge-mvp\_archive\source-zips\Sunshine-master\Sunshine-master\src_assets\common\assets\web\theme.js","0.003","21/03/2026 08:14:42 p. m.","True"
"VENDOR_ARCHIVE","RuneforgeCore","ThemeToggle.vue","C:\RUNEFOGE_PRO\runeforge-mvp\runeforge-mvp\_archive\source-zips\Sunshine-master\Sunshine-master\src_assets\common\assets\web\ThemeToggle.vue","0.005","21/03/2026 08:14:42 p. m.","True"
"VENDOR_ARCHIVE","RuneforgeCore","troubleshooting.html","C:\RUNEFOGE_PRO\runeforge-mvp\runeforge-mvp\_archive\source-zips\Sunshine-master\Sunshine-master\src_assets\common\assets\web\troubleshooting.html","0.023","21/03/2026 08:14:42 p. m.","True"
"VENDOR_ARCHIVE","RuneforgeCore","welcome.html","C:\RUNEFOGE_PRO\runeforge-mvp\runeforge-mvp\_archive\source-zips\Sunshine-master\Sunshine-master\src_assets\common\assets\web\welcome.html","0.003","21/03/2026 08:14:42 p. m.","True"
"VENDOR_ARCHIVE","RuneforgeCore","logo-sunshine-16.png","C:\RUNEFOGE_PRO\runeforge-mvp\runeforge-mvp\_archive\source-zips\Sunshine-master\Sunshine-master\src_assets\common\assets\web\public\images\logo-sunshine-16.png","0.001","21/03/2026 08:14:42 p. m.","True"
"VENDOR_ARCHIVE","RuneforgeCore","logo-sunshine-45.png","C:\RUNEFOGE_PRO\runeforge-mvp\runeforge-mvp\_archive\source-zips\Sunshine-master\Sunshine-master\src_assets\common\assets\web\public\images\logo-sunshine-45.png","0.002","21/03/2026 08:14:42 p. m.","True"
"VENDOR_ARCHIVE","RuneforgeCore","sunshine-locked-16.png","C:\RUNEFOGE_PRO\runeforge-mvp\runeforge-mvp\_archive\source-zips\Sunshine-master\Sunshine-master\src_assets\common\assets\web\public\images\sunshine-locked-16.png","0.001","21/03/2026 08:14:42 p. m.","True"
"VENDOR_ARCHIVE","RuneforgeCore","sunshine-locked-45.png","C:\RUNEFOGE_PRO\runeforge-mvp\runeforge-mvp\_archive\source-zips\Sunshine-master\Sunshine-master\src_assets\common\assets\web\public\images\sunshine-locked-45.png","0.002","21/03/2026 08:14:42 p. m.","True"
"VENDOR_ARCHIVE","RuneforgeCore","sunshine-locked.ico","C:\RUNEFOGE_PRO\runeforge-mvp\runeforge-mvp\_archive\source-zips\Sunshine-master\Sunshine-master\src_assets\common\assets\web\public\images\sunshine-locked.ico","0.113","21/03/2026 08:14:42 p. m.","True"
"VENDOR_ARCHIVE","RuneforgeCore","sunshine-locked.png","C:\RUNEFOGE_PRO\runeforge-mvp\runeforge-mvp\_archive\source-zips\Sunshine-master\Sunshine-master\src_assets\common\assets\web\public\images\sunshine-locked.png","0.012","21/03/2026 08:14:42 p. m.","True"
"VENDOR_ARCHIVE","RuneforgeCore","sunshine-locked.svg","C:\RUNEFOGE_PRO\runeforge-mvp\runeforge-mvp\_archive\source-zips\Sunshine-master\Sunshine-master\src_assets\common\assets\web\public\images\sunshine-locked.svg","0.004","21/03/2026 08:14:42 p. m.","True"
"VENDOR_ARCHIVE","RuneforgeCore","sunshine-pausing-16.png","C:\RUNEFOGE_PRO\runeforge-mvp\runeforge-mvp\_archive\source-zips\Sunshine-master\Sunshine-master\src_assets\common\assets\web\public\images\sunshine-pausing-16.png","0.001","21/03/2026 08:14:42 p. m.","True"
"VENDOR_ARCHIVE","RuneforgeCore","sunshine-pausing-45.png","C:\RUNEFOGE_PRO\runeforge-mvp\runeforge-mvp\_archive\source-zips\Sunshine-master\Sunshine-master\src_assets\common\assets\web\public\images\sunshine-pausing-45.png","0.002","21/03/2026 08:14:42 p. m.","True"
"VENDOR_ARCHIVE","RuneforgeCore","sunshine-pausing.ico","C:\RUNEFOGE_PRO\runeforge-mvp\runeforge-mvp\_archive\source-zips\Sunshine-master\Sunshine-master\src_assets\common\assets\web\public\images\sunshine-pausing.ico","0.103","21/03/2026 08:14:42 p. m.","True"
"VENDOR_ARCHIVE","RuneforgeCore","sunshine-pausing.png","C:\RUNEFOGE_PRO\runeforge-mvp\runeforge-mvp\_archive\source-zips\Sunshine-master\Sunshine-master\src_assets\common\assets\web\public\images\sunshine-pausing.png","0.01","21/03/2026 08:14:42 p. m.","True"
"VENDOR_ARCHIVE","RuneforgeCore","sunshine-pausing.svg","C:\RUNEFOGE_PRO\runeforge-mvp\runeforge-mvp\_archive\source-zips\Sunshine-master\Sunshine-master\src_assets\common\assets\web\public\images\sunshine-pausing.svg","0.004","21/03/2026 08:14:42 p. m.","True"
"VENDOR_ARCHIVE","RuneforgeCore","sunshine-playing-16.png","C:\RUNEFOGE_PRO\runeforge-mvp\runeforge-mvp\_archive\source-zips\Sunshine-master\Sunshine-master\src_assets\common\assets\web\public\images\sunshine-playing-16.png","0.001","21/03/2026 08:14:42 p. m.","True"
"VENDOR_ARCHIVE","RuneforgeCore","sunshine-playing-45.png","C:\RUNEFOGE_PRO\runeforge-mvp\runeforge-mvp\_archive\source-zips\Sunshine-master\Sunshine-master\src_assets\common\assets\web\public\images\sunshine-playing-45.png","0.002","21/03/2026 08:14:42 p. m.","True"
"VENDOR_ARCHIVE","RuneforgeCore","sunshine-playing.ico","C:\RUNEFOGE_PRO\runeforge-mvp\runeforge-mvp\_archive\source-zips\Sunshine-master\Sunshine-master\src_assets\common\assets\web\public\images\sunshine-playing.ico","0.115","21/03/2026 08:14:42 p. m.","True"
"VENDOR_ARCHIVE","RuneforgeCore","sunshine-playing.png","C:\RUNEFOGE_PRO\runeforge-mvp\runeforge-mvp\_archive\source-zips\Sunshine-master\Sunshine-master\src_assets\common\assets\web\public\images\sunshine-playing.png","0.012","21/03/2026 08:14:42 p. m.","True"
"VENDOR_ARCHIVE","RuneforgeCore","sunshine-playing.svg","C:\RUNEFOGE_PRO\runeforge-mvp\runeforge-mvp\_archive\source-zips\Sunshine-master\Sunshine-master\src_assets\common\assets\web\public\images\sunshine-playing.svg","0.004","21/03/2026 08:14:42 p. m.","True"
"VENDOR_ARCHIVE","RuneforgeCore","sunshine.ico","C:\RUNEFOGE_PRO\runeforge-mvp\runeforge-mvp\_archive\source-zips\Sunshine-master\Sunshine-master\src_assets\common\assets\web\public\images\sunshine.ico","0.117","21/03/2026 08:14:42 p. m.","True"
"VENDOR_ARCHIVE","RuneforgeCore","bg.json","C:\RUNEFOGE_PRO\runeforge-mvp\runeforge-mvp\_archive\source-zips\Sunshine-master\Sunshine-master\src_assets\common\assets\web\public\assets\locale\bg.json","0.07","21/03/2026 08:14:42 p. m.","True"
"VENDOR_ARCHIVE","RuneforgeCore","cs.json","C:\RUNEFOGE_PRO\runeforge-mvp\runeforge-mvp\_archive\source-zips\Sunshine-master\Sunshine-master\src_assets\common\assets\web\public\assets\locale\cs.json","0.042","21/03/2026 08:14:42 p. m.","True"
"VENDOR_ARCHIVE","RuneforgeCore","de.json","C:\RUNEFOGE_PRO\runeforge-mvp\runeforge-mvp\_archive\source-zips\Sunshine-master\Sunshine-master\src_assets\common\assets\web\public\assets\locale\de.json","0.042","21/03/2026 08:14:42 p. m.","True"
"VENDOR_ARCHIVE","RuneforgeCore","en_GB.json","C:\RUNEFOGE_PRO\runeforge-mvp\runeforge-mvp\_archive\source-zips\Sunshine-master\Sunshine-master\src_assets\common\assets\web\public\assets\locale\en_GB.json","0.037","21/03/2026 08:14:42 p. m.","True"
"VENDOR_ARCHIVE","RuneforgeCore","en_US.json","C:\RUNEFOGE_PRO\runeforge-mvp\runeforge-mvp\_archive\source-zips\Sunshine-master\Sunshine-master\src_assets\common\assets\web\public\assets\locale\en_US.json","0.037","21/03/2026 08:14:42 p. m.","True"
"VENDOR_ARCHIVE","RuneforgeCore","en.json","C:\RUNEFOGE_PRO\runeforge-mvp\runeforge-mvp\_archive\source-zips\Sunshine-master\Sunshine-master\src_assets\common\assets\web\public\assets\locale\en.json","0.038","21/03/2026 08:14:42 p. m.","True"
"VENDOR_ARCHIVE","RuneforgeCore","es.json","C:\RUNEFOGE_PRO\runeforge-mvp\runeforge-mvp\_archive\source-zips\Sunshine-master\Sunshine-master\src_assets\common\assets\web\public\assets\locale\es.json","0.043","21/03/2026 08:14:42 p. m.","True"
"VENDOR_ARCHIVE","RuneforgeCore","fr.json","C:\RUNEFOGE_PRO\runeforge-mvp\runeforge-mvp\_archive\source-zips\Sunshine-master\Sunshine-master\src_assets\common\assets\web\public\assets\locale\fr.json","0.044","21/03/2026 08:14:42 p. m.","True"
"VENDOR_ARCHIVE","RuneforgeCore","hu.json","C:\RUNEFOGE_PRO\runeforge-mvp\runeforge-mvp\_archive\source-zips\Sunshine-master\Sunshine-master\src_assets\common\assets\web\public\assets\locale\hu.json","0.043","21/03/2026 08:14:42 p. m.","True"
"VENDOR_ARCHIVE","RuneforgeCore","it.json","C:\RUNEFOGE_PRO\runeforge-mvp\runeforge-mvp\_archive\source-zips\Sunshine-master\Sunshine-master\src_assets\common\assets\web\public\assets\locale\it.json","0.042","21/03/2026 08:14:42 p. m.","True"
"VENDOR_ARCHIVE","RuneforgeCore","ja.json","C:\RUNEFOGE_PRO\runeforge-mvp\runeforge-mvp\_archive\source-zips\Sunshine-master\Sunshine-master\src_assets\common\assets\web\public\assets\locale\ja.json","0.049","21/03/2026 08:14:42 p. m.","True"
"VENDOR_ARCHIVE","RuneforgeCore","ko.json","C:\RUNEFOGE_PRO\runeforge-mvp\runeforge-mvp\_archive\source-zips\Sunshine-master\Sunshine-master\src_assets\common\assets\web\public\assets\locale\ko.json","0.044","21/03/2026 08:14:42 p. m.","True"
"VENDOR_ARCHIVE","RuneforgeCore","pl.json","C:\RUNEFOGE_PRO\runeforge-mvp\runeforge-mvp\_archive\source-zips\Sunshine-master\Sunshine-master\src_assets\common\assets\web\public\assets\locale\pl.json","0.043","21/03/2026 08:14:42 p. m.","True"
"VENDOR_ARCHIVE","RuneforgeCore","pt_BR.json","C:\RUNEFOGE_PRO\runeforge-mvp\runeforge-mvp\_archive\source-zips\Sunshine-master\Sunshine-master\src_assets\common\assets\web\public\assets\locale\pt_BR.json","0.043","21/03/2026 08:14:42 p. m.","True"
"VENDOR_ARCHIVE","RuneforgeCore","pt.json","C:\RUNEFOGE_PRO\runeforge-mvp\runeforge-mvp\_archive\source-zips\Sunshine-master\Sunshine-master\src_assets\common\assets\web\public\assets\locale\pt.json","0.042","21/03/2026 08:14:42 p. m.","True"
"VENDOR_ARCHIVE","RuneforgeCore","ru.json","C:\RUNEFOGE_PRO\runeforge-mvp\runeforge-mvp\_archive\source-zips\Sunshine-master\Sunshine-master\src_assets\common\assets\web\public\assets\locale\ru.json","0.062","21/03/2026 08:14:42 p. m.","True"
"VENDOR_ARCHIVE","RuneforgeCore","sv.json","C:\RUNEFOGE_PRO\runeforge-mvp\runeforge-mvp\_archive\source-zips\Sunshine-master\Sunshine-master\src_assets\common\assets\web\public\assets\locale\sv.json","0.04","21/03/2026 08:14:42 p. m.","True"
"VENDOR_ARCHIVE","RuneforgeCore","tr.json","C:\RUNEFOGE_PRO\runeforge-mvp\runeforge-mvp\_archive\source-zips\Sunshine-master\Sunshine-master\src_assets\common\assets\web\public\assets\locale\tr.json","0.042","21/03/2026 08:14:42 p. m.","True"
"VENDOR_ARCHIVE","RuneforgeCore","uk.json","C:\RUNEFOGE_PRO\runeforge-mvp\runeforge-mvp\_archive\source-zips\Sunshine-master\Sunshine-master\src_assets\common\assets\web\public\assets\locale\uk.json","0.062","21/03/2026 08:14:42 p. m.","True"
"VENDOR_ARCHIVE","RuneforgeCore","vi.json","C:\RUNEFOGE_PRO\runeforge-mvp\runeforge-mvp\_archive\source-zips\Sunshine-master\Sunshine-master\src_assets\common\assets\web\public\assets\locale\vi.json","0.05","21/03/2026 08:14:42 p. m.","True"
"VENDOR_ARCHIVE","RuneforgeCore","zh_TW.json","C:\RUNEFOGE_PRO\runeforge-mvp\runeforge-mvp\_archive\source-zips\Sunshine-master\Sunshine-master\src_assets\common\assets\web\public\assets\locale\zh_TW.json","0.036","21/03/2026 08:14:42 p. m.","True"
"VENDOR_ARCHIVE","RuneforgeCore","zh.json","C:\RUNEFOGE_PRO\runeforge-mvp\runeforge-mvp\_archive\source-zips\Sunshine-master\Sunshine-master\src_assets\common\assets\web\public\assets\locale\zh.json","0.036","21/03/2026 08:14:42 p. m.","True"
"VENDOR_ARCHIVE","RuneforgeCore","sunshine.css","C:\RUNEFOGE_PRO\runeforge-mvp\runeforge-mvp\_archive\source-zips\Sunshine-master\Sunshine-master\src_assets\common\assets\web\public\assets\css\sunshine.css","0.049","21/03/2026 08:14:42 p. m.","True"
"VENDOR_ARCHIVE","RuneforgeCore","Advanced.vue","C:\RUNEFOGE_PRO\runeforge-mvp\runeforge-mvp\_archive\source-zips\Sunshine-master\Sunshine-master\src_assets\common\assets\web\configs\tabs\Advanced.vue","0.004","21/03/2026 08:14:42 p. m.","True"
"VENDOR_ARCHIVE","RuneforgeCore","AudioVideo.vue","C:\RUNEFOGE_PRO\runeforge-mvp\runeforge-mvp\_archive\source-zips\Sunshine-master\Sunshine-master\src_assets\common\assets\web\configs\tabs\AudioVideo.vue","0.003","21/03/2026 08:14:42 p. m.","True"
"VENDOR_ARCHIVE","RuneforgeCore","ContainerEncoders.vue","C:\RUNEFOGE_PRO\runeforge-mvp\runeforge-mvp\_archive\source-zips\Sunshine-master\Sunshine-master\src_assets\common\assets\web\configs\tabs\ContainerEncoders.vue","0.001","21/03/2026 08:14:42 p. m.","True"
"VENDOR_ARCHIVE","RuneforgeCore","Files.vue","C:\RUNEFOGE_PRO\runeforge-mvp\runeforge-mvp\_archive\source-zips\Sunshine-master\Sunshine-master\src_assets\common\assets\web\configs\tabs\Files.vue","0.002","21/03/2026 08:14:42 p. m.","True"
"VENDOR_ARCHIVE","RuneforgeCore","General.vue","C:\RUNEFOGE_PRO\runeforge-mvp\runeforge-mvp\_archive\source-zips\Sunshine-master\Sunshine-master\src_assets\common\assets\web\configs\tabs\General.vue","0.005","21/03/2026 08:14:42 p. m.","True"
"VENDOR_ARCHIVE","RuneforgeCore","Inputs.vue","C:\RUNEFOGE_PRO\runeforge-mvp\runeforge-mvp\_archive\source-zips\Sunshine-master\Sunshine-master\src_assets\common\assets\web\configs\tabs\Inputs.vue","0.007","21/03/2026 08:14:42 p. m.","True"
"VENDOR_ARCHIVE","RuneforgeCore","Network.vue","C:\RUNEFOGE_PRO\runeforge-mvp\runeforge-mvp\_archive\source-zips\Sunshine-master\Sunshine-master\src_assets\common\assets\web\configs\tabs\Network.vue","0.007","21/03/2026 08:14:42 p. m.","True"
"VENDOR_ARCHIVE","RuneforgeCore","AmdAmfEncoder.vue","C:\RUNEFOGE_PRO\runeforge-mvp\runeforge-mvp\_archive\source-zips\Sunshine-master\Sunshine-master\src_assets\common\assets\web\configs\tabs\encoders\AmdAmfEncoder.vue","0.005","21/03/2026 08:14:42 p. m.","True"
"VENDOR_ARCHIVE","RuneforgeCore","IntelQuickSyncEncoder.vue","C:\RUNEFOGE_PRO\runeforge-mvp\runeforge-mvp\_archive\source-zips\Sunshine-master\Sunshine-master\src_assets\common\assets\web\configs\tabs\encoders\IntelQuickSyncEncoder.vue","0.002","21/03/2026 08:14:42 p. m.","True"
"VENDOR_ARCHIVE","RuneforgeCore","NvidiaNvencEncoder.vue","C:\RUNEFOGE_PRO\runeforge-mvp\runeforge-mvp\_archive\source-zips\Sunshine-master\Sunshine-master\src_assets\common\assets\web\configs\tabs\encoders\NvidiaNvencEncoder.vue","0.004","21/03/2026 08:14:42 p. m.","True"
"VENDOR_ARCHIVE","RuneforgeCore","SoftwareEncoder.vue","C:\RUNEFOGE_PRO\runeforge-mvp\runeforge-mvp\_archive\source-zips\Sunshine-master\Sunshine-master\src_assets\common\assets\web\configs\tabs\encoders\SoftwareEncoder.vue","0.002","21/03/2026 08:14:42 p. m.","True"
"VENDOR_ARCHIVE","RuneforgeCore","VAAPIEncoder.vue","C:\RUNEFOGE_PRO\runeforge-mvp\runeforge-mvp\_archive\source-zips\Sunshine-master\Sunshine-master\src_assets\common\assets\web\configs\tabs\encoders\VAAPIEncoder.vue","0.001","21/03/2026 08:14:42 p. m.","True"
"VENDOR_ARCHIVE","RuneforgeCore","VideotoolboxEncoder.vue","C:\RUNEFOGE_PRO\runeforge-mvp\runeforge-mvp\_archive\source-zips\Sunshine-master\Sunshine-master\src_assets\common\assets\web\configs\tabs\encoders\VideotoolboxEncoder.vue","0.001","21/03/2026 08:14:42 p. m.","True"
"VENDOR_ARCHIVE","RuneforgeCore","AdapterNameSelector.vue","C:\RUNEFOGE_PRO\runeforge-mvp\runeforge-mvp\_archive\source-zips\Sunshine-master\Sunshine-master\src_assets\common\assets\web\configs\tabs\audiovideo\AdapterNameSelector.vue","0.002","21/03/2026 08:14:42 p. m.","True"
"VENDOR_ARCHIVE","RuneforgeCore","DisplayDeviceOptions.vue","C:\RUNEFOGE_PRO\runeforge-mvp\runeforge-mvp\_archive\source-zips\Sunshine-master\Sunshine-master\src_assets\common\assets\web\configs\tabs\audiovideo\DisplayDeviceOptions.vue","0.011","21/03/2026 08:14:42 p. m.","True"
"VENDOR_ARCHIVE","RuneforgeCore","DisplayModesSettings.vue","C:\RUNEFOGE_PRO\runeforge-mvp\runeforge-mvp\_archive\source-zips\Sunshine-master\Sunshine-master\src_assets\common\assets\web\configs\tabs\audiovideo\DisplayModesSettings.vue","0.001","21/03/2026 08:14:42 p. m.","True"
"VENDOR_ARCHIVE","RuneforgeCore","DisplayOutputSelector.vue","C:\RUNEFOGE_PRO\runeforge-mvp\runeforge-mvp\_archive\source-zips\Sunshine-master\Sunshine-master\src_assets\common\assets\web\configs\tabs\audiovideo\DisplayOutputSelector.vue","0.002","21/03/2026 08:14:42 p. m.","True"
"VENDOR_ARCHIVE","RuneforgeCore","+POST_INSTALL","C:\RUNEFOGE_PRO\runeforge-mvp\runeforge-mvp\_archive\source-zips\Sunshine-master\Sunshine-master\src_assets\bsd\misc\+POST_INSTALL","0.002","21/03/2026 08:14:42 p. m.","True"
"VENDOR_ARCHIVE","RuneforgeCore","+PRE_DEINSTALL","C:\RUNEFOGE_PRO\runeforge-mvp\runeforge-mvp\_archive\source-zips\Sunshine-master\Sunshine-master\src_assets\bsd\misc\+PRE_DEINSTALL","0.001","21/03/2026 08:14:42 p. m.","True"
"VENDOR_ARCHIVE","RuneforgeCore","audio.cpp","C:\RUNEFOGE_PRO\runeforge-mvp\runeforge-mvp\_archive\source-zips\Sunshine-master\Sunshine-master\src\audio.cpp","0.009","21/03/2026 08:14:42 p. m.","True"
"VENDOR_ARCHIVE","RuneforgeCore","audio.h","C:\RUNEFOGE_PRO\runeforge-mvp\runeforge-mvp\_archive\source-zips\Sunshine-master\Sunshine-master\src\audio.h","0.003","21/03/2026 08:14:42 p. m.","True"
"VENDOR_ARCHIVE","RuneforgeCore","cbs.cpp","C:\RUNEFOGE_PRO\runeforge-mvp\runeforge-mvp\_archive\source-zips\Sunshine-master\Sunshine-master\src\cbs.cpp","0.008","21/03/2026 08:14:42 p. m.","True"
"VENDOR_ARCHIVE","RuneforgeCore","cbs.h","C:\RUNEFOGE_PRO\runeforge-mvp\runeforge-mvp\_archive\source-zips\Sunshine-master\Sunshine-master\src\cbs.h","0.001","21/03/2026 08:14:42 p. m.","True"
"VENDOR_ARCHIVE","RuneforgeCore","config.cpp","C:\RUNEFOGE_PRO\runeforge-mvp\runeforge-mvp\_archive\source-zips\Sunshine-master\Sunshine-master\src\config.cpp","0.05","21/03/2026 08:14:42 p. m.","True"
"VENDOR_ARCHIVE","RuneforgeCore","config.h","C:\RUNEFOGE_PRO\runeforge-mvp\runeforge-mvp\_archive\source-zips\Sunshine-master\Sunshine-master\src\config.h","0.008","21/03/2026 08:14:42 p. m.","True"
"VENDOR_ARCHIVE","RuneforgeCore","confighttp.cpp","C:\RUNEFOGE_PRO\runeforge-mvp\runeforge-mvp\_archive\source-zips\Sunshine-master\Sunshine-master\src\confighttp.cpp","0.059","21/03/2026 08:14:42 p. m.","True"
"VENDOR_ARCHIVE","RuneforgeCore","confighttp.h","C:\RUNEFOGE_PRO\runeforge-mvp\runeforge-mvp\_archive\source-zips\Sunshine-master\Sunshine-master\src\confighttp.h","0.004","21/03/2026 08:14:42 p. m.","True"
"VENDOR_ARCHIVE","RuneforgeCore","crypto.cpp","C:\RUNEFOGE_PRO\runeforge-mvp\runeforge-mvp\_archive\source-zips\Sunshine-master\Sunshine-master\src\crypto.cpp","0.016","21/03/2026 08:14:42 p. m.","True"
"VENDOR_ARCHIVE","RuneforgeCore","crypto.h","C:\RUNEFOGE_PRO\runeforge-mvp\runeforge-mvp\_archive\source-zips\Sunshine-master\Sunshine-master\src\crypto.h","0.005","21/03/2026 08:14:42 p. m.","True"
"VENDOR_ARCHIVE","RuneforgeCore","display_device.cpp","C:\RUNEFOGE_PRO\runeforge-mvp\runeforge-mvp\_archive\source-zips\Sunshine-master\Sunshine-master\src\display_device.cpp","0.033","21/03/2026 08:14:42 p. m.","True"
"VENDOR_ARCHIVE","RuneforgeCore","display_device.h","C:\RUNEFOGE_PRO\runeforge-mvp\runeforge-mvp\_archive\source-zips\Sunshine-master\Sunshine-master\src\display_device.h","0.006","21/03/2026 08:14:42 p. m.","True"
"VENDOR_ARCHIVE","RuneforgeCore","entry_handler.cpp","C:\RUNEFOGE_PRO\runeforge-mvp\runeforge-mvp\_archive\source-zips\Sunshine-master\Sunshine-master\src\entry_handler.cpp","0.007","21/03/2026 08:14:42 p. m.","True"
"VENDOR_ARCHIVE","RuneforgeCore","entry_handler.h","C:\RUNEFOGE_PRO\runeforge-mvp\runeforge-mvp\_archive\source-zips\Sunshine-master\Sunshine-master\src\entry_handler.h","0.003","21/03/2026 08:14:42 p. m.","True"
"VENDOR_ARCHIVE","RuneforgeCore","file_handler.cpp","C:\RUNEFOGE_PRO\runeforge-mvp\runeforge-mvp\_archive\source-zips\Sunshine-master\Sunshine-master\src\file_handler.cpp","0.001","21/03/2026 08:14:42 p. m.","True"
"VENDOR_ARCHIVE","RuneforgeCore","file_handler.h","C:\RUNEFOGE_PRO\runeforge-mvp\runeforge-mvp\_archive\source-zips\Sunshine-master\Sunshine-master\src\file_handler.h","0.001","21/03/2026 08:14:42 p. m.","True"
"VENDOR_ARCHIVE","RuneforgeCore","globals.cpp","C:\RUNEFOGE_PRO\runeforge-mvp\runeforge-mvp\_archive\source-zips\Sunshine-master\Sunshine-master\src\globals.cpp","0","21/03/2026 08:14:42 p. m.","True"
"VENDOR_ARCHIVE","RuneforgeCore","globals.h","C:\RUNEFOGE_PRO\runeforge-mvp\runeforge-mvp\_archive\source-zips\Sunshine-master\Sunshine-master\src\globals.h","0.001","21/03/2026 08:14:42 p. m.","True"
"VENDOR_ARCHIVE","RuneforgeCore","httpcommon.cpp","C:\RUNEFOGE_PRO\runeforge-mvp\runeforge-mvp\_archive\source-zips\Sunshine-master\Sunshine-master\src\httpcommon.cpp","0.007","21/03/2026 08:14:42 p. m.","True"
"VENDOR_ARCHIVE","RuneforgeCore","httpcommon.h","C:\RUNEFOGE_PRO\runeforge-mvp\runeforge-mvp\_archive\source-zips\Sunshine-master\Sunshine-master\src\httpcommon.h","0.001","21/03/2026 08:14:42 p. m.","True"
"VENDOR_ARCHIVE","RuneforgeCore","input.cpp","C:\RUNEFOGE_PRO\runeforge-mvp\runeforge-mvp\_archive\source-zips\Sunshine-master\Sunshine-master\src\input.cpp","0.057","21/03/2026 08:14:42 p. m.","True"
"VENDOR_ARCHIVE","RuneforgeCore","input.h","C:\RUNEFOGE_PRO\runeforge-mvp\runeforge-mvp\_archive\source-zips\Sunshine-master\Sunshine-master\src\input.h","0.001","21/03/2026 08:14:42 p. m.","True"
"VENDOR_ARCHIVE","RuneforgeCore","logging.cpp","C:\RUNEFOGE_PRO\runeforge-mvp\runeforge-mvp\_archive\source-zips\Sunshine-master\Sunshine-master\src\logging.cpp","0.009","21/03/2026 08:14:42 p. m.","True"
"VENDOR_ARCHIVE","RuneforgeCore","logging.h","C:\RUNEFOGE_PRO\runeforge-mvp\runeforge-mvp\_archive\source-zips\Sunshine-master\Sunshine-master\src\logging.h","0.006","21/03/2026 08:14:42 p. m.","True"
"VENDOR_ARCHIVE","RuneforgeCore","main.cpp","C:\RUNEFOGE_PRO\runeforge-mvp\runeforge-mvp\_archive\source-zips\Sunshine-master\Sunshine-master\src\main.cpp","0.013","21/03/2026 08:14:42 p. m.","True"
"VENDOR_ARCHIVE","RuneforgeCore","main.h","C:\RUNEFOGE_PRO\runeforge-mvp\runeforge-mvp\_archive\source-zips\Sunshine-master\Sunshine-master\src\main.h","0","21/03/2026 08:14:42 p. m.","True"
"VENDOR_ARCHIVE","RuneforgeCore","move_by_copy.h","C:\RUNEFOGE_PRO\runeforge-mvp\runeforge-mvp\_archive\source-zips\Sunshine-master\Sunshine-master\src\move_by_copy.h","0.001","21/03/2026 08:14:42 p. m.","True"
"VENDOR_ARCHIVE","RuneforgeCore","network.cpp","C:\RUNEFOGE_PRO\runeforge-mvp\runeforge-mvp\_archive\source-zips\Sunshine-master\Sunshine-master\src\network.cpp","0.006","21/03/2026 08:14:42 p. m.","True"
"VENDOR_ARCHIVE","RuneforgeCore","network.h","C:\RUNEFOGE_PRO\runeforge-mvp\runeforge-mvp\_archive\source-zips\Sunshine-master\Sunshine-master\src\network.h","0.003","21/03/2026 08:14:42 p. m.","True"
"VENDOR_ARCHIVE","RuneforgeCore","nvhttp.cpp","C:\RUNEFOGE_PRO\runeforge-mvp\runeforge-mvp\_archive\source-zips\Sunshine-master\Sunshine-master\src\nvhttp.cpp","0.04","21/03/2026 08:14:42 p. m.","True"
"VENDOR_ARCHIVE","RuneforgeCore","nvhttp.h","C:\RUNEFOGE_PRO\runeforge-mvp\runeforge-mvp\_archive\source-zips\Sunshine-master\Sunshine-master\src\nvhttp.h","0.006","21/03/2026 08:14:42 p. m.","True"
"VENDOR_ARCHIVE","RuneforgeCore","process.cpp","C:\RUNEFOGE_PRO\runeforge-mvp\runeforge-mvp\_archive\source-zips\Sunshine-master\Sunshine-master\src\process.cpp","0.025","21/03/2026 08:14:42 p. m.","True"
"VENDOR_ARCHIVE","RuneforgeCore","process.h","C:\RUNEFOGE_PRO\runeforge-mvp\runeforge-mvp\_archive\source-zips\Sunshine-master\Sunshine-master\src\process.h","0.004","21/03/2026 08:14:42 p. m.","True"
"VENDOR_ARCHIVE","RuneforgeCore","round_robin.h","C:\RUNEFOGE_PRO\runeforge-mvp\runeforge-mvp\_archive\source-zips\Sunshine-master\Sunshine-master\src\round_robin.h","0.003","21/03/2026 08:14:42 p. m.","True"
"VENDOR_ARCHIVE","RuneforgeCore","rswrapper.c","C:\RUNEFOGE_PRO\runeforge-mvp\runeforge-mvp\_archive\source-zips\Sunshine-master\Sunshine-master\src\rswrapper.c","0.005","21/03/2026 08:14:42 p. m.","True"
"VENDOR_ARCHIVE","RuneforgeCore","rswrapper.h","C:\RUNEFOGE_PRO\runeforge-mvp\runeforge-mvp\_archive\source-zips\Sunshine-master\Sunshine-master\src\rswrapper.h","0.001","21/03/2026 08:14:42 p. m.","True"
"VENDOR_ARCHIVE","RuneforgeCore","rtsp.cpp","C:\RUNEFOGE_PRO\runeforge-mvp\runeforge-mvp\_archive\source-zips\Sunshine-master\Sunshine-master\src\rtsp.cpp","0.043","21/03/2026 08:14:42 p. m.","True"
"VENDOR_ARCHIVE","RuneforgeCore","rtsp.h","C:\RUNEFOGE_PRO\runeforge-mvp\runeforge-mvp\_archive\source-zips\Sunshine-master\Sunshine-master\src\rtsp.h","0.001","21/03/2026 08:14:42 p. m.","True"
"VENDOR_ARCHIVE","RuneforgeCore","stat_trackers.cpp","C:\RUNEFOGE_PRO\runeforge-mvp\runeforge-mvp\_archive\source-zips\Sunshine-master\Sunshine-master\src\stat_trackers.cpp","0","21/03/2026 08:14:42 p. m.","True"
"VENDOR_ARCHIVE","RuneforgeCore","stat_trackers.h","C:\RUNEFOGE_PRO\runeforge-mvp\runeforge-mvp\_archive\source-zips\Sunshine-master\Sunshine-master\src\stat_trackers.h","0.001","21/03/2026 08:14:42 p. m.","True"
"VENDOR_ARCHIVE","RuneforgeCore","stream.cpp","C:\RUNEFOGE_PRO\runeforge-mvp\runeforge-mvp\_archive\source-zips\Sunshine-master\Sunshine-master\src\stream.cpp","0.076","21/03/2026 08:14:42 p. m.","True"
"VENDOR_ARCHIVE","RuneforgeCore","stream.h","C:\RUNEFOGE_PRO\runeforge-mvp\runeforge-mvp\_archive\source-zips\Sunshine-master\Sunshine-master\src\stream.h","0.001","21/03/2026 08:14:42 p. m.","True"
"VENDOR_ARCHIVE","RuneforgeCore","sync.h","C:\RUNEFOGE_PRO\runeforge-mvp\runeforge-mvp\_archive\source-zips\Sunshine-master\Sunshine-master\src\sync.h","0.001","21/03/2026 08:14:42 p. m.","True"
"VENDOR_ARCHIVE","RuneforgeCore","system_tray.cpp","C:\RUNEFOGE_PRO\runeforge-mvp\runeforge-mvp\_archive\source-zips\Sunshine-master\Sunshine-master\src\system_tray.cpp","0.012","21/03/2026 08:14:42 p. m.","True"
"VENDOR_ARCHIVE","RuneforgeCore","system_tray.h","C:\RUNEFOGE_PRO\runeforge-mvp\runeforge-mvp\_archive\source-zips\Sunshine-master\Sunshine-master\src\system_tray.h","0.003","21/03/2026 08:14:42 p. m.","True"
"VENDOR_ARCHIVE","RuneforgeCore","task_pool.h","C:\RUNEFOGE_PRO\runeforge-mvp\runeforge-mvp\_archive\source-zips\Sunshine-master\Sunshine-master\src\task_pool.h","0.006","21/03/2026 08:14:42 p. m.","True"
"VENDOR_ARCHIVE","RuneforgeCore","thread_pool.h","C:\RUNEFOGE_PRO\runeforge-mvp\runeforge-mvp\_archive\source-zips\Sunshine-master\Sunshine-master\src\thread_pool.h","0.003","21/03/2026 08:14:42 p. m.","True"
"VENDOR_ARCHIVE","RuneforgeCore","thread_safe.h","C:\RUNEFOGE_PRO\runeforge-mvp\runeforge-mvp\_archive\source-zips\Sunshine-master\Sunshine-master\src\thread_safe.h","0.011","21/03/2026 08:14:42 p. m.","True"
"VENDOR_ARCHIVE","RuneforgeCore","upnp.cpp","C:\RUNEFOGE_PRO\runeforge-mvp\runeforge-mvp\_archive\source-zips\Sunshine-master\Sunshine-master\src\upnp.cpp","0.013","21/03/2026 08:14:42 p. m.","True"
"VENDOR_ARCHIVE","RuneforgeCore","upnp.h","C:\RUNEFOGE_PRO\runeforge-mvp\runeforge-mvp\_archive\source-zips\Sunshine-master\Sunshine-master\src\upnp.h","0.001","21/03/2026 08:14:42 p. m.","True"
"VENDOR_ARCHIVE","RuneforgeCore","utility.h","C:\RUNEFOGE_PRO\runeforge-mvp\runeforge-mvp\_archive\source-zips\Sunshine-master\Sunshine-master\src\utility.h","0.023","21/03/2026 08:14:42 p. m.","True"
"VENDOR_ARCHIVE","RuneforgeCore","uuid.h","C:\RUNEFOGE_PRO\runeforge-mvp\runeforge-mvp\_archive\source-zips\Sunshine-master\Sunshine-master\src\uuid.h","0.002","21/03/2026 08:14:42 p. m.","True"
"VENDOR_ARCHIVE","RuneforgeCore","video_colorspace.cpp","C:\RUNEFOGE_PRO\runeforge-mvp\runeforge-mvp\_archive\source-zips\Sunshine-master\Sunshine-master\src\video_colorspace.cpp","0.008","21/03/2026 08:14:42 p. m.","True"
"VENDOR_ARCHIVE","RuneforgeCore","video_colorspace.h","C:\RUNEFOGE_PRO\runeforge-mvp\runeforge-mvp\_archive\source-zips\Sunshine-master\Sunshine-master\src\video_colorspace.h","0.002","21/03/2026 08:14:42 p. m.","True"
"VENDOR_ARCHIVE","RuneforgeCore","video.cpp","C:\RUNEFOGE_PRO\runeforge-mvp\runeforge-mvp\_archive\source-zips\Sunshine-master\Sunshine-master\src\video.cpp","0.104","21/03/2026 08:14:42 p. m.","True"
"VENDOR_ARCHIVE","RuneforgeCore","video.h","C:\RUNEFOGE_PRO\runeforge-mvp\runeforge-mvp\_archive\source-zips\Sunshine-master\Sunshine-master\src\video.h","0.012","21/03/2026 08:14:42 p. m.","True"
"VENDOR_ARCHIVE","RuneforgeCore","common.h","C:\RUNEFOGE_PRO\runeforge-mvp\runeforge-mvp\_archive\source-zips\Sunshine-master\Sunshine-master\src\platform\common.h","0.026","21/03/2026 08:14:42 p. m.","True"
"VENDOR_ARCHIVE","RuneforgeCore","audio.cpp","C:\RUNEFOGE_PRO\runeforge-mvp\runeforge-mvp\_archive\source-zips\Sunshine-master\Sunshine-master\src\platform\windows\audio.cpp","0.04","21/03/2026 08:14:42 p. m.","True"
"VENDOR_ARCHIVE","RuneforgeCore","display_base.cpp","C:\RUNEFOGE_PRO\runeforge-mvp\runeforge-mvp\_archive\source-zips\Sunshine-master\Sunshine-master\src\platform\windows\display_base.cpp","0.043","21/03/2026 08:14:42 p. m.","True"
"VENDOR_ARCHIVE","RuneforgeCore","display_ram.cpp","C:\RUNEFOGE_PRO\runeforge-mvp\runeforge-mvp\_archive\source-zips\Sunshine-master\Sunshine-master\src\platform\windows\display_ram.cpp","0.013","21/03/2026 08:14:42 p. m.","True"
"VENDOR_ARCHIVE","RuneforgeCore","display_vram.cpp","C:\RUNEFOGE_PRO\runeforge-mvp\runeforge-mvp\_archive\source-zips\Sunshine-master\Sunshine-master\src\platform\windows\display_vram.cpp","0.073","21/03/2026 08:14:42 p. m.","True"
"VENDOR_ARCHIVE","RuneforgeCore","display_wgc.cpp","C:\RUNEFOGE_PRO\runeforge-mvp\runeforge-mvp\_archive\source-zips\Sunshine-master\Sunshine-master\src\platform\windows\display_wgc.cpp","0.013","21/03/2026 08:14:42 p. m.","True"
"VENDOR_ARCHIVE","RuneforgeCore","display.h","C:\RUNEFOGE_PRO\runeforge-mvp\runeforge-mvp\_archive\source-zips\Sunshine-master\Sunshine-master\src\platform\windows\display.h","0.014","21/03/2026 08:14:42 p. m.","True"
"VENDOR_ARCHIVE","RuneforgeCore","input.cpp","C:\RUNEFOGE_PRO\runeforge-mvp\runeforge-mvp\_archive\source-zips\Sunshine-master\Sunshine-master\src\platform\windows\input.cpp","0.059","21/03/2026 08:14:42 p. m.","True"
"VENDOR_ARCHIVE","RuneforgeCore","keylayout.h","C:\RUNEFOGE_PRO\runeforge-mvp\runeforge-mvp\_archive\source-zips\Sunshine-master\Sunshine-master\src\platform\windows\keylayout.h","0.005","21/03/2026 08:14:42 p. m.","True"
"VENDOR_ARCHIVE","RuneforgeCore","misc.cpp","C:\RUNEFOGE_PRO\runeforge-mvp\runeforge-mvp\_archive\source-zips\Sunshine-master\Sunshine-master\src\platform\windows\misc.cpp","0.067","21/03/2026 08:14:42 p. m.","True"
"VENDOR_ARCHIVE","RuneforgeCore","misc.h","C:\RUNEFOGE_PRO\runeforge-mvp\runeforge-mvp\_archive\source-zips\Sunshine-master\Sunshine-master\src\platform\windows\misc.h","0.001","21/03/2026 08:14:42 p. m.","True"
"VENDOR_ARCHIVE","RuneforgeCore","PolicyConfig.h","C:\RUNEFOGE_PRO\runeforge-mvp\runeforge-mvp\_archive\source-zips\Sunshine-master\Sunshine-master\src\platform\windows\PolicyConfig.h","0.003","21/03/2026 08:14:42 p. m.","True"
"VENDOR_ARCHIVE","RuneforgeCore","publish.cpp","C:\RUNEFOGE_PRO\runeforge-mvp\runeforge-mvp\_archive\source-zips\Sunshine-master\Sunshine-master\src\platform\windows\publish.cpp","0.007","21/03/2026 08:14:42 p. m.","True"
"VENDOR_ARCHIVE","RuneforgeCore","utf_utils.cpp","C:\RUNEFOGE_PRO\runeforge-mvp\runeforge-mvp\_archive\source-zips\Sunshine-master\Sunshine-master\src\platform\windows\utf_utils.cpp","0.002","21/03/2026 08:14:42 p. m.","True"
"VENDOR_ARCHIVE","RuneforgeCore","utf_utils.h","C:\RUNEFOGE_PRO\runeforge-mvp\runeforge-mvp\_archive\source-zips\Sunshine-master\Sunshine-master\src\platform\windows\utf_utils.h","0.001","21/03/2026 08:14:42 p. m.","True"
"VENDOR_ARCHIVE","RuneforgeCore","windows.rc","C:\RUNEFOGE_PRO\runeforge-mvp\runeforge-mvp\_archive\source-zips\Sunshine-master\Sunshine-master\src\platform\windows\windows.rc","0.002","21/03/2026 08:14:42 p. m.","True"
"VENDOR_ARCHIVE","RuneforgeCore","driver_settings.cpp","C:\RUNEFOGE_PRO\runeforge-mvp\runeforge-mvp\_archive\source-zips\Sunshine-master\Sunshine-master\src\platform\windows\nvprefs\driver_settings.cpp","0.01","21/03/2026 08:14:42 p. m.","True"
"VENDOR_ARCHIVE","RuneforgeCore","driver_settings.h","C:\RUNEFOGE_PRO\runeforge-mvp\runeforge-mvp\_archive\source-zips\Sunshine-master\Sunshine-master\src\platform\windows\nvprefs\driver_settings.h","0.002","21/03/2026 08:14:42 p. m.","True"
"VENDOR_ARCHIVE","RuneforgeCore","nvapi_opensource_wrapper.cpp","C:\RUNEFOGE_PRO\runeforge-mvp\runeforge-mvp\_archive\source-zips\Sunshine-master\Sunshine-master\src\platform\windows\nvprefs\nvapi_opensource_wrapper.cpp","0.004","21/03/2026 08:14:42 p. m.","True"
"VENDOR_ARCHIVE","RuneforgeCore","nvprefs_common.cpp","C:\RUNEFOGE_PRO\runeforge-mvp\runeforge-mvp\_archive\source-zips\Sunshine-master\Sunshine-master\src\platform\windows\nvprefs\nvprefs_common.cpp","0.001","21/03/2026 08:14:42 p. m.","True"
"VENDOR_ARCHIVE","RuneforgeCore","nvprefs_common.h","C:\RUNEFOGE_PRO\runeforge-mvp\runeforge-mvp\_archive\source-zips\Sunshine-master\Sunshine-master\src\platform\windows\nvprefs\nvprefs_common.h","0.001","21/03/2026 08:14:42 p. m.","True"
"VENDOR_ARCHIVE","RuneforgeCore","nvprefs_interface.cpp","C:\RUNEFOGE_PRO\runeforge-mvp\runeforge-mvp\_archive\source-zips\Sunshine-master\Sunshine-master\src\platform\windows\nvprefs\nvprefs_interface.cpp","0.007","21/03/2026 08:14:42 p. m.","True"
"VENDOR_ARCHIVE","RuneforgeCore","nvprefs_interface.h","C:\RUNEFOGE_PRO\runeforge-mvp\runeforge-mvp\_archive\source-zips\Sunshine-master\Sunshine-master\src\platform\windows\nvprefs\nvprefs_interface.h","0.001","21/03/2026 08:14:42 p. m.","True"
"VENDOR_ARCHIVE","RuneforgeCore","undo_data.cpp","C:\RUNEFOGE_PRO\runeforge-mvp\runeforge-mvp\_archive\source-zips\Sunshine-master\Sunshine-master\src\platform\windows\nvprefs\undo_data.cpp","0.003","21/03/2026 08:14:42 p. m.","True"
"VENDOR_ARCHIVE","RuneforgeCore","undo_data.h","C:\RUNEFOGE_PRO\runeforge-mvp\runeforge-mvp\_archive\source-zips\Sunshine-master\Sunshine-master\src\platform\windows\nvprefs\undo_data.h","0.001","21/03/2026 08:14:42 p. m.","True"
"VENDOR_ARCHIVE","RuneforgeCore","undo_file.cpp","C:\RUNEFOGE_PRO\runeforge-mvp\runeforge-mvp\_archive\source-zips\Sunshine-master\Sunshine-master\src\platform\windows\nvprefs\undo_file.cpp","0.004","21/03/2026 08:14:42 p. m.","True"
"VENDOR_ARCHIVE","RuneforgeCore","undo_file.h","C:\RUNEFOGE_PRO\runeforge-mvp\runeforge-mvp\_archive\source-zips\Sunshine-master\Sunshine-master\src\platform\windows\nvprefs\undo_file.h","0.001","21/03/2026 08:14:42 p. m.","True"
"VENDOR_ARCHIVE","RuneforgeCore","av_audio.h","C:\RUNEFOGE_PRO\runeforge-mvp\runeforge-mvp\_archive\source-zips\Sunshine-master\Sunshine-master\src\platform\macos\av_audio.h","0.007","21/03/2026 08:14:42 p. m.","True"
"VENDOR_ARCHIVE","RuneforgeCore","av_audio.mm","C:\RUNEFOGE_PRO\runeforge-mvp\runeforge-mvp\_archive\source-zips\Sunshine-master\Sunshine-master\src\platform\macos\av_audio.mm","0.036","21/03/2026 08:14:42 p. m.","True"
"VENDOR_ARCHIVE","RuneforgeCore","av_img_t.h","C:\RUNEFOGE_PRO\runeforge-mvp\runeforge-mvp\_archive\source-zips\Sunshine-master\Sunshine-master\src\platform\macos\av_img_t.h","0.002","21/03/2026 08:14:42 p. m.","True"
"VENDOR_ARCHIVE","RuneforgeCore","av_video.h","C:\RUNEFOGE_PRO\runeforge-mvp\runeforge-mvp\_archive\source-zips\Sunshine-master\Sunshine-master\src\platform\macos\av_video.h","0.001","21/03/2026 08:14:42 p. m.","True"
"VENDOR_ARCHIVE","RuneforgeCore","av_video.m","C:\RUNEFOGE_PRO\runeforge-mvp\runeforge-mvp\_archive\source-zips\Sunshine-master\Sunshine-master\src\platform\macos\av_video.m","0.005","21/03/2026 08:14:42 p. m.","True"
"VENDOR_ARCHIVE","RuneforgeCore","coreaudio_helpers.h","C:\RUNEFOGE_PRO\runeforge-mvp\runeforge-mvp\_archive\source-zips\Sunshine-master\Sunshine-master\src\platform\macos\coreaudio_helpers.h","0.002","21/03/2026 08:14:42 p. m.","True"
"VENDOR_ARCHIVE","RuneforgeCore","display.mm","C:\RUNEFOGE_PRO\runeforge-mvp\runeforge-mvp\_archive\source-zips\Sunshine-master\Sunshine-master\src\platform\macos\display.mm","0.008","21/03/2026 08:14:42 p. m.","True"
"VENDOR_ARCHIVE","RuneforgeCore","input.cpp","C:\RUNEFOGE_PRO\runeforge-mvp\runeforge-mvp\_archive\source-zips\Sunshine-master\Sunshine-master\src\platform\macos\input.cpp","0.025","21/03/2026 08:14:42 p. m.","True"
"VENDOR_ARCHIVE","RuneforgeCore","microphone.mm","C:\RUNEFOGE_PRO\runeforge-mvp\runeforge-mvp\_archive\source-zips\Sunshine-master\Sunshine-master\src\platform\macos\microphone.mm","0.004","21/03/2026 08:14:42 p. m.","True"
"VENDOR_ARCHIVE","RuneforgeCore","misc.h","C:\RUNEFOGE_PRO\runeforge-mvp\runeforge-mvp\_archive\source-zips\Sunshine-master\Sunshine-master\src\platform\macos\misc.h","0","21/03/2026 08:14:42 p. m.","True"
"VENDOR_ARCHIVE","RuneforgeCore","misc.mm","C:\RUNEFOGE_PRO\runeforge-mvp\runeforge-mvp\_archive\source-zips\Sunshine-master\Sunshine-master\src\platform\macos\misc.mm","0.019","21/03/2026 08:14:42 p. m.","True"
"VENDOR_ARCHIVE","RuneforgeCore","nv12_zero_device.cpp","C:\RUNEFOGE_PRO\runeforge-mvp\runeforge-mvp\_archive\source-zips\Sunshine-master\Sunshine-master\src\platform\macos\nv12_zero_device.cpp","0.002","21/03/2026 08:14:42 p. m.","True"
"VENDOR_ARCHIVE","RuneforgeCore","nv12_zero_device.h","C:\RUNEFOGE_PRO\runeforge-mvp\runeforge-mvp\_archive\source-zips\Sunshine-master\Sunshine-master\src\platform\macos\nv12_zero_device.h","0.001","21/03/2026 08:14:42 p. m.","True"
"VENDOR_ARCHIVE","RuneforgeCore","publish.cpp","C:\RUNEFOGE_PRO\runeforge-mvp\runeforge-mvp\_archive\source-zips\Sunshine-master\Sunshine-master\src\platform\macos\publish.cpp","0.005","21/03/2026 08:14:42 p. m.","True"
"VENDOR_ARCHIVE","RuneforgeCore","audio.cpp","C:\RUNEFOGE_PRO\runeforge-mvp\runeforge-mvp\_archive\source-zips\Sunshine-master\Sunshine-master\src\platform\linux\audio.cpp","0.015","21/03/2026 08:14:42 p. m.","True"
"VENDOR_ARCHIVE","RuneforgeCore","cuda.cpp","C:\RUNEFOGE_PRO\runeforge-mvp\runeforge-mvp\_archive\source-zips\Sunshine-master\Sunshine-master\src\platform\linux\cuda.cpp","0.029","21/03/2026 08:14:42 p. m.","True"
"VENDOR_ARCHIVE","RuneforgeCore","cuda.cu","C:\RUNEFOGE_PRO\runeforge-mvp\runeforge-mvp\_archive\source-zips\Sunshine-master\Sunshine-master\src\platform\linux\cuda.cu","0.01","21/03/2026 08:14:42 p. m.","True"
"VENDOR_ARCHIVE","RuneforgeCore","cuda.h","C:\RUNEFOGE_PRO\runeforge-mvp\runeforge-mvp\_archive\source-zips\Sunshine-master\Sunshine-master\src\platform\linux\cuda.h","0.003","21/03/2026 08:14:42 p. m.","True"
"VENDOR_ARCHIVE","RuneforgeCore","graphics.cpp","C:\RUNEFOGE_PRO\runeforge-mvp\runeforge-mvp\_archive\source-zips\Sunshine-master\Sunshine-master\src\platform\linux\graphics.cpp","0.031","21/03/2026 08:14:42 p. m.","True"
"VENDOR_ARCHIVE","RuneforgeCore","graphics.h","C:\RUNEFOGE_PRO\runeforge-mvp\runeforge-mvp\_archive\source-zips\Sunshine-master\Sunshine-master\src\platform\linux\graphics.h","0.009","21/03/2026 08:14:42 p. m.","True"
"VENDOR_ARCHIVE","RuneforgeCore","kmsgrab.cpp","C:\RUNEFOGE_PRO\runeforge-mvp\runeforge-mvp\_archive\source-zips\Sunshine-master\Sunshine-master\src\platform\linux\kmsgrab.cpp","0.059","21/03/2026 08:14:42 p. m.","True"
"VENDOR_ARCHIVE","RuneforgeCore","misc.cpp","C:\RUNEFOGE_PRO\runeforge-mvp\runeforge-mvp\_archive\source-zips\Sunshine-master\Sunshine-master\src\platform\linux\misc.cpp","0.035","21/03/2026 08:14:42 p. m.","True"
"VENDOR_ARCHIVE","RuneforgeCore","misc.h","C:\RUNEFOGE_PRO\runeforge-mvp\runeforge-mvp\_archive\source-zips\Sunshine-master\Sunshine-master\src\platform\linux\misc.h","0.001","21/03/2026 08:14:42 p. m.","True"
"VENDOR_ARCHIVE","RuneforgeCore","portalgrab.cpp","C:\RUNEFOGE_PRO\runeforge-mvp\runeforge-mvp\_archive\source-zips\Sunshine-master\Sunshine-master\src\platform\linux\portalgrab.cpp","0.057","21/03/2026 08:14:42 p. m.","True"
"VENDOR_ARCHIVE","RuneforgeCore","publish.cpp","C:\RUNEFOGE_PRO\runeforge-mvp\runeforge-mvp\_archive\source-zips\Sunshine-master\Sunshine-master\src\platform\linux\publish.cpp","0.015","21/03/2026 08:14:42 p. m.","True"
"VENDOR_ARCHIVE","RuneforgeCore","vaapi.cpp","C:\RUNEFOGE_PRO\runeforge-mvp\runeforge-mvp\_archive\source-zips\Sunshine-master\Sunshine-master\src\platform\linux\vaapi.cpp","0.019","21/03/2026 08:14:42 p. m.","True"
"VENDOR_ARCHIVE","RuneforgeCore","vaapi.h","C:\RUNEFOGE_PRO\runeforge-mvp\runeforge-mvp\_archive\source-zips\Sunshine-master\Sunshine-master\src\platform\linux\vaapi.h","0.001","21/03/2026 08:14:42 p. m.","True"
"VENDOR_ARCHIVE","RuneforgeCore","wayland.cpp","C:\RUNEFOGE_PRO\runeforge-mvp\runeforge-mvp\_archive\source-zips\Sunshine-master\Sunshine-master\src\platform\linux\wayland.cpp","0.016","21/03/2026 08:14:42 p. m.","True"
"VENDOR_ARCHIVE","RuneforgeCore","wayland.h","C:\RUNEFOGE_PRO\runeforge-mvp\runeforge-mvp\_archive\source-zips\Sunshine-master\Sunshine-master\src\platform\linux\wayland.h","0.007","21/03/2026 08:14:42 p. m.","True"
"VENDOR_ARCHIVE","RuneforgeCore","wlgrab.cpp","C:\RUNEFOGE_PRO\runeforge-mvp\runeforge-mvp\_archive\source-zips\Sunshine-master\Sunshine-master\src\platform\linux\wlgrab.cpp","0.015","21/03/2026 08:14:42 p. m.","True"
"VENDOR_ARCHIVE","RuneforgeCore","x11grab.cpp","C:\RUNEFOGE_PRO\runeforge-mvp\runeforge-mvp\_archive\source-zips\Sunshine-master\Sunshine-master\src\platform\linux\x11grab.cpp","0.025","21/03/2026 08:14:42 p. m.","True"
"VENDOR_ARCHIVE","RuneforgeCore","x11grab.h","C:\RUNEFOGE_PRO\runeforge-mvp\runeforge-mvp\_archive\source-zips\Sunshine-master\Sunshine-master\src\platform\linux\x11grab.h","0.001","21/03/2026 08:14:42 p. m.","True"
"VENDOR_ARCHIVE","RuneforgeCore","inputtino_common.h","C:\RUNEFOGE_PRO\runeforge-mvp\runeforge-mvp\_archive\source-zips\Sunshine-master\Sunshine-master\src\platform\linux\input\inputtino_common.h","0.003","21/03/2026 08:14:42 p. m.","True"
"VENDOR_ARCHIVE","RuneforgeCore","inputtino_gamepad.cpp","C:\RUNEFOGE_PRO\runeforge-mvp\runeforge-mvp\_archive\source-zips\Sunshine-master\Sunshine-master\src\platform\linux\input\inputtino_gamepad.cpp","0.013","21/03/2026 08:14:42 p. m.","True"
"VENDOR_ARCHIVE","RuneforgeCore","inputtino_gamepad.h","C:\RUNEFOGE_PRO\runeforge-mvp\runeforge-mvp\_archive\source-zips\Sunshine-master\Sunshine-master\src\platform\linux\input\inputtino_gamepad.h","0.001","21/03/2026 08:14:42 p. m.","True"
"VENDOR_ARCHIVE","RuneforgeCore","inputtino_keyboard.cpp","C:\RUNEFOGE_PRO\runeforge-mvp\runeforge-mvp\_archive\source-zips\Sunshine-master\Sunshine-master\src\platform\linux\input\inputtino_keyboard.cpp","0.005","21/03/2026 08:14:42 p. m.","True"
"VENDOR_ARCHIVE","RuneforgeCore","inputtino_keyboard.h","C:\RUNEFOGE_PRO\runeforge-mvp\runeforge-mvp\_archive\source-zips\Sunshine-master\Sunshine-master\src\platform\linux\input\inputtino_keyboard.h","0","21/03/2026 08:14:42 p. m.","True"
"VENDOR_ARCHIVE","RuneforgeCore","inputtino_mouse.cpp","C:\RUNEFOGE_PRO\runeforge-mvp\runeforge-mvp\_archive\source-zips\Sunshine-master\Sunshine-master\src\platform\linux\input\inputtino_mouse.cpp","0.002","21/03/2026 08:14:42 p. m.","True"
"VENDOR_ARCHIVE","RuneforgeCore","inputtino_mouse.h","C:\RUNEFOGE_PRO\runeforge-mvp\runeforge-mvp\_archive\source-zips\Sunshine-master\Sunshine-master\src\platform\linux\input\inputtino_mouse.h","0.001","21/03/2026 08:14:42 p. m.","True"
"VENDOR_ARCHIVE","RuneforgeCore","inputtino_pen.cpp","C:\RUNEFOGE_PRO\runeforge-mvp\runeforge-mvp\_archive\source-zips\Sunshine-master\Sunshine-master\src\platform\linux\input\inputtino_pen.cpp","0.002","21/03/2026 08:14:42 p. m.","True"
"VENDOR_ARCHIVE","RuneforgeCore","inputtino_pen.h","C:\RUNEFOGE_PRO\runeforge-mvp\runeforge-mvp\_archive\source-zips\Sunshine-master\Sunshine-master\src\platform\linux\input\inputtino_pen.h","0","21/03/2026 08:14:42 p. m.","True"
"VENDOR_ARCHIVE","RuneforgeCore","inputtino_touch.cpp","C:\RUNEFOGE_PRO\runeforge-mvp\runeforge-mvp\_archive\source-zips\Sunshine-master\Sunshine-master\src\platform\linux\input\inputtino_touch.cpp","0.002","21/03/2026 08:14:42 p. m.","True"
"VENDOR_ARCHIVE","RuneforgeCore","inputtino_touch.h","C:\RUNEFOGE_PRO\runeforge-mvp\runeforge-mvp\_archive\source-zips\Sunshine-master\Sunshine-master\src\platform\linux\input\inputtino_touch.h","0","21/03/2026 08:14:42 p. m.","True"
"VENDOR_ARCHIVE","RuneforgeCore","inputtino.cpp","C:\RUNEFOGE_PRO\runeforge-mvp\runeforge-mvp\_archive\source-zips\Sunshine-master\Sunshine-master\src\platform\linux\input\inputtino.cpp","0.004","21/03/2026 08:14:42 p. m.","True"
"VENDOR_ARCHIVE","RuneforgeCore","nvenc_base.cpp","C:\RUNEFOGE_PRO\runeforge-mvp\runeforge-mvp\_archive\source-zips\Sunshine-master\Sunshine-master\src\nvenc\nvenc_base.cpp","0.026","21/03/2026 08:14:42 p. m.","True"
"VENDOR_ARCHIVE","RuneforgeCore","nvenc_base.h","C:\RUNEFOGE_PRO\runeforge-mvp\runeforge-mvp\_archive\source-zips\Sunshine-master\Sunshine-master\src\nvenc\nvenc_base.h","0.006","21/03/2026 08:14:42 p. m.","True"
"VENDOR_ARCHIVE","RuneforgeCore","nvenc_colorspace.h","C:\RUNEFOGE_PRO\runeforge-mvp\runeforge-mvp\_archive\source-zips\Sunshine-master\Sunshine-master\src\nvenc\nvenc_colorspace.h","0","21/03/2026 08:14:42 p. m.","True"
"VENDOR_ARCHIVE","RuneforgeCore","nvenc_config.h","C:\RUNEFOGE_PRO\runeforge-mvp\runeforge-mvp\_archive\source-zips\Sunshine-master\Sunshine-master\src\nvenc\nvenc_config.h","0.002","21/03/2026 08:14:42 p. m.","True"
"VENDOR_ARCHIVE","RuneforgeCore","nvenc_d3d11_native.cpp","C:\RUNEFOGE_PRO\runeforge-mvp\runeforge-mvp\_archive\source-zips\Sunshine-master\Sunshine-master\src\nvenc\nvenc_d3d11_native.cpp","0.002","21/03/2026 08:14:42 p. m.","True"
"VENDOR_ARCHIVE","RuneforgeCore","nvenc_d3d11_native.h","C:\RUNEFOGE_PRO\runeforge-mvp\runeforge-mvp\_archive\source-zips\Sunshine-master\Sunshine-master\src\nvenc\nvenc_d3d11_native.h","0.001","21/03/2026 08:14:42 p. m.","True"
"VENDOR_ARCHIVE","RuneforgeCore","nvenc_d3d11_on_cuda.cpp","C:\RUNEFOGE_PRO\runeforge-mvp\runeforge-mvp\_archive\source-zips\Sunshine-master\Sunshine-master\src\nvenc\nvenc_d3d11_on_cuda.cpp","0.009","21/03/2026 08:14:42 p. m.","True"
"VENDOR_ARCHIVE","RuneforgeCore","nvenc_d3d11_on_cuda.h","C:\RUNEFOGE_PRO\runeforge-mvp\runeforge-mvp\_archive\source-zips\Sunshine-master\Sunshine-master\src\nvenc\nvenc_d3d11_on_cuda.h","0.002","21/03/2026 08:14:42 p. m.","True"
"VENDOR_ARCHIVE","RuneforgeCore","nvenc_d3d11.cpp","C:\RUNEFOGE_PRO\runeforge-mvp\runeforge-mvp\_archive\source-zips\Sunshine-master\Sunshine-master\src\nvenc\nvenc_d3d11.cpp","0.002","21/03/2026 08:14:42 p. m.","True"
"VENDOR_ARCHIVE","RuneforgeCore","nvenc_d3d11.h","C:\RUNEFOGE_PRO\runeforge-mvp\runeforge-mvp\_archive\source-zips\Sunshine-master\Sunshine-master\src\nvenc\nvenc_d3d11.h","0.001","21/03/2026 08:14:42 p. m.","True"
"VENDOR_ARCHIVE","RuneforgeCore","nvenc_encoded_frame.h","C:\RUNEFOGE_PRO\runeforge-mvp\runeforge-mvp\_archive\source-zips\Sunshine-master\Sunshine-master\src\nvenc\nvenc_encoded_frame.h","0","21/03/2026 08:14:42 p. m.","True"
"VENDOR_ARCHIVE","RuneforgeCore","nvenc_utils.cpp","C:\RUNEFOGE_PRO\runeforge-mvp\runeforge-mvp\_archive\source-zips\Sunshine-master\Sunshine-master\src\nvenc\nvenc_utils.cpp","0.003","21/03/2026 08:14:42 p. m.","True"
"VENDOR_ARCHIVE","RuneforgeCore","nvenc_utils.h","C:\RUNEFOGE_PRO\runeforge-mvp\runeforge-mvp\_archive\source-zips\Sunshine-master\Sunshine-master\src\nvenc\nvenc_utils.h","0.001","21/03/2026 08:14:42 p. m.","True"
"VENDOR_ARCHIVE","RuneforgeCore","_locale.py","C:\RUNEFOGE_PRO\runeforge-mvp\runeforge-mvp\_archive\source-zips\Sunshine-master\Sunshine-master\scripts\_locale.py","0.005","21/03/2026 08:14:42 p. m.","True"
"VENDOR_ARCHIVE","RuneforgeCore","linux_build.sh","C:\RUNEFOGE_PRO\runeforge-mvp\runeforge-mvp\_archive\source-zips\Sunshine-master\Sunshine-master\scripts\linux_build.sh","0.023","21/03/2026 08:14:42 p. m.","True"
"VENDOR_ARCHIVE","RuneforgeCore","macos_build.sh","C:\RUNEFOGE_PRO\runeforge-mvp\runeforge-mvp\_archive\source-zips\Sunshine-master\Sunshine-master\scripts\macos_build.sh","0.006","21/03/2026 08:14:42 p. m.","True"
"VENDOR_ARCHIVE","RuneforgeCore","update_clang_format.py","C:\RUNEFOGE_PRO\runeforge-mvp\runeforge-mvp\_archive\source-zips\Sunshine-master\Sunshine-master\scripts\update_clang_format.py","0.001","21/03/2026 08:14:42 p. m.","True"
"VENDOR_ARCHIVE","RuneforgeCore","convert_and_pack.sh","C:\RUNEFOGE_PRO\runeforge-mvp\runeforge-mvp\_archive\source-zips\Sunshine-master\Sunshine-master\scripts\icons\convert_and_pack.sh","0.002","21/03/2026 08:14:42 p. m.","True"
"VENDOR_ARCHIVE","RuneforgeCore","sunshine.rb","C:\RUNEFOGE_PRO\runeforge-mvp\runeforge-mvp\_archive\source-zips\Sunshine-master\Sunshine-master\packaging\sunshine.rb","0.01","21/03/2026 08:14:42 p. m.","True"
"VENDOR_ARCHIVE","RuneforgeCore","app-dev.lizardbyte.app.Sunshine.service.in","C:\RUNEFOGE_PRO\runeforge-mvp\runeforge-mvp\_archive\source-zips\Sunshine-master\Sunshine-master\packaging\linux\app-dev.lizardbyte.app.Sunshine.service.in","0","21/03/2026 08:14:42 p. m.","True"
"VENDOR_ARCHIVE","RuneforgeCore","dev.lizardbyte.app.Sunshine.desktop","C:\RUNEFOGE_PRO\runeforge-mvp\runeforge-mvp\_archive\source-zips\Sunshine-master\Sunshine-master\packaging\linux\dev.lizardbyte.app.Sunshine.desktop","0","21/03/2026 08:14:42 p. m.","True"
"VENDOR_ARCHIVE","RuneforgeCore","dev.lizardbyte.app.Sunshine.metainfo.xml","C:\RUNEFOGE_PRO\runeforge-mvp\runeforge-mvp\_archive\source-zips\Sunshine-master\Sunshine-master\packaging\linux\dev.lizardbyte.app.Sunshine.metainfo.xml","0.002","21/03/2026 08:14:42 p. m.","True"
"VENDOR_ARCHIVE","RuneforgeCore","dev.lizardbyte.app.Sunshine.terminal.desktop","C:\RUNEFOGE_PRO\runeforge-mvp\runeforge-mvp\_archive\source-zips\Sunshine-master\Sunshine-master\packaging\linux\dev.lizardbyte.app.Sunshine.terminal.desktop","0","21/03/2026 08:14:42 p. m.","True"
"VENDOR_ARCHIVE","RuneforgeCore","cuda-12-math_functions.patch","C:\RUNEFOGE_PRO\runeforge-mvp\runeforge-mvp\_archive\source-zips\Sunshine-master\Sunshine-master\packaging\linux\patches\x86_64\cuda-12-math_functions.patch","0.003","21/03/2026 08:14:42 p. m.","True"
"VENDOR_ARCHIVE","RuneforgeCore","cuda-13-math_functions.patch","C:\RUNEFOGE_PRO\runeforge-mvp\runeforge-mvp\_archive\source-zips\Sunshine-master\Sunshine-master\packaging\linux\patches\x86_64\cuda-13-math_functions.patch","0.002","21/03/2026 08:14:42 p. m.","True"
"VENDOR_ARCHIVE","RuneforgeCore","cuda-12-math_functions.patch","C:\RUNEFOGE_PRO\runeforge-mvp\runeforge-mvp\_archive\source-zips\Sunshine-master\Sunshine-master\packaging\linux\patches\aarch64\cuda-12-math_functions.patch","0.003","21/03/2026 08:14:42 p. m.","True"
"VENDOR_ARCHIVE","RuneforgeCore","cuda-13-math_functions.patch","C:\RUNEFOGE_PRO\runeforge-mvp\runeforge-mvp\_archive\source-zips\Sunshine-master\Sunshine-master\packaging\linux\patches\aarch64\cuda-13-math_functions.patch","0.002","21/03/2026 08:14:42 p. m.","True"
"VENDOR_ARCHIVE","RuneforgeCore","apps.json","C:\RUNEFOGE_PRO\runeforge-mvp\runeforge-mvp\_archive\source-zips\Sunshine-master\Sunshine-master\packaging\linux\flatpak\apps.json","0","21/03/2026 08:14:42 p. m.","True"
"VENDOR_ARCHIVE","RuneforgeCore","dev.lizardbyte.app.Sunshine.desktop","C:\RUNEFOGE_PRO\runeforge-mvp\runeforge-mvp\_archive\source-zips\Sunshine-master\Sunshine-master\packaging\linux\flatpak\dev.lizardbyte.app.Sunshine.desktop","0","21/03/2026 08:14:42 p. m.","True"
"VENDOR_ARCHIVE","RuneforgeCore","dev.lizardbyte.app.Sunshine.yml","C:\RUNEFOGE_PRO\runeforge-mvp\runeforge-mvp\_archive\source-zips\Sunshine-master\Sunshine-master\packaging\linux\flatpak\dev.lizardbyte.app.Sunshine.yml","0.004","21/03/2026 08:14:42 p. m.","True"
"VENDOR_ARCHIVE","RuneforgeCore","exceptions.json","C:\RUNEFOGE_PRO\runeforge-mvp\runeforge-mvp\_archive\source-zips\Sunshine-master\Sunshine-master\packaging\linux\flatpak\exceptions.json","0","21/03/2026 08:14:42 p. m.","True"
"VENDOR_ARCHIVE","RuneforgeCore","flathub.json","C:\RUNEFOGE_PRO\runeforge-mvp\runeforge-mvp\_archive\source-zips\Sunshine-master\Sunshine-master\packaging\linux\flatpak\flathub.json","0","21/03/2026 08:14:42 p. m.","True"
"VENDOR_ARCHIVE","RuneforgeCore","README.md","C:\RUNEFOGE_PRO\runeforge-mvp\runeforge-mvp\_archive\source-zips\Sunshine-master\Sunshine-master\packaging\linux\flatpak\README.md","0.001","21/03/2026 08:14:42 p. m.","True"
"VENDOR_ARCHIVE","RuneforgeCore","additional-install.sh","C:\RUNEFOGE_PRO\runeforge-mvp\runeforge-mvp\_archive\source-zips\Sunshine-master\Sunshine-master\packaging\linux\flatpak\scripts\additional-install.sh","0.001","21/03/2026 08:14:42 p. m.","True"
"VENDOR_ARCHIVE","RuneforgeCore","remove-additional-install.sh","C:\RUNEFOGE_PRO\runeforge-mvp\runeforge-mvp\_archive\source-zips\Sunshine-master\Sunshine-master\packaging\linux\flatpak\scripts\remove-additional-install.sh","0","21/03/2026 08:14:42 p. m.","True"
"VENDOR_ARCHIVE","RuneforgeCore","sunshine.sh","C:\RUNEFOGE_PRO\runeforge-mvp\runeforge-mvp\_archive\source-zips\Sunshine-master\Sunshine-master\packaging\linux\flatpak\scripts\sunshine.sh","0","21/03/2026 08:14:42 p. m.","True"
"VENDOR_ARCHIVE","RuneforgeCore","avahi.json","C:\RUNEFOGE_PRO\runeforge-mvp\runeforge-mvp\_archive\source-zips\Sunshine-master\Sunshine-master\packaging\linux\flatpak\modules\avahi.json","0.001","21/03/2026 08:14:42 p. m.","True"
"VENDOR_ARCHIVE","RuneforgeCore","boost.json","C:\RUNEFOGE_PRO\runeforge-mvp\runeforge-mvp\_archive\source-zips\Sunshine-master\Sunshine-master\packaging\linux\flatpak\modules\boost.json","0.001","21/03/2026 08:14:42 p. m.","True"
"VENDOR_ARCHIVE","RuneforgeCore","cuda.json","C:\RUNEFOGE_PRO\runeforge-mvp\runeforge-mvp\_archive\source-zips\Sunshine-master\Sunshine-master\packaging\linux\flatpak\modules\cuda.json","0.001","21/03/2026 08:14:42 p. m.","True"
"VENDOR_ARCHIVE","RuneforgeCore","ffmpeg.json","C:\RUNEFOGE_PRO\runeforge-mvp\runeforge-mvp\_archive\source-zips\Sunshine-master\Sunshine-master\packaging\linux\flatpak\modules\ffmpeg.json","0.001","21/03/2026 08:14:42 p. m.","True"
"VENDOR_ARCHIVE","RuneforgeCore","libevdev.json","C:\RUNEFOGE_PRO\runeforge-mvp\runeforge-mvp\_archive\source-zips\Sunshine-master\Sunshine-master\packaging\linux\flatpak\modules\libevdev.json","0.001","21/03/2026 08:14:42 p. m.","True"
"VENDOR_ARCHIVE","RuneforgeCore","miniupnpc.json","C:\RUNEFOGE_PRO\runeforge-mvp\runeforge-mvp\_archive\source-zips\Sunshine-master\Sunshine-master\packaging\linux\flatpak\modules\miniupnpc.json","0.001","21/03/2026 08:14:42 p. m.","True"
"VENDOR_ARCHIVE","RuneforgeCore","nlohmann_json.json","C:\RUNEFOGE_PRO\runeforge-mvp\runeforge-mvp\_archive\source-zips\Sunshine-master\Sunshine-master\packaging\linux\flatpak\modules\nlohmann_json.json","0","21/03/2026 08:14:42 p. m.","True"
"VENDOR_ARCHIVE","RuneforgeCore","numactl.json","C:\RUNEFOGE_PRO\runeforge-mvp\runeforge-mvp\_archive\source-zips\Sunshine-master\Sunshine-master\packaging\linux\flatpak\modules\numactl.json","0","21/03/2026 08:14:42 p. m.","True"
"VENDOR_ARCHIVE","RuneforgeCore","xvfb-run","C:\RUNEFOGE_PRO\runeforge-mvp\runeforge-mvp\_archive\source-zips\Sunshine-master\Sunshine-master\packaging\linux\flatpak\modules\xvfb\xvfb-run","0.005","21/03/2026 08:14:42 p. m.","True"
"VENDOR_ARCHIVE","RuneforgeCore","xvfb.json","C:\RUNEFOGE_PRO\runeforge-mvp\runeforge-mvp\_archive\source-zips\Sunshine-master\Sunshine-master\packaging\linux\flatpak\modules\xvfb\xvfb.json","0.004","21/03/2026 08:14:42 p. m.","True"
"VENDOR_ARCHIVE","RuneforgeCore","Sunshine.spec","C:\RUNEFOGE_PRO\runeforge-mvp\runeforge-mvp\_archive\source-zips\Sunshine-master\Sunshine-master\packaging\linux\copr\Sunshine.spec","0.01","21/03/2026 08:14:42 p. m.","True"
"VENDOR_ARCHIVE","RuneforgeCore","PKGBUILD","C:\RUNEFOGE_PRO\runeforge-mvp\runeforge-mvp\_archive\source-zips\Sunshine-master\Sunshine-master\packaging\linux\Arch\PKGBUILD","0.006","21/03/2026 08:14:42 p. m.","True"
"VENDOR_ARCHIVE","RuneforgeCore","sunshine.install","C:\RUNEFOGE_PRO\runeforge-mvp\runeforge-mvp\_archive\source-zips\Sunshine-master\Sunshine-master\packaging\linux\Arch\sunshine.install","0","21/03/2026 08:14:42 p. m.","True"
"VENDOR_ARCHIVE","RuneforgeCore","AppRun","C:\RUNEFOGE_PRO\runeforge-mvp\runeforge-mvp\_archive\source-zips\Sunshine-master\Sunshine-master\packaging\linux\AppImage\AppRun","0.003","21/03/2026 08:14:42 p. m.","True"
"VENDOR_ARCHIVE","RuneforgeCore","dev.lizardbyte.app.Sunshine.desktop","C:\RUNEFOGE_PRO\runeforge-mvp\runeforge-mvp\_archive\source-zips\Sunshine-master\Sunshine-master\packaging\linux\AppImage\dev.lizardbyte.app.Sunshine.desktop","0","21/03/2026 08:14:42 p. m.","True"
"VENDOR_ARCHIVE","RuneforgeCore","_config.yml","C:\RUNEFOGE_PRO\runeforge-mvp\runeforge-mvp\_archive\source-zips\Sunshine-master\Sunshine-master\gh-pages-template\_config.yml","0","21/03/2026 08:14:42 p. m.","True"
"VENDOR_ARCHIVE","RuneforgeCore",".readthedocs.yaml","C:\RUNEFOGE_PRO\runeforge-mvp\runeforge-mvp\_archive\source-zips\Sunshine-master\Sunshine-master\gh-pages-template\.readthedocs.yaml","0.001","21/03/2026 08:14:42 p. m.","True"
"VENDOR_ARCHIVE","RuneforgeCore","index.html","C:\RUNEFOGE_PRO\runeforge-mvp\runeforge-mvp\_archive\source-zips\Sunshine-master\Sunshine-master\gh-pages-template\index.html","0.013","21/03/2026 08:14:42 p. m.","True"
"VENDOR_ARCHIVE","RuneforgeCore","navbar-avatar.png","C:\RUNEFOGE_PRO\runeforge-mvp\runeforge-mvp\_archive\source-zips\Sunshine-master\Sunshine-master\gh-pages-template\assets\img\navbar-avatar.png","0.017","21/03/2026 08:14:42 p. m.","True"
"VENDOR_ARCHIVE","RuneforgeCore","01-sunshine-welcome-page.png","C:\RUNEFOGE_PRO\runeforge-mvp\runeforge-mvp\_archive\source-zips\Sunshine-master\Sunshine-master\gh-pages-template\assets\img\screenshots\01-sunshine-welcome-page.png","0.13","21/03/2026 08:14:42 p. m.","True"
"VENDOR_ARCHIVE","RuneforgeCore","AdobeStock_231616343_1920x1280.jpg","C:\RUNEFOGE_PRO\runeforge-mvp\runeforge-mvp\_archive\source-zips\Sunshine-master\Sunshine-master\gh-pages-template\assets\img\banners\AdobeStock_231616343_1920x1280.jpg","1.793","21/03/2026 08:14:42 p. m.","True"
"VENDOR_ARCHIVE","RuneforgeCore","AdobeStock_231616343.jpeg","C:\RUNEFOGE_PRO\runeforge-mvp\runeforge-mvp\_archive\source-zips\Sunshine-master\Sunshine-master\gh-pages-template\assets\img\banners\AdobeStock_231616343.jpeg","6.196","21/03/2026 08:14:42 p. m.","True"
"VENDOR_ARCHIVE","RuneforgeCore","AdobeStock_303330124_1920x1280.jpg","C:\RUNEFOGE_PRO\runeforge-mvp\runeforge-mvp\_archive\source-zips\Sunshine-master\Sunshine-master\gh-pages-template\assets\img\banners\AdobeStock_303330124_1920x1280.jpg","1.738","21/03/2026 08:14:42 p. m.","True"
"VENDOR_ARCHIVE","RuneforgeCore","AdobeStock_303330124.jpeg","C:\RUNEFOGE_PRO\runeforge-mvp\runeforge-mvp\_archive\source-zips\Sunshine-master\Sunshine-master\gh-pages-template\assets\img\banners\AdobeStock_303330124.jpeg","5.852","21/03/2026 08:14:42 p. m.","True"
"VENDOR_ARCHIVE","RuneforgeCore","AdobeStock_305732536_1920x1280.jpg","C:\RUNEFOGE_PRO\runeforge-mvp\runeforge-mvp\_archive\source-zips\Sunshine-master\Sunshine-master\gh-pages-template\assets\img\banners\AdobeStock_305732536_1920x1280.jpg","1.37","21/03/2026 08:14:42 p. m.","True"
"VENDOR_ARCHIVE","RuneforgeCore","AdobeStock_305732536.jpeg","C:\RUNEFOGE_PRO\runeforge-mvp\runeforge-mvp\_archive\source-zips\Sunshine-master\Sunshine-master\gh-pages-template\assets\img\banners\AdobeStock_305732536.jpeg","4.963","21/03/2026 08:14:42 p. m.","True"
"VENDOR_ARCHIVE","RuneforgeCore","clients.yml","C:\RUNEFOGE_PRO\runeforge-mvp\runeforge-mvp\_archive\source-zips\Sunshine-master\Sunshine-master\gh-pages-template\_data\clients.yml","0.006","21/03/2026 08:14:42 p. m.","True"
"VENDOR_ARCHIVE","RuneforgeCore","features.yml","C:\RUNEFOGE_PRO\runeforge-mvp\runeforge-mvp\_archive\source-zips\Sunshine-master\Sunshine-master\gh-pages-template\_data\features.yml","0.001","21/03/2026 08:14:42 p. m.","True"
"VENDOR_ARCHIVE","RuneforgeCore","api.js","C:\RUNEFOGE_PRO\runeforge-mvp\runeforge-mvp\_archive\source-zips\Sunshine-master\Sunshine-master\docs\api.js","0.005","21/03/2026 08:14:42 p. m.","True"
"VENDOR_ARCHIVE","RuneforgeCore","api.md","C:\RUNEFOGE_PRO\runeforge-mvp\runeforge-mvp\_archive\source-zips\Sunshine-master\Sunshine-master\docs\api.md","0.003","21/03/2026 08:14:42 p. m.","True"
"VENDOR_ARCHIVE","RuneforgeCore","app_examples.md","C:\RUNEFOGE_PRO\runeforge-mvp\runeforge-mvp\_archive\source-zips\Sunshine-master\Sunshine-master\docs\app_examples.md","0.02","21/03/2026 08:14:42 p. m.","True"
"VENDOR_ARCHIVE","RuneforgeCore","awesome_sunshine.md","C:\RUNEFOGE_PRO\runeforge-mvp\runeforge-mvp\_archive\source-zips\Sunshine-master\Sunshine-master\docs\awesome_sunshine.md","0.001","21/03/2026 08:14:42 p. m.","True"
"VENDOR_ARCHIVE","RuneforgeCore","building.md","C:\RUNEFOGE_PRO\runeforge-mvp\runeforge-mvp\_archive\source-zips\Sunshine-master\Sunshine-master\docs\building.md","0.006","21/03/2026 08:14:42 p. m.","True"
"VENDOR_ARCHIVE","RuneforgeCore","changelog.md","C:\RUNEFOGE_PRO\runeforge-mvp\runeforge-mvp\_archive\source-zips\Sunshine-master\Sunshine-master\docs\changelog.md","0.001","21/03/2026 08:14:42 p. m.","True"
"VENDOR_ARCHIVE","RuneforgeCore","configuration.js","C:\RUNEFOGE_PRO\runeforge-mvp\runeforge-mvp\_archive\source-zips\Sunshine-master\Sunshine-master\docs\configuration.js","0.001","21/03/2026 08:14:42 p. m.","True"
"VENDOR_ARCHIVE","RuneforgeCore","configuration.md","C:\RUNEFOGE_PRO\runeforge-mvp\runeforge-mvp\_archive\source-zips\Sunshine-master\Sunshine-master\docs\configuration.md","0.077","21/03/2026 08:14:42 p. m.","True"
"VENDOR_ARCHIVE","RuneforgeCore","contributing.md","C:\RUNEFOGE_PRO\runeforge-mvp\runeforge-mvp\_archive\source-zips\Sunshine-master\Sunshine-master\docs\contributing.md","0.008","21/03/2026 08:14:42 p. m.","True"
"VENDOR_ARCHIVE","RuneforgeCore","doc-styles.css","C:\RUNEFOGE_PRO\runeforge-mvp\runeforge-mvp\_archive\source-zips\Sunshine-master\Sunshine-master\docs\doc-styles.css","0","21/03/2026 08:14:42 p. m.","True"
"VENDOR_ARCHIVE","RuneforgeCore","Doxyfile","C:\RUNEFOGE_PRO\runeforge-mvp\runeforge-mvp\_archive\source-zips\Sunshine-master\Sunshine-master\docs\Doxyfile","0.002","21/03/2026 08:14:42 p. m.","True"
"VENDOR_ARCHIVE","RuneforgeCore","gamestream_migration.md","C:\RUNEFOGE_PRO\runeforge-mvp\runeforge-mvp\_archive\source-zips\Sunshine-master\Sunshine-master\docs\gamestream_migration.md","0.002","21/03/2026 08:14:42 p. m.","True"
"VENDOR_ARCHIVE","RuneforgeCore","getting_started.md","C:\RUNEFOGE_PRO\runeforge-mvp\runeforge-mvp\_archive\source-zips\Sunshine-master\Sunshine-master\docs\getting_started.md","0.022","21/03/2026 08:14:42 p. m.","True"
"VENDOR_ARCHIVE","RuneforgeCore","guides.md","C:\RUNEFOGE_PRO\runeforge-mvp\runeforge-mvp\_archive\source-zips\Sunshine-master\Sunshine-master\docs\guides.md","0.001","21/03/2026 08:14:42 p. m.","True"
"VENDOR_ARCHIVE","RuneforgeCore","legal.md","C:\RUNEFOGE_PRO\runeforge-mvp\runeforge-mvp\_archive\source-zips\Sunshine-master\Sunshine-master\docs\legal.md","0.002","21/03/2026 08:14:42 p. m.","True"
"VENDOR_ARCHIVE","RuneforgeCore","performance_tuning.md","C:\RUNEFOGE_PRO\runeforge-mvp\runeforge-mvp\_archive\source-zips\Sunshine-master\Sunshine-master\docs\performance_tuning.md","0.001","21/03/2026 08:14:42 p. m.","True"
"VENDOR_ARCHIVE","RuneforgeCore","third_party_packages.md","C:\RUNEFOGE_PRO\runeforge-mvp\runeforge-mvp\_archive\source-zips\Sunshine-master\Sunshine-master\docs\third_party_packages.md","0.003","21/03/2026 08:14:42 p. m.","True"
"VENDOR_ARCHIVE","RuneforgeCore","troubleshooting.md","C:\RUNEFOGE_PRO\runeforge-mvp\runeforge-mvp\_archive\source-zips\Sunshine-master\Sunshine-master\docs\troubleshooting.md","0.009","21/03/2026 08:14:42 p. m.","True"
"VENDOR_ARCHIVE","RuneforgeCore","README.md","C:\RUNEFOGE_PRO\runeforge-mvp\runeforge-mvp\_archive\source-zips\Sunshine-master\Sunshine-master\docs\maintainers\README.md","0.001","21/03/2026 08:14:42 p. m.","True"
"VENDOR_ARCHIVE","RuneforgeCore","release.md","C:\RUNEFOGE_PRO\runeforge-mvp\runeforge-mvp\_archive\source-zips\Sunshine-master\Sunshine-master\docs\maintainers\release.md","0.003","21/03/2026 08:14:42 p. m.","True"
"VENDOR_ARCHIVE","RuneforgeCore","applications.png","C:\RUNEFOGE_PRO\runeforge-mvp\runeforge-mvp\_archive\source-zips\Sunshine-master\Sunshine-master\docs\images\applications.png","0.376","21/03/2026 08:14:42 p. m.","True"
"VENDOR_ARCHIVE","RuneforgeCore","configuration-search.png","C:\RUNEFOGE_PRO\runeforge-mvp\runeforge-mvp\_archive\source-zips\Sunshine-master\Sunshine-master\docs\images\configuration-search.png","0.076","21/03/2026 08:14:42 p. m.","True"
"VENDOR_ARCHIVE","RuneforgeCore","featured-apps.png","C:\RUNEFOGE_PRO\runeforge-mvp\runeforge-mvp\_archive\source-zips\Sunshine-master\Sunshine-master\docs\images\featured-apps.png","0.188","21/03/2026 08:14:42 p. m.","True"
"VENDOR_ARCHIVE","RuneforgeCore","split-themes.png","C:\RUNEFOGE_PRO\runeforge-mvp\runeforge-mvp\_archive\source-zips\Sunshine-master\Sunshine-master\docs\images\split-themes.png","0.154","21/03/2026 08:14:42 p. m.","True"
"VENDOR_ARCHIVE","RuneforgeCore","troubleshooting-logs.png","C:\RUNEFOGE_PRO\runeforge-mvp\runeforge-mvp\_archive\source-zips\Sunshine-master\Sunshine-master\docs\images\troubleshooting-logs.png","0.099","21/03/2026 08:14:42 p. m.","True"
"VENDOR_ARCHIVE","RuneforgeCore","vigembus-installer.png","C:\RUNEFOGE_PRO\runeforge-mvp\runeforge-mvp\_archive\source-zips\Sunshine-master\Sunshine-master\docs\images\vigembus-installer.png","0.058","21/03/2026 08:14:42 p. m.","True"
"VENDOR_ARCHIVE","RuneforgeCore","clion-toolchain.dockerfile","C:\RUNEFOGE_PRO\runeforge-mvp\runeforge-mvp\_archive\source-zips\Sunshine-master\Sunshine-master\docker\clion-toolchain.dockerfile","0.002","21/03/2026 08:14:42 p. m.","True"
"VENDOR_ARCHIVE","RuneforgeCore","debian-trixie.dockerfile","C:\RUNEFOGE_PRO\runeforge-mvp\runeforge-mvp\_archive\source-zips\Sunshine-master\Sunshine-master\docker\debian-trixie.dockerfile","0.003","21/03/2026 08:14:42 p. m.","True"
"VENDOR_ARCHIVE","RuneforgeCore","ubuntu-22.04.dockerfile","C:\RUNEFOGE_PRO\runeforge-mvp\runeforge-mvp\_archive\source-zips\Sunshine-master\Sunshine-master\docker\ubuntu-22.04.dockerfile","0.003","21/03/2026 08:14:42 p. m.","True"
"VENDOR_ARCHIVE","RuneforgeCore","ubuntu-24.04.dockerfile","C:\RUNEFOGE_PRO\runeforge-mvp\runeforge-mvp\_archive\source-zips\Sunshine-master\Sunshine-master\docker\ubuntu-24.04.dockerfile","0.003","21/03/2026 08:14:42 p. m.","True"
"VENDOR_ARCHIVE","RuneforgeCore","FindLIBCAP.cmake","C:\RUNEFOGE_PRO\runeforge-mvp\runeforge-mvp\_archive\source-zips\Sunshine-master\Sunshine-master\cmake\FindLIBCAP.cmake","0.001","21/03/2026 08:14:42 p. m.","True"
"VENDOR_ARCHIVE","RuneforgeCore","FindLIBDRM.cmake","C:\RUNEFOGE_PRO\runeforge-mvp\runeforge-mvp\_archive\source-zips\Sunshine-master\Sunshine-master\cmake\FindLIBDRM.cmake","0.001","21/03/2026 08:14:42 p. m.","True"
"VENDOR_ARCHIVE","RuneforgeCore","FindLibva.cmake","C:\RUNEFOGE_PRO\runeforge-mvp\runeforge-mvp\_archive\source-zips\Sunshine-master\Sunshine-master\cmake\FindLibva.cmake","0.002","21/03/2026 08:14:42 p. m.","True"
"VENDOR_ARCHIVE","RuneforgeCore","FindSystemd.cmake","C:\RUNEFOGE_PRO\runeforge-mvp\runeforge-mvp\_archive\source-zips\Sunshine-master\Sunshine-master\cmake\FindSystemd.cmake","0.001","21/03/2026 08:14:42 p. m.","True"
"VENDOR_ARCHIVE","RuneforgeCore","FindUdev.cmake","C:\RUNEFOGE_PRO\runeforge-mvp\runeforge-mvp\_archive\source-zips\Sunshine-master\Sunshine-master\cmake\FindUdev.cmake","0.002","21/03/2026 08:14:42 p. m.","True"
"VENDOR_ARCHIVE","RuneforgeCore","FindWayland.cmake","C:\RUNEFOGE_PRO\runeforge-mvp\runeforge-mvp\_archive\source-zips\Sunshine-master\Sunshine-master\cmake\FindWayland.cmake","0.004","21/03/2026 08:14:42 p. m.","True"
"VENDOR_ARCHIVE","RuneforgeCore","common.cmake","C:\RUNEFOGE_PRO\runeforge-mvp\runeforge-mvp\_archive\source-zips\Sunshine-master\Sunshine-master\cmake\targets\common.cmake","0.005","21/03/2026 08:14:42 p. m.","True"
"VENDOR_ARCHIVE","RuneforgeCore","linux.cmake","C:\RUNEFOGE_PRO\runeforge-mvp\runeforge-mvp\_archive\source-zips\Sunshine-master\Sunshine-master\cmake\targets\linux.cmake","0","21/03/2026 08:14:42 p. m.","True"
"VENDOR_ARCHIVE","RuneforgeCore","macos.cmake","C:\RUNEFOGE_PRO\runeforge-mvp\runeforge-mvp\_archive\source-zips\Sunshine-master\Sunshine-master\cmake\targets\macos.cmake","0.001","21/03/2026 08:14:42 p. m.","True"
"VENDOR_ARCHIVE","RuneforgeCore","unix.cmake","C:\RUNEFOGE_PRO\runeforge-mvp\runeforge-mvp\_archive\source-zips\Sunshine-master\Sunshine-master\cmake\targets\unix.cmake","0","21/03/2026 08:14:42 p. m.","True"
"VENDOR_ARCHIVE","RuneforgeCore","windows.cmake","C:\RUNEFOGE_PRO\runeforge-mvp\runeforge-mvp\_archive\source-zips\Sunshine-master\Sunshine-master\cmake\targets\windows.cmake","0","21/03/2026 08:14:42 p. m.","True"
"VENDOR_ARCHIVE","RuneforgeCore","build_version.cmake","C:\RUNEFOGE_PRO\runeforge-mvp\runeforge-mvp\_archive\source-zips\Sunshine-master\Sunshine-master\cmake\prep\build_version.cmake","0.006","21/03/2026 08:14:42 p. m.","True"
"VENDOR_ARCHIVE","RuneforgeCore","constants.cmake","C:\RUNEFOGE_PRO\runeforge-mvp\runeforge-mvp\_archive\source-zips\Sunshine-master\Sunshine-master\cmake\prep\constants.cmake","0","21/03/2026 08:14:42 p. m.","True"
"VENDOR_ARCHIVE","RuneforgeCore","init.cmake","C:\RUNEFOGE_PRO\runeforge-mvp\runeforge-mvp\_archive\source-zips\Sunshine-master\Sunshine-master\cmake\prep\init.cmake","0.001","21/03/2026 08:14:42 p. m.","True"
"VENDOR_ARCHIVE","RuneforgeCore","options.cmake","C:\RUNEFOGE_PRO\runeforge-mvp\runeforge-mvp\_archive\source-zips\Sunshine-master\Sunshine-master\cmake\prep\options.cmake","0.003","21/03/2026 08:14:42 p. m.","True"
"VENDOR_ARCHIVE","RuneforgeCore","special_package_configuration.cmake","C:\RUNEFOGE_PRO\runeforge-mvp\runeforge-mvp\_archive\source-zips\Sunshine-master\Sunshine-master\cmake\prep\special_package_configuration.cmake","0.002","21/03/2026 08:14:42 p. m.","True"
"VENDOR_ARCHIVE","RuneforgeCore","common.cmake","C:\RUNEFOGE_PRO\runeforge-mvp\runeforge-mvp\_archive\source-zips\Sunshine-master\Sunshine-master\cmake\packaging\common.cmake","0.002","21/03/2026 08:14:42 p. m.","True"
"VENDOR_ARCHIVE","RuneforgeCore","freebsd_custom_cpack.cmake","C:\RUNEFOGE_PRO\runeforge-mvp\runeforge-mvp\_archive\source-zips\Sunshine-master\Sunshine-master\cmake\packaging\freebsd_custom_cpack.cmake","0.005","21/03/2026 08:14:42 p. m.","True"
"VENDOR_ARCHIVE","RuneforgeCore","linux.cmake","C:\RUNEFOGE_PRO\runeforge-mvp\runeforge-mvp\_archive\source-zips\Sunshine-master\Sunshine-master\cmake\packaging\linux.cmake","0.007","21/03/2026 08:14:42 p. m.","True"
"VENDOR_ARCHIVE","RuneforgeCore","macos.cmake","C:\RUNEFOGE_PRO\runeforge-mvp\runeforge-mvp\_archive\source-zips\Sunshine-master\Sunshine-master\cmake\packaging\macos.cmake","0.004","21/03/2026 08:14:42 p. m.","True"
"VENDOR_ARCHIVE","RuneforgeCore","unix.cmake","C:\RUNEFOGE_PRO\runeforge-mvp\runeforge-mvp\_archive\source-zips\Sunshine-master\Sunshine-master\cmake\packaging\unix.cmake","0","21/03/2026 08:14:42 p. m.","True"
"VENDOR_ARCHIVE","RuneforgeCore","windows_nsis.cmake","C:\RUNEFOGE_PRO\runeforge-mvp\runeforge-mvp\_archive\source-zips\Sunshine-master\Sunshine-master\cmake\packaging\windows_nsis.cmake","0.003","21/03/2026 08:14:42 p. m.","True"
"VENDOR_ARCHIVE","RuneforgeCore","windows_wix.cmake","C:\RUNEFOGE_PRO\runeforge-mvp\runeforge-mvp\_archive\source-zips\Sunshine-master\Sunshine-master\cmake\packaging\windows_wix.cmake","0.003","21/03/2026 08:14:42 p. m.","True"
"VENDOR_ARCHIVE","RuneforgeCore","windows.cmake","C:\RUNEFOGE_PRO\runeforge-mvp\runeforge-mvp\_archive\source-zips\Sunshine-master\Sunshine-master\cmake\packaging\windows.cmake","0.005","21/03/2026 08:14:42 p. m.","True"
"VENDOR_ARCHIVE","RuneforgeCore","patch.xml","C:\RUNEFOGE_PRO\runeforge-mvp\runeforge-mvp\_archive\source-zips\Sunshine-master\Sunshine-master\cmake\packaging\wix_resources\patch.xml","0","21/03/2026 08:14:42 p. m.","True"
"VENDOR_ARCHIVE","RuneforgeCore","sunshine-installer.wxs","C:\RUNEFOGE_PRO\runeforge-mvp\runeforge-mvp\_archive\source-zips\Sunshine-master\Sunshine-master\cmake\packaging\wix_resources\sunshine-installer.wxs","0.006","21/03/2026 08:14:42 p. m.","True"
"VENDOR_ARCHIVE","RuneforgeCore","common.cmake","C:\RUNEFOGE_PRO\runeforge-mvp\runeforge-mvp\_archive\source-zips\Sunshine-master\Sunshine-master\cmake\macros\common.cmake","0.001","21/03/2026 08:14:42 p. m.","True"
"VENDOR_ARCHIVE","RuneforgeCore","linux.cmake","C:\RUNEFOGE_PRO\runeforge-mvp\runeforge-mvp\_archive\source-zips\Sunshine-master\Sunshine-master\cmake\macros\linux.cmake","0.001","21/03/2026 08:14:42 p. m.","True"
"VENDOR_ARCHIVE","RuneforgeCore","macos.cmake","C:\RUNEFOGE_PRO\runeforge-mvp\runeforge-mvp\_archive\source-zips\Sunshine-master\Sunshine-master\cmake\macros\macos.cmake","0.001","21/03/2026 08:14:42 p. m.","True"
"VENDOR_ARCHIVE","RuneforgeCore","unix.cmake","C:\RUNEFOGE_PRO\runeforge-mvp\runeforge-mvp\_archive\source-zips\Sunshine-master\Sunshine-master\cmake\macros\unix.cmake","0","21/03/2026 08:14:42 p. m.","True"
"VENDOR_ARCHIVE","RuneforgeCore","windows.cmake","C:\RUNEFOGE_PRO\runeforge-mvp\runeforge-mvp\_archive\source-zips\Sunshine-master\Sunshine-master\cmake\macros\windows.cmake","0","21/03/2026 08:14:42 p. m.","True"
"VENDOR_ARCHIVE","RuneforgeCore","Boost_Sunshine.cmake","C:\RUNEFOGE_PRO\runeforge-mvp\runeforge-mvp\_archive\source-zips\Sunshine-master\Sunshine-master\cmake\dependencies\Boost_Sunshine.cmake","0.003","21/03/2026 08:14:42 p. m.","True"
"VENDOR_ARCHIVE","RuneforgeCore","common.cmake","C:\RUNEFOGE_PRO\runeforge-mvp\runeforge-mvp\_archive\source-zips\Sunshine-master\Sunshine-master\cmake\dependencies\common.cmake","0.002","21/03/2026 08:14:42 p. m.","True"
"VENDOR_ARCHIVE","RuneforgeCore","ffmpeg.cmake","C:\RUNEFOGE_PRO\runeforge-mvp\runeforge-mvp\_archive\source-zips\Sunshine-master\Sunshine-master\cmake\dependencies\ffmpeg.cmake","0.006","21/03/2026 08:14:42 p. m.","True"
"VENDOR_ARCHIVE","RuneforgeCore","FindOpus.cmake","C:\RUNEFOGE_PRO\runeforge-mvp\runeforge-mvp\_archive\source-zips\Sunshine-master\Sunshine-master\cmake\dependencies\FindOpus.cmake","0.003","21/03/2026 08:14:42 p. m.","True"
"VENDOR_ARCHIVE","RuneforgeCore","glad.cmake","C:\RUNEFOGE_PRO\runeforge-mvp\runeforge-mvp\_archive\source-zips\Sunshine-master\Sunshine-master\cmake\dependencies\glad.cmake","0.009","21/03/2026 08:14:42 p. m.","True"
"VENDOR_ARCHIVE","RuneforgeCore","libevdev_Sunshine.cmake","C:\RUNEFOGE_PRO\runeforge-mvp\runeforge-mvp\_archive\source-zips\Sunshine-master\Sunshine-master\cmake\dependencies\libevdev_Sunshine.cmake","0.002","21/03/2026 08:14:42 p. m.","True"
"VENDOR_ARCHIVE","RuneforgeCore","linux.cmake","C:\RUNEFOGE_PRO\runeforge-mvp\runeforge-mvp\_archive\source-zips\Sunshine-master\Sunshine-master\cmake\dependencies\linux.cmake","0","21/03/2026 08:14:42 p. m.","True"
"VENDOR_ARCHIVE","RuneforgeCore","macos.cmake","C:\RUNEFOGE_PRO\runeforge-mvp\runeforge-mvp\_archive\source-zips\Sunshine-master\Sunshine-master\cmake\dependencies\macos.cmake","0.001","21/03/2026 08:14:42 p. m.","True"
"VENDOR_ARCHIVE","RuneforgeCore","nlohmann_json.cmake","C:\RUNEFOGE_PRO\runeforge-mvp\runeforge-mvp\_archive\source-zips\Sunshine-master\Sunshine-master\cmake\dependencies\nlohmann_json.cmake","0.001","21/03/2026 08:14:42 p. m.","True"
"VENDOR_ARCHIVE","RuneforgeCore","unix.cmake","C:\RUNEFOGE_PRO\runeforge-mvp\runeforge-mvp\_archive\source-zips\Sunshine-master\Sunshine-master\cmake\dependencies\unix.cmake","0","21/03/2026 08:14:42 p. m.","True"
"VENDOR_ARCHIVE","RuneforgeCore","windows.cmake","C:\RUNEFOGE_PRO\runeforge-mvp\runeforge-mvp\_archive\source-zips\Sunshine-master\Sunshine-master\cmake\dependencies\windows.cmake","0.002","21/03/2026 08:14:42 p. m.","True"
"VENDOR_ARCHIVE","RuneforgeCore","common.cmake","C:\RUNEFOGE_PRO\runeforge-mvp\runeforge-mvp\_archive\source-zips\Sunshine-master\Sunshine-master\cmake\compile_definitions\common.cmake","0.006","21/03/2026 08:14:42 p. m.","True"
"VENDOR_ARCHIVE","RuneforgeCore","linux.cmake","C:\RUNEFOGE_PRO\runeforge-mvp\runeforge-mvp\_archive\source-zips\Sunshine-master\Sunshine-master\cmake\compile_definitions\linux.cmake","0.009","21/03/2026 08:14:42 p. m.","True"
"VENDOR_ARCHIVE","RuneforgeCore","macos.cmake","C:\RUNEFOGE_PRO\runeforge-mvp\runeforge-mvp\_archive\source-zips\Sunshine-master\Sunshine-master\cmake\compile_definitions\macos.cmake","0.002","21/03/2026 08:14:42 p. m.","True"
"VENDOR_ARCHIVE","RuneforgeCore","unix.cmake","C:\RUNEFOGE_PRO\runeforge-mvp\runeforge-mvp\_archive\source-zips\Sunshine-master\Sunshine-master\cmake\compile_definitions\unix.cmake","0","21/03/2026 08:14:42 p. m.","True"
"VENDOR_ARCHIVE","RuneforgeCore","windows.cmake","C:\RUNEFOGE_PRO\runeforge-mvp\runeforge-mvp\_archive\source-zips\Sunshine-master\Sunshine-master\cmake\compile_definitions\windows.cmake","0.004","21/03/2026 08:14:42 p. m.","True"
"VENDOR_ARCHIVE","RuneforgeCore","copilot-instructions.md","C:\RUNEFOGE_PRO\runeforge-mvp\runeforge-mvp\_archive\source-zips\Sunshine-master\Sunshine-master\.github\copilot-instructions.md","0","21/03/2026 08:14:42 p. m.","True"
"VENDOR_ARCHIVE","RuneforgeCore","dependabot.yml","C:\RUNEFOGE_PRO\runeforge-mvp\runeforge-mvp\_archive\source-zips\Sunshine-master\Sunshine-master\.github\dependabot.yml","0.002","21/03/2026 08:14:42 p. m.","True"
"VENDOR_ARCHIVE","RuneforgeCore","semantic.yml","C:\RUNEFOGE_PRO\runeforge-mvp\runeforge-mvp\_archive\source-zips\Sunshine-master\Sunshine-master\.github\semantic.yml","0.001","21/03/2026 08:14:42 p. m.","True"
"VENDOR_ARCHIVE","RuneforgeCore","_codeql.yml","C:\RUNEFOGE_PRO\runeforge-mvp\runeforge-mvp\_archive\source-zips\Sunshine-master\Sunshine-master\.github\workflows\_codeql.yml","0.001","21/03/2026 08:14:42 p. m.","True"
"VENDOR_ARCHIVE","RuneforgeCore","_common-lint.yml","C:\RUNEFOGE_PRO\runeforge-mvp\runeforge-mvp\_archive\source-zips\Sunshine-master\Sunshine-master\.github\workflows\_common-lint.yml","0.001","21/03/2026 08:14:42 p. m.","True"
"VENDOR_ARCHIVE","RuneforgeCore","_release-notifier.yml","C:\RUNEFOGE_PRO\runeforge-mvp\runeforge-mvp\_archive\source-zips\Sunshine-master\Sunshine-master\.github\workflows\_release-notifier.yml","0.001","21/03/2026 08:14:42 p. m.","True"
"VENDOR_ARCHIVE","RuneforgeCore","_update-changelog.yml","C:\RUNEFOGE_PRO\runeforge-mvp\runeforge-mvp\_archive\source-zips\Sunshine-master\Sunshine-master\.github\workflows\_update-changelog.yml","0.001","21/03/2026 08:14:42 p. m.","True"
"VENDOR_ARCHIVE","RuneforgeCore","_update-docs.yml","C:\RUNEFOGE_PRO\runeforge-mvp\runeforge-mvp\_archive\source-zips\Sunshine-master\Sunshine-master\.github\workflows\_update-docs.yml","0.001","21/03/2026 08:14:42 p. m.","True"
"VENDOR_ARCHIVE","RuneforgeCore","_update-flathub-repo.yml","C:\RUNEFOGE_PRO\runeforge-mvp\runeforge-mvp\_archive\source-zips\Sunshine-master\Sunshine-master\.github\workflows\_update-flathub-repo.yml","0.001","21/03/2026 08:14:42 p. m.","True"
"VENDOR_ARCHIVE","RuneforgeCore","_update-homebrew-repo.yml","C:\RUNEFOGE_PRO\runeforge-mvp\runeforge-mvp\_archive\source-zips\Sunshine-master\Sunshine-master\.github\workflows\_update-homebrew-repo.yml","0.001","21/03/2026 08:14:42 p. m.","True"
"VENDOR_ARCHIVE","RuneforgeCore","_update-pacman-repo.yml","C:\RUNEFOGE_PRO\runeforge-mvp\runeforge-mvp\_archive\source-zips\Sunshine-master\Sunshine-master\.github\workflows\_update-pacman-repo.yml","0.001","21/03/2026 08:14:42 p. m.","True"
"VENDOR_ARCHIVE","RuneforgeCore","_update-winget-repo.yml","C:\RUNEFOGE_PRO\runeforge-mvp\runeforge-mvp\_archive\source-zips\Sunshine-master\Sunshine-master\.github\workflows\_update-winget-repo.yml","0.001","21/03/2026 08:14:42 p. m.","True"
"VENDOR_ARCHIVE","RuneforgeCore","ci-archlinux.yml","C:\RUNEFOGE_PRO\runeforge-mvp\runeforge-mvp\_archive\source-zips\Sunshine-master\Sunshine-master\.github\workflows\ci-archlinux.yml","0.005","21/03/2026 08:14:42 p. m.","True"
"VENDOR_ARCHIVE","RuneforgeCore","ci-bundle.yml","C:\RUNEFOGE_PRO\runeforge-mvp\runeforge-mvp\_archive\source-zips\Sunshine-master\Sunshine-master\.github\workflows\ci-bundle.yml","0.001","21/03/2026 08:14:42 p. m.","True"
"VENDOR_ARCHIVE","RuneforgeCore","ci-copr.yml","C:\RUNEFOGE_PRO\runeforge-mvp\runeforge-mvp\_archive\source-zips\Sunshine-master\Sunshine-master\.github\workflows\ci-copr.yml","0.002","21/03/2026 08:14:42 p. m.","True"
"VENDOR_ARCHIVE","RuneforgeCore","ci-flatpak.yml","C:\RUNEFOGE_PRO\runeforge-mvp\runeforge-mvp\_archive\source-zips\Sunshine-master\Sunshine-master\.github\workflows\ci-flatpak.yml","0.007","21/03/2026 08:14:42 p. m.","True"
"VENDOR_ARCHIVE","RuneforgeCore","ci-freebsd.yml","C:\RUNEFOGE_PRO\runeforge-mvp\runeforge-mvp\_archive\source-zips\Sunshine-master\Sunshine-master\.github\workflows\ci-freebsd.yml","0.008","21/03/2026 08:14:42 p. m.","True"
"VENDOR_ARCHIVE","RuneforgeCore","ci-homebrew.yml","C:\RUNEFOGE_PRO\runeforge-mvp\runeforge-mvp\_archive\source-zips\Sunshine-master\Sunshine-master\.github\workflows\ci-homebrew.yml","0.009","21/03/2026 08:14:42 p. m.","True"
"VENDOR_ARCHIVE","RuneforgeCore","ci-linux.yml","C:\RUNEFOGE_PRO\runeforge-mvp\runeforge-mvp\_archive\source-zips\Sunshine-master\Sunshine-master\.github\workflows\ci-linux.yml","0.006","21/03/2026 08:14:42 p. m.","True"
"VENDOR_ARCHIVE","RuneforgeCore","ci-macos.yml","C:\RUNEFOGE_PRO\runeforge-mvp\runeforge-mvp\_archive\source-zips\Sunshine-master\Sunshine-master\.github\workflows\ci-macos.yml","0.01","21/03/2026 08:14:42 p. m.","True"
"VENDOR_ARCHIVE","RuneforgeCore","ci-windows.yml","C:\RUNEFOGE_PRO\runeforge-mvp\runeforge-mvp\_archive\source-zips\Sunshine-master\Sunshine-master\.github\workflows\ci-windows.yml","0.012","21/03/2026 08:14:42 p. m.","True"
"VENDOR_ARCHIVE","RuneforgeCore","ci.yml","C:\RUNEFOGE_PRO\runeforge-mvp\runeforge-mvp\_archive\source-zips\Sunshine-master\Sunshine-master\.github\workflows\ci.yml","0.011","21/03/2026 08:14:42 p. m.","True"
"VENDOR_ARCHIVE","RuneforgeCore","localize.yml","C:\RUNEFOGE_PRO\runeforge-mvp\runeforge-mvp\_archive\source-zips\Sunshine-master\Sunshine-master\.github\workflows\localize.yml","0.003","21/03/2026 08:14:42 p. m.","True"
"VENDOR_ARCHIVE","RuneforgeCore","release-notifier-moonlight.yml","C:\RUNEFOGE_PRO\runeforge-mvp\runeforge-mvp\_archive\source-zips\Sunshine-master\Sunshine-master\.github\workflows\release-notifier-moonlight.yml","0.001","21/03/2026 08:14:42 p. m.","True"
"VENDOR_ARCHIVE","RuneforgeCore","update-pages.yml","C:\RUNEFOGE_PRO\runeforge-mvp\runeforge-mvp\_archive\source-zips\Sunshine-master\Sunshine-master\.github\workflows\update-pages.yml","0.001","21/03/2026 08:14:42 p. m.","True"
"VENDOR_ARCHIVE","RuneforgeCore","copr-ci.json","C:\RUNEFOGE_PRO\runeforge-mvp\runeforge-mvp\_archive\source-zips\Sunshine-master\Sunshine-master\.github\matchers\copr-ci.json","0","21/03/2026 08:14:42 p. m.","True"
"VENDOR_ARCHIVE","RuneforgeCore","docker.json","C:\RUNEFOGE_PRO\runeforge-mvp\runeforge-mvp\_archive\source-zips\Sunshine-master\Sunshine-master\.github\matchers\docker.json","0","21/03/2026 08:14:42 p. m.","True"
"VENDOR_ARCHIVE","RuneforgeCore","gcc-strip3.json","C:\RUNEFOGE_PRO\runeforge-mvp\runeforge-mvp\_archive\source-zips\Sunshine-master\Sunshine-master\.github\matchers\gcc-strip3.json","0","21/03/2026 08:14:42 p. m.","True"
"VENDOR_ARCHIVE","RuneforgeCore","gcc.json","C:\RUNEFOGE_PRO\runeforge-mvp\runeforge-mvp\_archive\source-zips\Sunshine-master\Sunshine-master\.github\matchers\gcc.json","0.001","21/03/2026 08:14:42 p. m.","True"
"VENDOR_ARCHIVE","RuneforgeCore","bug-report.yml","C:\RUNEFOGE_PRO\runeforge-mvp\runeforge-mvp\_archive\source-zips\Sunshine-master\Sunshine-master\.github\ISSUE_TEMPLATE\bug-report.yml","0.005","21/03/2026 08:14:42 p. m.","True"
"VENDOR_ARCHIVE","RuneforgeCore","config.yml","C:\RUNEFOGE_PRO\runeforge-mvp\runeforge-mvp\_archive\source-zips\Sunshine-master\Sunshine-master\.github\ISSUE_TEMPLATE\config.yml","0.001","21/03/2026 08:14:42 p. m.","True"
"LEGACY_PROJECT","RuneforgeCore","criterios-clasificacion.txt","C:\RUNEFOGE_PRO\runeforge-datahub\templates\criterios-clasificacion.txt","0","15/04/2026 02:10:29 a. m.","True"
"SCRIPTING_ACTIVE_OR_REVIEW","RuneforgeCore","scan-sources.ps1","C:\RUNEFOGE_PRO\runeforge-datahub\scripts\scan-sources.ps1","0.003","15/04/2026 02:09:40 a. m.","True"
"LEGACY_PROJECT","RuneforgeCore","inventory_20260415_021003.csv","C:\RUNEFOGE_PRO\runeforge-datahub\data\reports\inventory_20260415_021003.csv","28.446","15/04/2026 02:10:22 a. m.","True"
"LEGACY_PROJECT","RuneforgeCore","summary_20260415_021003.txt","C:\RUNEFOGE_PRO\runeforge-datahub\data\reports\summary_20260415_021003.txt","0.001","15/04/2026 02:10:23 a. m.","True"
"LEGACY_PROJECT","RuneforgeCore","sources.json","C:\RUNEFOGE_PRO\runeforge-datahub\config\sources.json","0.001","15/04/2026 02:09:35 a. m.","True"
"REVIEW_MANUAL","RuneforgeCore",".gitignore","C:\RUNEFOGE_PRO\runeforge\.gitignore","0","25/04/2026 02:40:58 a. m.","True"
"REVIEW_MANUAL","RuneforgeCore","Avances Tecnológicos, Operativos y de Mercado en Ingeniería Electrónica.xlsx","C:\RUNEFOGE_PRO\runeforge\Avances Tecnológicos, Operativos y de Mercado en Ingeniería Electrónica.xlsx","0.01","19/04/2026 06:23:39 p. m.","True"
"REVIEW_MANUAL","RuneforgeCore","estructura_cerrada.json","C:\RUNEFOGE_PRO\runeforge\estructura_cerrada.json","0","19/04/2026 03:25:06 a. m.","True"
"REVIEW_MANUAL","RuneforgeCore","NotebookLM Mind Map.png","C:\RUNEFOGE_PRO\runeforge\NotebookLM Mind Map.png","1.708","19/04/2026 06:24:50 p. m.","True"
"REVIEW_MANUAL","RuneforgeCore","package-lock.json","C:\RUNEFOGE_PRO\runeforge\package-lock.json","0","24/04/2026 02:58:14 a. m.","True"
"DOCUMENTATION","RuneforgeCore","README CINER.txt","C:\RUNEFOGE_PRO\runeforge\README CINER.txt","0.014","27/04/2026 01:50:46 a. m.","True"
"DOCUMENTATION","RuneforgeCore","README_ESTRUCTURA.txt","C:\RUNEFOGE_PRO\runeforge\README_ESTRUCTURA.txt","0","19/04/2026 03:25:06 a. m.","True"
"REVIEW_MANUAL","RuneforgeCore","RUNEFORGE_PANEL_MINI.cmd","C:\RUNEFOGE_PRO\runeforge\RUNEFORGE_PANEL_MINI.cmd","0","25/04/2026 02:21:41 a. m.","True"
"REVIEW_MANUAL","RuneforgeCore","RUNEFORGE_PANEL.cmd","C:\RUNEFOGE_PRO\runeforge\RUNEFORGE_PANEL.cmd","0","25/04/2026 02:12:48 a. m.","True"
"REVIEW_MANUAL","RuneforgeCore","Runeforge_Tactical_Playbook.pptx","C:\RUNEFOGE_PRO\runeforge\Runeforge_Tactical_Playbook.pptx","18.313","19/04/2026 06:23:17 p. m.","True"
"REVIEW_MANUAL","RuneforgeCore","runeforge.zip","C:\RUNEFOGE_PRO\runeforge\runeforge.zip","137.653","24/04/2026 08:07:48 p. m.","True"
"SCRIPTING_ACTIVE_OR_REVIEW","RuneforgeCore","Import-LatestTerminalExport.ps1","C:\RUNEFOGE_PRO\runeforge\scripts\Import-LatestTerminalExport.ps1","0.004","24/04/2026 06:54:55 p. m.","True"
"SCRIPTING_ACTIVE_OR_REVIEW","RuneforgeCore","Invoke-ProjectComparator.ps1","C:\RUNEFOGE_PRO\runeforge\scripts\Invoke-ProjectComparator.ps1","0.006","27/04/2026 01:18:24 a. m.","True"
"SCRIPTING_ACTIVE_OR_REVIEW","RuneforgeCore","Invoke-Runeforge-Capture.ps1","C:\RUNEFOGE_PRO\runeforge\scripts\Invoke-Runeforge-Capture.ps1","0.009","24/04/2026 07:35:53 p. m.","True"
"SCRIPTING_ACTIVE_OR_REVIEW","RuneforgeCore","Invoke-RuneforgeInventoryAudit.ps1","C:\RUNEFOGE_PRO\runeforge\scripts\Invoke-RuneforgeInventoryAudit.ps1","0.013","27/04/2026 01:58:47 a. m.","True"
"SCRIPTING_ACTIVE_OR_REVIEW","RuneforgeCore","Invoke-RuneforgeInventoryAudit.ps1.bak_20260427_015459","C:\RUNEFOGE_PRO\runeforge\scripts\Invoke-RuneforgeInventoryAudit.ps1.bak_20260427_015459","0.013","27/04/2026 01:53:42 a. m.","True"
"SCRIPTING_ACTIVE_OR_REVIEW","RuneforgeCore","Invoke-RuneforgeInventoryAudit.ps1.bak_broken_20260427_015845","C:\RUNEFOGE_PRO\runeforge\scripts\Invoke-RuneforgeInventoryAudit.ps1.bak_broken_20260427_015845","0.013","27/04/2026 01:54:59 a. m.","True"
"SCRIPTING_ACTIVE_OR_REVIEW","RuneforgeCore","Open-TerminalExportFolder.ps1","C:\RUNEFOGE_PRO\runeforge\scripts\Open-TerminalExportFolder.ps1","0","24/04/2026 01:11:18 a. m.","True"
"SCRIPTING_ACTIVE_OR_REVIEW","RuneforgeCore","Start-Runeforge-Commander-V41.ps1","C:\RUNEFOGE_PRO\runeforge\scripts\Start-Runeforge-Commander-V41.ps1","0.001","24/04/2026 01:04:37 a. m.","True"
"SCRIPTING_ACTIVE_OR_REVIEW","RuneforgeCore","Start-Runeforge-Commander-V42.ps1","C:\RUNEFOGE_PRO\runeforge\scripts\Start-Runeforge-Commander-V42.ps1","0.001","24/04/2026 01:22:09 a. m.","True"
"SCRIPTING_ACTIVE_OR_REVIEW","RuneforgeCore","Start-Runeforge-Commander-V43_4.ps1","C:\RUNEFOGE_PRO\runeforge\scripts\Start-Runeforge-Commander-V43_4.ps1","0.001","24/04/2026 07:35:55 p. m.","True"
"SCRIPTING_ACTIVE_OR_REVIEW","RuneforgeCore","Start-Runeforge-Commander-V43_5.ps1","C:\RUNEFOGE_PRO\runeforge\scripts\Start-Runeforge-Commander-V43_5.ps1","0.001","25/04/2026 02:12:48 a. m.","True"
"SCRIPTING_ACTIVE_OR_REVIEW","RuneforgeCore","Start-Runeforge-Panel.ps1","C:\RUNEFOGE_PRO\runeforge\scripts\Start-Runeforge-Panel.ps1","0.001","25/04/2026 02:21:41 a. m.","True"
"SCRIPTING_ACTIVE_OR_REVIEW","RuneforgeCore","Start-Runeforge-Shell.ps1","C:\RUNEFOGE_PRO\runeforge\scripts\Start-Runeforge-Shell.ps1","0.014","25/04/2026 02:27:11 a. m.","True"
"SCRIPTING_ACTIVE_OR_REVIEW","RuneforgeCore","Stop-Runeforge-Watcher.ps1","C:\RUNEFOGE_PRO\runeforge\scripts\Stop-Runeforge-Watcher.ps1","0","24/04/2026 06:45:40 p. m.","True"
"SCRIPTING_ACTIVE_OR_REVIEW","RuneforgeCore","Watch-TerminalExport.ps1","C:\RUNEFOGE_PRO\runeforge\scripts\Watch-TerminalExport.ps1","0.004","24/04/2026 06:45:40 p. m.","True"
"SCRIPTING_ACTIVE_OR_REVIEW","RuneforgeCore","backend.pid","C:\RUNEFOGE_PRO\runeforge\scripts\backend\backend.pid","0","19/04/2026 05:50:35 a. m.","True"
"SCRIPTING_ACTIVE_OR_REVIEW","RuneforgeCore","backend.port","C:\RUNEFOGE_PRO\runeforge\scripts\backend\backend.port","0","19/04/2026 05:50:35 a. m.","True"
"SCRIPTING_ACTIVE_OR_REVIEW","RuneforgeCore","start-backend.ps1","C:\RUNEFOGE_PRO\runeforge\scripts\backend\start-backend.ps1","0.001","19/04/2026 04:01:29 a. m.","True"
"SCRIPTING_ACTIVE_OR_REVIEW","RuneforgeCore","stop-backend.ps1","C:\RUNEFOGE_PRO\runeforge\scripts\backend\stop-backend.ps1","0","19/04/2026 04:01:29 a. m.","True"
"SCRIPTING_ACTIVE_OR_REVIEW","RuneforgeCore","validate-backend.ps1","C:\RUNEFOGE_PRO\runeforge\scripts\backend\validate-backend.ps1","0","19/04/2026 04:01:29 a. m.","True"
"SCRIPTING_ACTIVE_OR_REVIEW","RuneforgeCore","RUNEFORGE_COMMANDER_V41_GHOST_FUSION.ahk","C:\RUNEFOGE_PRO\runeforge\scripts\ahk\RUNEFORGE_COMMANDER_V41_GHOST_FUSION.ahk","0.014","24/04/2026 12:41:10 a. m.","True"
"SCRIPTING_ACTIVE_OR_REVIEW","RuneforgeCore","RUNEFORGE_COMMANDER_V42_EXPORT_BRIDGE.ahk","C:\RUNEFOGE_PRO\runeforge\scripts\ahk\RUNEFORGE_COMMANDER_V42_EXPORT_BRIDGE.ahk","0.014","24/04/2026 01:22:09 a. m.","True"
"SCRIPTING_ACTIVE_OR_REVIEW","RuneforgeCore","RUNEFORGE_COMMANDER_V43_4_CLEAN_OPS.ahk","C:\RUNEFOGE_PRO\runeforge\scripts\ahk\RUNEFORGE_COMMANDER_V43_4_CLEAN_OPS.ahk","0.006","24/04/2026 07:35:54 p. m.","True"
"SCRIPTING_ACTIVE_OR_REVIEW","RuneforgeCore","RUNEFORGE_COMMANDER_V43_5_CLEAN_OPS_FUSION.ahk","C:\RUNEFOGE_PRO\runeforge\scripts\ahk\RUNEFORGE_COMMANDER_V43_5_CLEAN_OPS_FUSION.ahk","0.013","25/04/2026 02:27:11 a. m.","True"
"SCRIPTING_ACTIVE_OR_REVIEW","RuneforgeCore","RUNEFORGE_COMMANDER_V43_6_QUICK_DOCK.ahk","C:\RUNEFOGE_PRO\runeforge\scripts\ahk\RUNEFORGE_COMMANDER_V43_6_QUICK_DOCK.ahk","0.006","25/04/2026 02:21:41 a. m.","True"
"REVIEW_MANUAL","RuneforgeCore","Avances Tecnológicos, Operativos y de Mercado en Ingeniería Electrónica.xlsx","C:\RUNEFOGE_PRO\runeforge\runeforge\Avances Tecnológicos, Operativos y de Mercado en Ingeniería Electrónica.xlsx","0.01","19/04/2026 06:23:39 p. m.","True"
"REVIEW_MANUAL","RuneforgeCore","estructura_cerrada.json","C:\RUNEFOGE_PRO\runeforge\runeforge\estructura_cerrada.json","0","19/04/2026 03:25:06 a. m.","True"
"REVIEW_MANUAL","RuneforgeCore","NotebookLM Mind Map.png","C:\RUNEFOGE_PRO\runeforge\runeforge\NotebookLM Mind Map.png","1.708","19/04/2026 06:24:50 p. m.","True"
"REVIEW_MANUAL","RuneforgeCore","package-lock.json","C:\RUNEFOGE_PRO\runeforge\runeforge\package-lock.json","0","24/04/2026 02:58:14 a. m.","True"
"DOCUMENTATION","RuneforgeCore","README_ESTRUCTURA.txt","C:\RUNEFOGE_PRO\runeforge\runeforge\README_ESTRUCTURA.txt","0","19/04/2026 03:25:06 a. m.","True"
"REVIEW_MANUAL","RuneforgeCore","Runeforge_Tactical_Playbook.pptx","C:\RUNEFOGE_PRO\runeforge\runeforge\Runeforge_Tactical_Playbook.pptx","18.313","19/04/2026 06:23:17 p. m.","True"
"SCRIPTING_ACTIVE_OR_REVIEW","RuneforgeCore","Import-LatestTerminalExport.ps1","C:\RUNEFOGE_PRO\runeforge\runeforge\scripts\Import-LatestTerminalExport.ps1","0.004","24/04/2026 06:54:55 p. m.","True"
"SCRIPTING_ACTIVE_OR_REVIEW","RuneforgeCore","Invoke-Runeforge-Capture.ps1","C:\RUNEFOGE_PRO\runeforge\runeforge\scripts\Invoke-Runeforge-Capture.ps1","0.009","24/04/2026 07:35:53 p. m.","True"
"SCRIPTING_ACTIVE_OR_REVIEW","RuneforgeCore","Open-TerminalExportFolder.ps1","C:\RUNEFOGE_PRO\runeforge\runeforge\scripts\Open-TerminalExportFolder.ps1","0","24/04/2026 01:11:18 a. m.","True"
"SCRIPTING_ACTIVE_OR_REVIEW","RuneforgeCore","Start-Runeforge-Commander-V41.ps1","C:\RUNEFOGE_PRO\runeforge\runeforge\scripts\Start-Runeforge-Commander-V41.ps1","0.001","24/04/2026 01:04:37 a. m.","True"
"SCRIPTING_ACTIVE_OR_REVIEW","RuneforgeCore","Start-Runeforge-Commander-V42.ps1","C:\RUNEFOGE_PRO\runeforge\runeforge\scripts\Start-Runeforge-Commander-V42.ps1","0.001","24/04/2026 01:22:09 a. m.","True"
"SCRIPTING_ACTIVE_OR_REVIEW","RuneforgeCore","Start-Runeforge-Commander-V43_4.ps1","C:\RUNEFOGE_PRO\runeforge\runeforge\scripts\Start-Runeforge-Commander-V43_4.ps1","0.001","24/04/2026 07:35:55 p. m.","True"
"SCRIPTING_ACTIVE_OR_REVIEW","RuneforgeCore","Start-Runeforge-Commander-V43_5.ps1","C:\RUNEFOGE_PRO\runeforge\runeforge\scripts\Start-Runeforge-Commander-V43_5.ps1","0.001","24/04/2026 07:48:15 p. m.","True"
"SCRIPTING_ACTIVE_OR_REVIEW","RuneforgeCore","Start-Runeforge-Shell.ps1","C:\RUNEFOGE_PRO\runeforge\runeforge\scripts\Start-Runeforge-Shell.ps1","0.012","24/04/2026 07:02:08 p. m.","True"
"SCRIPTING_ACTIVE_OR_REVIEW","RuneforgeCore","Stop-Runeforge-Watcher.ps1","C:\RUNEFOGE_PRO\runeforge\runeforge\scripts\Stop-Runeforge-Watcher.ps1","0","24/04/2026 06:45:40 p. m.","True"
"SCRIPTING_ACTIVE_OR_REVIEW","RuneforgeCore","Watch-TerminalExport.ps1","C:\RUNEFOGE_PRO\runeforge\runeforge\scripts\Watch-TerminalExport.ps1","0.004","24/04/2026 06:45:40 p. m.","True"
"SCRIPTING_ACTIVE_OR_REVIEW","RuneforgeCore","backend.pid","C:\RUNEFOGE_PRO\runeforge\runeforge\scripts\backend\backend.pid","0","19/04/2026 05:50:35 a. m.","True"
"SCRIPTING_ACTIVE_OR_REVIEW","RuneforgeCore","backend.port","C:\RUNEFOGE_PRO\runeforge\runeforge\scripts\backend\backend.port","0","19/04/2026 05:50:35 a. m.","True"
"SCRIPTING_ACTIVE_OR_REVIEW","RuneforgeCore","start-backend.ps1","C:\RUNEFOGE_PRO\runeforge\runeforge\scripts\backend\start-backend.ps1","0.001","19/04/2026 04:01:29 a. m.","True"
"SCRIPTING_ACTIVE_OR_REVIEW","RuneforgeCore","stop-backend.ps1","C:\RUNEFOGE_PRO\runeforge\runeforge\scripts\backend\stop-backend.ps1","0","19/04/2026 04:01:29 a. m.","True"
"SCRIPTING_ACTIVE_OR_REVIEW","RuneforgeCore","validate-backend.ps1","C:\RUNEFOGE_PRO\runeforge\runeforge\scripts\backend\validate-backend.ps1","0","19/04/2026 04:01:29 a. m.","True"
"SCRIPTING_ACTIVE_OR_REVIEW","RuneforgeCore","RUNEFORGE_COMMANDER_V41_GHOST_FUSION.ahk","C:\RUNEFOGE_PRO\runeforge\runeforge\scripts\ahk\RUNEFORGE_COMMANDER_V41_GHOST_FUSION.ahk","0.014","24/04/2026 12:41:10 a. m.","True"
"SCRIPTING_ACTIVE_OR_REVIEW","RuneforgeCore","RUNEFORGE_COMMANDER_V42_EXPORT_BRIDGE.ahk","C:\RUNEFOGE_PRO\runeforge\runeforge\scripts\ahk\RUNEFORGE_COMMANDER_V42_EXPORT_BRIDGE.ahk","0.014","24/04/2026 01:22:09 a. m.","True"
"SCRIPTING_ACTIVE_OR_REVIEW","RuneforgeCore","RUNEFORGE_COMMANDER_V43_4_CLEAN_OPS.ahk","C:\RUNEFOGE_PRO\runeforge\runeforge\scripts\ahk\RUNEFORGE_COMMANDER_V43_4_CLEAN_OPS.ahk","0.006","24/04/2026 07:35:54 p. m.","True"
"SCRIPTING_ACTIVE_OR_REVIEW","RuneforgeCore","RUNEFORGE_COMMANDER_V43_5_CLEAN_OPS_FUSION.ahk","C:\RUNEFOGE_PRO\runeforge\runeforge\scripts\ahk\RUNEFORGE_COMMANDER_V43_5_CLEAN_OPS_FUSION.ahk","0.012","24/04/2026 07:47:01 p. m.","True"
"DOCUMENTATION","RuneforgeCore","PROMPT_ESTADO_ACTUAL_RUNEFORGE.txt","C:\RUNEFOGE_PRO\runeforge\runeforge\docs\PROMPT_ESTADO_ACTUAL_RUNEFORGE.txt","0.001","23/04/2026 11:53:33 p. m.","True"
"DOCUMENTATION","RuneforgeCore","PROMPT_RESUME_RUNEFORGE_2026-04-24_V43.3_TO_AHK_PANEL_V44.txt","C:\RUNEFOGE_PRO\runeforge\runeforge\docs\PROMPT_RESUME_RUNEFORGE_2026-04-24_V43.3_TO_AHK_PANEL_V44.txt","0.001","24/04/2026 07:31:57 p. m.","True"
"DOCUMENTATION","RuneforgeCore","RUNEFORGE_CURRENT_STATE_MEMORY.md","C:\RUNEFOGE_PRO\runeforge\runeforge\docs\RUNEFORGE_CURRENT_STATE_MEMORY.md","0.042","23/04/2026 11:53:33 p. m.","True"
"DOCUMENTATION","RuneforgeCore","RUNEFORGE_MEMORY_CLAUSE_2026-04-24_V43.3.md","C:\RUNEFOGE_PRO\runeforge\runeforge\docs\RUNEFORGE_MEMORY_CLAUSE_2026-04-24_V43.3.md","0.001","24/04/2026 07:27:31 p. m.","True"
"DOCUMENTATION","RuneforgeCore","RUNEFORGE_RESUME_2026-04-24_V43.3_TO_AHK_PANEL_V44.md","C:\RUNEFOGE_PRO\runeforge\runeforge\docs\RUNEFORGE_RESUME_2026-04-24_V43.3_TO_AHK_PANEL_V44.md","0.003","24/04/2026 07:31:57 p. m.","True"
"DOCUMENTATION","RuneforgeCore","backend_perfil.json","C:\RUNEFOGE_PRO\runeforge\runeforge\docs\backend_perfil\backend_perfil.json","0","19/04/2026 04:13:07 a. m.","True"
"DOCUMENTATION","RuneforgeCore","chat_perfil.json","C:\RUNEFOGE_PRO\runeforge\runeforge\docs\backend_perfil\chat_perfil.json","0","19/04/2026 04:49:00 a. m.","True"
"REVIEW_MANUAL","RuneforgeCore","commander-db.json","C:\RUNEFOGE_PRO\runeforge\runeforge\data\commander\commander-db.json","0.001","24/04/2026 01:15:44 a. m.","True"
"REVIEW_MANUAL","RuneforgeCore","commander-ops-memory.txt","C:\RUNEFOGE_PRO\runeforge\runeforge\data\commander\commander-ops-memory.txt","0.003","24/04/2026 07:31:57 p. m.","True"
"REVIEW_MANUAL","RuneforgeCore","commander-trace.jsonl","C:\RUNEFOGE_PRO\runeforge\runeforge\data\commander\commander-trace.jsonl","0.009","24/04/2026 08:04:54 p. m.","True"
"REVIEW_MANUAL","RuneforgeCore","terminal-export-bridge.json","C:\RUNEFOGE_PRO\runeforge\runeforge\data\commander\terminal-export-bridge.json","0.001","24/04/2026 01:11:19 a. m.","True"
"REVIEW_MANUAL","RuneforgeCore","code_backend_check.ps1","C:\RUNEFOGE_PRO\runeforge\runeforge\data\commander\snippets\code_backend_check.ps1","0.001","24/04/2026 01:04:37 a. m.","True"
"LAB","RuneforgeCore","code_import_latest_terminal_export.ps1","C:\RUNEFOGE_PRO\runeforge\runeforge\data\commander\snippets\code_import_latest_terminal_export.ps1","0","24/04/2026 01:15:44 a. m.","True"
"LAB","RuneforgeCore","code_import_open_latest_terminal_export.ps1","C:\RUNEFOGE_PRO\runeforge\runeforge\data\commander\snippets\code_import_open_latest_terminal_export.ps1","0","24/04/2026 01:15:44 a. m.","True"
"REVIEW_MANUAL","RuneforgeCore","code_node_pm2_ports.ps1","C:\RUNEFOGE_PRO\runeforge\runeforge\data\commander\snippets\code_node_pm2_ports.ps1","0.001","24/04/2026 12:41:08 a. m.","True"
"REVIEW_MANUAL","RuneforgeCore","code_secret_triage.ps1","C:\RUNEFOGE_PRO\runeforge\runeforge\data\commander\snippets\code_secret_triage.ps1","0.001","24/04/2026 01:04:37 a. m.","True"
"REVIEW_MANUAL","RuneforgeCore","code_status_check.ps1","C:\RUNEFOGE_PRO\runeforge\runeforge\data\commander\snippets\code_status_check.ps1","0.001","24/04/2026 01:04:37 a. m.","True"
"REVIEW_MANUAL","RuneforgeCore","memory_resume_v43_3_to_ahk_panel_v44.txt","C:\RUNEFOGE_PRO\runeforge\runeforge\data\commander\snippets\memory_resume_v43_3_to_ahk_panel_v44.txt","0.003","24/04/2026 07:31:57 p. m.","True"
"MEMORY_OR_PROMPT","RuneforgeCore","prompt_analyze_latest_clean.txt","C:\RUNEFOGE_PRO\runeforge\runeforge\data\commander\snippets\prompt_analyze_latest_clean.txt","0","24/04/2026 07:42:10 p. m.","True"
"MEMORY_OR_PROMPT","RuneforgeCore","prompt_analyze_latest_terminal_export.txt","C:\RUNEFOGE_PRO\runeforge\runeforge\data\commander\snippets\prompt_analyze_latest_terminal_export.txt","0","24/04/2026 01:15:44 a. m.","True"
"MEMORY_OR_PROMPT","RuneforgeCore","prompt_canonical_matrix_v41.txt","C:\RUNEFOGE_PRO\runeforge\runeforge\data\commander\snippets\prompt_canonical_matrix_v41.txt","0.001","24/04/2026 12:41:08 a. m.","True"
"MEMORY_OR_PROMPT","RuneforgeCore","prompt_code_injection_safe_v41.txt","C:\RUNEFOGE_PRO\runeforge\runeforge\data\commander\snippets\prompt_code_injection_safe_v41.txt","0","24/04/2026 12:41:08 a. m.","True"
"MEMORY_OR_PROMPT","RuneforgeCore","prompt_memory_operator.txt","C:\RUNEFOGE_PRO\runeforge\runeforge\data\commander\snippets\prompt_memory_operator.txt","0","24/04/2026 01:04:37 a. m.","True"
"MEMORY_OR_PROMPT","RuneforgeCore","prompt_memory_update.txt","C:\RUNEFOGE_PRO\runeforge\runeforge\data\commander\snippets\prompt_memory_update.txt","0","24/04/2026 07:42:10 p. m.","True"
"MEMORY_OR_PROMPT","RuneforgeCore","prompt_security_audit.txt","C:\RUNEFOGE_PRO\runeforge\runeforge\data\commander\snippets\prompt_security_audit.txt","0","24/04/2026 01:04:37 a. m.","True"
"MEMORY_OR_PROMPT","RuneforgeCore","prompt_security_review.txt","C:\RUNEFOGE_PRO\runeforge\runeforge\data\commander\snippets\prompt_security_review.txt","0","24/04/2026 07:42:10 p. m.","True"
"MEMORY_OR_PROMPT","RuneforgeCore","prompt_v44_preflight_analysis.txt","C:\RUNEFOGE_PRO\runeforge\runeforge\data\commander\snippets\prompt_v44_preflight_analysis.txt","0.001","24/04/2026 07:42:10 p. m.","True"
"REVIEW_MANUAL","RuneforgeCore","request_extraction_v41.txt","C:\RUNEFOGE_PRO\runeforge\runeforge\data\commander\snippets\request_extraction_v41.txt","0.001","24/04/2026 12:41:08 a. m.","True"
"AUDIT_OR_TRACE_DATA","RuneforgeCore","capture_20260424_192341.txt","C:\RUNEFOGE_PRO\runeforge\runeforge\data\commander\exports\capture_20260424_192341.txt","0","24/04/2026 07:23:41 p. m.","True"
"AUDIT_OR_TRACE_DATA","RuneforgeCore","capture_20260424_192604.txt","C:\RUNEFOGE_PRO\runeforge\runeforge\data\commander\exports\capture_20260424_192604.txt","0.001","24/04/2026 07:26:04 p. m.","True"
"AUDIT_OR_TRACE_DATA","RuneforgeCore","capture_20260424_192800.txt","C:\RUNEFOGE_PRO\runeforge\runeforge\data\commander\exports\capture_20260424_192800.txt","0.001","24/04/2026 07:28:00 p. m.","True"
"AUDIT_OR_TRACE_DATA","RuneforgeCore","latest-terminal-export.clean.txt","C:\RUNEFOGE_PRO\runeforge\runeforge\data\commander\exports\latest-terminal-export.clean.txt","0.001","24/04/2026 07:28:00 p. m.","True"
"AUDIT_OR_TRACE_DATA","RuneforgeCore","latest-terminal-export.json","C:\RUNEFOGE_PRO\runeforge\runeforge\data\commander\exports\latest-terminal-export.json","0.001","24/04/2026 06:57:50 p. m.","True"
"AUDIT_OR_TRACE_DATA","RuneforgeCore","latest-terminal-export.txt","C:\RUNEFOGE_PRO\runeforge\runeforge\data\commander\exports\latest-terminal-export.txt","0.001","24/04/2026 07:28:00 p. m.","True"
"AUDIT_OR_TRACE_DATA","RuneforgeCore","audit-summary.txt","C:\RUNEFOGE_PRO\runeforge\runeforge\data\audits\20260423_235227\audit-summary.txt","0.001","23/04/2026 11:53:34 p. m.","True"
"AUDIT_OR_TRACE_DATA","RuneforgeCore","normalization-plan.md","C:\RUNEFOGE_PRO\runeforge\runeforge\data\audits\20260423_235227\normalization-plan.md","0.001","23/04/2026 11:53:33 p. m.","True"
"AUDIT_OR_TRACE_DATA","RuneforgeCore","PROMPT_ESTADO_ACTUAL_RUNEFORGE.txt","C:\RUNEFOGE_PRO\runeforge\runeforge\data\audits\20260423_235227\PROMPT_ESTADO_ACTUAL_RUNEFORGE.txt","0.001","23/04/2026 11:53:33 p. m.","True"
"AUDIT_OR_TRACE_DATA","RuneforgeCore","runeforge_audit_full.json","C:\RUNEFOGE_PRO\runeforge\runeforge\data\audits\20260423_235227\runeforge_audit_full.json","0.236","23/04/2026 11:53:33 p. m.","True"
"AUDIT_OR_TRACE_DATA","RuneforgeCore","runeforge_audit_report.md","C:\RUNEFOGE_PRO\runeforge\runeforge\data\audits\20260423_235227\runeforge_audit_report.md","0.103","23/04/2026 11:53:33 p. m.","True"
"AUDIT_OR_TRACE_DATA","RuneforgeCore","RUNEFORGE_CURRENT_STATE_MEMORY.md","C:\RUNEFOGE_PRO\runeforge\runeforge\data\audits\20260423_235227\RUNEFORGE_CURRENT_STATE_MEMORY.md","0.042","23/04/2026 11:53:33 p. m.","True"
"AUDIT_OR_TRACE_DATA","RuneforgeCore","security-findings.md","C:\RUNEFOGE_PRO\runeforge\runeforge\data\audits\20260423_235227\security-findings.md","0.056","23/04/2026 11:53:33 p. m.","True"
"BACKUP_UI_OR_SCRIPT","RuneforgeCore","Import-LatestTerminalExport.ps1.20260424_185454.bak","C:\RUNEFOGE_PRO\runeforge\runeforge\backups\v43\Import-LatestTerminalExport.ps1.20260424_185454.bak","0.004","24/04/2026 01:11:18 a. m.","True"
"BACKUP_UI_OR_SCRIPT","RuneforgeCore","Start-Runeforge-Shell.ps1.20260424_185328.bak","C:\RUNEFOGE_PRO\runeforge\runeforge\backups\v43\Start-Runeforge-Shell.ps1.20260424_185328.bak","0.003","24/04/2026 06:45:40 p. m.","True"
"BACKUP_UI_OR_SCRIPT","RuneforgeCore","Start-Runeforge-Shell.ps1.20260424_185724.v43_2.bak","C:\RUNEFOGE_PRO\runeforge\runeforge\backups\v43\Start-Runeforge-Shell.ps1.20260424_185724.v43_2.bak","0.004","24/04/2026 06:53:28 p. m.","True"
"BACKUP_UI_OR_SCRIPT","RuneforgeCore","Start-Runeforge-Shell.ps1.20260424_190207.v43_3.bak","C:\RUNEFOGE_PRO\runeforge\runeforge\backups\v43\Start-Runeforge-Shell.ps1.20260424_190207.v43_3.bak","0.006","24/04/2026 06:57:24 p. m.","True"
"REVIEW_MANUAL","RuneforgeCore","HKLM_SOFTWARE_OpenSSH.reg","C:\RUNEFOGE_PRO\runeforge\runeforge\backups\ssh\ssh_ready_20260424_024742\HKLM_SOFTWARE_OpenSSH.reg","0","24/04/2026 02:47:42 a. m.","True"
"REVIEW_MANUAL","RuneforgeCore","HKCU_Console.reg","C:\RUNEFOGE_PRO\runeforge\runeforge\backups\registry\rollback_20260424_015840\HKCU_Console.reg","0.007","24/04/2026 01:58:40 a. m.","True"
"REVIEW_MANUAL","RuneforgeCore","HKLM_SOFTWARE_OpenSSH.reg","C:\RUNEFOGE_PRO\runeforge\runeforge\backups\registry\rollback_20260424_015840\HKLM_SOFTWARE_OpenSSH.reg","0","24/04/2026 01:58:40 a. m.","True"
"REVIEW_MANUAL","RuneforgeCore","HKLM_SYSTEM_CurrentControlSet_Services_sshd.reg","C:\RUNEFOGE_PRO\runeforge\runeforge\backups\registry\rollback_20260424_015840\HKLM_SYSTEM_CurrentControlSet_Services_sshd.reg","0.003","24/04/2026 01:58:40 a. m.","True"
"REVIEW_MANUAL","RuneforgeCore","defender-pre.json","C:\RUNEFOGE_PRO\runeforge\runeforge\backups\hardening-20260423_235916\defender-pre.json","0.236","23/04/2026 11:59:25 p. m.","True"
"REVIEW_MANUAL","RuneforgeCore","firewall-profiles-pre.json","C:\RUNEFOGE_PRO\runeforge\runeforge\backups\hardening-20260423_235916\firewall-profiles-pre.json","0.045","23/04/2026 11:59:25 p. m.","True"
"REVIEW_MANUAL","RuneforgeCore","firewall-rules-pre.json","C:\RUNEFOGE_PRO\runeforge\runeforge\backups\hardening-20260423_235916\firewall-rules-pre.json","0.075","23/04/2026 11:59:26 p. m.","True"
"REVIEW_MANUAL","RuneforgeCore","pm2-jlist-pre.json","C:\RUNEFOGE_PRO\runeforge\runeforge\backups\hardening-20260423_235916\pm2-jlist-pre.json","0","23/04/2026 11:59:26 p. m.","True"
"REVIEW_MANUAL","RuneforgeCore","ports-pre.json","C:\RUNEFOGE_PRO\runeforge\runeforge\backups\hardening-20260423_235916\ports-pre.json","0.066","23/04/2026 11:59:26 p. m.","True"
"REVIEW_MANUAL","RuneforgeCore","services-pre.json","C:\RUNEFOGE_PRO\runeforge\runeforge\backups\hardening-20260423_235916\services-pre.json","0.021","23/04/2026 11:59:26 p. m.","True"
"BACKUP_UI_OR_SCRIPT","RuneforgeCore","index.20260419_054947.bak","C:\RUNEFOGE_PRO\runeforge\runeforge\backups\forge_ui\index.20260419_054947.bak","0.005","19/04/2026 04:17:25 a. m.","True"
"BACKUP_UI_OR_SCRIPT","RuneforgeCore","index.20260419_055019.bak","C:\RUNEFOGE_PRO\runeforge\runeforge\backups\forge_ui\index.20260419_055019.bak","0.005","19/04/2026 05:49:47 a. m.","True"
"BACKUP_UI_OR_SCRIPT","RuneforgeCore","index.full.20260419_055216.bak","C:\RUNEFOGE_PRO\runeforge\runeforge\backups\forge_ui\index.full.20260419_055216.bak","0.005","19/04/2026 05:50:19 a. m.","True"
"BACKUP_UI_OR_SCRIPT","RuneforgeCore","index.full.20260419_055418.bak","C:\RUNEFOGE_PRO\runeforge\runeforge\backups\forge_ui\index.full.20260419_055418.bak","0.001","19/04/2026 05:52:16 a. m.","True"
"BACKUP_UI_OR_SCRIPT","RuneforgeCore","server.js.20260419_041725.bak","C:\RUNEFOGE_PRO\runeforge\runeforge\backups\forge_ui\server.js.20260419_041725.bak","0","20/03/2026 12:15:06 a. m.","True"
"REVIEW_MANUAL","RuneforgeCore","RUNEFORGE_COMMANDER_V42_EXPORT_BRIDGE.ahk.20260424_012208.fixbak","C:\RUNEFOGE_PRO\runeforge\runeforge\backups\commander\RUNEFORGE_COMMANDER_V42_EXPORT_BRIDGE.ahk.20260424_012208.fixbak","0.014","24/04/2026 01:15:45 a. m.","True"
"BACKUP_UI_OR_SCRIPT","RuneforgeCore","RUNEFORGE_COMMANDER_V43_5_CLEAN_OPS_FUSION.ahk.20260424_194631.ui_patch.bak","C:\RUNEFOGE_PRO\runeforge\runeforge\backups\commander\RUNEFORGE_COMMANDER_V43_5_CLEAN_OPS_FUSION.ahk.20260424_194631.ui_patch.bak","0.012","24/04/2026 07:42:12 p. m.","True"
"BACKUP_UI_OR_SCRIPT","RuneforgeCore","RUNEFORGE_COMMANDER_V43_5_CLEAN_OPS_FUSION.ahk.20260424_194700.ui_patch.bak","C:\RUNEFOGE_PRO\runeforge\runeforge\backups\commander\RUNEFORGE_COMMANDER_V43_5_CLEAN_OPS_FUSION.ahk.20260424_194700.ui_patch.bak","0.012","24/04/2026 07:46:32 p. m.","True"
"BACKUP_UI_OR_SCRIPT","RuneforgeCore","Start-Runeforge-Commander-V43_5.ps1.20260424_194815.launcherfix.bak","C:\RUNEFOGE_PRO\runeforge\runeforge\backups\commander\Start-Runeforge-Commander-V43_5.ps1.20260424_194815.launcherfix.bak","0.001","24/04/2026 07:42:12 p. m.","True"
"BACKUP_UI_OR_SCRIPT","RuneforgeCore","server.js.20260419_045136.bak","C:\RUNEFOGE_PRO\runeforge\runeforge\backups\api_chat\server.js.20260419_045136.bak","0","19/04/2026 04:17:25 a. m.","True"
"BACKUP_UI_OR_SCRIPT","RuneforgeCore","server.js.20260419_051124.normalize_input.bak","C:\RUNEFOGE_PRO\runeforge\runeforge\backups\api_chat\server.js.20260419_051124.normalize_input.bak","0.001","19/04/2026 04:51:36 a. m.","True"
"BACKUP_UI_OR_SCRIPT","RuneforgeCore","server.js.20260419_051159.normalize_input.bak","C:\RUNEFOGE_PRO\runeforge\runeforge\backups\api_chat\server.js.20260419_051159.normalize_input.bak","0.001","19/04/2026 04:51:36 a. m.","True"
"BACKUP_UI_OR_SCRIPT","RuneforgeCore","server.js.20260419_051220.normalize_input.bak","C:\RUNEFOGE_PRO\runeforge\runeforge\backups\api_chat\server.js.20260419_051220.normalize_input.bak","0.001","19/04/2026 04:51:36 a. m.","True"
"BACKUP_UI_OR_SCRIPT","RuneforgeCore","server.js.20260419_051251.normalize_input.bak","C:\RUNEFOGE_PRO\runeforge\runeforge\backups\api_chat\server.js.20260419_051251.normalize_input.bak","0.001","19/04/2026 04:51:36 a. m.","True"
"REVIEW_MANUAL","RuneforgeCore","chat.service.js","C:\RUNEFOGE_PRO\runeforge\runeforge\backups\action_layer_20260424_031528\chat.service.js","0.001","27/03/2026 12:55:32 a. m.","True"
"REVIEW_MANUAL","RuneforgeCore","command-registry.js","C:\RUNEFOGE_PRO\runeforge\runeforge\backups\action_layer_20260424_031528\command-registry.js","0.002","27/03/2026 07:04:56 a. m.","True"
"REVIEW_MANUAL","RuneforgeCore",".env","C:\RUNEFOGE_PRO\runeforge\runeforge\app\.env","0","27/03/2026 07:04:56 a. m.","True"
"REVIEW_MANUAL","RuneforgeCore",".env.example","C:\RUNEFOGE_PRO\runeforge\runeforge\app\.env.example","0","27/03/2026 07:04:56 a. m.","True"
"REVIEW_MANUAL","RuneforgeCore",".gitignore","C:\RUNEFOGE_PRO\runeforge\runeforge\app\.gitignore","0","20/03/2026 12:15:06 a. m.","True"
"REVIEW_MANUAL","RuneforgeCore","check-runeforge.ps1","C:\RUNEFOGE_PRO\runeforge\runeforge\app\check-runeforge.ps1","0.001","27/03/2026 07:04:56 a. m.","True"
"REVIEW_MANUAL","RuneforgeCore","forge_ui_nexo_v_1_runeforge.jsx","C:\RUNEFOGE_PRO\runeforge\runeforge\app\forge_ui_nexo_v_1_runeforge.jsx","0.016","27/03/2026 01:28:19 a. m.","True"
"REVIEW_MANUAL","RuneforgeCore","package-lock.json","C:\RUNEFOGE_PRO\runeforge\runeforge\app\package-lock.json","0.041","27/03/2026 01:17:01 a. m.","True"
"CORE_BACKEND","RuneforgeCore","package.json","C:\RUNEFOGE_PRO\runeforge\runeforge\app\package.json","0.001","20/03/2026 12:15:06 a. m.","True"
"DOCUMENTATION","RuneforgeCore","README.md","C:\RUNEFOGE_PRO\runeforge\runeforge\app\README.md","0.001","20/03/2026 12:15:06 a. m.","True"
"REVIEW_MANUAL","RuneforgeCore","validate_start.err.log","C:\RUNEFOGE_PRO\runeforge\runeforge\app\validate_start.err.log","0.001","19/04/2026 03:45:07 a. m.","True"
"REVIEW_MANUAL","RuneforgeCore","validate_start.out.log","C:\RUNEFOGE_PRO\runeforge\runeforge\app\validate_start.out.log","0.001","19/04/2026 04:02:09 a. m.","True"
"CORE_BACKEND","RuneforgeCore","app.js","C:\RUNEFOGE_PRO\runeforge\runeforge\app\src\app.js","0.001","27/03/2026 12:51:28 a. m.","True"
"CORE_BACKEND","RuneforgeCore","server.js","C:\RUNEFOGE_PRO\runeforge\runeforge\app\src\server.js","0.001","19/04/2026 05:15:43 a. m.","True"
"CORE_BACKEND","RuneforgeCore","logger.js","C:\RUNEFOGE_PRO\runeforge\runeforge\app\src\shared\logger.js","0.001","20/03/2026 12:15:06 a. m.","True"
"CORE_BACKEND","RuneforgeCore","trace.middleware.js","C:\RUNEFOGE_PRO\runeforge\runeforge\app\src\modules\trace\trace.middleware.js","0","20/03/2026 12:15:06 a. m.","True"
"CORE_BACKEND","RuneforgeCore","sentinel.routes.js","C:\RUNEFOGE_PRO\runeforge\runeforge\app\src\modules\sentinel\sentinel.routes.js","0","20/03/2026 12:15:06 a. m.","True"
"CORE_BACKEND","RuneforgeCore","relay.routes.js","C:\RUNEFOGE_PRO\runeforge\runeforge\app\src\modules\relay\relay.routes.js","0","20/03/2026 12:15:06 a. m.","True"
"CORE_BACKEND","RuneforgeCore","forge.routes.js","C:\RUNEFOGE_PRO\runeforge\runeforge\app\src\modules\forge\forge.routes.js","0.002","20/03/2026 12:15:06 a. m.","True"
"CORE_BACKEND","RuneforgeCore","codex.routes.js","C:\RUNEFOGE_PRO\runeforge\runeforge\app\src\modules\codex\codex.routes.js","0","20/03/2026 12:15:06 a. m.","True"
"CORE_BACKEND","RuneforgeCore","chat.routes.js","C:\RUNEFOGE_PRO\runeforge\runeforge\app\src\modules\chat\chat.routes.js","0","27/03/2026 12:54:00 a. m.","True"
"CORE_BACKEND","RuneforgeCore","chat.service.js","C:\RUNEFOGE_PRO\runeforge\runeforge\app\src\modules\chat\chat.service.js","0.001","27/03/2026 12:55:32 a. m.","True"
"CORE_BACKEND","RuneforgeCore","chat.trace.js","C:\RUNEFOGE_PRO\runeforge\runeforge\app\src\modules\chat\chat.trace.js","0","27/03/2026 07:04:54 a. m.","True"
"CORE_BACKEND","RuneforgeCore","skill-router.js","C:\RUNEFOGE_PRO\runeforge\runeforge\app\src\modules\chat\skill-router.js","0.001","27/03/2026 12:57:16 a. m.","True"
"CORE_BACKEND","RuneforgeCore","general.js","C:\RUNEFOGE_PRO\runeforge\runeforge\app\src\modules\chat\skills\general.js","0","27/03/2026 07:04:54 a. m.","True"
"CORE_BACKEND","RuneforgeCore","system.js","C:\RUNEFOGE_PRO\runeforge\runeforge\app\src\modules\chat\skills\system.js","0.001","27/03/2026 07:04:54 a. m.","True"
"CORE_BACKEND","RuneforgeCore","telemetria.js","C:\RUNEFOGE_PRO\runeforge\runeforge\app\src\modules\chat\skills\telemetria.js","0.002","27/03/2026 07:04:54 a. m.","True"
"CORE_BACKEND","RuneforgeCore","beacon.routes.js","C:\RUNEFOGE_PRO\runeforge\runeforge\app\src\modules\beacon\beacon.routes.js","0.001","20/03/2026 12:15:06 a. m.","True"
"CORE_BACKEND","RuneforgeCore","command-registry.js","C:\RUNEFOGE_PRO\runeforge\runeforge\app\src\core\command-registry.js","0.002","27/03/2026 07:04:56 a. m.","True"
"CORE_BACKEND","RuneforgeCore","env.js","C:\RUNEFOGE_PRO\runeforge\runeforge\app\src\config\env.js","0.001","27/03/2026 07:04:56 a. m.","True"
"CORE_BACKEND","RuneforgeCore","whatsapp.webhook.routes.js","C:\RUNEFOGE_PRO\runeforge\runeforge\app\src\adapters\whatsapp\whatsapp.webhook.routes.js","0.001","20/03/2026 12:15:06 a. m.","True"
"CORE_BACKEND","RuneforgeCore","ai.client.js","C:\RUNEFOGE_PRO\runeforge\runeforge\app\src\adapters\ai\ai.client.js","0","20/03/2026 12:15:06 a. m.","True"
"SCRIPTING_ACTIVE_OR_REVIEW","RuneforgeCore","dev.ps1","C:\RUNEFOGE_PRO\runeforge\runeforge\app\scripts\dev.ps1","0","20/03/2026 12:15:06 a. m.","True"
"SCRIPTING_ACTIVE_OR_REVIEW","RuneforgeCore","start.ps1","C:\RUNEFOGE_PRO\runeforge\runeforge\app\scripts\start.ps1","0","20/03/2026 12:15:06 a. m.","True"
"REVIEW_MANUAL","RuneforgeCore","start-runeforge.cmd","C:\RUNEFOGE_PRO\runeforge\runeforge\app\retro\start-runeforge.cmd","0","27/03/2026 07:04:56 a. m.","True"
"LAB","RuneforgeCore","padtest_ps2.elf","C:\RUNEFOGE_PRO\runeforge\runeforge\app\retro\tools\ps2-bios-dumper\padtest_ps2.elf","0.19","22/03/2026 08:02:28 p. m.","True"
"REVIEW_MANUAL","RuneforgeCore","PS2dumperV2_bin.7z","C:\RUNEFOGE_PRO\runeforge\runeforge\app\retro\tools\ps2-bios-dumper\PS2dumperV2_bin.7z","0.281","22/03/2026 08:03:00 p. m.","True"
"REVIEW_MANUAL","RuneforgeCore","PS2dumperV2_iso.7z","C:\RUNEFOGE_PRO\runeforge\runeforge\app\retro\tools\ps2-bios-dumper\PS2dumperV2_iso.7z","0.432","22/03/2026 08:03:08 p. m.","True"
"REVIEW_MANUAL","RuneforgeCore","tools-bios-dumper-v2.tar.gz","C:\RUNEFOGE_PRO\runeforge\runeforge\app\retro\tools\ps2-bios-dumper\tools-bios-dumper-v2.tar.gz","0","22/03/2026 08:03:16 p. m.","True"
"REVIEW_MANUAL","RuneforgeCore","tools-bios-dumper-v2.zip","C:\RUNEFOGE_PRO\runeforge\runeforge\app\retro\tools\ps2-bios-dumper\tools-bios-dumper-v2.zip","0","22/03/2026 08:03:12 p. m.","True"
"LAB","RuneforgeCore","tools-tests-pad.tar.gz","C:\RUNEFOGE_PRO\runeforge\runeforge\app\retro\tools\ps2-bios-dumper\tools-tests-pad.tar.gz","0","22/03/2026 08:02:48 p. m.","True"
"LAB","RuneforgeCore","tools-tests-pad.zip","C:\RUNEFOGE_PRO\runeforge\runeforge\app\retro\tools\ps2-bios-dumper\tools-tests-pad.zip","0","22/03/2026 08:02:44 p. m.","True"
"REVIEW_MANUAL","RuneforgeCore","PlayniteInstaller.exe","C:\RUNEFOGE_PRO\runeforge\runeforge\app\retro\frontends\playnite\PlayniteInstaller.exe","0.244","22/03/2026 08:06:12 p. m.","True"
"VENDOR_ARCHIVE","RuneforgeCore","PPSSPPSetup_v1.20.3-36-g2d8832ec71.exe","C:\RUNEFOGE_PRO\runeforge\runeforge\app\retro\emulators\ppsspp\PPSSPPSetup_v1.20.3-36-g2d8832ec71.exe","21.018","22/03/2026 08:08:16 p. m.","True"
"VENDOR_ARCHIVE","RuneforgeCore","PPSSPPWindowsARM64.zip","C:\RUNEFOGE_PRO\runeforge\runeforge\app\retro\_downloads\PPSSPPWindowsARM64.zip","18.417","23/03/2026 02:07:38 a. m.","True"
"VENDOR_ARCHIVE","RuneforgeCore","PPSSPPWindowsARM64.exe","C:\RUNEFOGE_PRO\runeforge\runeforge\app\retro\_downloads\PPSSPPWindowsARM64\PPSSPPWindowsARM64.exe","17.404","15/03/2026 12:07:06 p. m.","True"
"VENDOR_ARCHIVE","RuneforgeCore","README.md","C:\RUNEFOGE_PRO\runeforge\runeforge\app\retro\_downloads\PPSSPPWindowsARM64\README.md","0.038","15/03/2026 11:52:35 a. m.","True"
"VENDOR_ARCHIVE","RuneforgeCore","7z.png","C:\RUNEFOGE_PRO\runeforge\runeforge\app\retro\_downloads\PPSSPPWindowsARM64\assets\7z.png","0.006","15/03/2026 11:52:35 a. m.","True"
"VENDOR_ARCHIVE","RuneforgeCore","adhoc-servers.json","C:\RUNEFOGE_PRO\runeforge\runeforge\app\retro\_downloads\PPSSPPWindowsARM64\assets\adhoc-servers.json","0.004","15/03/2026 11:52:35 a. m.","True"
"VENDOR_ARCHIVE","RuneforgeCore","asciifont_atlas.meta","C:\RUNEFOGE_PRO\runeforge\runeforge\app\retro\_downloads\PPSSPPWindowsARM64\assets\asciifont_atlas.meta","0.007","15/03/2026 11:52:35 a. m.","True"
"VENDOR_ARCHIVE","RuneforgeCore","asciifont_atlas.zim","C:\RUNEFOGE_PRO\runeforge\runeforge\app\retro\_downloads\PPSSPPWindowsARM64\assets\asciifont_atlas.zim","0.079","15/03/2026 11:52:35 a. m.","True"
"VENDOR_ARCHIVE","RuneforgeCore","compat.ini","C:\RUNEFOGE_PRO\runeforge\runeforge\app\retro\_downloads\PPSSPPWindowsARM64\assets\compat.ini","0.047","15/03/2026 11:52:35 a. m.","True"
"VENDOR_ARCHIVE","RuneforgeCore","compatvr.ini","C:\RUNEFOGE_PRO\runeforge\runeforge\app\retro\_downloads\PPSSPPWindowsARM64\assets\compatvr.ini","0.023","15/03/2026 11:52:35 a. m.","True"
"VENDOR_ARCHIVE","RuneforgeCore","font_atlas.meta","C:\RUNEFOGE_PRO\runeforge\runeforge\app\retro\_downloads\PPSSPPWindowsARM64\assets\font_atlas.meta","0.052","15/03/2026 11:52:35 a. m.","True"
"VENDOR_ARCHIVE","RuneforgeCore","font_atlas.zim","C:\RUNEFOGE_PRO\runeforge\runeforge\app\retro\_downloads\PPSSPPWindowsARM64\assets\font_atlas.zim","0.982","15/03/2026 11:52:35 a. m.","True"
"VENDOR_ARCHIVE","RuneforgeCore","gamecontrollerdb.txt","C:\RUNEFOGE_PRO\runeforge\runeforge\app\retro\_downloads\PPSSPPWindowsARM64\assets\gamecontrollerdb.txt","0.521","15/03/2026 11:52:35 a. m.","True"
"VENDOR_ARCHIVE","RuneforgeCore","Inconsolata-Regular.ttf","C:\RUNEFOGE_PRO\runeforge\runeforge\app\retro\_downloads\PPSSPPWindowsARM64\assets\Inconsolata-Regular.ttf","0.097","15/03/2026 11:52:35 a. m.","True"
"VENDOR_ARCHIVE","RuneforgeCore","infra-dns.json","C:\RUNEFOGE_PRO\runeforge\runeforge\app\retro\_downloads\PPSSPPWindowsARM64\assets\infra-dns.json","0.017","15/03/2026 11:52:35 a. m.","True"
"VENDOR_ARCHIVE","RuneforgeCore","knownfuncs.ini","C:\RUNEFOGE_PRO\runeforge\runeforge\app\retro\_downloads\PPSSPPWindowsARM64\assets\knownfuncs.ini","0.011","15/03/2026 11:52:35 a. m.","True"
"VENDOR_ARCHIVE","RuneforgeCore","langregion.ini","C:\RUNEFOGE_PRO\runeforge\runeforge\app\retro\_downloads\PPSSPPWindowsARM64\assets\langregion.ini","0.001","15/03/2026 11:52:35 a. m.","True"
"VENDOR_ARCHIVE","RuneforgeCore","ppge_atlas.meta","C:\RUNEFOGE_PRO\runeforge\runeforge\app\retro\_downloads\PPSSPPWindowsARM64\assets\ppge_atlas.meta","0.048","15/03/2026 11:52:35 a. m.","True"
"VENDOR_ARCHIVE","RuneforgeCore","ppge_atlas.zim","C:\RUNEFOGE_PRO\runeforge\runeforge\app\retro\_downloads\PPSSPPWindowsARM64\assets\ppge_atlas.zim","0.636","15/03/2026 11:52:35 a. m.","True"
"VENDOR_ARCHIVE","RuneforgeCore","rargray.png","C:\RUNEFOGE_PRO\runeforge\runeforge\app\retro\_downloads\PPSSPPWindowsARM64\assets\rargray.png","0.009","15/03/2026 11:52:35 a. m.","True"
"VENDOR_ARCHIVE","RuneforgeCore","redump.csv","C:\RUNEFOGE_PRO\runeforge\runeforge\app\retro\_downloads\PPSSPPWindowsARM64\assets\redump.csv","0.543","15/03/2026 11:52:35 a. m.","True"
"VENDOR_ARCHIVE","RuneforgeCore","Roboto_Condensed-Bold.ttf","C:\RUNEFOGE_PRO\runeforge\runeforge\app\retro\_downloads\PPSSPPWindowsARM64\assets\Roboto_Condensed-Bold.ttf","0.14","15/03/2026 11:52:35 a. m.","True"
"VENDOR_ARCHIVE","RuneforgeCore","Roboto_Condensed-Italic.ttf","C:\RUNEFOGE_PRO\runeforge\runeforge\app\retro\_downloads\PPSSPPWindowsARM64\assets\Roboto_Condensed-Italic.ttf","0.145","15/03/2026 11:52:35 a. m.","True"
"VENDOR_ARCHIVE","RuneforgeCore","Roboto_Condensed-Light.ttf","C:\RUNEFOGE_PRO\runeforge\runeforge\app\retro\_downloads\PPSSPPWindowsARM64\assets\Roboto_Condensed-Light.ttf","0.139","15/03/2026 11:52:35 a. m.","True"
"VENDOR_ARCHIVE","RuneforgeCore","Roboto_Condensed-Regular.ttf","C:\RUNEFOGE_PRO\runeforge\runeforge\app\retro\_downloads\PPSSPPWindowsARM64\assets\Roboto_Condensed-Regular.ttf","0.139","15/03/2026 11:52:35 a. m.","True"
"VENDOR_ARCHIVE","RuneforgeCore","sfx_achievement_unlocked.wav","C:\RUNEFOGE_PRO\runeforge\runeforge\app\retro\_downloads\PPSSPPWindowsARM64\assets\sfx_achievement_unlocked.wav","0.078","15/03/2026 11:52:35 a. m.","True"
"VENDOR_ARCHIVE","RuneforgeCore","sfx_back.wav","C:\RUNEFOGE_PRO\runeforge\runeforge\app\retro\_downloads\PPSSPPWindowsARM64\assets\sfx_back.wav","0.031","15/03/2026 11:52:35 a. m.","True"
"VENDOR_ARCHIVE","RuneforgeCore","sfx_confirm.wav","C:\RUNEFOGE_PRO\runeforge\runeforge\app\retro\_downloads\PPSSPPWindowsARM64\assets\sfx_confirm.wav","0.043","15/03/2026 11:52:35 a. m.","True"
"VENDOR_ARCHIVE","RuneforgeCore","sfx_leaderbord_submitted.wav","C:\RUNEFOGE_PRO\runeforge\runeforge\app\retro\_downloads\PPSSPPWindowsARM64\assets\sfx_leaderbord_submitted.wav","0.09","15/03/2026 11:52:35 a. m.","True"
"VENDOR_ARCHIVE","RuneforgeCore","sfx_select.wav","C:\RUNEFOGE_PRO\runeforge\runeforge\app\retro\_downloads\PPSSPPWindowsARM64\assets\sfx_select.wav","0.026","15/03/2026 11:52:35 a. m.","True"
"VENDOR_ARCHIVE","RuneforgeCore","sfx_toggle_off.wav","C:\RUNEFOGE_PRO\runeforge\runeforge\app\retro\_downloads\PPSSPPWindowsARM64\assets\sfx_toggle_off.wav","0.033","15/03/2026 11:52:35 a. m.","True"
"VENDOR_ARCHIVE","RuneforgeCore","sfx_toggle_on.wav","C:\RUNEFOGE_PRO\runeforge\runeforge\app\retro\_downloads\PPSSPPWindowsARM64\assets\sfx_toggle_on.wav","0.037","15/03/2026 11:52:35 a. m.","True"
"VENDOR_ARCHIVE","RuneforgeCore","zip.png","C:\RUNEFOGE_PRO\runeforge\runeforge\app\retro\_downloads\PPSSPPWindowsARM64\assets\zip.png","0.006","15/03/2026 11:52:35 a. m.","True"
"VENDOR_ARCHIVE","RuneforgeCore","vfpu_asin_lut_deltas.dat","C:\RUNEFOGE_PRO\runeforge\runeforge\app\retro\_downloads\PPSSPPWindowsARM64\assets\vfpu\vfpu_asin_lut_deltas.dat","0.493","15/03/2026 11:52:35 a. m.","True"
"VENDOR_ARCHIVE","RuneforgeCore","vfpu_asin_lut_indices.dat","C:\RUNEFOGE_PRO\runeforge\runeforge\app\retro\_downloads\PPSSPPWindowsARM64\assets\vfpu\vfpu_asin_lut_indices.dat","0.762","15/03/2026 11:52:35 a. m.","True"
"VENDOR_ARCHIVE","RuneforgeCore","vfpu_asin_lut65536.dat","C:\RUNEFOGE_PRO\runeforge\runeforge\app\retro\_downloads\PPSSPPWindowsARM64\assets\vfpu\vfpu_asin_lut65536.dat","0.001","15/03/2026 11:52:35 a. m.","True"
"VENDOR_ARCHIVE","RuneforgeCore","vfpu_exp2_lut.dat","C:\RUNEFOGE_PRO\runeforge\runeforge\app\retro\_downloads\PPSSPPWindowsARM64\assets\vfpu\vfpu_exp2_lut.dat","0.25","15/03/2026 11:52:35 a. m.","True"
"VENDOR_ARCHIVE","RuneforgeCore","vfpu_exp2_lut65536.dat","C:\RUNEFOGE_PRO\runeforge\runeforge\app\retro\_downloads\PPSSPPWindowsARM64\assets\vfpu\vfpu_exp2_lut65536.dat","0","15/03/2026 11:52:35 a. m.","True"
"VENDOR_ARCHIVE","RuneforgeCore","vfpu_log2_lut.dat","C:\RUNEFOGE_PRO\runeforge\runeforge\app\retro\_downloads\PPSSPPWindowsARM64\assets\vfpu\vfpu_log2_lut.dat","2","15/03/2026 11:52:35 a. m.","True"
"VENDOR_ARCHIVE","RuneforgeCore","vfpu_log2_lut65536_quadratic.dat","C:\RUNEFOGE_PRO\runeforge\runeforge\app\retro\_downloads\PPSSPPWindowsARM64\assets\vfpu\vfpu_log2_lut65536_quadratic.dat","0","15/03/2026 11:52:35 a. m.","True"
"VENDOR_ARCHIVE","RuneforgeCore","vfpu_log2_lut65536.dat","C:\RUNEFOGE_PRO\runeforge\runeforge\app\retro\_downloads\PPSSPPWindowsARM64\assets\vfpu\vfpu_log2_lut65536.dat","0","15/03/2026 11:52:35 a. m.","True"
"VENDOR_ARCHIVE","RuneforgeCore","vfpu_rcp_lut.dat","C:\RUNEFOGE_PRO\runeforge\runeforge\app\retro\_downloads\PPSSPPWindowsARM64\assets\vfpu\vfpu_rcp_lut.dat","0.25","15/03/2026 11:52:35 a. m.","True"
"VENDOR_ARCHIVE","RuneforgeCore","vfpu_rsqrt_lut.dat","C:\RUNEFOGE_PRO\runeforge\runeforge\app\retro\_downloads\PPSSPPWindowsARM64\assets\vfpu\vfpu_rsqrt_lut.dat","0.25","15/03/2026 11:52:35 a. m.","True"
"VENDOR_ARCHIVE","RuneforgeCore","vfpu_sin_lut_delta.dat","C:\RUNEFOGE_PRO\runeforge\runeforge\app\retro\_downloads\PPSSPPWindowsARM64\assets\vfpu\vfpu_sin_lut_delta.dat","0.25","15/03/2026 11:52:35 a. m.","True"
"VENDOR_ARCHIVE","RuneforgeCore","vfpu_sin_lut_exceptions.dat","C:\RUNEFOGE_PRO\runeforge\runeforge\app\retro\_downloads\PPSSPPWindowsARM64\assets\vfpu\vfpu_sin_lut_exceptions.dat","0.083","15/03/2026 11:52:35 a. m.","True"
"VENDOR_ARCHIVE","RuneforgeCore","vfpu_sin_lut_interval_delta.dat","C:\RUNEFOGE_PRO\runeforge\runeforge\app\retro\_downloads\PPSSPPWindowsARM64\assets\vfpu\vfpu_sin_lut_interval_delta.dat","0.125","15/03/2026 11:52:35 a. m.","True"
"VENDOR_ARCHIVE","RuneforgeCore","vfpu_sin_lut8192.dat","C:\RUNEFOGE_PRO\runeforge\runeforge\app\retro\_downloads\PPSSPPWindowsARM64\assets\vfpu\vfpu_sin_lut8192.dat","0.004","15/03/2026 11:52:35 a. m.","True"
"VENDOR_ARCHIVE","RuneforgeCore","vfpu_sqrt_lut.dat","C:\RUNEFOGE_PRO\runeforge\runeforge\app\retro\_downloads\PPSSPPWindowsARM64\assets\vfpu\vfpu_sqrt_lut.dat","0.25","15/03/2026 11:52:35 a. m.","True"
"VENDOR_ARCHIVE","RuneforgeCore","index.html","C:\RUNEFOGE_PRO\runeforge\runeforge\app\retro\_downloads\PPSSPPWindowsARM64\assets\upload\index.html","0.011","15/03/2026 11:52:35 a. m.","True"
"VENDOR_ARCHIVE","RuneforgeCore","bg.png","C:\RUNEFOGE_PRO\runeforge\runeforge\app\retro\_downloads\PPSSPPWindowsARM64\assets\ui_images\bg.png","0.002","15/03/2026 11:52:35 a. m.","True"
"VENDOR_ARCHIVE","RuneforgeCore","drop_shadow.png","C:\RUNEFOGE_PRO\runeforge\runeforge\app\retro\_downloads\PPSSPPWindowsARM64\assets\ui_images\drop_shadow.png","0.002","15/03/2026 11:52:35 a. m.","True"
"VENDOR_ARCHIVE","RuneforgeCore","icon_gold.png","C:\RUNEFOGE_PRO\runeforge\runeforge\app\retro\_downloads\PPSSPPWindowsARM64\assets\ui_images\icon_gold.png","0.005","15/03/2026 11:52:35 a. m.","True"
"VENDOR_ARCHIVE","RuneforgeCore","icon.png","C:\RUNEFOGE_PRO\runeforge\runeforge\app\retro\_downloads\PPSSPPWindowsARM64\assets\ui_images\icon.png","0.006","15/03/2026 11:52:35 a. m.","True"
"VENDOR_ARCHIVE","RuneforgeCore","images.svg","C:\RUNEFOGE_PRO\runeforge\runeforge\app\retro\_downloads\PPSSPPWindowsARM64\assets\ui_images\images.svg","0.257","15/03/2026 11:52:35 a. m.","True"
"VENDOR_ARCHIVE","RuneforgeCore","psp_display.png","C:\RUNEFOGE_PRO\runeforge\runeforge\app\retro\_downloads\PPSSPPWindowsARM64\assets\ui_images\psp_display.png","0","15/03/2026 11:52:35 a. m.","True"
"VENDOR_ARCHIVE","RuneforgeCore","retroachievements_logo.png","C:\RUNEFOGE_PRO\runeforge\runeforge\app\retro\_downloads\PPSSPPWindowsARM64\assets\ui_images\retroachievements_logo.png","0.004","15/03/2026 11:52:35 a. m.","True"
"VENDOR_ARCHIVE","RuneforgeCore","stick_line.png","C:\RUNEFOGE_PRO\runeforge\runeforge\app\retro\_downloads\PPSSPPWindowsARM64\assets\ui_images\stick_line.png","0.009","15/03/2026 11:52:35 a. m.","True"
"VENDOR_ARCHIVE","RuneforgeCore","stick.png","C:\RUNEFOGE_PRO\runeforge\runeforge\app\retro\_downloads\PPSSPPWindowsARM64\assets\ui_images\stick.png","0.003","15/03/2026 11:52:35 a. m.","True"
"VENDOR_ARCHIVE","RuneforgeCore","svg_sources.txt","C:\RUNEFOGE_PRO\runeforge\runeforge\app\retro\_downloads\PPSSPPWindowsARM64\assets\ui_images\svg_sources.txt","0","15/03/2026 11:52:35 a. m.","True"
"VENDOR_ARCHIVE","RuneforgeCore","1995.ini","C:\RUNEFOGE_PRO\runeforge\runeforge\app\retro\_downloads\PPSSPPWindowsARM64\assets\themes\1995.ini","0.001","15/03/2026 11:52:35 a. m.","True"
"VENDOR_ARCHIVE","RuneforgeCore","alpine.ini","C:\RUNEFOGE_PRO\runeforge\runeforge\app\retro\_downloads\PPSSPPWindowsARM64\assets\themes\alpine.ini","0.001","15/03/2026 11:52:35 a. m.","True"
"VENDOR_ARCHIVE","RuneforgeCore","defaultthemes.ini","C:\RUNEFOGE_PRO\runeforge\runeforge\app\retro\_downloads\PPSSPPWindowsARM64\assets\themes\defaultthemes.ini","0.002","15/03/2026 11:52:35 a. m.","True"
"VENDOR_ARCHIVE","RuneforgeCore","slateforest.ini","C:\RUNEFOGE_PRO\runeforge\runeforge\app\retro\_downloads\PPSSPPWindowsARM64\assets\themes\slateforest.ini","0.001","15/03/2026 11:52:35 a. m.","True"
"VENDOR_ARCHIVE","RuneforgeCore","strawberry.ini","C:\RUNEFOGE_PRO\runeforge\runeforge\app\retro\_downloads\PPSSPPWindowsARM64\assets\themes\strawberry.ini","0.001","15/03/2026 11:52:35 a. m.","True"
"VENDOR_ARCHIVE","RuneforgeCore","vinewood.ini","C:\RUNEFOGE_PRO\runeforge\runeforge\app\retro\_downloads\PPSSPPWindowsARM64\assets\themes\vinewood.ini","0.001","15/03/2026 11:52:35 a. m.","True"
"VENDOR_ARCHIVE","RuneforgeCore","4xhqglsl.fsh","C:\RUNEFOGE_PRO\runeforge\runeforge\app\retro\_downloads\PPSSPPWindowsARM64\assets\shaders\4xhqglsl.fsh","0.002","15/03/2026 11:52:35 a. m.","True"
"VENDOR_ARCHIVE","RuneforgeCore","4xhqglsl.vsh","C:\RUNEFOGE_PRO\runeforge\runeforge\app\retro\_downloads\PPSSPPWindowsARM64\assets\shaders\4xhqglsl.vsh","0.001","15/03/2026 11:52:35 a. m.","True"
"VENDOR_ARCHIVE","RuneforgeCore","5xBR-lv2.fsh","C:\RUNEFOGE_PRO\runeforge\runeforge\app\retro\_downloads\PPSSPPWindowsARM64\assets\shaders\5xBR-lv2.fsh","0.009","15/03/2026 11:52:35 a. m.","True"
"VENDOR_ARCHIVE","RuneforgeCore","5xBR.fsh","C:\RUNEFOGE_PRO\runeforge\runeforge\app\retro\_downloads\PPSSPPWindowsARM64\assets\shaders\5xBR.fsh","0.005","15/03/2026 11:52:35 a. m.","True"
"VENDOR_ARCHIVE","RuneforgeCore","5xBR.vsh","C:\RUNEFOGE_PRO\runeforge\runeforge\app\retro\_downloads\PPSSPPWindowsARM64\assets\shaders\5xBR.vsh","0.001","15/03/2026 11:52:35 a. m.","True"
"VENDOR_ARCHIVE","RuneforgeCore","aacolor.fsh","C:\RUNEFOGE_PRO\runeforge\runeforge\app\retro\_downloads\PPSSPPWindowsARM64\assets\shaders\aacolor.fsh","0.002","15/03/2026 11:52:35 a. m.","True"
"VENDOR_ARCHIVE","RuneforgeCore","aacolor.vsh","C:\RUNEFOGE_PRO\runeforge\runeforge\app\retro\_downloads\PPSSPPWindowsARM64\assets\shaders\aacolor.vsh","0.001","15/03/2026 11:52:35 a. m.","True"
"VENDOR_ARCHIVE","RuneforgeCore","bloom.fsh","C:\RUNEFOGE_PRO\runeforge\runeforge\app\retro\_downloads\PPSSPPWindowsARM64\assets\shaders\bloom.fsh","0.001","15/03/2026 11:52:35 a. m.","True"
"VENDOR_ARCHIVE","RuneforgeCore","bloomnoblur.fsh","C:\RUNEFOGE_PRO\runeforge\runeforge\app\retro\_downloads\PPSSPPWindowsARM64\assets\shaders\bloomnoblur.fsh","0.001","15/03/2026 11:52:35 a. m.","True"
"VENDOR_ARCHIVE","RuneforgeCore","cartoon.fsh","C:\RUNEFOGE_PRO\runeforge\runeforge\app\retro\_downloads\PPSSPPWindowsARM64\assets\shaders\cartoon.fsh","0.001","15/03/2026 11:52:35 a. m.","True"
"VENDOR_ARCHIVE","RuneforgeCore","cartoon.vsh","C:\RUNEFOGE_PRO\runeforge\runeforge\app\retro\_downloads\PPSSPPWindowsARM64\assets\shaders\cartoon.vsh","0.001","15/03/2026 11:52:35 a. m.","True"
"VENDOR_ARCHIVE","RuneforgeCore","colorcorrection.fsh","C:\RUNEFOGE_PRO\runeforge\runeforge\app\retro\_downloads\PPSSPPWindowsARM64\assets\shaders\colorcorrection.fsh","0","15/03/2026 11:52:35 a. m.","True"
"VENDOR_ARCHIVE","RuneforgeCore","crt.fsh","C:\RUNEFOGE_PRO\runeforge\runeforge\app\retro\_downloads\PPSSPPWindowsARM64\assets\shaders\crt.fsh","0.001","15/03/2026 11:52:35 a. m.","True"
"VENDOR_ARCHIVE","RuneforgeCore","defaultshaders.ini","C:\RUNEFOGE_PRO\runeforge\runeforge\app\retro\_downloads\PPSSPPWindowsARM64\assets\shaders\defaultshaders.ini","0.006","15/03/2026 11:52:35 a. m.","True"
"VENDOR_ARCHIVE","RuneforgeCore","fakereflections.fsh","C:\RUNEFOGE_PRO\runeforge\runeforge\app\retro\_downloads\PPSSPPWindowsARM64\assets\shaders\fakereflections.fsh","0.001","15/03/2026 11:52:35 a. m.","True"
"VENDOR_ARCHIVE","RuneforgeCore","fsr_easu.fsh","C:\RUNEFOGE_PRO\runeforge\runeforge\app\retro\_downloads\PPSSPPWindowsARM64\assets\shaders\fsr_easu.fsh","0.007","15/03/2026 11:52:35 a. m.","True"
"VENDOR_ARCHIVE","RuneforgeCore","fsr_rcas.fsh","C:\RUNEFOGE_PRO\runeforge\runeforge\app\retro\_downloads\PPSSPPWindowsARM64\assets\shaders\fsr_rcas.fsh","0.004","15/03/2026 11:52:35 a. m.","True"
"VENDOR_ARCHIVE","RuneforgeCore","fxaa.fsh","C:\RUNEFOGE_PRO\runeforge\runeforge\app\retro\_downloads\PPSSPPWindowsARM64\assets\shaders\fxaa.fsh","0.002","15/03/2026 11:52:35 a. m.","True"
"VENDOR_ARCHIVE","RuneforgeCore","fxaa.vsh","C:\RUNEFOGE_PRO\runeforge\runeforge\app\retro\_downloads\PPSSPPWindowsARM64\assets\shaders\fxaa.vsh","0","15/03/2026 11:52:35 a. m.","True"
"VENDOR_ARCHIVE","RuneforgeCore","GaussianDownscale.fsh","C:\RUNEFOGE_PRO\runeforge\runeforge\app\retro\_downloads\PPSSPPWindowsARM64\assets\shaders\GaussianDownscale.fsh","0.003","15/03/2026 11:52:35 a. m.","True"
"VENDOR_ARCHIVE","RuneforgeCore","natural.fsh","C:\RUNEFOGE_PRO\runeforge\runeforge\app\retro\_downloads\PPSSPPWindowsARM64\assets\shaders\natural.fsh","0.002","15/03/2026 11:52:35 a. m.","True"
"VENDOR_ARCHIVE","RuneforgeCore","natural.vsh","C:\RUNEFOGE_PRO\runeforge\runeforge\app\retro\_downloads\PPSSPPWindowsARM64\assets\shaders\natural.vsh","0.001","15/03/2026 11:52:35 a. m.","True"
"VENDOR_ARCHIVE","RuneforgeCore","naturalA.fsh","C:\RUNEFOGE_PRO\runeforge\runeforge\app\retro\_downloads\PPSSPPWindowsARM64\assets\shaders\naturalA.fsh","0.001","15/03/2026 11:52:35 a. m.","True"
"VENDOR_ARCHIVE","RuneforgeCore","naturalA.vsh","C:\RUNEFOGE_PRO\runeforge\runeforge\app\retro\_downloads\PPSSPPWindowsARM64\assets\shaders\naturalA.vsh","0","15/03/2026 11:52:35 a. m.","True"
"VENDOR_ARCHIVE","RuneforgeCore","persistence.fsh","C:\RUNEFOGE_PRO\runeforge\runeforge\app\retro\_downloads\PPSSPPWindowsARM64\assets\shaders\persistence.fsh","0","15/03/2026 11:52:35 a. m.","True"
"VENDOR_ARCHIVE","RuneforgeCore","psp_color.fsh","C:\RUNEFOGE_PRO\runeforge\runeforge\app\retro\_downloads\PPSSPPWindowsARM64\assets\shaders\psp_color.fsh","0.001","15/03/2026 11:52:35 a. m.","True"
"VENDOR_ARCHIVE","RuneforgeCore","scanlines.fsh","C:\RUNEFOGE_PRO\runeforge\runeforge\app\retro\_downloads\PPSSPPWindowsARM64\assets\shaders\scanlines.fsh","0.001","15/03/2026 11:52:35 a. m.","True"
"VENDOR_ARCHIVE","RuneforgeCore","sharpen.fsh","C:\RUNEFOGE_PRO\runeforge\runeforge\app\retro\_downloads\PPSSPPWindowsARM64\assets\shaders\sharpen.fsh","0","15/03/2026 11:52:35 a. m.","True"
"VENDOR_ARCHIVE","RuneforgeCore","stereo_red_blue.fsh","C:\RUNEFOGE_PRO\runeforge\runeforge\app\retro\_downloads\PPSSPPWindowsARM64\assets\shaders\stereo_red_blue.fsh","0.001","15/03/2026 11:52:35 a. m.","True"
"VENDOR_ARCHIVE","RuneforgeCore","stereo_sbs.fsh","C:\RUNEFOGE_PRO\runeforge\runeforge\app\retro\_downloads\PPSSPPWindowsARM64\assets\shaders\stereo_sbs.fsh","0","15/03/2026 11:52:35 a. m.","True"
"VENDOR_ARCHIVE","RuneforgeCore","tex_2xbrz.csh","C:\RUNEFOGE_PRO\runeforge\runeforge\app\retro\_downloads\PPSSPPWindowsARM64\assets\shaders\tex_2xbrz.csh","0.015","15/03/2026 11:52:35 a. m.","True"
"VENDOR_ARCHIVE","RuneforgeCore","tex_4xbrz.csh","C:\RUNEFOGE_PRO\runeforge\runeforge\app\retro\_downloads\PPSSPPWindowsARM64\assets\shaders\tex_4xbrz.csh","0.015","15/03/2026 11:52:35 a. m.","True"
"VENDOR_ARCHIVE","RuneforgeCore","tex_mmpx_adv.csh","C:\RUNEFOGE_PRO\runeforge\runeforge\app\retro\_downloads\PPSSPPWindowsARM64\assets\shaders\tex_mmpx_adv.csh","0.047","15/03/2026 11:52:35 a. m.","True"
"VENDOR_ARCHIVE","RuneforgeCore","tex_mmpx.csh","C:\RUNEFOGE_PRO\runeforge\runeforge\app\retro\_downloads\PPSSPPWindowsARM64\assets\shaders\tex_mmpx.csh","0.005","15/03/2026 11:52:35 a. m.","True"
"VENDOR_ARCHIVE","RuneforgeCore","upscale_bicubic.fsh","C:\RUNEFOGE_PRO\runeforge\runeforge\app\retro\_downloads\PPSSPPWindowsARM64\assets\shaders\upscale_bicubic.fsh","0.002","15/03/2026 11:52:35 a. m.","True"
"VENDOR_ARCHIVE","RuneforgeCore","upscale_bicubic.vsh","C:\RUNEFOGE_PRO\runeforge\runeforge\app\retro\_downloads\PPSSPPWindowsARM64\assets\shaders\upscale_bicubic.vsh","0","15/03/2026 11:52:35 a. m.","True"
"VENDOR_ARCHIVE","RuneforgeCore","upscale_sharp_bilinear.fsh","C:\RUNEFOGE_PRO\runeforge\runeforge\app\retro\_downloads\PPSSPPWindowsARM64\assets\shaders\upscale_sharp_bilinear.fsh","0.001","15/03/2026 11:52:35 a. m.","True"
"VENDOR_ARCHIVE","RuneforgeCore","upscale_sharp_bilinear.vsh","C:\RUNEFOGE_PRO\runeforge\runeforge\app\retro\_downloads\PPSSPPWindowsARM64\assets\shaders\upscale_sharp_bilinear.vsh","0","15/03/2026 11:52:35 a. m.","True"
"VENDOR_ARCHIVE","RuneforgeCore","upscale_spline36.fsh","C:\RUNEFOGE_PRO\runeforge\runeforge\app\retro\_downloads\PPSSPPWindowsARM64\assets\shaders\upscale_spline36.fsh","0.003","15/03/2026 11:52:35 a. m.","True"
"VENDOR_ARCHIVE","RuneforgeCore","upscale_spline36.vsh","C:\RUNEFOGE_PRO\runeforge\runeforge\app\retro\_downloads\PPSSPPWindowsARM64\assets\shaders\upscale_spline36.vsh","0","15/03/2026 11:52:35 a. m.","True"
"VENDOR_ARCHIVE","RuneforgeCore","videoAA.fsh","C:\RUNEFOGE_PRO\runeforge\runeforge\app\retro\_downloads\PPSSPPWindowsARM64\assets\shaders\videoAA.fsh","0.006","15/03/2026 11:52:35 a. m.","True"
"VENDOR_ARCHIVE","RuneforgeCore","vignette.fsh","C:\RUNEFOGE_PRO\runeforge\runeforge\app\retro\_downloads\PPSSPPWindowsARM64\assets\shaders\vignette.fsh","0.001","15/03/2026 11:52:35 a. m.","True"
"VENDOR_ARCHIVE","RuneforgeCore","ppsspp.xml","C:\RUNEFOGE_PRO\runeforge\runeforge\app\retro\_downloads\PPSSPPWindowsARM64\assets\mime\ppsspp.xml","0.001","15/03/2026 11:52:35 a. m.","True"
"VENDOR_ARCHIVE","RuneforgeCore","ar_AE.ini","C:\RUNEFOGE_PRO\runeforge\runeforge\app\retro\_downloads\PPSSPPWindowsARM64\assets\lang\ar_AE.ini","0.072","15/03/2026 11:52:35 a. m.","True"
"VENDOR_ARCHIVE","RuneforgeCore","az_AZ.ini","C:\RUNEFOGE_PRO\runeforge\runeforge\app\retro\_downloads\PPSSPPWindowsARM64\assets\lang\az_AZ.ini","0.069","15/03/2026 11:52:35 a. m.","True"
"VENDOR_ARCHIVE","RuneforgeCore","be_BY.ini","C:\RUNEFOGE_PRO\runeforge\runeforge\app\retro\_downloads\PPSSPPWindowsARM64\assets\lang\be_BY.ini","0.073","15/03/2026 11:52:35 a. m.","True"
"VENDOR_ARCHIVE","RuneforgeCore","bg_BG.ini","C:\RUNEFOGE_PRO\runeforge\runeforge\app\retro\_downloads\PPSSPPWindowsARM64\assets\lang\bg_BG.ini","0.073","15/03/2026 11:52:35 a. m.","True"
"VENDOR_ARCHIVE","RuneforgeCore","ca_ES.ini","C:\RUNEFOGE_PRO\runeforge\runeforge\app\retro\_downloads\PPSSPPWindowsARM64\assets\lang\ca_ES.ini","0.063","15/03/2026 11:52:35 a. m.","True"
"VENDOR_ARCHIVE","RuneforgeCore","cz_CZ.ini","C:\RUNEFOGE_PRO\runeforge\runeforge\app\retro\_downloads\PPSSPPWindowsARM64\assets\lang\cz_CZ.ini","0.063","15/03/2026 11:52:35 a. m.","True"
"VENDOR_ARCHIVE","RuneforgeCore","da_DK.ini","C:\RUNEFOGE_PRO\runeforge\runeforge\app\retro\_downloads\PPSSPPWindowsARM64\assets\lang\da_DK.ini","0.061","15/03/2026 11:52:35 a. m.","True"
"VENDOR_ARCHIVE","RuneforgeCore","de_DE.ini","C:\RUNEFOGE_PRO\runeforge\runeforge\app\retro\_downloads\PPSSPPWindowsARM64\assets\lang\de_DE.ini","0.067","15/03/2026 11:52:35 a. m.","True"
"VENDOR_ARCHIVE","RuneforgeCore","dr_ID.ini","C:\RUNEFOGE_PRO\runeforge\runeforge\app\retro\_downloads\PPSSPPWindowsARM64\assets\lang\dr_ID.ini","0.061","15/03/2026 11:52:35 a. m.","True"
"VENDOR_ARCHIVE","RuneforgeCore","en_US.ini","C:\RUNEFOGE_PRO\runeforge\runeforge\app\retro\_downloads\PPSSPPWindowsARM64\assets\lang\en_US.ini","0.061","15/03/2026 11:52:35 a. m.","True"
"VENDOR_ARCHIVE","RuneforgeCore","es_ES.ini","C:\RUNEFOGE_PRO\runeforge\runeforge\app\retro\_downloads\PPSSPPWindowsARM64\assets\lang\es_ES.ini","0.069","15/03/2026 11:52:35 a. m.","True"
"VENDOR_ARCHIVE","RuneforgeCore","es_LA.ini","C:\RUNEFOGE_PRO\runeforge\runeforge\app\retro\_downloads\PPSSPPWindowsARM64\assets\lang\es_LA.ini","0.067","15/03/2026 11:52:35 a. m.","True"
"VENDOR_ARCHIVE","RuneforgeCore","fa_IR.ini","C:\RUNEFOGE_PRO\runeforge\runeforge\app\retro\_downloads\PPSSPPWindowsARM64\assets\lang\fa_IR.ini","0.073","15/03/2026 11:52:35 a. m.","True"
"VENDOR_ARCHIVE","RuneforgeCore","fi_FI.ini","C:\RUNEFOGE_PRO\runeforge\runeforge\app\retro\_downloads\PPSSPPWindowsARM64\assets\lang\fi_FI.ini","0.065","15/03/2026 11:52:35 a. m.","True"
"VENDOR_ARCHIVE","RuneforgeCore","fr_FR.ini","C:\RUNEFOGE_PRO\runeforge\runeforge\app\retro\_downloads\PPSSPPWindowsARM64\assets\lang\fr_FR.ini","0.067","15/03/2026 11:52:35 a. m.","True"
"VENDOR_ARCHIVE","RuneforgeCore","gl_ES.ini","C:\RUNEFOGE_PRO\runeforge\runeforge\app\retro\_downloads\PPSSPPWindowsARM64\assets\lang\gl_ES.ini","0.062","15/03/2026 11:52:35 a. m.","True"
"VENDOR_ARCHIVE","RuneforgeCore","gr_EL.ini","C:\RUNEFOGE_PRO\runeforge\runeforge\app\retro\_downloads\PPSSPPWindowsARM64\assets\lang\gr_EL.ini","0.082","15/03/2026 11:52:35 a. m.","True"
"VENDOR_ARCHIVE","RuneforgeCore","he_IL_invert.ini","C:\RUNEFOGE_PRO\runeforge\runeforge\app\retro\_downloads\PPSSPPWindowsARM64\assets\lang\he_IL_invert.ini","0.063","15/03/2026 11:52:35 a. m.","True"
"VENDOR_ARCHIVE","RuneforgeCore","he_IL.ini","C:\RUNEFOGE_PRO\runeforge\runeforge\app\retro\_downloads\PPSSPPWindowsARM64\assets\lang\he_IL.ini","0.063","15/03/2026 11:52:35 a. m.","True"
"VENDOR_ARCHIVE","RuneforgeCore","hr_HR.ini","C:\RUNEFOGE_PRO\runeforge\runeforge\app\retro\_downloads\PPSSPPWindowsARM64\assets\lang\hr_HR.ini","0.063","15/03/2026 11:52:35 a. m.","True"
"VENDOR_ARCHIVE","RuneforgeCore","hu_HU.ini","C:\RUNEFOGE_PRO\runeforge\runeforge\app\retro\_downloads\PPSSPPWindowsARM64\assets\lang\hu_HU.ini","0.068","15/03/2026 11:52:35 a. m.","True"
"VENDOR_ARCHIVE","RuneforgeCore","id_ID.ini","C:\RUNEFOGE_PRO\runeforge\runeforge\app\retro\_downloads\PPSSPPWindowsARM64\assets\lang\id_ID.ini","0.065","15/03/2026 11:52:35 a. m.","True"
"VENDOR_ARCHIVE","RuneforgeCore","it_IT.ini","C:\RUNEFOGE_PRO\runeforge\runeforge\app\retro\_downloads\PPSSPPWindowsARM64\assets\lang\it_IT.ini","0.068","15/03/2026 11:52:35 a. m.","True"
"VENDOR_ARCHIVE","RuneforgeCore","ja_JP.ini","C:\RUNEFOGE_PRO\runeforge\runeforge\app\retro\_downloads\PPSSPPWindowsARM64\assets\lang\ja_JP.ini","0.08","15/03/2026 11:52:35 a. m.","True"
"VENDOR_ARCHIVE","RuneforgeCore","jv_ID.ini","C:\RUNEFOGE_PRO\runeforge\runeforge\app\retro\_downloads\PPSSPPWindowsARM64\assets\lang\jv_ID.ini","0.061","15/03/2026 11:52:35 a. m.","True"
"VENDOR_ARCHIVE","RuneforgeCore","ko_KR.ini","C:\RUNEFOGE_PRO\runeforge\runeforge\app\retro\_downloads\PPSSPPWindowsARM64\assets\lang\ko_KR.ini","0.07","15/03/2026 11:52:35 a. m.","True"
"VENDOR_ARCHIVE","RuneforgeCore","ku_SO.ini","C:\RUNEFOGE_PRO\runeforge\runeforge\app\retro\_downloads\PPSSPPWindowsARM64\assets\lang\ku_SO.ini","0.066","15/03/2026 11:52:35 a. m.","True"
"VENDOR_ARCHIVE","RuneforgeCore","lo_LA.ini","C:\RUNEFOGE_PRO\runeforge\runeforge\app\retro\_downloads\PPSSPPWindowsARM64\assets\lang\lo_LA.ini","0.083","15/03/2026 11:52:35 a. m.","True"
"VENDOR_ARCHIVE","RuneforgeCore","lt-LT.ini","C:\RUNEFOGE_PRO\runeforge\runeforge\app\retro\_downloads\PPSSPPWindowsARM64\assets\lang\lt-LT.ini","0.064","15/03/2026 11:52:35 a. m.","True"
"VENDOR_ARCHIVE","RuneforgeCore","ms_MY.ini","C:\RUNEFOGE_PRO\runeforge\runeforge\app\retro\_downloads\PPSSPPWindowsARM64\assets\lang\ms_MY.ini","0.061","15/03/2026 11:52:35 a. m.","True"
"VENDOR_ARCHIVE","RuneforgeCore","nl_NL.ini","C:\RUNEFOGE_PRO\runeforge\runeforge\app\retro\_downloads\PPSSPPWindowsARM64\assets\lang\nl_NL.ini","0.063","15/03/2026 11:52:35 a. m.","True"
"VENDOR_ARCHIVE","RuneforgeCore","no_NO.ini","C:\RUNEFOGE_PRO\runeforge\runeforge\app\retro\_downloads\PPSSPPWindowsARM64\assets\lang\no_NO.ini","0.061","15/03/2026 11:52:35 a. m.","True"
"VENDOR_ARCHIVE","RuneforgeCore","pl_PL.ini","C:\RUNEFOGE_PRO\runeforge\runeforge\app\retro\_downloads\PPSSPPWindowsARM64\assets\lang\pl_PL.ini","0.068","15/03/2026 11:52:35 a. m.","True"
"VENDOR_ARCHIVE","RuneforgeCore","pt_BR.ini","C:\RUNEFOGE_PRO\runeforge\runeforge\app\retro\_downloads\PPSSPPWindowsARM64\assets\lang\pt_BR.ini","0.07","15/03/2026 11:52:35 a. m.","True"
"VENDOR_ARCHIVE","RuneforgeCore","pt_PT.ini","C:\RUNEFOGE_PRO\runeforge\runeforge\app\retro\_downloads\PPSSPPWindowsARM64\assets\lang\pt_PT.ini","0.07","15/03/2026 11:52:35 a. m.","True"
"VENDOR_ARCHIVE","RuneforgeCore","README.md","C:\RUNEFOGE_PRO\runeforge\runeforge\app\retro\_downloads\PPSSPPWindowsARM64\assets\lang\README.md","0.001","15/03/2026 11:52:35 a. m.","True"
"VENDOR_ARCHIVE","RuneforgeCore","ro_RO.ini","C:\RUNEFOGE_PRO\runeforge\runeforge\app\retro\_downloads\PPSSPPWindowsARM64\assets\lang\ro_RO.ini","0.062","15/03/2026 11:52:35 a. m.","True"
"VENDOR_ARCHIVE","RuneforgeCore","ru_RU.ini","C:\RUNEFOGE_PRO\runeforge\runeforge\app\retro\_downloads\PPSSPPWindowsARM64\assets\lang\ru_RU.ini","0.092","15/03/2026 11:52:35 a. m.","True"
"VENDOR_ARCHIVE","RuneforgeCore","sv_SE.ini","C:\RUNEFOGE_PRO\runeforge\runeforge\app\retro\_downloads\PPSSPPWindowsARM64\assets\lang\sv_SE.ini","0.063","15/03/2026 11:52:35 a. m.","True"
"VENDOR_ARCHIVE","RuneforgeCore","tg_PH.ini","C:\RUNEFOGE_PRO\runeforge\runeforge\app\retro\_downloads\PPSSPPWindowsARM64\assets\lang\tg_PH.ini","0.068","15/03/2026 11:52:35 a. m.","True"
"VENDOR_ARCHIVE","RuneforgeCore","th_TH.ini","C:\RUNEFOGE_PRO\runeforge\runeforge\app\retro\_downloads\PPSSPPWindowsARM64\assets\lang\th_TH.ini","0.126","15/03/2026 11:52:35 a. m.","True"
"VENDOR_ARCHIVE","RuneforgeCore","tr_TR.ini","C:\RUNEFOGE_PRO\runeforge\runeforge\app\retro\_downloads\PPSSPPWindowsARM64\assets\lang\tr_TR.ini","0.066","15/03/2026 11:52:35 a. m.","True"
"VENDOR_ARCHIVE","RuneforgeCore","uk_UA.ini","C:\RUNEFOGE_PRO\runeforge\runeforge\app\retro\_downloads\PPSSPPWindowsARM64\assets\lang\uk_UA.ini","0.091","15/03/2026 11:52:35 a. m.","True"
"VENDOR_ARCHIVE","RuneforgeCore","vi_VN.ini","C:\RUNEFOGE_PRO\runeforge\runeforge\app\retro\_downloads\PPSSPPWindowsARM64\assets\lang\vi_VN.ini","0.066","15/03/2026 11:52:35 a. m.","True"
"VENDOR_ARCHIVE","RuneforgeCore","zh_CN.ini","C:\RUNEFOGE_PRO\runeforge\runeforge\app\retro\_downloads\PPSSPPWindowsARM64\assets\lang\zh_CN.ini","0.061","15/03/2026 11:52:35 a. m.","True"
"VENDOR_ARCHIVE","RuneforgeCore","zh_TW.ini","C:\RUNEFOGE_PRO\runeforge\runeforge\app\retro\_downloads\PPSSPPWindowsARM64\assets\lang\zh_TW.ini","0.06","15/03/2026 11:52:35 a. m.","True"
"VENDOR_ARCHIVE","RuneforgeCore","jpn0.pgf","C:\RUNEFOGE_PRO\runeforge\runeforge\app\retro\_downloads\PPSSPPWindowsARM64\assets\flash0\font\jpn0.pgf","4.116","15/03/2026 11:52:35 a. m.","True"
"VENDOR_ARCHIVE","RuneforgeCore","kr0.pgf","C:\RUNEFOGE_PRO\runeforge\runeforge\app\retro\_downloads\PPSSPPWindowsARM64\assets\flash0\font\kr0.pgf","1.566","15/03/2026 11:52:35 a. m.","True"
"VENDOR_ARCHIVE","RuneforgeCore","ltn0.pgf","C:\RUNEFOGE_PRO\runeforge\runeforge\app\retro\_downloads\PPSSPPWindowsARM64\assets\flash0\font\ltn0.pgf","0.036","15/03/2026 11:52:35 a. m.","True"
"VENDOR_ARCHIVE","RuneforgeCore","ltn1.pgf","C:\RUNEFOGE_PRO\runeforge\runeforge\app\retro\_downloads\PPSSPPWindowsARM64\assets\flash0\font\ltn1.pgf","0.036","15/03/2026 11:52:35 a. m.","True"
"VENDOR_ARCHIVE","RuneforgeCore","ltn10.pgf","C:\RUNEFOGE_PRO\runeforge\runeforge\app\retro\_downloads\PPSSPPWindowsARM64\assets\flash0\font\ltn10.pgf","0.03","15/03/2026 11:52:35 a. m.","True"
"VENDOR_ARCHIVE","RuneforgeCore","ltn11.pgf","C:\RUNEFOGE_PRO\runeforge\runeforge\app\retro\_downloads\PPSSPPWindowsARM64\assets\flash0\font\ltn11.pgf","0.028","15/03/2026 11:52:35 a. m.","True"
"VENDOR_ARCHIVE","RuneforgeCore","ltn12.pgf","C:\RUNEFOGE_PRO\runeforge\runeforge\app\retro\_downloads\PPSSPPWindowsARM64\assets\flash0\font\ltn12.pgf","0.028","15/03/2026 11:52:35 a. m.","True"
"VENDOR_ARCHIVE","RuneforgeCore","ltn13.pgf","C:\RUNEFOGE_PRO\runeforge\runeforge\app\retro\_downloads\PPSSPPWindowsARM64\assets\flash0\font\ltn13.pgf","0.028","15/03/2026 11:52:35 a. m.","True"
"VENDOR_ARCHIVE","RuneforgeCore","ltn14.pgf","C:\RUNEFOGE_PRO\runeforge\runeforge\app\retro\_downloads\PPSSPPWindowsARM64\assets\flash0\font\ltn14.pgf","0.03","15/03/2026 11:52:35 a. m.","True"
"VENDOR_ARCHIVE","RuneforgeCore","ltn15.pgf","C:\RUNEFOGE_PRO\runeforge\runeforge\app\retro\_downloads\PPSSPPWindowsARM64\assets\flash0\font\ltn15.pgf","0.029","15/03/2026 11:52:35 a. m.","True"
"VENDOR_ARCHIVE","RuneforgeCore","ltn2.pgf","C:\RUNEFOGE_PRO\runeforge\runeforge\app\retro\_downloads\PPSSPPWindowsARM64\assets\flash0\font\ltn2.pgf","0.039","15/03/2026 11:52:35 a. m.","True"
"VENDOR_ARCHIVE","RuneforgeCore","ltn3.pgf","C:\RUNEFOGE_PRO\runeforge\runeforge\app\retro\_downloads\PPSSPPWindowsARM64\assets\flash0\font\ltn3.pgf","0.039","15/03/2026 11:52:35 a. m.","True"
"VENDOR_ARCHIVE","RuneforgeCore","ltn4.pgf","C:\RUNEFOGE_PRO\runeforge\runeforge\app\retro\_downloads\PPSSPPWindowsARM64\assets\flash0\font\ltn4.pgf","0.038","15/03/2026 11:52:35 a. m.","True"
"VENDOR_ARCHIVE","RuneforgeCore","ltn5.pgf","C:\RUNEFOGE_PRO\runeforge\runeforge\app\retro\_downloads\PPSSPPWindowsARM64\assets\flash0\font\ltn5.pgf","0.037","15/03/2026 11:52:35 a. m.","True"
"VENDOR_ARCHIVE","RuneforgeCore","ltn6.pgf","C:\RUNEFOGE_PRO\runeforge\runeforge\app\retro\_downloads\PPSSPPWindowsARM64\assets\flash0\font\ltn6.pgf","0.04","15/03/2026 11:52:35 a. m.","True"
"VENDOR_ARCHIVE","RuneforgeCore","ltn7.pgf","C:\RUNEFOGE_PRO\runeforge\runeforge\app\retro\_downloads\PPSSPPWindowsARM64\assets\flash0\font\ltn7.pgf","0.04","15/03/2026 11:52:35 a. m.","True"
"VENDOR_ARCHIVE","RuneforgeCore","ltn8.pgf","C:\RUNEFOGE_PRO\runeforge\runeforge\app\retro\_downloads\PPSSPPWindowsARM64\assets\flash0\font\ltn8.pgf","0.029","15/03/2026 11:52:35 a. m.","True"
"VENDOR_ARCHIVE","RuneforgeCore","ltn9.pgf","C:\RUNEFOGE_PRO\runeforge\runeforge\app\retro\_downloads\PPSSPPWindowsARM64\assets\flash0\font\ltn9.pgf","0.026","15/03/2026 11:52:35 a. m.","True"
"VENDOR_ARCHIVE","RuneforgeCore",".nojekyll","C:\RUNEFOGE_PRO\runeforge\runeforge\app\retro\_downloads\PPSSPPWindowsARM64\assets\debugger\.nojekyll","0","15/03/2026 11:53:07 a. m.","True"
"VENDOR_ARCHIVE","RuneforgeCore","asset-manifest.json","C:\RUNEFOGE_PRO\runeforge\runeforge\app\retro\_downloads\PPSSPPWindowsARM64\assets\debugger\asset-manifest.json","0","15/03/2026 11:53:07 a. m.","True"
"VENDOR_ARCHIVE","RuneforgeCore","favicon.ico","C:\RUNEFOGE_PRO\runeforge\runeforge\app\retro\_downloads\PPSSPPWindowsARM64\assets\debugger\favicon.ico","0.107","15/03/2026 11:53:07 a. m.","True"
"VENDOR_ARCHIVE","RuneforgeCore","index.html","C:\RUNEFOGE_PRO\runeforge\runeforge\app\retro\_downloads\PPSSPPWindowsARM64\assets\debugger\index.html","0.001","15/03/2026 11:53:07 a. m.","True"
"VENDOR_ARCHIVE","RuneforgeCore","manifest.json","C:\RUNEFOGE_PRO\runeforge\runeforge\app\retro\_downloads\PPSSPPWindowsARM64\assets\debugger\manifest.json","0","15/03/2026 11:53:07 a. m.","True"
"VENDOR_ARCHIVE","RuneforgeCore","logo.94f885ce93dfb6d29a122402a15cccca.svg","C:\RUNEFOGE_PRO\runeforge\runeforge\app\retro\_downloads\PPSSPPWindowsARM64\assets\debugger\static\media\logo.94f885ce93dfb6d29a122402a15cccca.svg","0.003","15/03/2026 11:53:07 a. m.","True"
"VENDOR_ARCHIVE","RuneforgeCore","main.fe87e942.js","C:\RUNEFOGE_PRO\runeforge\runeforge\app\retro\_downloads\PPSSPPWindowsARM64\assets\debugger\static\js\main.fe87e942.js","0.558","15/03/2026 11:53:07 a. m.","True"
"VENDOR_ARCHIVE","RuneforgeCore","main.fe87e942.js.LICENSE.txt","C:\RUNEFOGE_PRO\runeforge\runeforge\app\retro\_downloads\PPSSPPWindowsARM64\assets\debugger\static\js\main.fe87e942.js.LICENSE.txt","0.002","15/03/2026 11:53:07 a. m.","True"
"VENDOR_ARCHIVE","RuneforgeCore","main.fe87e942.js.map","C:\RUNEFOGE_PRO\runeforge\runeforge\app\retro\_downloads\PPSSPPWindowsARM64\assets\debugger\static\js\main.fe87e942.js.map","2.132","15/03/2026 11:53:07 a. m.","True"
"VENDOR_ARCHIVE","RuneforgeCore","main.3eab8a01.css","C:\RUNEFOGE_PRO\runeforge\runeforge\app\retro\_downloads\PPSSPPWindowsARM64\assets\debugger\static\css\main.3eab8a01.css","0.015","15/03/2026 11:53:07 a. m.","True"
"VENDOR_ARCHIVE","RuneforgeCore","main.3eab8a01.css.map","C:\RUNEFOGE_PRO\runeforge\runeforge\app\retro\_downloads\PPSSPPWindowsARM64\assets\debugger\static\css\main.3eab8a01.css.map","0.027","15/03/2026 11:53:07 a. m.","True"
"REVIEW_MANUAL","RuneforgeCore","index.html","C:\RUNEFOGE_PRO\runeforge\runeforge\app\public\index.html","0.001","19/04/2026 05:54:19 a. m.","True"
"REVIEW_MANUAL","RuneforgeCore","runeforge-ssh-bootstrap.ps1","C:\RUNEFOGE_PRO\runeforge\runeforge\app\ops\runeforge-ssh-bootstrap.ps1","0.004","17/04/2026 12:10:31 p. m.","True"
"REVIEW_MANUAL","RuneforgeCore","runeforge-ssh-repair-v2.ps1","C:\RUNEFOGE_PRO\runeforge\runeforge\app\ops\runeforge-ssh-repair-v2.ps1","0.005","17/04/2026 12:20:20 p. m.","True"
"VENDOR_ARCHIVE","RuneforgeCore","start-ppsspp.ps1","C:\RUNEFOGE_PRO\runeforge\runeforge\app\ops\retro\start-ppsspp.ps1","0","22/03/2026 10:38:02 p. m.","True"
"REVIEW_MANUAL","RuneforgeCore","check-game-host.ps1","C:\RUNEFOGE_PRO\runeforge\runeforge\app\ops\games\check-game-host.ps1","0.001","21/03/2026 09:07:58 p. m.","True"
"REVIEW_MANUAL","RuneforgeCore","check-gpu.ps1","C:\RUNEFOGE_PRO\runeforge\runeforge\app\ops\games\check-gpu.ps1","0","21/03/2026 09:02:46 p. m.","True"
"REVIEW_MANUAL","RuneforgeCore","check-network.ps1","C:\RUNEFOGE_PRO\runeforge\runeforge\app\ops\games\check-network.ps1","0","21/03/2026 09:02:46 p. m.","True"
"REVIEW_MANUAL","RuneforgeCore","start-steam.ps1","C:\RUNEFOGE_PRO\runeforge\runeforge\app\ops\games\start-steam.ps1","0","21/03/2026 09:02:46 p. m.","True"
"REVIEW_MANUAL","RuneforgeCore","start-sunshine.ps1","C:\RUNEFOGE_PRO\runeforge\runeforge\app\ops\games\start-sunshine.ps1","0.001","21/03/2026 09:07:58 p. m.","True"
"REVIEW_MANUAL","RuneforgeCore","stop-sunshine.ps1","C:\RUNEFOGE_PRO\runeforge\runeforge\app\ops\games\stop-sunshine.ps1","0","21/03/2026 09:07:58 p. m.","True"
"REVIEW_MANUAL","RuneforgeCore","chat.log","C:\RUNEFOGE_PRO\runeforge\runeforge\app\data\trace\chat.log","0.004","24/04/2026 03:07:36 a. m.","True"
"REVIEW_MANUAL","RuneforgeCore","ssh_repair_20260417_122033.log","C:\RUNEFOGE_PRO\runeforge\runeforge\app\data\trace\ssh_repair_20260417_122033.log","0.005","17/04/2026 12:20:59 p. m.","True"
"REVIEW_MANUAL","RuneforgeCore","ssh_repair_20260417_122049.log","C:\RUNEFOGE_PRO\runeforge\runeforge\app\data\trace\ssh_repair_20260417_122049.log","0.003","17/04/2026 12:20:59 p. m.","True"
"AUDIT_OR_TRACE_DATA","RuneforgeCore","runeforge.log","C:\RUNEFOGE_PRO\runeforge\runeforge\app\data\logs\runeforge.log","0.02","24/04/2026 03:15:59 a. m.","True"
"VENDOR_ARCHIVE","RuneforgeCore","Sunshine-master.zip","C:\RUNEFOGE_PRO\runeforge\runeforge\app\_archive\source-zips\Sunshine-master.zip","28.929","22/03/2026 03:50:26 a. m.","True"
"VENDOR_ARCHIVE","RuneforgeCore",".clang-format","C:\RUNEFOGE_PRO\runeforge\runeforge\app\_archive\source-zips\Sunshine-master\Sunshine-master\.clang-format","0.003","21/03/2026 08:14:42 p. m.","True"
"VENDOR_ARCHIVE","RuneforgeCore",".dockerignore","C:\RUNEFOGE_PRO\runeforge\runeforge\app\_archive\source-zips\Sunshine-master\Sunshine-master\.dockerignore","0","21/03/2026 08:14:42 p. m.","True"
"VENDOR_ARCHIVE","RuneforgeCore",".flake8","C:\RUNEFOGE_PRO\runeforge\runeforge\app\_archive\source-zips\Sunshine-master\Sunshine-master\.flake8","0","21/03/2026 08:14:42 p. m.","True"
"VENDOR_ARCHIVE","RuneforgeCore",".gitattributes","C:\RUNEFOGE_PRO\runeforge\runeforge\app\_archive\source-zips\Sunshine-master\Sunshine-master\.gitattributes","0","21/03/2026 08:14:42 p. m.","True"
"VENDOR_ARCHIVE","RuneforgeCore",".gitignore","C:\RUNEFOGE_PRO\runeforge\runeforge\app\_archive\source-zips\Sunshine-master\Sunshine-master\.gitignore","0","21/03/2026 08:14:42 p. m.","True"
"VENDOR_ARCHIVE","RuneforgeCore",".gitmodules","C:\RUNEFOGE_PRO\runeforge\runeforge\app\_archive\source-zips\Sunshine-master\Sunshine-master\.gitmodules","0.003","21/03/2026 08:14:42 p. m.","True"
"VENDOR_ARCHIVE","RuneforgeCore",".prettierrc.json","C:\RUNEFOGE_PRO\runeforge\runeforge\app\_archive\source-zips\Sunshine-master\Sunshine-master\.prettierrc.json","0","21/03/2026 08:14:42 p. m.","True"
"VENDOR_ARCHIVE","RuneforgeCore",".readthedocs.yaml","C:\RUNEFOGE_PRO\runeforge\runeforge\app\_archive\source-zips\Sunshine-master\Sunshine-master\.readthedocs.yaml","0.001","21/03/2026 08:14:42 p. m.","True"
"VENDOR_ARCHIVE","RuneforgeCore",".rstcheck.cfg","C:\RUNEFOGE_PRO\runeforge\runeforge\app\_archive\source-zips\Sunshine-master\Sunshine-master\.rstcheck.cfg","0","21/03/2026 08:14:42 p. m.","True"
"VENDOR_ARCHIVE","RuneforgeCore","CMakeLists.txt","C:\RUNEFOGE_PRO\runeforge\runeforge\app\_archive\source-zips\Sunshine-master\Sunshine-master\CMakeLists.txt","0.002","21/03/2026 08:14:42 p. m.","True"
"VENDOR_ARCHIVE","RuneforgeCore","codecov.yml","C:\RUNEFOGE_PRO\runeforge\runeforge\app\_archive\source-zips\Sunshine-master\Sunshine-master\codecov.yml","0","21/03/2026 08:14:42 p. m.","True"
"VENDOR_ARCHIVE","RuneforgeCore","crowdin.yml","C:\RUNEFOGE_PRO\runeforge\runeforge\app\_archive\source-zips\Sunshine-master\Sunshine-master\crowdin.yml","0.001","21/03/2026 08:14:42 p. m.","True"
"VENDOR_ARCHIVE","RuneforgeCore","DOCKER_README.md","C:\RUNEFOGE_PRO\runeforge\runeforge\app\_archive\source-zips\Sunshine-master\Sunshine-master\DOCKER_README.md","0.006","21/03/2026 08:14:42 p. m.","True"
"VENDOR_ARCHIVE","RuneforgeCore","LICENSE","C:\RUNEFOGE_PRO\runeforge\runeforge\app\_archive\source-zips\Sunshine-master\Sunshine-master\LICENSE","0.034","21/03/2026 08:14:42 p. m.","True"
"VENDOR_ARCHIVE","RuneforgeCore","NOTICE","C:\RUNEFOGE_PRO\runeforge\runeforge\app\_archive\source-zips\Sunshine-master\Sunshine-master\NOTICE","0","21/03/2026 08:14:42 p. m.","True"
"VENDOR_ARCHIVE","RuneforgeCore","package.json","C:\RUNEFOGE_PRO\runeforge\runeforge\app\_archive\source-zips\Sunshine-master\Sunshine-master\package.json","0.001","21/03/2026 08:14:42 p. m.","True"
"VENDOR_ARCHIVE","RuneforgeCore","pyproject.toml","C:\RUNEFOGE_PRO\runeforge\runeforge\app\_archive\source-zips\Sunshine-master\Sunshine-master\pyproject.toml","0.001","21/03/2026 08:14:42 p. m.","True"
"VENDOR_ARCHIVE","RuneforgeCore","README.md","C:\RUNEFOGE_PRO\runeforge\runeforge\app\_archive\source-zips\Sunshine-master\Sunshine-master\README.md","0.013","21/03/2026 08:14:42 p. m.","True"
"VENDOR_ARCHIVE","RuneforgeCore","sunshine.ico","C:\RUNEFOGE_PRO\runeforge\runeforge\app\_archive\source-zips\Sunshine-master\Sunshine-master\sunshine.ico","0.115","21/03/2026 08:14:42 p. m.","True"
"VENDOR_ARCHIVE","RuneforgeCore","sunshine.png","C:\RUNEFOGE_PRO\runeforge\runeforge\app\_archive\source-zips\Sunshine-master\Sunshine-master\sunshine.png","0.02","21/03/2026 08:14:42 p. m.","True"
"VENDOR_ARCHIVE","RuneforgeCore","sunshine.svg","C:\RUNEFOGE_PRO\runeforge\runeforge\app\_archive\source-zips\Sunshine-master\Sunshine-master\sunshine.svg","0.002","21/03/2026 08:14:42 p. m.","True"
"VENDOR_ARCHIVE","RuneforgeCore","vite.config.js","C:\RUNEFOGE_PRO\runeforge\runeforge\app\_archive\source-zips\Sunshine-master\Sunshine-master\vite.config.js","0.003","21/03/2026 08:14:42 p. m.","True"
"VENDOR_ARCHIVE","RuneforgeCore","audio.cpp","C:\RUNEFOGE_PRO\runeforge\runeforge\app\_archive\source-zips\Sunshine-master\Sunshine-master\tools\audio.cpp","0.009","21/03/2026 08:14:42 p. m.","True"
"VENDOR_ARCHIVE","RuneforgeCore","CMakeLists.txt","C:\RUNEFOGE_PRO\runeforge\runeforge\app\_archive\source-zips\Sunshine-master\Sunshine-master\tools\CMakeLists.txt","0.001","21/03/2026 08:14:42 p. m.","True"
"VENDOR_ARCHIVE","RuneforgeCore","dxgi.cpp","C:\RUNEFOGE_PRO\runeforge\runeforge\app\_archive\source-zips\Sunshine-master\Sunshine-master\tools\dxgi.cpp","0.003","21/03/2026 08:14:42 p. m.","True"
"VENDOR_ARCHIVE","RuneforgeCore","sunshinesvc.cpp","C:\RUNEFOGE_PRO\runeforge\runeforge\app\_archive\source-zips\Sunshine-master\Sunshine-master\tools\sunshinesvc.cpp","0.013","21/03/2026 08:14:42 p. m.","True"
"VENDOR_ARCHIVE","RuneforgeCore",".clang-format-ignore","C:\RUNEFOGE_PRO\runeforge\runeforge\app\_archive\source-zips\Sunshine-master\Sunshine-master\third-party\.clang-format-ignore","0","21/03/2026 08:14:42 p. m.","True"
"VENDOR_ARCHIVE","RuneforgeCore","helper_math.h","C:\RUNEFOGE_PRO\runeforge\runeforge\app\_archive\source-zips\Sunshine-master\Sunshine-master\third-party\nvfbc\helper_math.h","0.036","21/03/2026 08:14:42 p. m.","True"
"VENDOR_ARCHIVE","RuneforgeCore","NvFBC.h","C:\RUNEFOGE_PRO\runeforge\runeforge\app\_archive\source-zips\Sunshine-master\Sunshine-master\third-party\nvfbc\NvFBC.h","0.063","21/03/2026 08:14:42 p. m.","True"
"VENDOR_ARCHIVE","RuneforgeCore","CMakeLists.txt","C:\RUNEFOGE_PRO\runeforge\runeforge\app\_archive\source-zips\Sunshine-master\Sunshine-master\tests\CMakeLists.txt","0.007","21/03/2026 08:14:42 p. m.","True"
"VENDOR_ARCHIVE","RuneforgeCore","tests_common.h","C:\RUNEFOGE_PRO\runeforge\runeforge\app\_archive\source-zips\Sunshine-master\Sunshine-master\tests\tests_common.h","0.005","21/03/2026 08:14:42 p. m.","True"
"VENDOR_ARCHIVE","RuneforgeCore","tests_environment.h","C:\RUNEFOGE_PRO\runeforge\runeforge\app\_archive\source-zips\Sunshine-master\Sunshine-master\tests\tests_environment.h","0","21/03/2026 08:14:42 p. m.","True"
"VENDOR_ARCHIVE","RuneforgeCore","tests_events.h","C:\RUNEFOGE_PRO\runeforge\runeforge\app\_archive\source-zips\Sunshine-master\Sunshine-master\tests\tests_events.h","0.002","21/03/2026 08:14:42 p. m.","True"
"VENDOR_ARCHIVE","RuneforgeCore","tests_log_checker.h","C:\RUNEFOGE_PRO\runeforge\runeforge\app\_archive\source-zips\Sunshine-master\Sunshine-master\tests\tests_log_checker.h","0.004","21/03/2026 08:14:42 p. m.","True"
"VENDOR_ARCHIVE","RuneforgeCore","tests_main.cpp","C:\RUNEFOGE_PRO\runeforge\runeforge\app\_archive\source-zips\Sunshine-master\Sunshine-master\tests\tests_main.cpp","0","21/03/2026 08:14:42 p. m.","True"
"VENDOR_ARCHIVE","RuneforgeCore","test_audio.cpp","C:\RUNEFOGE_PRO\runeforge\runeforge\app\_archive\source-zips\Sunshine-master\Sunshine-master\tests\unit\test_audio.cpp","0.002","21/03/2026 08:14:42 p. m.","True"
"VENDOR_ARCHIVE","RuneforgeCore","test_confighttp.cpp","C:\RUNEFOGE_PRO\runeforge\runeforge\app\_archive\source-zips\Sunshine-master\Sunshine-master\tests\unit\test_confighttp.cpp","0.058","21/03/2026 08:14:42 p. m.","True"
"VENDOR_ARCHIVE","RuneforgeCore","test_display_device.cpp","C:\RUNEFOGE_PRO\runeforge\runeforge\app\_archive\source-zips\Sunshine-master\Sunshine-master\tests\unit\test_display_device.cpp","0.035","21/03/2026 08:14:42 p. m.","True"
"VENDOR_ARCHIVE","RuneforgeCore","test_entry_handler.cpp","C:\RUNEFOGE_PRO\runeforge\runeforge\app\_archive\source-zips\Sunshine-master\Sunshine-master\tests\unit\test_entry_handler.cpp","0.001","21/03/2026 08:14:42 p. m.","True"
"VENDOR_ARCHIVE","RuneforgeCore","test_file_handler.cpp","C:\RUNEFOGE_PRO\runeforge\runeforge\app\_archive\source-zips\Sunshine-master\Sunshine-master\tests\unit\test_file_handler.cpp","0.003","21/03/2026 08:14:42 p. m.","True"
"VENDOR_ARCHIVE","RuneforgeCore","test_http_pairing.cpp","C:\RUNEFOGE_PRO\runeforge\runeforge\app\_archive\source-zips\Sunshine-master\Sunshine-master\tests\unit\test_http_pairing.cpp","0.013","21/03/2026 08:14:42 p. m.","True"
"VENDOR_ARCHIVE","RuneforgeCore","test_httpcommon.cpp","C:\RUNEFOGE_PRO\runeforge\runeforge\app\_archive\source-zips\Sunshine-master\Sunshine-master\tests\unit\test_httpcommon.cpp","0.002","21/03/2026 08:14:42 p. m.","True"
"VENDOR_ARCHIVE","RuneforgeCore","test_logging.cpp","C:\RUNEFOGE_PRO\runeforge\runeforge\app\_archive\source-zips\Sunshine-master\Sunshine-master\tests\unit\test_logging.cpp","0.001","21/03/2026 08:14:42 p. m.","True"
"VENDOR_ARCHIVE","RuneforgeCore","test_mouse.cpp","C:\RUNEFOGE_PRO\runeforge\runeforge\app\_archive\source-zips\Sunshine-master\Sunshine-master\tests\unit\test_mouse.cpp","0.004","21/03/2026 08:14:42 p. m.","True"
"VENDOR_ARCHIVE","RuneforgeCore","test_network.cpp","C:\RUNEFOGE_PRO\runeforge\runeforge\app\_archive\source-zips\Sunshine-master\Sunshine-master\tests\unit\test_network.cpp","0.004","21/03/2026 08:14:42 p. m.","True"
"VENDOR_ARCHIVE","RuneforgeCore","test_process.cpp","C:\RUNEFOGE_PRO\runeforge\runeforge\app\_archive\source-zips\Sunshine-master\Sunshine-master\tests\unit\test_process.cpp","0.006","21/03/2026 08:14:42 p. m.","True"
"VENDOR_ARCHIVE","RuneforgeCore","test_rswrapper.cpp","C:\RUNEFOGE_PRO\runeforge\runeforge\app\_archive\source-zips\Sunshine-master\Sunshine-master\tests\unit\test_rswrapper.cpp","0.001","21/03/2026 08:14:42 p. m.","True"
"VENDOR_ARCHIVE","RuneforgeCore","test_stream.cpp","C:\RUNEFOGE_PRO\runeforge\runeforge\app\_archive\source-zips\Sunshine-master\Sunshine-master\tests\unit\test_stream.cpp","0.001","21/03/2026 08:14:42 p. m.","True"
"VENDOR_ARCHIVE","RuneforgeCore","test_video.cpp","C:\RUNEFOGE_PRO\runeforge\runeforge\app\_archive\source-zips\Sunshine-master\Sunshine-master\tests\unit\test_video.cpp","0.002","21/03/2026 08:14:42 p. m.","True"
"VENDOR_ARCHIVE","RuneforgeCore","test_common.cpp","C:\RUNEFOGE_PRO\runeforge\runeforge\app\_archive\source-zips\Sunshine-master\Sunshine-master\tests\unit\platform\test_common.cpp","0.001","21/03/2026 08:14:42 p. m.","True"
"VENDOR_ARCHIVE","RuneforgeCore","test_utf_utils.cpp","C:\RUNEFOGE_PRO\runeforge\runeforge\app\_archive\source-zips\Sunshine-master\Sunshine-master\tests\unit\platform\windows\test_utf_utils.cpp","0.013","21/03/2026 08:14:42 p. m.","True"
"VENDOR_ARCHIVE","RuneforgeCore","test_av_audio.mm","C:\RUNEFOGE_PRO\runeforge\runeforge\app\_archive\source-zips\Sunshine-master\Sunshine-master\tests\unit\platform\macos\test_av_audio.mm","0.016","21/03/2026 08:14:42 p. m.","True"
"VENDOR_ARCHIVE","RuneforgeCore","test_config_consistency.cpp","C:\RUNEFOGE_PRO\runeforge\runeforge\app\_archive\source-zips\Sunshine-master\Sunshine-master\tests\integration\test_config_consistency.cpp","0.023","21/03/2026 08:14:42 p. m.","True"
"VENDOR_ARCHIVE","RuneforgeCore","test_external_commands.cpp","C:\RUNEFOGE_PRO\runeforge\runeforge\app\_archive\source-zips\Sunshine-master\Sunshine-master\tests\integration\test_external_commands.cpp","0.006","21/03/2026 08:14:42 p. m.","True"
"VENDOR_ARCHIVE","RuneforgeCore","test_locale_consistency.cpp","C:\RUNEFOGE_PRO\runeforge\runeforge\app\_archive\source-zips\Sunshine-master\Sunshine-master\tests\integration\test_locale_consistency.cpp","0.011","21/03/2026 08:14:42 p. m.","True"
"VENDOR_ARCHIVE","RuneforgeCore","hello-redirect.txt","C:\RUNEFOGE_PRO\runeforge\runeforge\app\_archive\source-zips\Sunshine-master\Sunshine-master\tests\fixtures\http\hello-redirect.txt","0","21/03/2026 08:14:42 p. m.","True"
"VENDOR_ARCHIVE","RuneforgeCore","hello.txt","C:\RUNEFOGE_PRO\runeforge\runeforge\app\_archive\source-zips\Sunshine-master\Sunshine-master\tests\fixtures\http\hello.txt","0","21/03/2026 08:14:42 p. m.","True"
"VENDOR_ARCHIVE","RuneforgeCore","sunshine-setup.ps1","C:\RUNEFOGE_PRO\runeforge\runeforge\app\_archive\source-zips\Sunshine-master\Sunshine-master\src_assets\windows\misc\sunshine-setup.ps1","0.022","21/03/2026 08:14:42 p. m.","True"
"VENDOR_ARCHIVE","RuneforgeCore","install-service.bat","C:\RUNEFOGE_PRO\runeforge\runeforge\app\_archive\source-zips\Sunshine-master\Sunshine-master\src_assets\windows\misc\service\install-service.bat","0.002","21/03/2026 08:14:42 p. m.","True"
"VENDOR_ARCHIVE","RuneforgeCore","uninstall-service.bat","C:\RUNEFOGE_PRO\runeforge\runeforge\app\_archive\source-zips\Sunshine-master\Sunshine-master\src_assets\windows\misc\service\uninstall-service.bat","0.001","21/03/2026 08:14:42 p. m.","True"
"VENDOR_ARCHIVE","RuneforgeCore","update-path.bat","C:\RUNEFOGE_PRO\runeforge\runeforge\app\_archive\source-zips\Sunshine-master\Sunshine-master\src_assets\windows\misc\path\update-path.bat","0.003","21/03/2026 08:14:42 p. m.","True"
"VENDOR_ARCHIVE","RuneforgeCore","migrate-config.bat","C:\RUNEFOGE_PRO\runeforge\runeforge\app\_archive\source-zips\Sunshine-master\Sunshine-master\src_assets\windows\misc\migration\migrate-config.bat","0.002","21/03/2026 08:14:42 p. m.","True"
"VENDOR_ARCHIVE","RuneforgeCore","add-firewall-rule.bat","C:\RUNEFOGE_PRO\runeforge\runeforge\app\_archive\source-zips\Sunshine-master\Sunshine-master\src_assets\windows\misc\firewall\add-firewall-rule.bat","0","21/03/2026 08:14:42 p. m.","True"
"VENDOR_ARCHIVE","RuneforgeCore","delete-firewall-rule.bat","C:\RUNEFOGE_PRO\runeforge\runeforge\app\_archive\source-zips\Sunshine-master\Sunshine-master\src_assets\windows\misc\firewall\delete-firewall-rule.bat","0","21/03/2026 08:14:42 p. m.","True"
"VENDOR_ARCHIVE","RuneforgeCore","autostart-service.bat","C:\RUNEFOGE_PRO\runeforge\runeforge\app\_archive\source-zips\Sunshine-master\Sunshine-master\src_assets\windows\misc\autostart\autostart-service.bat","0","21/03/2026 08:14:42 p. m.","True"
"VENDOR_ARCHIVE","RuneforgeCore","apps.json","C:\RUNEFOGE_PRO\runeforge\runeforge\app\_archive\source-zips\Sunshine-master\Sunshine-master\src_assets\windows\assets\apps.json","0","21/03/2026 08:14:42 p. m.","True"
"VENDOR_ARCHIVE","RuneforgeCore","convert_yuv420_packed_uv_type0_ps_linear.hlsl","C:\RUNEFOGE_PRO\runeforge\runeforge\app\_archive\source-zips\Sunshine-master\Sunshine-master\src_assets\windows\assets\shaders\directx\convert_yuv420_packed_uv_type0_ps_linear.hlsl","0","21/03/2026 08:14:42 p. m.","True"
"VENDOR_ARCHIVE","RuneforgeCore","convert_yuv420_packed_uv_type0_ps_perceptual_quantizer.hlsl","C:\RUNEFOGE_PRO\runeforge\runeforge\app\_archive\source-zips\Sunshine-master\Sunshine-master\src_assets\windows\assets\shaders\directx\convert_yuv420_packed_uv_type0_ps_perceptual_quantizer.hlsl","0","21/03/2026 08:14:42 p. m.","True"
"VENDOR_ARCHIVE","RuneforgeCore","convert_yuv420_packed_uv_type0_ps.hlsl","C:\RUNEFOGE_PRO\runeforge\runeforge\app\_archive\source-zips\Sunshine-master\Sunshine-master\src_assets\windows\assets\shaders\directx\convert_yuv420_packed_uv_type0_ps.hlsl","0","21/03/2026 08:14:42 p. m.","True"
"VENDOR_ARCHIVE","RuneforgeCore","convert_yuv420_packed_uv_type0_vs.hlsl","C:\RUNEFOGE_PRO\runeforge\runeforge\app\_archive\source-zips\Sunshine-master\Sunshine-master\src_assets\windows\assets\shaders\directx\convert_yuv420_packed_uv_type0_vs.hlsl","0","21/03/2026 08:14:42 p. m.","True"
"VENDOR_ARCHIVE","RuneforgeCore","convert_yuv420_packed_uv_type0s_ps_linear.hlsl","C:\RUNEFOGE_PRO\runeforge\runeforge\app\_archive\source-zips\Sunshine-master\Sunshine-master\src_assets\windows\assets\shaders\directx\convert_yuv420_packed_uv_type0s_ps_linear.hlsl","0","21/03/2026 08:14:42 p. m.","True"
"VENDOR_ARCHIVE","RuneforgeCore","convert_yuv420_packed_uv_type0s_ps_perceptual_quantizer.hlsl","C:\RUNEFOGE_PRO\runeforge\runeforge\app\_archive\source-zips\Sunshine-master\Sunshine-master\src_assets\windows\assets\shaders\directx\convert_yuv420_packed_uv_type0s_ps_perceptual_quantizer.hlsl","0","21/03/2026 08:14:42 p. m.","True"
"VENDOR_ARCHIVE","RuneforgeCore","convert_yuv420_packed_uv_type0s_ps.hlsl","C:\RUNEFOGE_PRO\runeforge\runeforge\app\_archive\source-zips\Sunshine-master\Sunshine-master\src_assets\windows\assets\shaders\directx\convert_yuv420_packed_uv_type0s_ps.hlsl","0","21/03/2026 08:14:42 p. m.","True"
"VENDOR_ARCHIVE","RuneforgeCore","convert_yuv420_packed_uv_type0s_vs.hlsl","C:\RUNEFOGE_PRO\runeforge\runeforge\app\_archive\source-zips\Sunshine-master\Sunshine-master\src_assets\windows\assets\shaders\directx\convert_yuv420_packed_uv_type0s_vs.hlsl","0","21/03/2026 08:14:42 p. m.","True"
"VENDOR_ARCHIVE","RuneforgeCore","convert_yuv420_planar_y_ps_linear.hlsl","C:\RUNEFOGE_PRO\runeforge\runeforge\app\_archive\source-zips\Sunshine-master\Sunshine-master\src_assets\windows\assets\shaders\directx\convert_yuv420_planar_y_ps_linear.hlsl","0","21/03/2026 08:14:42 p. m.","True"
"VENDOR_ARCHIVE","RuneforgeCore","convert_yuv420_planar_y_ps_perceptual_quantizer.hlsl","C:\RUNEFOGE_PRO\runeforge\runeforge\app\_archive\source-zips\Sunshine-master\Sunshine-master\src_assets\windows\assets\shaders\directx\convert_yuv420_planar_y_ps_perceptual_quantizer.hlsl","0","21/03/2026 08:14:42 p. m.","True"
"VENDOR_ARCHIVE","RuneforgeCore","convert_yuv420_planar_y_ps.hlsl","C:\RUNEFOGE_PRO\runeforge\runeforge\app\_archive\source-zips\Sunshine-master\Sunshine-master\src_assets\windows\assets\shaders\directx\convert_yuv420_planar_y_ps.hlsl","0","21/03/2026 08:14:42 p. m.","True"
"VENDOR_ARCHIVE","RuneforgeCore","convert_yuv420_planar_y_vs.hlsl","C:\RUNEFOGE_PRO\runeforge\runeforge\app\_archive\source-zips\Sunshine-master\Sunshine-master\src_assets\windows\assets\shaders\directx\convert_yuv420_planar_y_vs.hlsl","0","21/03/2026 08:14:42 p. m.","True"
"VENDOR_ARCHIVE","RuneforgeCore","convert_yuv444_packed_ayuv_ps_linear.hlsl","C:\RUNEFOGE_PRO\runeforge\runeforge\app\_archive\source-zips\Sunshine-master\Sunshine-master\src_assets\windows\assets\shaders\directx\convert_yuv444_packed_ayuv_ps_linear.hlsl","0","21/03/2026 08:14:42 p. m.","True"
"VENDOR_ARCHIVE","RuneforgeCore","convert_yuv444_packed_ayuv_ps.hlsl","C:\RUNEFOGE_PRO\runeforge\runeforge\app\_archive\source-zips\Sunshine-master\Sunshine-master\src_assets\windows\assets\shaders\directx\convert_yuv444_packed_ayuv_ps.hlsl","0","21/03/2026 08:14:42 p. m.","True"
"VENDOR_ARCHIVE","RuneforgeCore","convert_yuv444_packed_vs.hlsl","C:\RUNEFOGE_PRO\runeforge\runeforge\app\_archive\source-zips\Sunshine-master\Sunshine-master\src_assets\windows\assets\shaders\directx\convert_yuv444_packed_vs.hlsl","0","21/03/2026 08:14:42 p. m.","True"
"VENDOR_ARCHIVE","RuneforgeCore","convert_yuv444_packed_y410_ps_linear.hlsl","C:\RUNEFOGE_PRO\runeforge\runeforge\app\_archive\source-zips\Sunshine-master\Sunshine-master\src_assets\windows\assets\shaders\directx\convert_yuv444_packed_y410_ps_linear.hlsl","0","21/03/2026 08:14:42 p. m.","True"
"VENDOR_ARCHIVE","RuneforgeCore","convert_yuv444_packed_y410_ps_perceptual_quantizer.hlsl","C:\RUNEFOGE_PRO\runeforge\runeforge\app\_archive\source-zips\Sunshine-master\Sunshine-master\src_assets\windows\assets\shaders\directx\convert_yuv444_packed_y410_ps_perceptual_quantizer.hlsl","0","21/03/2026 08:14:42 p. m.","True"
"VENDOR_ARCHIVE","RuneforgeCore","convert_yuv444_packed_y410_ps.hlsl","C:\RUNEFOGE_PRO\runeforge\runeforge\app\_archive\source-zips\Sunshine-master\Sunshine-master\src_assets\windows\assets\shaders\directx\convert_yuv444_packed_y410_ps.hlsl","0","21/03/2026 08:14:42 p. m.","True"
"VENDOR_ARCHIVE","RuneforgeCore","convert_yuv444_planar_ps_linear.hlsl","C:\RUNEFOGE_PRO\runeforge\runeforge\app\_archive\source-zips\Sunshine-master\Sunshine-master\src_assets\windows\assets\shaders\directx\convert_yuv444_planar_ps_linear.hlsl","0","21/03/2026 08:14:42 p. m.","True"
"VENDOR_ARCHIVE","RuneforgeCore","convert_yuv444_planar_ps_perceptual_quantizer.hlsl","C:\RUNEFOGE_PRO\runeforge\runeforge\app\_archive\source-zips\Sunshine-master\Sunshine-master\src_assets\windows\assets\shaders\directx\convert_yuv444_planar_ps_perceptual_quantizer.hlsl","0","21/03/2026 08:14:42 p. m.","True"
"VENDOR_ARCHIVE","RuneforgeCore","convert_yuv444_planar_ps.hlsl","C:\RUNEFOGE_PRO\runeforge\runeforge\app\_archive\source-zips\Sunshine-master\Sunshine-master\src_assets\windows\assets\shaders\directx\convert_yuv444_planar_ps.hlsl","0","21/03/2026 08:14:42 p. m.","True"
"VENDOR_ARCHIVE","RuneforgeCore","convert_yuv444_planar_vs.hlsl","C:\RUNEFOGE_PRO\runeforge\runeforge\app\_archive\source-zips\Sunshine-master\Sunshine-master\src_assets\windows\assets\shaders\directx\convert_yuv444_planar_vs.hlsl","0.001","21/03/2026 08:14:42 p. m.","True"
"VENDOR_ARCHIVE","RuneforgeCore","cursor_ps_normalize_white.hlsl","C:\RUNEFOGE_PRO\runeforge\runeforge\app\_archive\source-zips\Sunshine-master\Sunshine-master\src_assets\windows\assets\shaders\directx\cursor_ps_normalize_white.hlsl","0","21/03/2026 08:14:42 p. m.","True"
"VENDOR_ARCHIVE","RuneforgeCore","cursor_ps.hlsl","C:\RUNEFOGE_PRO\runeforge\runeforge\app\_archive\source-zips\Sunshine-master\Sunshine-master\src_assets\windows\assets\shaders\directx\cursor_ps.hlsl","0","21/03/2026 08:14:42 p. m.","True"
"VENDOR_ARCHIVE","RuneforgeCore","cursor_vs.hlsl","C:\RUNEFOGE_PRO\runeforge\runeforge\app\_archive\source-zips\Sunshine-master\Sunshine-master\src_assets\windows\assets\shaders\directx\cursor_vs.hlsl","0","21/03/2026 08:14:42 p. m.","True"
"VENDOR_ARCHIVE","RuneforgeCore","base_vs_types.hlsl","C:\RUNEFOGE_PRO\runeforge\runeforge\app\_archive\source-zips\Sunshine-master\Sunshine-master\src_assets\windows\assets\shaders\directx\include\base_vs_types.hlsl","0.001","21/03/2026 08:14:42 p. m.","True"
"VENDOR_ARCHIVE","RuneforgeCore","base_vs.hlsl","C:\RUNEFOGE_PRO\runeforge\runeforge\app\_archive\source-zips\Sunshine-master\Sunshine-master\src_assets\windows\assets\shaders\directx\include\base_vs.hlsl","0.002","21/03/2026 08:14:42 p. m.","True"
"VENDOR_ARCHIVE","RuneforgeCore","common.hlsl","C:\RUNEFOGE_PRO\runeforge\runeforge\app\_archive\source-zips\Sunshine-master\Sunshine-master\src_assets\windows\assets\shaders\directx\include\common.hlsl","0.001","21/03/2026 08:14:42 p. m.","True"
"VENDOR_ARCHIVE","RuneforgeCore","convert_base.hlsl","C:\RUNEFOGE_PRO\runeforge\runeforge\app\_archive\source-zips\Sunshine-master\Sunshine-master\src_assets\windows\assets\shaders\directx\include\convert_base.hlsl","0","21/03/2026 08:14:42 p. m.","True"
"VENDOR_ARCHIVE","RuneforgeCore","convert_linear_base.hlsl","C:\RUNEFOGE_PRO\runeforge\runeforge\app\_archive\source-zips\Sunshine-master\Sunshine-master\src_assets\windows\assets\shaders\directx\include\convert_linear_base.hlsl","0","21/03/2026 08:14:42 p. m.","True"
"VENDOR_ARCHIVE","RuneforgeCore","convert_perceptual_quantizer_base.hlsl","C:\RUNEFOGE_PRO\runeforge\runeforge\app\_archive\source-zips\Sunshine-master\Sunshine-master\src_assets\windows\assets\shaders\directx\include\convert_perceptual_quantizer_base.hlsl","0","21/03/2026 08:14:42 p. m.","True"
"VENDOR_ARCHIVE","RuneforgeCore","convert_yuv420_packed_uv_ps_base.hlsl","C:\RUNEFOGE_PRO\runeforge\runeforge\app\_archive\source-zips\Sunshine-master\Sunshine-master\src_assets\windows\assets\shaders\directx\include\convert_yuv420_packed_uv_ps_base.hlsl","0.002","21/03/2026 08:14:42 p. m.","True"
"VENDOR_ARCHIVE","RuneforgeCore","convert_yuv420_planar_y_ps_base.hlsl","C:\RUNEFOGE_PRO\runeforge\runeforge\app\_archive\source-zips\Sunshine-master\Sunshine-master\src_assets\windows\assets\shaders\directx\include\convert_yuv420_planar_y_ps_base.hlsl","0","21/03/2026 08:14:42 p. m.","True"
"VENDOR_ARCHIVE","RuneforgeCore","convert_yuv444_ps_base.hlsl","C:\RUNEFOGE_PRO\runeforge\runeforge\app\_archive\source-zips\Sunshine-master\Sunshine-master\src_assets\windows\assets\shaders\directx\include\convert_yuv444_ps_base.hlsl","0.001","21/03/2026 08:14:42 p. m.","True"
"VENDOR_ARCHIVE","RuneforgeCore","apps.json","C:\RUNEFOGE_PRO\runeforge\runeforge\app\_archive\source-zips\Sunshine-master\Sunshine-master\src_assets\macos\assets\apps.json","0","21/03/2026 08:14:42 p. m.","True"
"VENDOR_ARCHIVE","RuneforgeCore","60-sunshine.conf","C:\RUNEFOGE_PRO\runeforge\runeforge\app\_archive\source-zips\Sunshine-master\Sunshine-master\src_assets\linux\misc\60-sunshine.conf","0","21/03/2026 08:14:42 p. m.","True"
"VENDOR_ARCHIVE","RuneforgeCore","60-sunshine.rules","C:\RUNEFOGE_PRO\runeforge\runeforge\app\_archive\source-zips\Sunshine-master\Sunshine-master\src_assets\linux\misc\60-sunshine.rules","0.001","21/03/2026 08:14:42 p. m.","True"
"VENDOR_ARCHIVE","RuneforgeCore","postinst","C:\RUNEFOGE_PRO\runeforge\runeforge\app\_archive\source-zips\Sunshine-master\Sunshine-master\src_assets\linux\misc\postinst","0.001","21/03/2026 08:14:42 p. m.","True"
"VENDOR_ARCHIVE","RuneforgeCore","apps.json","C:\RUNEFOGE_PRO\runeforge\runeforge\app\_archive\source-zips\Sunshine-master\Sunshine-master\src_assets\linux\assets\apps.json","0.001","21/03/2026 08:14:42 p. m.","True"
"VENDOR_ARCHIVE","RuneforgeCore","ConvertUV.frag","C:\RUNEFOGE_PRO\runeforge\runeforge\app\_archive\source-zips\Sunshine-master\Sunshine-master\src_assets\linux\assets\shaders\opengl\ConvertUV.frag","0.001","21/03/2026 08:14:42 p. m.","True"
"VENDOR_ARCHIVE","RuneforgeCore","ConvertUV.vert","C:\RUNEFOGE_PRO\runeforge\runeforge\app\_archive\source-zips\Sunshine-master\Sunshine-master\src_assets\linux\assets\shaders\opengl\ConvertUV.vert","0.001","21/03/2026 08:14:42 p. m.","True"
"VENDOR_ARCHIVE","RuneforgeCore","ConvertY.frag","C:\RUNEFOGE_PRO\runeforge\runeforge\app\_archive\source-zips\Sunshine-master\Sunshine-master\src_assets\linux\assets\shaders\opengl\ConvertY.frag","0","21/03/2026 08:14:42 p. m.","True"
"VENDOR_ARCHIVE","RuneforgeCore","Scene.frag","C:\RUNEFOGE_PRO\runeforge\runeforge\app\_archive\source-zips\Sunshine-master\Sunshine-master\src_assets\linux\assets\shaders\opengl\Scene.frag","0","21/03/2026 08:14:42 p. m.","True"
"VENDOR_ARCHIVE","RuneforgeCore","Scene.vert","C:\RUNEFOGE_PRO\runeforge\runeforge\app\_archive\source-zips\Sunshine-master\Sunshine-master\src_assets\linux\assets\shaders\opengl\Scene.vert","0","21/03/2026 08:14:42 p. m.","True"
"VENDOR_ARCHIVE","RuneforgeCore","box.png","C:\RUNEFOGE_PRO\runeforge\runeforge\app\_archive\source-zips\Sunshine-master\Sunshine-master\src_assets\common\assets\box.png","0.001","21/03/2026 08:14:42 p. m.","True"
"VENDOR_ARCHIVE","RuneforgeCore","desktop-alt.png","C:\RUNEFOGE_PRO\runeforge\runeforge\app\_archive\source-zips\Sunshine-master\Sunshine-master\src_assets\common\assets\desktop-alt.png","0.008","21/03/2026 08:14:42 p. m.","True"
"VENDOR_ARCHIVE","RuneforgeCore","desktop.png","C:\RUNEFOGE_PRO\runeforge\runeforge\app\_archive\source-zips\Sunshine-master\Sunshine-master\src_assets\common\assets\desktop.png","0.008","21/03/2026 08:14:42 p. m.","True"
"VENDOR_ARCHIVE","RuneforgeCore","steam.png","C:\RUNEFOGE_PRO\runeforge\runeforge\app\_archive\source-zips\Sunshine-master\Sunshine-master\src_assets\common\assets\steam.png","0.024","21/03/2026 08:14:42 p. m.","True"
"VENDOR_ARCHIVE","RuneforgeCore","apps.html","C:\RUNEFOGE_PRO\runeforge\runeforge\app\_archive\source-zips\Sunshine-master\Sunshine-master\src_assets\common\assets\web\apps.html","0.033","21/03/2026 08:14:42 p. m.","True"
"VENDOR_ARCHIVE","RuneforgeCore","Checkbox.vue","C:\RUNEFOGE_PRO\runeforge\runeforge\app\_archive\source-zips\Sunshine-master\Sunshine-master\src_assets\common\assets\web\Checkbox.vue","0.003","21/03/2026 08:14:42 p. m.","True"
"VENDOR_ARCHIVE","RuneforgeCore","config.html","C:\RUNEFOGE_PRO\runeforge\runeforge\app\_archive\source-zips\Sunshine-master\Sunshine-master\src_assets\common\assets\web\config.html","0.017","21/03/2026 08:14:42 p. m.","True"
"VENDOR_ARCHIVE","RuneforgeCore","featured.html","C:\RUNEFOGE_PRO\runeforge\runeforge\app\_archive\source-zips\Sunshine-master\Sunshine-master\src_assets\common\assets\web\featured.html","0.015","21/03/2026 08:14:42 p. m.","True"
"VENDOR_ARCHIVE","RuneforgeCore","index.html","C:\RUNEFOGE_PRO\runeforge\runeforge\app\_archive\source-zips\Sunshine-master\Sunshine-master\src_assets\common\assets\web\index.html","0.009","21/03/2026 08:14:42 p. m.","True"
"VENDOR_ARCHIVE","RuneforgeCore","init.js","C:\RUNEFOGE_PRO\runeforge\runeforge\app\_archive\source-zips\Sunshine-master\Sunshine-master\src_assets\common\assets\web\init.js","0.001","21/03/2026 08:14:42 p. m.","True"
"VENDOR_ARCHIVE","RuneforgeCore","locale.js","C:\RUNEFOGE_PRO\runeforge\runeforge\app\_archive\source-zips\Sunshine-master\Sunshine-master\src_assets\common\assets\web\locale.js","0.001","21/03/2026 08:14:42 p. m.","True"
"VENDOR_ARCHIVE","RuneforgeCore","Navbar.vue","C:\RUNEFOGE_PRO\runeforge\runeforge\app\_archive\source-zips\Sunshine-master\Sunshine-master\src_assets\common\assets\web\Navbar.vue","0.003","21/03/2026 08:14:42 p. m.","True"
"VENDOR_ARCHIVE","RuneforgeCore","password.html","C:\RUNEFOGE_PRO\runeforge\runeforge\app\_archive\source-zips\Sunshine-master\Sunshine-master\src_assets\common\assets\web\password.html","0.004","21/03/2026 08:14:42 p. m.","True"
"VENDOR_ARCHIVE","RuneforgeCore","pin.html","C:\RUNEFOGE_PRO\runeforge\runeforge\app\_archive\source-zips\Sunshine-master\Sunshine-master\src_assets\common\assets\web\pin.html","0.003","21/03/2026 08:14:42 p. m.","True"
"VENDOR_ARCHIVE","RuneforgeCore","platform-i18n.js","C:\RUNEFOGE_PRO\runeforge\runeforge\app\_archive\source-zips\Sunshine-master\Sunshine-master\src_assets\common\assets\web\platform-i18n.js","0.002","21/03/2026 08:14:42 p. m.","True"
"VENDOR_ARCHIVE","RuneforgeCore","PlatformLayout.vue","C:\RUNEFOGE_PRO\runeforge\runeforge\app\_archive\source-zips\Sunshine-master\Sunshine-master\src_assets\common\assets\web\PlatformLayout.vue","0.001","21/03/2026 08:14:42 p. m.","True"
"VENDOR_ARCHIVE","RuneforgeCore","ResourceCard.vue","C:\RUNEFOGE_PRO\runeforge\runeforge\app\_archive\source-zips\Sunshine-master\Sunshine-master\src_assets\common\assets\web\ResourceCard.vue","0.002","21/03/2026 08:14:42 p. m.","True"
"VENDOR_ARCHIVE","RuneforgeCore","SimpleIcon.vue","C:\RUNEFOGE_PRO\runeforge\runeforge\app\_archive\source-zips\Sunshine-master\Sunshine-master\src_assets\common\assets\web\SimpleIcon.vue","0.001","21/03/2026 08:14:42 p. m.","True"
"VENDOR_ARCHIVE","RuneforgeCore","sunshine_version.js","C:\RUNEFOGE_PRO\runeforge\runeforge\app\_archive\source-zips\Sunshine-master\Sunshine-master\src_assets\common\assets\web\sunshine_version.js","0.002","21/03/2026 08:14:42 p. m.","True"
"VENDOR_ARCHIVE","RuneforgeCore","template_header.html","C:\RUNEFOGE_PRO\runeforge\runeforge\app\_archive\source-zips\Sunshine-master\Sunshine-master\src_assets\common\assets\web\template_header.html","0","21/03/2026 08:14:42 p. m.","True"
"VENDOR_ARCHIVE","RuneforgeCore","theme.js","C:\RUNEFOGE_PRO\runeforge\runeforge\app\_archive\source-zips\Sunshine-master\Sunshine-master\src_assets\common\assets\web\theme.js","0.003","21/03/2026 08:14:42 p. m.","True"
"VENDOR_ARCHIVE","RuneforgeCore","ThemeToggle.vue","C:\RUNEFOGE_PRO\runeforge\runeforge\app\_archive\source-zips\Sunshine-master\Sunshine-master\src_assets\common\assets\web\ThemeToggle.vue","0.005","21/03/2026 08:14:42 p. m.","True"
"VENDOR_ARCHIVE","RuneforgeCore","troubleshooting.html","C:\RUNEFOGE_PRO\runeforge\runeforge\app\_archive\source-zips\Sunshine-master\Sunshine-master\src_assets\common\assets\web\troubleshooting.html","0.023","21/03/2026 08:14:42 p. m.","True"
"VENDOR_ARCHIVE","RuneforgeCore","welcome.html","C:\RUNEFOGE_PRO\runeforge\runeforge\app\_archive\source-zips\Sunshine-master\Sunshine-master\src_assets\common\assets\web\welcome.html","0.003","21/03/2026 08:14:42 p. m.","True"
"VENDOR_ARCHIVE","RuneforgeCore","logo-sunshine-16.png","C:\RUNEFOGE_PRO\runeforge\runeforge\app\_archive\source-zips\Sunshine-master\Sunshine-master\src_assets\common\assets\web\public\images\logo-sunshine-16.png","0.001","21/03/2026 08:14:42 p. m.","True"
"VENDOR_ARCHIVE","RuneforgeCore","logo-sunshine-45.png","C:\RUNEFOGE_PRO\runeforge\runeforge\app\_archive\source-zips\Sunshine-master\Sunshine-master\src_assets\common\assets\web\public\images\logo-sunshine-45.png","0.002","21/03/2026 08:14:42 p. m.","True"
"VENDOR_ARCHIVE","RuneforgeCore","sunshine-locked-16.png","C:\RUNEFOGE_PRO\runeforge\runeforge\app\_archive\source-zips\Sunshine-master\Sunshine-master\src_assets\common\assets\web\public\images\sunshine-locked-16.png","0.001","21/03/2026 08:14:42 p. m.","True"
"VENDOR_ARCHIVE","RuneforgeCore","sunshine-locked-45.png","C:\RUNEFOGE_PRO\runeforge\runeforge\app\_archive\source-zips\Sunshine-master\Sunshine-master\src_assets\common\assets\web\public\images\sunshine-locked-45.png","0.002","21/03/2026 08:14:42 p. m.","True"
"VENDOR_ARCHIVE","RuneforgeCore","sunshine-locked.ico","C:\RUNEFOGE_PRO\runeforge\runeforge\app\_archive\source-zips\Sunshine-master\Sunshine-master\src_assets\common\assets\web\public\images\sunshine-locked.ico","0.113","21/03/2026 08:14:42 p. m.","True"
"VENDOR_ARCHIVE","RuneforgeCore","sunshine-locked.png","C:\RUNEFOGE_PRO\runeforge\runeforge\app\_archive\source-zips\Sunshine-master\Sunshine-master\src_assets\common\assets\web\public\images\sunshine-locked.png","0.012","21/03/2026 08:14:42 p. m.","True"
"VENDOR_ARCHIVE","RuneforgeCore","sunshine-locked.svg","C:\RUNEFOGE_PRO\runeforge\runeforge\app\_archive\source-zips\Sunshine-master\Sunshine-master\src_assets\common\assets\web\public\images\sunshine-locked.svg","0.004","21/03/2026 08:14:42 p. m.","True"
"VENDOR_ARCHIVE","RuneforgeCore","sunshine-pausing-16.png","C:\RUNEFOGE_PRO\runeforge\runeforge\app\_archive\source-zips\Sunshine-master\Sunshine-master\src_assets\common\assets\web\public\images\sunshine-pausing-16.png","0.001","21/03/2026 08:14:42 p. m.","True"
"VENDOR_ARCHIVE","RuneforgeCore","sunshine-pausing-45.png","C:\RUNEFOGE_PRO\runeforge\runeforge\app\_archive\source-zips\Sunshine-master\Sunshine-master\src_assets\common\assets\web\public\images\sunshine-pausing-45.png","0.002","21/03/2026 08:14:42 p. m.","True"
"VENDOR_ARCHIVE","RuneforgeCore","sunshine-pausing.ico","C:\RUNEFOGE_PRO\runeforge\runeforge\app\_archive\source-zips\Sunshine-master\Sunshine-master\src_assets\common\assets\web\public\images\sunshine-pausing.ico","0.103","21/03/2026 08:14:42 p. m.","True"
"VENDOR_ARCHIVE","RuneforgeCore","sunshine-pausing.png","C:\RUNEFOGE_PRO\runeforge\runeforge\app\_archive\source-zips\Sunshine-master\Sunshine-master\src_assets\common\assets\web\public\images\sunshine-pausing.png","0.01","21/03/2026 08:14:42 p. m.","True"
"VENDOR_ARCHIVE","RuneforgeCore","sunshine-pausing.svg","C:\RUNEFOGE_PRO\runeforge\runeforge\app\_archive\source-zips\Sunshine-master\Sunshine-master\src_assets\common\assets\web\public\images\sunshine-pausing.svg","0.004","21/03/2026 08:14:42 p. m.","True"
"VENDOR_ARCHIVE","RuneforgeCore","sunshine-playing-16.png","C:\RUNEFOGE_PRO\runeforge\runeforge\app\_archive\source-zips\Sunshine-master\Sunshine-master\src_assets\common\assets\web\public\images\sunshine-playing-16.png","0.001","21/03/2026 08:14:42 p. m.","True"
"VENDOR_ARCHIVE","RuneforgeCore","sunshine-playing-45.png","C:\RUNEFOGE_PRO\runeforge\runeforge\app\_archive\source-zips\Sunshine-master\Sunshine-master\src_assets\common\assets\web\public\images\sunshine-playing-45.png","0.002","21/03/2026 08:14:42 p. m.","True"
"VENDOR_ARCHIVE","RuneforgeCore","sunshine-playing.ico","C:\RUNEFOGE_PRO\runeforge\runeforge\app\_archive\source-zips\Sunshine-master\Sunshine-master\src_assets\common\assets\web\public\images\sunshine-playing.ico","0.115","21/03/2026 08:14:42 p. m.","True"
"VENDOR_ARCHIVE","RuneforgeCore","sunshine-playing.png","C:\RUNEFOGE_PRO\runeforge\runeforge\app\_archive\source-zips\Sunshine-master\Sunshine-master\src_assets\common\assets\web\public\images\sunshine-playing.png","0.012","21/03/2026 08:14:42 p. m.","True"
"VENDOR_ARCHIVE","RuneforgeCore","sunshine-playing.svg","C:\RUNEFOGE_PRO\runeforge\runeforge\app\_archive\source-zips\Sunshine-master\Sunshine-master\src_assets\common\assets\web\public\images\sunshine-playing.svg","0.004","21/03/2026 08:14:42 p. m.","True"
"VENDOR_ARCHIVE","RuneforgeCore","sunshine.ico","C:\RUNEFOGE_PRO\runeforge\runeforge\app\_archive\source-zips\Sunshine-master\Sunshine-master\src_assets\common\assets\web\public\images\sunshine.ico","0.117","21/03/2026 08:14:42 p. m.","True"
"VENDOR_ARCHIVE","RuneforgeCore","bg.json","C:\RUNEFOGE_PRO\runeforge\runeforge\app\_archive\source-zips\Sunshine-master\Sunshine-master\src_assets\common\assets\web\public\assets\locale\bg.json","0.07","21/03/2026 08:14:42 p. m.","True"
"VENDOR_ARCHIVE","RuneforgeCore","cs.json","C:\RUNEFOGE_PRO\runeforge\runeforge\app\_archive\source-zips\Sunshine-master\Sunshine-master\src_assets\common\assets\web\public\assets\locale\cs.json","0.042","21/03/2026 08:14:42 p. m.","True"
"VENDOR_ARCHIVE","RuneforgeCore","de.json","C:\RUNEFOGE_PRO\runeforge\runeforge\app\_archive\source-zips\Sunshine-master\Sunshine-master\src_assets\common\assets\web\public\assets\locale\de.json","0.042","21/03/2026 08:14:42 p. m.","True"
"VENDOR_ARCHIVE","RuneforgeCore","en_GB.json","C:\RUNEFOGE_PRO\runeforge\runeforge\app\_archive\source-zips\Sunshine-master\Sunshine-master\src_assets\common\assets\web\public\assets\locale\en_GB.json","0.037","21/03/2026 08:14:42 p. m.","True"
"VENDOR_ARCHIVE","RuneforgeCore","en_US.json","C:\RUNEFOGE_PRO\runeforge\runeforge\app\_archive\source-zips\Sunshine-master\Sunshine-master\src_assets\common\assets\web\public\assets\locale\en_US.json","0.037","21/03/2026 08:14:42 p. m.","True"
"VENDOR_ARCHIVE","RuneforgeCore","en.json","C:\RUNEFOGE_PRO\runeforge\runeforge\app\_archive\source-zips\Sunshine-master\Sunshine-master\src_assets\common\assets\web\public\assets\locale\en.json","0.038","21/03/2026 08:14:42 p. m.","True"
"VENDOR_ARCHIVE","RuneforgeCore","es.json","C:\RUNEFOGE_PRO\runeforge\runeforge\app\_archive\source-zips\Sunshine-master\Sunshine-master\src_assets\common\assets\web\public\assets\locale\es.json","0.043","21/03/2026 08:14:42 p. m.","True"
"VENDOR_ARCHIVE","RuneforgeCore","fr.json","C:\RUNEFOGE_PRO\runeforge\runeforge\app\_archive\source-zips\Sunshine-master\Sunshine-master\src_assets\common\assets\web\public\assets\locale\fr.json","0.044","21/03/2026 08:14:42 p. m.","True"
"VENDOR_ARCHIVE","RuneforgeCore","hu.json","C:\RUNEFOGE_PRO\runeforge\runeforge\app\_archive\source-zips\Sunshine-master\Sunshine-master\src_assets\common\assets\web\public\assets\locale\hu.json","0.043","21/03/2026 08:14:42 p. m.","True"
"VENDOR_ARCHIVE","RuneforgeCore","it.json","C:\RUNEFOGE_PRO\runeforge\runeforge\app\_archive\source-zips\Sunshine-master\Sunshine-master\src_assets\common\assets\web\public\assets\locale\it.json","0.042","21/03/2026 08:14:42 p. m.","True"
"VENDOR_ARCHIVE","RuneforgeCore","ja.json","C:\RUNEFOGE_PRO\runeforge\runeforge\app\_archive\source-zips\Sunshine-master\Sunshine-master\src_assets\common\assets\web\public\assets\locale\ja.json","0.049","21/03/2026 08:14:42 p. m.","True"
"VENDOR_ARCHIVE","RuneforgeCore","ko.json","C:\RUNEFOGE_PRO\runeforge\runeforge\app\_archive\source-zips\Sunshine-master\Sunshine-master\src_assets\common\assets\web\public\assets\locale\ko.json","0.044","21/03/2026 08:14:42 p. m.","True"
"VENDOR_ARCHIVE","RuneforgeCore","pl.json","C:\RUNEFOGE_PRO\runeforge\runeforge\app\_archive\source-zips\Sunshine-master\Sunshine-master\src_assets\common\assets\web\public\assets\locale\pl.json","0.043","21/03/2026 08:14:42 p. m.","True"
"VENDOR_ARCHIVE","RuneforgeCore","pt_BR.json","C:\RUNEFOGE_PRO\runeforge\runeforge\app\_archive\source-zips\Sunshine-master\Sunshine-master\src_assets\common\assets\web\public\assets\locale\pt_BR.json","0.043","21/03/2026 08:14:42 p. m.","True"
"VENDOR_ARCHIVE","RuneforgeCore","pt.json","C:\RUNEFOGE_PRO\runeforge\runeforge\app\_archive\source-zips\Sunshine-master\Sunshine-master\src_assets\common\assets\web\public\assets\locale\pt.json","0.042","21/03/2026 08:14:42 p. m.","True"
"VENDOR_ARCHIVE","RuneforgeCore","ru.json","C:\RUNEFOGE_PRO\runeforge\runeforge\app\_archive\source-zips\Sunshine-master\Sunshine-master\src_assets\common\assets\web\public\assets\locale\ru.json","0.062","21/03/2026 08:14:42 p. m.","True"
"VENDOR_ARCHIVE","RuneforgeCore","sv.json","C:\RUNEFOGE_PRO\runeforge\runeforge\app\_archive\source-zips\Sunshine-master\Sunshine-master\src_assets\common\assets\web\public\assets\locale\sv.json","0.04","21/03/2026 08:14:42 p. m.","True"
"VENDOR_ARCHIVE","RuneforgeCore","tr.json","C:\RUNEFOGE_PRO\runeforge\runeforge\app\_archive\source-zips\Sunshine-master\Sunshine-master\src_assets\common\assets\web\public\assets\locale\tr.json","0.042","21/03/2026 08:14:42 p. m.","True"
"VENDOR_ARCHIVE","RuneforgeCore","uk.json","C:\RUNEFOGE_PRO\runeforge\runeforge\app\_archive\source-zips\Sunshine-master\Sunshine-master\src_assets\common\assets\web\public\assets\locale\uk.json","0.062","21/03/2026 08:14:42 p. m.","True"
"VENDOR_ARCHIVE","RuneforgeCore","vi.json","C:\RUNEFOGE_PRO\runeforge\runeforge\app\_archive\source-zips\Sunshine-master\Sunshine-master\src_assets\common\assets\web\public\assets\locale\vi.json","0.05","21/03/2026 08:14:42 p. m.","True"
"VENDOR_ARCHIVE","RuneforgeCore","zh_TW.json","C:\RUNEFOGE_PRO\runeforge\runeforge\app\_archive\source-zips\Sunshine-master\Sunshine-master\src_assets\common\assets\web\public\assets\locale\zh_TW.json","0.036","21/03/2026 08:14:42 p. m.","True"
"VENDOR_ARCHIVE","RuneforgeCore","zh.json","C:\RUNEFOGE_PRO\runeforge\runeforge\app\_archive\source-zips\Sunshine-master\Sunshine-master\src_assets\common\assets\web\public\assets\locale\zh.json","0.036","21/03/2026 08:14:42 p. m.","True"
"VENDOR_ARCHIVE","RuneforgeCore","sunshine.css","C:\RUNEFOGE_PRO\runeforge\runeforge\app\_archive\source-zips\Sunshine-master\Sunshine-master\src_assets\common\assets\web\public\assets\css\sunshine.css","0.049","21/03/2026 08:14:42 p. m.","True"
"VENDOR_ARCHIVE","RuneforgeCore","Advanced.vue","C:\RUNEFOGE_PRO\runeforge\runeforge\app\_archive\source-zips\Sunshine-master\Sunshine-master\src_assets\common\assets\web\configs\tabs\Advanced.vue","0.004","21/03/2026 08:14:42 p. m.","True"
"VENDOR_ARCHIVE","RuneforgeCore","AudioVideo.vue","C:\RUNEFOGE_PRO\runeforge\runeforge\app\_archive\source-zips\Sunshine-master\Sunshine-master\src_assets\common\assets\web\configs\tabs\AudioVideo.vue","0.003","21/03/2026 08:14:42 p. m.","True"
"VENDOR_ARCHIVE","RuneforgeCore","ContainerEncoders.vue","C:\RUNEFOGE_PRO\runeforge\runeforge\app\_archive\source-zips\Sunshine-master\Sunshine-master\src_assets\common\assets\web\configs\tabs\ContainerEncoders.vue","0.001","21/03/2026 08:14:42 p. m.","True"
"VENDOR_ARCHIVE","RuneforgeCore","Files.vue","C:\RUNEFOGE_PRO\runeforge\runeforge\app\_archive\source-zips\Sunshine-master\Sunshine-master\src_assets\common\assets\web\configs\tabs\Files.vue","0.002","21/03/2026 08:14:42 p. m.","True"
"VENDOR_ARCHIVE","RuneforgeCore","General.vue","C:\RUNEFOGE_PRO\runeforge\runeforge\app\_archive\source-zips\Sunshine-master\Sunshine-master\src_assets\common\assets\web\configs\tabs\General.vue","0.005","21/03/2026 08:14:42 p. m.","True"
"VENDOR_ARCHIVE","RuneforgeCore","Inputs.vue","C:\RUNEFOGE_PRO\runeforge\runeforge\app\_archive\source-zips\Sunshine-master\Sunshine-master\src_assets\common\assets\web\configs\tabs\Inputs.vue","0.007","21/03/2026 08:14:42 p. m.","True"
"VENDOR_ARCHIVE","RuneforgeCore","Network.vue","C:\RUNEFOGE_PRO\runeforge\runeforge\app\_archive\source-zips\Sunshine-master\Sunshine-master\src_assets\common\assets\web\configs\tabs\Network.vue","0.007","21/03/2026 08:14:42 p. m.","True"
"VENDOR_ARCHIVE","RuneforgeCore","AmdAmfEncoder.vue","C:\RUNEFOGE_PRO\runeforge\runeforge\app\_archive\source-zips\Sunshine-master\Sunshine-master\src_assets\common\assets\web\configs\tabs\encoders\AmdAmfEncoder.vue","0.005","21/03/2026 08:14:42 p. m.","True"
"VENDOR_ARCHIVE","RuneforgeCore","IntelQuickSyncEncoder.vue","C:\RUNEFOGE_PRO\runeforge\runeforge\app\_archive\source-zips\Sunshine-master\Sunshine-master\src_assets\common\assets\web\configs\tabs\encoders\IntelQuickSyncEncoder.vue","0.002","21/03/2026 08:14:42 p. m.","True"
"VENDOR_ARCHIVE","RuneforgeCore","NvidiaNvencEncoder.vue","C:\RUNEFOGE_PRO\runeforge\runeforge\app\_archive\source-zips\Sunshine-master\Sunshine-master\src_assets\common\assets\web\configs\tabs\encoders\NvidiaNvencEncoder.vue","0.004","21/03/2026 08:14:42 p. m.","True"
"VENDOR_ARCHIVE","RuneforgeCore","SoftwareEncoder.vue","C:\RUNEFOGE_PRO\runeforge\runeforge\app\_archive\source-zips\Sunshine-master\Sunshine-master\src_assets\common\assets\web\configs\tabs\encoders\SoftwareEncoder.vue","0.002","21/03/2026 08:14:42 p. m.","True"
"VENDOR_ARCHIVE","RuneforgeCore","VAAPIEncoder.vue","C:\RUNEFOGE_PRO\runeforge\runeforge\app\_archive\source-zips\Sunshine-master\Sunshine-master\src_assets\common\assets\web\configs\tabs\encoders\VAAPIEncoder.vue","0.001","21/03/2026 08:14:42 p. m.","True"
"VENDOR_ARCHIVE","RuneforgeCore","VideotoolboxEncoder.vue","C:\RUNEFOGE_PRO\runeforge\runeforge\app\_archive\source-zips\Sunshine-master\Sunshine-master\src_assets\common\assets\web\configs\tabs\encoders\VideotoolboxEncoder.vue","0.001","21/03/2026 08:14:42 p. m.","True"
"VENDOR_ARCHIVE","RuneforgeCore","AdapterNameSelector.vue","C:\RUNEFOGE_PRO\runeforge\runeforge\app\_archive\source-zips\Sunshine-master\Sunshine-master\src_assets\common\assets\web\configs\tabs\audiovideo\AdapterNameSelector.vue","0.002","21/03/2026 08:14:42 p. m.","True"
"VENDOR_ARCHIVE","RuneforgeCore","DisplayDeviceOptions.vue","C:\RUNEFOGE_PRO\runeforge\runeforge\app\_archive\source-zips\Sunshine-master\Sunshine-master\src_assets\common\assets\web\configs\tabs\audiovideo\DisplayDeviceOptions.vue","0.011","21/03/2026 08:14:42 p. m.","True"
"VENDOR_ARCHIVE","RuneforgeCore","DisplayModesSettings.vue","C:\RUNEFOGE_PRO\runeforge\runeforge\app\_archive\source-zips\Sunshine-master\Sunshine-master\src_assets\common\assets\web\configs\tabs\audiovideo\DisplayModesSettings.vue","0.001","21/03/2026 08:14:42 p. m.","True"
"VENDOR_ARCHIVE","RuneforgeCore","DisplayOutputSelector.vue","C:\RUNEFOGE_PRO\runeforge\runeforge\app\_archive\source-zips\Sunshine-master\Sunshine-master\src_assets\common\assets\web\configs\tabs\audiovideo\DisplayOutputSelector.vue","0.002","21/03/2026 08:14:42 p. m.","True"
"VENDOR_ARCHIVE","RuneforgeCore","+POST_INSTALL","C:\RUNEFOGE_PRO\runeforge\runeforge\app\_archive\source-zips\Sunshine-master\Sunshine-master\src_assets\bsd\misc\+POST_INSTALL","0.002","21/03/2026 08:14:42 p. m.","True"
"VENDOR_ARCHIVE","RuneforgeCore","+PRE_DEINSTALL","C:\RUNEFOGE_PRO\runeforge\runeforge\app\_archive\source-zips\Sunshine-master\Sunshine-master\src_assets\bsd\misc\+PRE_DEINSTALL","0.001","21/03/2026 08:14:42 p. m.","True"
"VENDOR_ARCHIVE","RuneforgeCore","audio.cpp","C:\RUNEFOGE_PRO\runeforge\runeforge\app\_archive\source-zips\Sunshine-master\Sunshine-master\src\audio.cpp","0.009","21/03/2026 08:14:42 p. m.","True"
"VENDOR_ARCHIVE","RuneforgeCore","audio.h","C:\RUNEFOGE_PRO\runeforge\runeforge\app\_archive\source-zips\Sunshine-master\Sunshine-master\src\audio.h","0.003","21/03/2026 08:14:42 p. m.","True"
"VENDOR_ARCHIVE","RuneforgeCore","cbs.cpp","C:\RUNEFOGE_PRO\runeforge\runeforge\app\_archive\source-zips\Sunshine-master\Sunshine-master\src\cbs.cpp","0.008","21/03/2026 08:14:42 p. m.","True"
"VENDOR_ARCHIVE","RuneforgeCore","cbs.h","C:\RUNEFOGE_PRO\runeforge\runeforge\app\_archive\source-zips\Sunshine-master\Sunshine-master\src\cbs.h","0.001","21/03/2026 08:14:42 p. m.","True"
"VENDOR_ARCHIVE","RuneforgeCore","config.cpp","C:\RUNEFOGE_PRO\runeforge\runeforge\app\_archive\source-zips\Sunshine-master\Sunshine-master\src\config.cpp","0.05","21/03/2026 08:14:42 p. m.","True"
"VENDOR_ARCHIVE","RuneforgeCore","config.h","C:\RUNEFOGE_PRO\runeforge\runeforge\app\_archive\source-zips\Sunshine-master\Sunshine-master\src\config.h","0.008","21/03/2026 08:14:42 p. m.","True"
"VENDOR_ARCHIVE","RuneforgeCore","confighttp.cpp","C:\RUNEFOGE_PRO\runeforge\runeforge\app\_archive\source-zips\Sunshine-master\Sunshine-master\src\confighttp.cpp","0.059","21/03/2026 08:14:42 p. m.","True"
"VENDOR_ARCHIVE","RuneforgeCore","confighttp.h","C:\RUNEFOGE_PRO\runeforge\runeforge\app\_archive\source-zips\Sunshine-master\Sunshine-master\src\confighttp.h","0.004","21/03/2026 08:14:42 p. m.","True"
"VENDOR_ARCHIVE","RuneforgeCore","crypto.cpp","C:\RUNEFOGE_PRO\runeforge\runeforge\app\_archive\source-zips\Sunshine-master\Sunshine-master\src\crypto.cpp","0.016","21/03/2026 08:14:42 p. m.","True"
"VENDOR_ARCHIVE","RuneforgeCore","crypto.h","C:\RUNEFOGE_PRO\runeforge\runeforge\app\_archive\source-zips\Sunshine-master\Sunshine-master\src\crypto.h","0.005","21/03/2026 08:14:42 p. m.","True"
"VENDOR_ARCHIVE","RuneforgeCore","display_device.cpp","C:\RUNEFOGE_PRO\runeforge\runeforge\app\_archive\source-zips\Sunshine-master\Sunshine-master\src\display_device.cpp","0.033","21/03/2026 08:14:42 p. m.","True"
"VENDOR_ARCHIVE","RuneforgeCore","display_device.h","C:\RUNEFOGE_PRO\runeforge\runeforge\app\_archive\source-zips\Sunshine-master\Sunshine-master\src\display_device.h","0.006","21/03/2026 08:14:42 p. m.","True"
"VENDOR_ARCHIVE","RuneforgeCore","entry_handler.cpp","C:\RUNEFOGE_PRO\runeforge\runeforge\app\_archive\source-zips\Sunshine-master\Sunshine-master\src\entry_handler.cpp","0.007","21/03/2026 08:14:42 p. m.","True"
"VENDOR_ARCHIVE","RuneforgeCore","entry_handler.h","C:\RUNEFOGE_PRO\runeforge\runeforge\app\_archive\source-zips\Sunshine-master\Sunshine-master\src\entry_handler.h","0.003","21/03/2026 08:14:42 p. m.","True"
"VENDOR_ARCHIVE","RuneforgeCore","file_handler.cpp","C:\RUNEFOGE_PRO\runeforge\runeforge\app\_archive\source-zips\Sunshine-master\Sunshine-master\src\file_handler.cpp","0.001","21/03/2026 08:14:42 p. m.","True"
"VENDOR_ARCHIVE","RuneforgeCore","file_handler.h","C:\RUNEFOGE_PRO\runeforge\runeforge\app\_archive\source-zips\Sunshine-master\Sunshine-master\src\file_handler.h","0.001","21/03/2026 08:14:42 p. m.","True"
"VENDOR_ARCHIVE","RuneforgeCore","globals.cpp","C:\RUNEFOGE_PRO\runeforge\runeforge\app\_archive\source-zips\Sunshine-master\Sunshine-master\src\globals.cpp","0","21/03/2026 08:14:42 p. m.","True"
"VENDOR_ARCHIVE","RuneforgeCore","globals.h","C:\RUNEFOGE_PRO\runeforge\runeforge\app\_archive\source-zips\Sunshine-master\Sunshine-master\src\globals.h","0.001","21/03/2026 08:14:42 p. m.","True"
"VENDOR_ARCHIVE","RuneforgeCore","httpcommon.cpp","C:\RUNEFOGE_PRO\runeforge\runeforge\app\_archive\source-zips\Sunshine-master\Sunshine-master\src\httpcommon.cpp","0.007","21/03/2026 08:14:42 p. m.","True"
"VENDOR_ARCHIVE","RuneforgeCore","httpcommon.h","C:\RUNEFOGE_PRO\runeforge\runeforge\app\_archive\source-zips\Sunshine-master\Sunshine-master\src\httpcommon.h","0.001","21/03/2026 08:14:42 p. m.","True"
"VENDOR_ARCHIVE","RuneforgeCore","input.cpp","C:\RUNEFOGE_PRO\runeforge\runeforge\app\_archive\source-zips\Sunshine-master\Sunshine-master\src\input.cpp","0.057","21/03/2026 08:14:42 p. m.","True"
"VENDOR_ARCHIVE","RuneforgeCore","input.h","C:\RUNEFOGE_PRO\runeforge\runeforge\app\_archive\source-zips\Sunshine-master\Sunshine-master\src\input.h","0.001","21/03/2026 08:14:42 p. m.","True"
"VENDOR_ARCHIVE","RuneforgeCore","logging.cpp","C:\RUNEFOGE_PRO\runeforge\runeforge\app\_archive\source-zips\Sunshine-master\Sunshine-master\src\logging.cpp","0.009","21/03/2026 08:14:42 p. m.","True"
"VENDOR_ARCHIVE","RuneforgeCore","logging.h","C:\RUNEFOGE_PRO\runeforge\runeforge\app\_archive\source-zips\Sunshine-master\Sunshine-master\src\logging.h","0.006","21/03/2026 08:14:42 p. m.","True"
"VENDOR_ARCHIVE","RuneforgeCore","main.cpp","C:\RUNEFOGE_PRO\runeforge\runeforge\app\_archive\source-zips\Sunshine-master\Sunshine-master\src\main.cpp","0.013","21/03/2026 08:14:42 p. m.","True"
"VENDOR_ARCHIVE","RuneforgeCore","main.h","C:\RUNEFOGE_PRO\runeforge\runeforge\app\_archive\source-zips\Sunshine-master\Sunshine-master\src\main.h","0","21/03/2026 08:14:42 p. m.","True"
"VENDOR_ARCHIVE","RuneforgeCore","move_by_copy.h","C:\RUNEFOGE_PRO\runeforge\runeforge\app\_archive\source-zips\Sunshine-master\Sunshine-master\src\move_by_copy.h","0.001","21/03/2026 08:14:42 p. m.","True"
"VENDOR_ARCHIVE","RuneforgeCore","network.cpp","C:\RUNEFOGE_PRO\runeforge\runeforge\app\_archive\source-zips\Sunshine-master\Sunshine-master\src\network.cpp","0.006","21/03/2026 08:14:42 p. m.","True"
"VENDOR_ARCHIVE","RuneforgeCore","network.h","C:\RUNEFOGE_PRO\runeforge\runeforge\app\_archive\source-zips\Sunshine-master\Sunshine-master\src\network.h","0.003","21/03/2026 08:14:42 p. m.","True"
"VENDOR_ARCHIVE","RuneforgeCore","nvhttp.cpp","C:\RUNEFOGE_PRO\runeforge\runeforge\app\_archive\source-zips\Sunshine-master\Sunshine-master\src\nvhttp.cpp","0.04","21/03/2026 08:14:42 p. m.","True"
"VENDOR_ARCHIVE","RuneforgeCore","nvhttp.h","C:\RUNEFOGE_PRO\runeforge\runeforge\app\_archive\source-zips\Sunshine-master\Sunshine-master\src\nvhttp.h","0.006","21/03/2026 08:14:42 p. m.","True"
"VENDOR_ARCHIVE","RuneforgeCore","process.cpp","C:\RUNEFOGE_PRO\runeforge\runeforge\app\_archive\source-zips\Sunshine-master\Sunshine-master\src\process.cpp","0.025","21/03/2026 08:14:42 p. m.","True"
"VENDOR_ARCHIVE","RuneforgeCore","process.h","C:\RUNEFOGE_PRO\runeforge\runeforge\app\_archive\source-zips\Sunshine-master\Sunshine-master\src\process.h","0.004","21/03/2026 08:14:42 p. m.","True"
"VENDOR_ARCHIVE","RuneforgeCore","round_robin.h","C:\RUNEFOGE_PRO\runeforge\runeforge\app\_archive\source-zips\Sunshine-master\Sunshine-master\src\round_robin.h","0.003","21/03/2026 08:14:42 p. m.","True"
"VENDOR_ARCHIVE","RuneforgeCore","rswrapper.c","C:\RUNEFOGE_PRO\runeforge\runeforge\app\_archive\source-zips\Sunshine-master\Sunshine-master\src\rswrapper.c","0.005","21/03/2026 08:14:42 p. m.","True"
"VENDOR_ARCHIVE","RuneforgeCore","rswrapper.h","C:\RUNEFOGE_PRO\runeforge\runeforge\app\_archive\source-zips\Sunshine-master\Sunshine-master\src\rswrapper.h","0.001","21/03/2026 08:14:42 p. m.","True"
"VENDOR_ARCHIVE","RuneforgeCore","rtsp.cpp","C:\RUNEFOGE_PRO\runeforge\runeforge\app\_archive\source-zips\Sunshine-master\Sunshine-master\src\rtsp.cpp","0.043","21/03/2026 08:14:42 p. m.","True"
"VENDOR_ARCHIVE","RuneforgeCore","rtsp.h","C:\RUNEFOGE_PRO\runeforge\runeforge\app\_archive\source-zips\Sunshine-master\Sunshine-master\src\rtsp.h","0.001","21/03/2026 08:14:42 p. m.","True"
"VENDOR_ARCHIVE","RuneforgeCore","stat_trackers.cpp","C:\RUNEFOGE_PRO\runeforge\runeforge\app\_archive\source-zips\Sunshine-master\Sunshine-master\src\stat_trackers.cpp","0","21/03/2026 08:14:42 p. m.","True"
"VENDOR_ARCHIVE","RuneforgeCore","stat_trackers.h","C:\RUNEFOGE_PRO\runeforge\runeforge\app\_archive\source-zips\Sunshine-master\Sunshine-master\src\stat_trackers.h","0.001","21/03/2026 08:14:42 p. m.","True"
"VENDOR_ARCHIVE","RuneforgeCore","stream.cpp","C:\RUNEFOGE_PRO\runeforge\runeforge\app\_archive\source-zips\Sunshine-master\Sunshine-master\src\stream.cpp","0.076","21/03/2026 08:14:42 p. m.","True"
"VENDOR_ARCHIVE","RuneforgeCore","stream.h","C:\RUNEFOGE_PRO\runeforge\runeforge\app\_archive\source-zips\Sunshine-master\Sunshine-master\src\stream.h","0.001","21/03/2026 08:14:42 p. m.","True"
"VENDOR_ARCHIVE","RuneforgeCore","sync.h","C:\RUNEFOGE_PRO\runeforge\runeforge\app\_archive\source-zips\Sunshine-master\Sunshine-master\src\sync.h","0.001","21/03/2026 08:14:42 p. m.","True"
"VENDOR_ARCHIVE","RuneforgeCore","system_tray.cpp","C:\RUNEFOGE_PRO\runeforge\runeforge\app\_archive\source-zips\Sunshine-master\Sunshine-master\src\system_tray.cpp","0.012","21/03/2026 08:14:42 p. m.","True"
"VENDOR_ARCHIVE","RuneforgeCore","system_tray.h","C:\RUNEFOGE_PRO\runeforge\runeforge\app\_archive\source-zips\Sunshine-master\Sunshine-master\src\system_tray.h","0.003","21/03/2026 08:14:42 p. m.","True"
"VENDOR_ARCHIVE","RuneforgeCore","task_pool.h","C:\RUNEFOGE_PRO\runeforge\runeforge\app\_archive\source-zips\Sunshine-master\Sunshine-master\src\task_pool.h","0.006","21/03/2026 08:14:42 p. m.","True"
"VENDOR_ARCHIVE","RuneforgeCore","thread_pool.h","C:\RUNEFOGE_PRO\runeforge\runeforge\app\_archive\source-zips\Sunshine-master\Sunshine-master\src\thread_pool.h","0.003","21/03/2026 08:14:42 p. m.","True"
"VENDOR_ARCHIVE","RuneforgeCore","thread_safe.h","C:\RUNEFOGE_PRO\runeforge\runeforge\app\_archive\source-zips\Sunshine-master\Sunshine-master\src\thread_safe.h","0.011","21/03/2026 08:14:42 p. m.","True"
"VENDOR_ARCHIVE","RuneforgeCore","upnp.cpp","C:\RUNEFOGE_PRO\runeforge\runeforge\app\_archive\source-zips\Sunshine-master\Sunshine-master\src\upnp.cpp","0.013","21/03/2026 08:14:42 p. m.","True"
"VENDOR_ARCHIVE","RuneforgeCore","upnp.h","C:\RUNEFOGE_PRO\runeforge\runeforge\app\_archive\source-zips\Sunshine-master\Sunshine-master\src\upnp.h","0.001","21/03/2026 08:14:42 p. m.","True"
"VENDOR_ARCHIVE","RuneforgeCore","utility.h","C:\RUNEFOGE_PRO\runeforge\runeforge\app\_archive\source-zips\Sunshine-master\Sunshine-master\src\utility.h","0.023","21/03/2026 08:14:42 p. m.","True"
"VENDOR_ARCHIVE","RuneforgeCore","uuid.h","C:\RUNEFOGE_PRO\runeforge\runeforge\app\_archive\source-zips\Sunshine-master\Sunshine-master\src\uuid.h","0.002","21/03/2026 08:14:42 p. m.","True"
"VENDOR_ARCHIVE","RuneforgeCore","video_colorspace.cpp","C:\RUNEFOGE_PRO\runeforge\runeforge\app\_archive\source-zips\Sunshine-master\Sunshine-master\src\video_colorspace.cpp","0.008","21/03/2026 08:14:42 p. m.","True"
"VENDOR_ARCHIVE","RuneforgeCore","video_colorspace.h","C:\RUNEFOGE_PRO\runeforge\runeforge\app\_archive\source-zips\Sunshine-master\Sunshine-master\src\video_colorspace.h","0.002","21/03/2026 08:14:42 p. m.","True"
"VENDOR_ARCHIVE","RuneforgeCore","video.cpp","C:\RUNEFOGE_PRO\runeforge\runeforge\app\_archive\source-zips\Sunshine-master\Sunshine-master\src\video.cpp","0.104","21/03/2026 08:14:42 p. m.","True"
"VENDOR_ARCHIVE","RuneforgeCore","video.h","C:\RUNEFOGE_PRO\runeforge\runeforge\app\_archive\source-zips\Sunshine-master\Sunshine-master\src\video.h","0.012","21/03/2026 08:14:42 p. m.","True"
"VENDOR_ARCHIVE","RuneforgeCore","common.h","C:\RUNEFOGE_PRO\runeforge\runeforge\app\_archive\source-zips\Sunshine-master\Sunshine-master\src\platform\common.h","0.026","21/03/2026 08:14:42 p. m.","True"
"VENDOR_ARCHIVE","RuneforgeCore","audio.cpp","C:\RUNEFOGE_PRO\runeforge\runeforge\app\_archive\source-zips\Sunshine-master\Sunshine-master\src\platform\windows\audio.cpp","0.04","21/03/2026 08:14:42 p. m.","True"
"VENDOR_ARCHIVE","RuneforgeCore","display_base.cpp","C:\RUNEFOGE_PRO\runeforge\runeforge\app\_archive\source-zips\Sunshine-master\Sunshine-master\src\platform\windows\display_base.cpp","0.043","21/03/2026 08:14:42 p. m.","True"
"VENDOR_ARCHIVE","RuneforgeCore","display_ram.cpp","C:\RUNEFOGE_PRO\runeforge\runeforge\app\_archive\source-zips\Sunshine-master\Sunshine-master\src\platform\windows\display_ram.cpp","0.013","21/03/2026 08:14:42 p. m.","True"
"VENDOR_ARCHIVE","RuneforgeCore","display_vram.cpp","C:\RUNEFOGE_PRO\runeforge\runeforge\app\_archive\source-zips\Sunshine-master\Sunshine-master\src\platform\windows\display_vram.cpp","0.073","21/03/2026 08:14:42 p. m.","True"
"VENDOR_ARCHIVE","RuneforgeCore","display_wgc.cpp","C:\RUNEFOGE_PRO\runeforge\runeforge\app\_archive\source-zips\Sunshine-master\Sunshine-master\src\platform\windows\display_wgc.cpp","0.013","21/03/2026 08:14:42 p. m.","True"
"VENDOR_ARCHIVE","RuneforgeCore","display.h","C:\RUNEFOGE_PRO\runeforge\runeforge\app\_archive\source-zips\Sunshine-master\Sunshine-master\src\platform\windows\display.h","0.014","21/03/2026 08:14:42 p. m.","True"
"VENDOR_ARCHIVE","RuneforgeCore","input.cpp","C:\RUNEFOGE_PRO\runeforge\runeforge\app\_archive\source-zips\Sunshine-master\Sunshine-master\src\platform\windows\input.cpp","0.059","21/03/2026 08:14:42 p. m.","True"
"VENDOR_ARCHIVE","RuneforgeCore","keylayout.h","C:\RUNEFOGE_PRO\runeforge\runeforge\app\_archive\source-zips\Sunshine-master\Sunshine-master\src\platform\windows\keylayout.h","0.005","21/03/2026 08:14:42 p. m.","True"
"VENDOR_ARCHIVE","RuneforgeCore","misc.cpp","C:\RUNEFOGE_PRO\runeforge\runeforge\app\_archive\source-zips\Sunshine-master\Sunshine-master\src\platform\windows\misc.cpp","0.067","21/03/2026 08:14:42 p. m.","True"
"VENDOR_ARCHIVE","RuneforgeCore","misc.h","C:\RUNEFOGE_PRO\runeforge\runeforge\app\_archive\source-zips\Sunshine-master\Sunshine-master\src\platform\windows\misc.h","0.001","21/03/2026 08:14:42 p. m.","True"
"VENDOR_ARCHIVE","RuneforgeCore","PolicyConfig.h","C:\RUNEFOGE_PRO\runeforge\runeforge\app\_archive\source-zips\Sunshine-master\Sunshine-master\src\platform\windows\PolicyConfig.h","0.003","21/03/2026 08:14:42 p. m.","True"
"VENDOR_ARCHIVE","RuneforgeCore","publish.cpp","C:\RUNEFOGE_PRO\runeforge\runeforge\app\_archive\source-zips\Sunshine-master\Sunshine-master\src\platform\windows\publish.cpp","0.007","21/03/2026 08:14:42 p. m.","True"
"VENDOR_ARCHIVE","RuneforgeCore","utf_utils.cpp","C:\RUNEFOGE_PRO\runeforge\runeforge\app\_archive\source-zips\Sunshine-master\Sunshine-master\src\platform\windows\utf_utils.cpp","0.002","21/03/2026 08:14:42 p. m.","True"
"VENDOR_ARCHIVE","RuneforgeCore","utf_utils.h","C:\RUNEFOGE_PRO\runeforge\runeforge\app\_archive\source-zips\Sunshine-master\Sunshine-master\src\platform\windows\utf_utils.h","0.001","21/03/2026 08:14:42 p. m.","True"
"VENDOR_ARCHIVE","RuneforgeCore","windows.rc","C:\RUNEFOGE_PRO\runeforge\runeforge\app\_archive\source-zips\Sunshine-master\Sunshine-master\src\platform\windows\windows.rc","0.002","21/03/2026 08:14:42 p. m.","True"
"VENDOR_ARCHIVE","RuneforgeCore","driver_settings.cpp","C:\RUNEFOGE_PRO\runeforge\runeforge\app\_archive\source-zips\Sunshine-master\Sunshine-master\src\platform\windows\nvprefs\driver_settings.cpp","0.01","21/03/2026 08:14:42 p. m.","True"
"VENDOR_ARCHIVE","RuneforgeCore","driver_settings.h","C:\RUNEFOGE_PRO\runeforge\runeforge\app\_archive\source-zips\Sunshine-master\Sunshine-master\src\platform\windows\nvprefs\driver_settings.h","0.002","21/03/2026 08:14:42 p. m.","True"
"VENDOR_ARCHIVE","RuneforgeCore","nvapi_opensource_wrapper.cpp","C:\RUNEFOGE_PRO\runeforge\runeforge\app\_archive\source-zips\Sunshine-master\Sunshine-master\src\platform\windows\nvprefs\nvapi_opensource_wrapper.cpp","0.004","21/03/2026 08:14:42 p. m.","True"
"VENDOR_ARCHIVE","RuneforgeCore","nvprefs_common.cpp","C:\RUNEFOGE_PRO\runeforge\runeforge\app\_archive\source-zips\Sunshine-master\Sunshine-master\src\platform\windows\nvprefs\nvprefs_common.cpp","0.001","21/03/2026 08:14:42 p. m.","True"
"VENDOR_ARCHIVE","RuneforgeCore","nvprefs_common.h","C:\RUNEFOGE_PRO\runeforge\runeforge\app\_archive\source-zips\Sunshine-master\Sunshine-master\src\platform\windows\nvprefs\nvprefs_common.h","0.001","21/03/2026 08:14:42 p. m.","True"
"VENDOR_ARCHIVE","RuneforgeCore","nvprefs_interface.cpp","C:\RUNEFOGE_PRO\runeforge\runeforge\app\_archive\source-zips\Sunshine-master\Sunshine-master\src\platform\windows\nvprefs\nvprefs_interface.cpp","0.007","21/03/2026 08:14:42 p. m.","True"
"VENDOR_ARCHIVE","RuneforgeCore","nvprefs_interface.h","C:\RUNEFOGE_PRO\runeforge\runeforge\app\_archive\source-zips\Sunshine-master\Sunshine-master\src\platform\windows\nvprefs\nvprefs_interface.h","0.001","21/03/2026 08:14:42 p. m.","True"
"VENDOR_ARCHIVE","RuneforgeCore","undo_data.cpp","C:\RUNEFOGE_PRO\runeforge\runeforge\app\_archive\source-zips\Sunshine-master\Sunshine-master\src\platform\windows\nvprefs\undo_data.cpp","0.003","21/03/2026 08:14:42 p. m.","True"
"VENDOR_ARCHIVE","RuneforgeCore","undo_data.h","C:\RUNEFOGE_PRO\runeforge\runeforge\app\_archive\source-zips\Sunshine-master\Sunshine-master\src\platform\windows\nvprefs\undo_data.h","0.001","21/03/2026 08:14:42 p. m.","True"
"VENDOR_ARCHIVE","RuneforgeCore","undo_file.cpp","C:\RUNEFOGE_PRO\runeforge\runeforge\app\_archive\source-zips\Sunshine-master\Sunshine-master\src\platform\windows\nvprefs\undo_file.cpp","0.004","21/03/2026 08:14:42 p. m.","True"
"VENDOR_ARCHIVE","RuneforgeCore","undo_file.h","C:\RUNEFOGE_PRO\runeforge\runeforge\app\_archive\source-zips\Sunshine-master\Sunshine-master\src\platform\windows\nvprefs\undo_file.h","0.001","21/03/2026 08:14:42 p. m.","True"
"VENDOR_ARCHIVE","RuneforgeCore","av_audio.h","C:\RUNEFOGE_PRO\runeforge\runeforge\app\_archive\source-zips\Sunshine-master\Sunshine-master\src\platform\macos\av_audio.h","0.007","21/03/2026 08:14:42 p. m.","True"
"VENDOR_ARCHIVE","RuneforgeCore","av_audio.mm","C:\RUNEFOGE_PRO\runeforge\runeforge\app\_archive\source-zips\Sunshine-master\Sunshine-master\src\platform\macos\av_audio.mm","0.036","21/03/2026 08:14:42 p. m.","True"
"VENDOR_ARCHIVE","RuneforgeCore","av_img_t.h","C:\RUNEFOGE_PRO\runeforge\runeforge\app\_archive\source-zips\Sunshine-master\Sunshine-master\src\platform\macos\av_img_t.h","0.002","21/03/2026 08:14:42 p. m.","True"
"VENDOR_ARCHIVE","RuneforgeCore","av_video.h","C:\RUNEFOGE_PRO\runeforge\runeforge\app\_archive\source-zips\Sunshine-master\Sunshine-master\src\platform\macos\av_video.h","0.001","21/03/2026 08:14:42 p. m.","True"
"VENDOR_ARCHIVE","RuneforgeCore","av_video.m","C:\RUNEFOGE_PRO\runeforge\runeforge\app\_archive\source-zips\Sunshine-master\Sunshine-master\src\platform\macos\av_video.m","0.005","21/03/2026 08:14:42 p. m.","True"
"VENDOR_ARCHIVE","RuneforgeCore","coreaudio_helpers.h","C:\RUNEFOGE_PRO\runeforge\runeforge\app\_archive\source-zips\Sunshine-master\Sunshine-master\src\platform\macos\coreaudio_helpers.h","0.002","21/03/2026 08:14:42 p. m.","True"
"VENDOR_ARCHIVE","RuneforgeCore","display.mm","C:\RUNEFOGE_PRO\runeforge\runeforge\app\_archive\source-zips\Sunshine-master\Sunshine-master\src\platform\macos\display.mm","0.008","21/03/2026 08:14:42 p. m.","True"
"VENDOR_ARCHIVE","RuneforgeCore","input.cpp","C:\RUNEFOGE_PRO\runeforge\runeforge\app\_archive\source-zips\Sunshine-master\Sunshine-master\src\platform\macos\input.cpp","0.025","21/03/2026 08:14:42 p. m.","True"
"VENDOR_ARCHIVE","RuneforgeCore","microphone.mm","C:\RUNEFOGE_PRO\runeforge\runeforge\app\_archive\source-zips\Sunshine-master\Sunshine-master\src\platform\macos\microphone.mm","0.004","21/03/2026 08:14:42 p. m.","True"
"VENDOR_ARCHIVE","RuneforgeCore","misc.h","C:\RUNEFOGE_PRO\runeforge\runeforge\app\_archive\source-zips\Sunshine-master\Sunshine-master\src\platform\macos\misc.h","0","21/03/2026 08:14:42 p. m.","True"
"VENDOR_ARCHIVE","RuneforgeCore","misc.mm","C:\RUNEFOGE_PRO\runeforge\runeforge\app\_archive\source-zips\Sunshine-master\Sunshine-master\src\platform\macos\misc.mm","0.019","21/03/2026 08:14:42 p. m.","True"
"VENDOR_ARCHIVE","RuneforgeCore","nv12_zero_device.cpp","C:\RUNEFOGE_PRO\runeforge\runeforge\app\_archive\source-zips\Sunshine-master\Sunshine-master\src\platform\macos\nv12_zero_device.cpp","0.002","21/03/2026 08:14:42 p. m.","True"
"VENDOR_ARCHIVE","RuneforgeCore","nv12_zero_device.h","C:\RUNEFOGE_PRO\runeforge\runeforge\app\_archive\source-zips\Sunshine-master\Sunshine-master\src\platform\macos\nv12_zero_device.h","0.001","21/03/2026 08:14:42 p. m.","True"
"VENDOR_ARCHIVE","RuneforgeCore","publish.cpp","C:\RUNEFOGE_PRO\runeforge\runeforge\app\_archive\source-zips\Sunshine-master\Sunshine-master\src\platform\macos\publish.cpp","0.005","21/03/2026 08:14:42 p. m.","True"
"VENDOR_ARCHIVE","RuneforgeCore","audio.cpp","C:\RUNEFOGE_PRO\runeforge\runeforge\app\_archive\source-zips\Sunshine-master\Sunshine-master\src\platform\linux\audio.cpp","0.015","21/03/2026 08:14:42 p. m.","True"
"VENDOR_ARCHIVE","RuneforgeCore","cuda.cpp","C:\RUNEFOGE_PRO\runeforge\runeforge\app\_archive\source-zips\Sunshine-master\Sunshine-master\src\platform\linux\cuda.cpp","0.029","21/03/2026 08:14:42 p. m.","True"
"VENDOR_ARCHIVE","RuneforgeCore","cuda.cu","C:\RUNEFOGE_PRO\runeforge\runeforge\app\_archive\source-zips\Sunshine-master\Sunshine-master\src\platform\linux\cuda.cu","0.01","21/03/2026 08:14:42 p. m.","True"
"VENDOR_ARCHIVE","RuneforgeCore","cuda.h","C:\RUNEFOGE_PRO\runeforge\runeforge\app\_archive\source-zips\Sunshine-master\Sunshine-master\src\platform\linux\cuda.h","0.003","21/03/2026 08:14:42 p. m.","True"
"VENDOR_ARCHIVE","RuneforgeCore","graphics.cpp","C:\RUNEFOGE_PRO\runeforge\runeforge\app\_archive\source-zips\Sunshine-master\Sunshine-master\src\platform\linux\graphics.cpp","0.031","21/03/2026 08:14:42 p. m.","True"
"VENDOR_ARCHIVE","RuneforgeCore","graphics.h","C:\RUNEFOGE_PRO\runeforge\runeforge\app\_archive\source-zips\Sunshine-master\Sunshine-master\src\platform\linux\graphics.h","0.009","21/03/2026 08:14:42 p. m.","True"
"VENDOR_ARCHIVE","RuneforgeCore","kmsgrab.cpp","C:\RUNEFOGE_PRO\runeforge\runeforge\app\_archive\source-zips\Sunshine-master\Sunshine-master\src\platform\linux\kmsgrab.cpp","0.059","21/03/2026 08:14:42 p. m.","True"
"VENDOR_ARCHIVE","RuneforgeCore","misc.cpp","C:\RUNEFOGE_PRO\runeforge\runeforge\app\_archive\source-zips\Sunshine-master\Sunshine-master\src\platform\linux\misc.cpp","0.035","21/03/2026 08:14:42 p. m.","True"
"VENDOR_ARCHIVE","RuneforgeCore","misc.h","C:\RUNEFOGE_PRO\runeforge\runeforge\app\_archive\source-zips\Sunshine-master\Sunshine-master\src\platform\linux\misc.h","0.001","21/03/2026 08:14:42 p. m.","True"
"VENDOR_ARCHIVE","RuneforgeCore","portalgrab.cpp","C:\RUNEFOGE_PRO\runeforge\runeforge\app\_archive\source-zips\Sunshine-master\Sunshine-master\src\platform\linux\portalgrab.cpp","0.057","21/03/2026 08:14:42 p. m.","True"
"VENDOR_ARCHIVE","RuneforgeCore","publish.cpp","C:\RUNEFOGE_PRO\runeforge\runeforge\app\_archive\source-zips\Sunshine-master\Sunshine-master\src\platform\linux\publish.cpp","0.015","21/03/2026 08:14:42 p. m.","True"
"VENDOR_ARCHIVE","RuneforgeCore","vaapi.cpp","C:\RUNEFOGE_PRO\runeforge\runeforge\app\_archive\source-zips\Sunshine-master\Sunshine-master\src\platform\linux\vaapi.cpp","0.019","21/03/2026 08:14:42 p. m.","True"
"VENDOR_ARCHIVE","RuneforgeCore","vaapi.h","C:\RUNEFOGE_PRO\runeforge\runeforge\app\_archive\source-zips\Sunshine-master\Sunshine-master\src\platform\linux\vaapi.h","0.001","21/03/2026 08:14:42 p. m.","True"
"VENDOR_ARCHIVE","RuneforgeCore","wayland.cpp","C:\RUNEFOGE_PRO\runeforge\runeforge\app\_archive\source-zips\Sunshine-master\Sunshine-master\src\platform\linux\wayland.cpp","0.016","21/03/2026 08:14:42 p. m.","True"
"VENDOR_ARCHIVE","RuneforgeCore","wayland.h","C:\RUNEFOGE_PRO\runeforge\runeforge\app\_archive\source-zips\Sunshine-master\Sunshine-master\src\platform\linux\wayland.h","0.007","21/03/2026 08:14:42 p. m.","True"
"VENDOR_ARCHIVE","RuneforgeCore","wlgrab.cpp","C:\RUNEFOGE_PRO\runeforge\runeforge\app\_archive\source-zips\Sunshine-master\Sunshine-master\src\platform\linux\wlgrab.cpp","0.015","21/03/2026 08:14:42 p. m.","True"
"VENDOR_ARCHIVE","RuneforgeCore","x11grab.cpp","C:\RUNEFOGE_PRO\runeforge\runeforge\app\_archive\source-zips\Sunshine-master\Sunshine-master\src\platform\linux\x11grab.cpp","0.025","21/03/2026 08:14:42 p. m.","True"
"VENDOR_ARCHIVE","RuneforgeCore","x11grab.h","C:\RUNEFOGE_PRO\runeforge\runeforge\app\_archive\source-zips\Sunshine-master\Sunshine-master\src\platform\linux\x11grab.h","0.001","21/03/2026 08:14:42 p. m.","True"
"VENDOR_ARCHIVE","RuneforgeCore","inputtino_common.h","C:\RUNEFOGE_PRO\runeforge\runeforge\app\_archive\source-zips\Sunshine-master\Sunshine-master\src\platform\linux\input\inputtino_common.h","0.003","21/03/2026 08:14:42 p. m.","True"
"VENDOR_ARCHIVE","RuneforgeCore","inputtino_gamepad.cpp","C:\RUNEFOGE_PRO\runeforge\runeforge\app\_archive\source-zips\Sunshine-master\Sunshine-master\src\platform\linux\input\inputtino_gamepad.cpp","0.013","21/03/2026 08:14:42 p. m.","True"
"VENDOR_ARCHIVE","RuneforgeCore","inputtino_gamepad.h","C:\RUNEFOGE_PRO\runeforge\runeforge\app\_archive\source-zips\Sunshine-master\Sunshine-master\src\platform\linux\input\inputtino_gamepad.h","0.001","21/03/2026 08:14:42 p. m.","True"
"VENDOR_ARCHIVE","RuneforgeCore","inputtino_keyboard.cpp","C:\RUNEFOGE_PRO\runeforge\runeforge\app\_archive\source-zips\Sunshine-master\Sunshine-master\src\platform\linux\input\inputtino_keyboard.cpp","0.005","21/03/2026 08:14:42 p. m.","True"
"VENDOR_ARCHIVE","RuneforgeCore","inputtino_keyboard.h","C:\RUNEFOGE_PRO\runeforge\runeforge\app\_archive\source-zips\Sunshine-master\Sunshine-master\src\platform\linux\input\inputtino_keyboard.h","0","21/03/2026 08:14:42 p. m.","True"
"VENDOR_ARCHIVE","RuneforgeCore","inputtino_mouse.cpp","C:\RUNEFOGE_PRO\runeforge\runeforge\app\_archive\source-zips\Sunshine-master\Sunshine-master\src\platform\linux\input\inputtino_mouse.cpp","0.002","21/03/2026 08:14:42 p. m.","True"
"VENDOR_ARCHIVE","RuneforgeCore","inputtino_mouse.h","C:\RUNEFOGE_PRO\runeforge\runeforge\app\_archive\source-zips\Sunshine-master\Sunshine-master\src\platform\linux\input\inputtino_mouse.h","0.001","21/03/2026 08:14:42 p. m.","True"
"VENDOR_ARCHIVE","RuneforgeCore","inputtino_pen.cpp","C:\RUNEFOGE_PRO\runeforge\runeforge\app\_archive\source-zips\Sunshine-master\Sunshine-master\src\platform\linux\input\inputtino_pen.cpp","0.002","21/03/2026 08:14:42 p. m.","True"
"VENDOR_ARCHIVE","RuneforgeCore","inputtino_pen.h","C:\RUNEFOGE_PRO\runeforge\runeforge\app\_archive\source-zips\Sunshine-master\Sunshine-master\src\platform\linux\input\inputtino_pen.h","0","21/03/2026 08:14:42 p. m.","True"
"VENDOR_ARCHIVE","RuneforgeCore","inputtino_touch.cpp","C:\RUNEFOGE_PRO\runeforge\runeforge\app\_archive\source-zips\Sunshine-master\Sunshine-master\src\platform\linux\input\inputtino_touch.cpp","0.002","21/03/2026 08:14:42 p. m.","True"
"VENDOR_ARCHIVE","RuneforgeCore","inputtino_touch.h","C:\RUNEFOGE_PRO\runeforge\runeforge\app\_archive\source-zips\Sunshine-master\Sunshine-master\src\platform\linux\input\inputtino_touch.h","0","21/03/2026 08:14:42 p. m.","True"
"VENDOR_ARCHIVE","RuneforgeCore","inputtino.cpp","C:\RUNEFOGE_PRO\runeforge\runeforge\app\_archive\source-zips\Sunshine-master\Sunshine-master\src\platform\linux\input\inputtino.cpp","0.004","21/03/2026 08:14:42 p. m.","True"
"VENDOR_ARCHIVE","RuneforgeCore","nvenc_base.cpp","C:\RUNEFOGE_PRO\runeforge\runeforge\app\_archive\source-zips\Sunshine-master\Sunshine-master\src\nvenc\nvenc_base.cpp","0.026","21/03/2026 08:14:42 p. m.","True"
"VENDOR_ARCHIVE","RuneforgeCore","nvenc_base.h","C:\RUNEFOGE_PRO\runeforge\runeforge\app\_archive\source-zips\Sunshine-master\Sunshine-master\src\nvenc\nvenc_base.h","0.006","21/03/2026 08:14:42 p. m.","True"
"VENDOR_ARCHIVE","RuneforgeCore","nvenc_colorspace.h","C:\RUNEFOGE_PRO\runeforge\runeforge\app\_archive\source-zips\Sunshine-master\Sunshine-master\src\nvenc\nvenc_colorspace.h","0","21/03/2026 08:14:42 p. m.","True"
"VENDOR_ARCHIVE","RuneforgeCore","nvenc_config.h","C:\RUNEFOGE_PRO\runeforge\runeforge\app\_archive\source-zips\Sunshine-master\Sunshine-master\src\nvenc\nvenc_config.h","0.002","21/03/2026 08:14:42 p. m.","True"
"VENDOR_ARCHIVE","RuneforgeCore","nvenc_d3d11_native.cpp","C:\RUNEFOGE_PRO\runeforge\runeforge\app\_archive\source-zips\Sunshine-master\Sunshine-master\src\nvenc\nvenc_d3d11_native.cpp","0.002","21/03/2026 08:14:42 p. m.","True"
"VENDOR_ARCHIVE","RuneforgeCore","nvenc_d3d11_native.h","C:\RUNEFOGE_PRO\runeforge\runeforge\app\_archive\source-zips\Sunshine-master\Sunshine-master\src\nvenc\nvenc_d3d11_native.h","0.001","21/03/2026 08:14:42 p. m.","True"
"VENDOR_ARCHIVE","RuneforgeCore","nvenc_d3d11_on_cuda.cpp","C:\RUNEFOGE_PRO\runeforge\runeforge\app\_archive\source-zips\Sunshine-master\Sunshine-master\src\nvenc\nvenc_d3d11_on_cuda.cpp","0.009","21/03/2026 08:14:42 p. m.","True"
"VENDOR_ARCHIVE","RuneforgeCore","nvenc_d3d11_on_cuda.h","C:\RUNEFOGE_PRO\runeforge\runeforge\app\_archive\source-zips\Sunshine-master\Sunshine-master\src\nvenc\nvenc_d3d11_on_cuda.h","0.002","21/03/2026 08:14:42 p. m.","True"
"VENDOR_ARCHIVE","RuneforgeCore","nvenc_d3d11.cpp","C:\RUNEFOGE_PRO\runeforge\runeforge\app\_archive\source-zips\Sunshine-master\Sunshine-master\src\nvenc\nvenc_d3d11.cpp","0.002","21/03/2026 08:14:42 p. m.","True"
"VENDOR_ARCHIVE","RuneforgeCore","nvenc_d3d11.h","C:\RUNEFOGE_PRO\runeforge\runeforge\app\_archive\source-zips\Sunshine-master\Sunshine-master\src\nvenc\nvenc_d3d11.h","0.001","21/03/2026 08:14:42 p. m.","True"
"VENDOR_ARCHIVE","RuneforgeCore","nvenc_encoded_frame.h","C:\RUNEFOGE_PRO\runeforge\runeforge\app\_archive\source-zips\Sunshine-master\Sunshine-master\src\nvenc\nvenc_encoded_frame.h","0","21/03/2026 08:14:42 p. m.","True"
"VENDOR_ARCHIVE","RuneforgeCore","nvenc_utils.cpp","C:\RUNEFOGE_PRO\runeforge\runeforge\app\_archive\source-zips\Sunshine-master\Sunshine-master\src\nvenc\nvenc_utils.cpp","0.003","21/03/2026 08:14:42 p. m.","True"
"VENDOR_ARCHIVE","RuneforgeCore","nvenc_utils.h","C:\RUNEFOGE_PRO\runeforge\runeforge\app\_archive\source-zips\Sunshine-master\Sunshine-master\src\nvenc\nvenc_utils.h","0.001","21/03/2026 08:14:42 p. m.","True"
"VENDOR_ARCHIVE","RuneforgeCore","_locale.py","C:\RUNEFOGE_PRO\runeforge\runeforge\app\_archive\source-zips\Sunshine-master\Sunshine-master\scripts\_locale.py","0.005","21/03/2026 08:14:42 p. m.","True"
"VENDOR_ARCHIVE","RuneforgeCore","linux_build.sh","C:\RUNEFOGE_PRO\runeforge\runeforge\app\_archive\source-zips\Sunshine-master\Sunshine-master\scripts\linux_build.sh","0.023","21/03/2026 08:14:42 p. m.","True"
"VENDOR_ARCHIVE","RuneforgeCore","macos_build.sh","C:\RUNEFOGE_PRO\runeforge\runeforge\app\_archive\source-zips\Sunshine-master\Sunshine-master\scripts\macos_build.sh","0.006","21/03/2026 08:14:42 p. m.","True"
"VENDOR_ARCHIVE","RuneforgeCore","update_clang_format.py","C:\RUNEFOGE_PRO\runeforge\runeforge\app\_archive\source-zips\Sunshine-master\Sunshine-master\scripts\update_clang_format.py","0.001","21/03/2026 08:14:42 p. m.","True"
"VENDOR_ARCHIVE","RuneforgeCore","convert_and_pack.sh","C:\RUNEFOGE_PRO\runeforge\runeforge\app\_archive\source-zips\Sunshine-master\Sunshine-master\scripts\icons\convert_and_pack.sh","0.002","21/03/2026 08:14:42 p. m.","True"
"VENDOR_ARCHIVE","RuneforgeCore","sunshine.rb","C:\RUNEFOGE_PRO\runeforge\runeforge\app\_archive\source-zips\Sunshine-master\Sunshine-master\packaging\sunshine.rb","0.01","21/03/2026 08:14:42 p. m.","True"
"VENDOR_ARCHIVE","RuneforgeCore","app-dev.lizardbyte.app.Sunshine.service.in","C:\RUNEFOGE_PRO\runeforge\runeforge\app\_archive\source-zips\Sunshine-master\Sunshine-master\packaging\linux\app-dev.lizardbyte.app.Sunshine.service.in","0","21/03/2026 08:14:42 p. m.","True"
"VENDOR_ARCHIVE","RuneforgeCore","dev.lizardbyte.app.Sunshine.desktop","C:\RUNEFOGE_PRO\runeforge\runeforge\app\_archive\source-zips\Sunshine-master\Sunshine-master\packaging\linux\dev.lizardbyte.app.Sunshine.desktop","0","21/03/2026 08:14:42 p. m.","True"
"VENDOR_ARCHIVE","RuneforgeCore","dev.lizardbyte.app.Sunshine.metainfo.xml","C:\RUNEFOGE_PRO\runeforge\runeforge\app\_archive\source-zips\Sunshine-master\Sunshine-master\packaging\linux\dev.lizardbyte.app.Sunshine.metainfo.xml","0.002","21/03/2026 08:14:42 p. m.","True"
"VENDOR_ARCHIVE","RuneforgeCore","dev.lizardbyte.app.Sunshine.terminal.desktop","C:\RUNEFOGE_PRO\runeforge\runeforge\app\_archive\source-zips\Sunshine-master\Sunshine-master\packaging\linux\dev.lizardbyte.app.Sunshine.terminal.desktop","0","21/03/2026 08:14:42 p. m.","True"
"VENDOR_ARCHIVE","RuneforgeCore","cuda-12-math_functions.patch","C:\RUNEFOGE_PRO\runeforge\runeforge\app\_archive\source-zips\Sunshine-master\Sunshine-master\packaging\linux\patches\x86_64\cuda-12-math_functions.patch","0.003","21/03/2026 08:14:42 p. m.","True"
"VENDOR_ARCHIVE","RuneforgeCore","cuda-13-math_functions.patch","C:\RUNEFOGE_PRO\runeforge\runeforge\app\_archive\source-zips\Sunshine-master\Sunshine-master\packaging\linux\patches\x86_64\cuda-13-math_functions.patch","0.002","21/03/2026 08:14:42 p. m.","True"
"VENDOR_ARCHIVE","RuneforgeCore","cuda-12-math_functions.patch","C:\RUNEFOGE_PRO\runeforge\runeforge\app\_archive\source-zips\Sunshine-master\Sunshine-master\packaging\linux\patches\aarch64\cuda-12-math_functions.patch","0.003","21/03/2026 08:14:42 p. m.","True"
"VENDOR_ARCHIVE","RuneforgeCore","cuda-13-math_functions.patch","C:\RUNEFOGE_PRO\runeforge\runeforge\app\_archive\source-zips\Sunshine-master\Sunshine-master\packaging\linux\patches\aarch64\cuda-13-math_functions.patch","0.002","21/03/2026 08:14:42 p. m.","True"
"VENDOR_ARCHIVE","RuneforgeCore","apps.json","C:\RUNEFOGE_PRO\runeforge\runeforge\app\_archive\source-zips\Sunshine-master\Sunshine-master\packaging\linux\flatpak\apps.json","0","21/03/2026 08:14:42 p. m.","True"
"VENDOR_ARCHIVE","RuneforgeCore","dev.lizardbyte.app.Sunshine.desktop","C:\RUNEFOGE_PRO\runeforge\runeforge\app\_archive\source-zips\Sunshine-master\Sunshine-master\packaging\linux\flatpak\dev.lizardbyte.app.Sunshine.desktop","0","21/03/2026 08:14:42 p. m.","True"
"VENDOR_ARCHIVE","RuneforgeCore","dev.lizardbyte.app.Sunshine.yml","C:\RUNEFOGE_PRO\runeforge\runeforge\app\_archive\source-zips\Sunshine-master\Sunshine-master\packaging\linux\flatpak\dev.lizardbyte.app.Sunshine.yml","0.004","21/03/2026 08:14:42 p. m.","True"
"VENDOR_ARCHIVE","RuneforgeCore","exceptions.json","C:\RUNEFOGE_PRO\runeforge\runeforge\app\_archive\source-zips\Sunshine-master\Sunshine-master\packaging\linux\flatpak\exceptions.json","0","21/03/2026 08:14:42 p. m.","True"
"VENDOR_ARCHIVE","RuneforgeCore","flathub.json","C:\RUNEFOGE_PRO\runeforge\runeforge\app\_archive\source-zips\Sunshine-master\Sunshine-master\packaging\linux\flatpak\flathub.json","0","21/03/2026 08:14:42 p. m.","True"
"VENDOR_ARCHIVE","RuneforgeCore","README.md","C:\RUNEFOGE_PRO\runeforge\runeforge\app\_archive\source-zips\Sunshine-master\Sunshine-master\packaging\linux\flatpak\README.md","0.001","21/03/2026 08:14:42 p. m.","True"
"VENDOR_ARCHIVE","RuneforgeCore","additional-install.sh","C:\RUNEFOGE_PRO\runeforge\runeforge\app\_archive\source-zips\Sunshine-master\Sunshine-master\packaging\linux\flatpak\scripts\additional-install.sh","0.001","21/03/2026 08:14:42 p. m.","True"
"VENDOR_ARCHIVE","RuneforgeCore","remove-additional-install.sh","C:\RUNEFOGE_PRO\runeforge\runeforge\app\_archive\source-zips\Sunshine-master\Sunshine-master\packaging\linux\flatpak\scripts\remove-additional-install.sh","0","21/03/2026 08:14:42 p. m.","True"
"VENDOR_ARCHIVE","RuneforgeCore","sunshine.sh","C:\RUNEFOGE_PRO\runeforge\runeforge\app\_archive\source-zips\Sunshine-master\Sunshine-master\packaging\linux\flatpak\scripts\sunshine.sh","0","21/03/2026 08:14:42 p. m.","True"
"VENDOR_ARCHIVE","RuneforgeCore","avahi.json","C:\RUNEFOGE_PRO\runeforge\runeforge\app\_archive\source-zips\Sunshine-master\Sunshine-master\packaging\linux\flatpak\modules\avahi.json","0.001","21/03/2026 08:14:42 p. m.","True"
"VENDOR_ARCHIVE","RuneforgeCore","boost.json","C:\RUNEFOGE_PRO\runeforge\runeforge\app\_archive\source-zips\Sunshine-master\Sunshine-master\packaging\linux\flatpak\modules\boost.json","0.001","21/03/2026 08:14:42 p. m.","True"
"VENDOR_ARCHIVE","RuneforgeCore","cuda.json","C:\RUNEFOGE_PRO\runeforge\runeforge\app\_archive\source-zips\Sunshine-master\Sunshine-master\packaging\linux\flatpak\modules\cuda.json","0.001","21/03/2026 08:14:42 p. m.","True"
"VENDOR_ARCHIVE","RuneforgeCore","ffmpeg.json","C:\RUNEFOGE_PRO\runeforge\runeforge\app\_archive\source-zips\Sunshine-master\Sunshine-master\packaging\linux\flatpak\modules\ffmpeg.json","0.001","21/03/2026 08:14:42 p. m.","True"
"VENDOR_ARCHIVE","RuneforgeCore","libevdev.json","C:\RUNEFOGE_PRO\runeforge\runeforge\app\_archive\source-zips\Sunshine-master\Sunshine-master\packaging\linux\flatpak\modules\libevdev.json","0.001","21/03/2026 08:14:42 p. m.","True"
"VENDOR_ARCHIVE","RuneforgeCore","miniupnpc.json","C:\RUNEFOGE_PRO\runeforge\runeforge\app\_archive\source-zips\Sunshine-master\Sunshine-master\packaging\linux\flatpak\modules\miniupnpc.json","0.001","21/03/2026 08:14:42 p. m.","True"
"VENDOR_ARCHIVE","RuneforgeCore","nlohmann_json.json","C:\RUNEFOGE_PRO\runeforge\runeforge\app\_archive\source-zips\Sunshine-master\Sunshine-master\packaging\linux\flatpak\modules\nlohmann_json.json","0","21/03/2026 08:14:42 p. m.","True"
"VENDOR_ARCHIVE","RuneforgeCore","numactl.json","C:\RUNEFOGE_PRO\runeforge\runeforge\app\_archive\source-zips\Sunshine-master\Sunshine-master\packaging\linux\flatpak\modules\numactl.json","0","21/03/2026 08:14:42 p. m.","True"
"VENDOR_ARCHIVE","RuneforgeCore","xvfb-run","C:\RUNEFOGE_PRO\runeforge\runeforge\app\_archive\source-zips\Sunshine-master\Sunshine-master\packaging\linux\flatpak\modules\xvfb\xvfb-run","0.005","21/03/2026 08:14:42 p. m.","True"
"VENDOR_ARCHIVE","RuneforgeCore","xvfb.json","C:\RUNEFOGE_PRO\runeforge\runeforge\app\_archive\source-zips\Sunshine-master\Sunshine-master\packaging\linux\flatpak\modules\xvfb\xvfb.json","0.004","21/03/2026 08:14:42 p. m.","True"
"VENDOR_ARCHIVE","RuneforgeCore","Sunshine.spec","C:\RUNEFOGE_PRO\runeforge\runeforge\app\_archive\source-zips\Sunshine-master\Sunshine-master\packaging\linux\copr\Sunshine.spec","0.01","21/03/2026 08:14:42 p. m.","True"
"VENDOR_ARCHIVE","RuneforgeCore","PKGBUILD","C:\RUNEFOGE_PRO\runeforge\runeforge\app\_archive\source-zips\Sunshine-master\Sunshine-master\packaging\linux\Arch\PKGBUILD","0.006","21/03/2026 08:14:42 p. m.","True"
"VENDOR_ARCHIVE","RuneforgeCore","sunshine.install","C:\RUNEFOGE_PRO\runeforge\runeforge\app\_archive\source-zips\Sunshine-master\Sunshine-master\packaging\linux\Arch\sunshine.install","0","21/03/2026 08:14:42 p. m.","True"
"VENDOR_ARCHIVE","RuneforgeCore","AppRun","C:\RUNEFOGE_PRO\runeforge\runeforge\app\_archive\source-zips\Sunshine-master\Sunshine-master\packaging\linux\AppImage\AppRun","0.003","21/03/2026 08:14:42 p. m.","True"
"VENDOR_ARCHIVE","RuneforgeCore","dev.lizardbyte.app.Sunshine.desktop","C:\RUNEFOGE_PRO\runeforge\runeforge\app\_archive\source-zips\Sunshine-master\Sunshine-master\packaging\linux\AppImage\dev.lizardbyte.app.Sunshine.desktop","0","21/03/2026 08:14:42 p. m.","True"
"VENDOR_ARCHIVE","RuneforgeCore","_config.yml","C:\RUNEFOGE_PRO\runeforge\runeforge\app\_archive\source-zips\Sunshine-master\Sunshine-master\gh-pages-template\_config.yml","0","21/03/2026 08:14:42 p. m.","True"
"VENDOR_ARCHIVE","RuneforgeCore",".readthedocs.yaml","C:\RUNEFOGE_PRO\runeforge\runeforge\app\_archive\source-zips\Sunshine-master\Sunshine-master\gh-pages-template\.readthedocs.yaml","0.001","21/03/2026 08:14:42 p. m.","True"
"VENDOR_ARCHIVE","RuneforgeCore","index.html","C:\RUNEFOGE_PRO\runeforge\runeforge\app\_archive\source-zips\Sunshine-master\Sunshine-master\gh-pages-template\index.html","0.013","21/03/2026 08:14:42 p. m.","True"
"VENDOR_ARCHIVE","RuneforgeCore","navbar-avatar.png","C:\RUNEFOGE_PRO\runeforge\runeforge\app\_archive\source-zips\Sunshine-master\Sunshine-master\gh-pages-template\assets\img\navbar-avatar.png","0.017","21/03/2026 08:14:42 p. m.","True"
"VENDOR_ARCHIVE","RuneforgeCore","01-sunshine-welcome-page.png","C:\RUNEFOGE_PRO\runeforge\runeforge\app\_archive\source-zips\Sunshine-master\Sunshine-master\gh-pages-template\assets\img\screenshots\01-sunshine-welcome-page.png","0.13","21/03/2026 08:14:42 p. m.","True"
"VENDOR_ARCHIVE","RuneforgeCore","AdobeStock_231616343_1920x1280.jpg","C:\RUNEFOGE_PRO\runeforge\runeforge\app\_archive\source-zips\Sunshine-master\Sunshine-master\gh-pages-template\assets\img\banners\AdobeStock_231616343_1920x1280.jpg","1.793","21/03/2026 08:14:42 p. m.","True"
"VENDOR_ARCHIVE","RuneforgeCore","AdobeStock_231616343.jpeg","C:\RUNEFOGE_PRO\runeforge\runeforge\app\_archive\source-zips\Sunshine-master\Sunshine-master\gh-pages-template\assets\img\banners\AdobeStock_231616343.jpeg","6.196","21/03/2026 08:14:42 p. m.","True"
"VENDOR_ARCHIVE","RuneforgeCore","AdobeStock_303330124_1920x1280.jpg","C:\RUNEFOGE_PRO\runeforge\runeforge\app\_archive\source-zips\Sunshine-master\Sunshine-master\gh-pages-template\assets\img\banners\AdobeStock_303330124_1920x1280.jpg","1.738","21/03/2026 08:14:42 p. m.","True"
"VENDOR_ARCHIVE","RuneforgeCore","AdobeStock_303330124.jpeg","C:\RUNEFOGE_PRO\runeforge\runeforge\app\_archive\source-zips\Sunshine-master\Sunshine-master\gh-pages-template\assets\img\banners\AdobeStock_303330124.jpeg","5.852","21/03/2026 08:14:42 p. m.","True"
"VENDOR_ARCHIVE","RuneforgeCore","AdobeStock_305732536_1920x1280.jpg","C:\RUNEFOGE_PRO\runeforge\runeforge\app\_archive\source-zips\Sunshine-master\Sunshine-master\gh-pages-template\assets\img\banners\AdobeStock_305732536_1920x1280.jpg","1.37","21/03/2026 08:14:42 p. m.","True"
"VENDOR_ARCHIVE","RuneforgeCore","AdobeStock_305732536.jpeg","C:\RUNEFOGE_PRO\runeforge\runeforge\app\_archive\source-zips\Sunshine-master\Sunshine-master\gh-pages-template\assets\img\banners\AdobeStock_305732536.jpeg","4.963","21/03/2026 08:14:42 p. m.","True"
"VENDOR_ARCHIVE","RuneforgeCore","clients.yml","C:\RUNEFOGE_PRO\runeforge\runeforge\app\_archive\source-zips\Sunshine-master\Sunshine-master\gh-pages-template\_data\clients.yml","0.006","21/03/2026 08:14:42 p. m.","True"
"VENDOR_ARCHIVE","RuneforgeCore","features.yml","C:\RUNEFOGE_PRO\runeforge\runeforge\app\_archive\source-zips\Sunshine-master\Sunshine-master\gh-pages-template\_data\features.yml","0.001","21/03/2026 08:14:42 p. m.","True"
"VENDOR_ARCHIVE","RuneforgeCore","api.js","C:\RUNEFOGE_PRO\runeforge\runeforge\app\_archive\source-zips\Sunshine-master\Sunshine-master\docs\api.js","0.005","21/03/2026 08:14:42 p. m.","True"
"VENDOR_ARCHIVE","RuneforgeCore","api.md","C:\RUNEFOGE_PRO\runeforge\runeforge\app\_archive\source-zips\Sunshine-master\Sunshine-master\docs\api.md","0.003","21/03/2026 08:14:42 p. m.","True"
"VENDOR_ARCHIVE","RuneforgeCore","app_examples.md","C:\RUNEFOGE_PRO\runeforge\runeforge\app\_archive\source-zips\Sunshine-master\Sunshine-master\docs\app_examples.md","0.02","21/03/2026 08:14:42 p. m.","True"
"VENDOR_ARCHIVE","RuneforgeCore","awesome_sunshine.md","C:\RUNEFOGE_PRO\runeforge\runeforge\app\_archive\source-zips\Sunshine-master\Sunshine-master\docs\awesome_sunshine.md","0.001","21/03/2026 08:14:42 p. m.","True"
"VENDOR_ARCHIVE","RuneforgeCore","building.md","C:\RUNEFOGE_PRO\runeforge\runeforge\app\_archive\source-zips\Sunshine-master\Sunshine-master\docs\building.md","0.006","21/03/2026 08:14:42 p. m.","True"
"VENDOR_ARCHIVE","RuneforgeCore","changelog.md","C:\RUNEFOGE_PRO\runeforge\runeforge\app\_archive\source-zips\Sunshine-master\Sunshine-master\docs\changelog.md","0.001","21/03/2026 08:14:42 p. m.","True"
"VENDOR_ARCHIVE","RuneforgeCore","configuration.js","C:\RUNEFOGE_PRO\runeforge\runeforge\app\_archive\source-zips\Sunshine-master\Sunshine-master\docs\configuration.js","0.001","21/03/2026 08:14:42 p. m.","True"
"VENDOR_ARCHIVE","RuneforgeCore","configuration.md","C:\RUNEFOGE_PRO\runeforge\runeforge\app\_archive\source-zips\Sunshine-master\Sunshine-master\docs\configuration.md","0.077","21/03/2026 08:14:42 p. m.","True"
"VENDOR_ARCHIVE","RuneforgeCore","contributing.md","C:\RUNEFOGE_PRO\runeforge\runeforge\app\_archive\source-zips\Sunshine-master\Sunshine-master\docs\contributing.md","0.008","21/03/2026 08:14:42 p. m.","True"
"VENDOR_ARCHIVE","RuneforgeCore","doc-styles.css","C:\RUNEFOGE_PRO\runeforge\runeforge\app\_archive\source-zips\Sunshine-master\Sunshine-master\docs\doc-styles.css","0","21/03/2026 08:14:42 p. m.","True"
"VENDOR_ARCHIVE","RuneforgeCore","Doxyfile","C:\RUNEFOGE_PRO\runeforge\runeforge\app\_archive\source-zips\Sunshine-master\Sunshine-master\docs\Doxyfile","0.002","21/03/2026 08:14:42 p. m.","True"
"VENDOR_ARCHIVE","RuneforgeCore","gamestream_migration.md","C:\RUNEFOGE_PRO\runeforge\runeforge\app\_archive\source-zips\Sunshine-master\Sunshine-master\docs\gamestream_migration.md","0.002","21/03/2026 08:14:42 p. m.","True"
"VENDOR_ARCHIVE","RuneforgeCore","getting_started.md","C:\RUNEFOGE_PRO\runeforge\runeforge\app\_archive\source-zips\Sunshine-master\Sunshine-master\docs\getting_started.md","0.022","21/03/2026 08:14:42 p. m.","True"
"VENDOR_ARCHIVE","RuneforgeCore","guides.md","C:\RUNEFOGE_PRO\runeforge\runeforge\app\_archive\source-zips\Sunshine-master\Sunshine-master\docs\guides.md","0.001","21/03/2026 08:14:42 p. m.","True"
"VENDOR_ARCHIVE","RuneforgeCore","legal.md","C:\RUNEFOGE_PRO\runeforge\runeforge\app\_archive\source-zips\Sunshine-master\Sunshine-master\docs\legal.md","0.002","21/03/2026 08:14:42 p. m.","True"
"VENDOR_ARCHIVE","RuneforgeCore","performance_tuning.md","C:\RUNEFOGE_PRO\runeforge\runeforge\app\_archive\source-zips\Sunshine-master\Sunshine-master\docs\performance_tuning.md","0.001","21/03/2026 08:14:42 p. m.","True"
"VENDOR_ARCHIVE","RuneforgeCore","third_party_packages.md","C:\RUNEFOGE_PRO\runeforge\runeforge\app\_archive\source-zips\Sunshine-master\Sunshine-master\docs\third_party_packages.md","0.003","21/03/2026 08:14:42 p. m.","True"
"VENDOR_ARCHIVE","RuneforgeCore","troubleshooting.md","C:\RUNEFOGE_PRO\runeforge\runeforge\app\_archive\source-zips\Sunshine-master\Sunshine-master\docs\troubleshooting.md","0.009","21/03/2026 08:14:42 p. m.","True"
"VENDOR_ARCHIVE","RuneforgeCore","README.md","C:\RUNEFOGE_PRO\runeforge\runeforge\app\_archive\source-zips\Sunshine-master\Sunshine-master\docs\maintainers\README.md","0.001","21/03/2026 08:14:42 p. m.","True"
"VENDOR_ARCHIVE","RuneforgeCore","release.md","C:\RUNEFOGE_PRO\runeforge\runeforge\app\_archive\source-zips\Sunshine-master\Sunshine-master\docs\maintainers\release.md","0.003","21/03/2026 08:14:42 p. m.","True"
"VENDOR_ARCHIVE","RuneforgeCore","applications.png","C:\RUNEFOGE_PRO\runeforge\runeforge\app\_archive\source-zips\Sunshine-master\Sunshine-master\docs\images\applications.png","0.376","21/03/2026 08:14:42 p. m.","True"
"VENDOR_ARCHIVE","RuneforgeCore","configuration-search.png","C:\RUNEFOGE_PRO\runeforge\runeforge\app\_archive\source-zips\Sunshine-master\Sunshine-master\docs\images\configuration-search.png","0.076","21/03/2026 08:14:42 p. m.","True"
"VENDOR_ARCHIVE","RuneforgeCore","featured-apps.png","C:\RUNEFOGE_PRO\runeforge\runeforge\app\_archive\source-zips\Sunshine-master\Sunshine-master\docs\images\featured-apps.png","0.188","21/03/2026 08:14:42 p. m.","True"
"VENDOR_ARCHIVE","RuneforgeCore","split-themes.png","C:\RUNEFOGE_PRO\runeforge\runeforge\app\_archive\source-zips\Sunshine-master\Sunshine-master\docs\images\split-themes.png","0.154","21/03/2026 08:14:42 p. m.","True"
"VENDOR_ARCHIVE","RuneforgeCore","troubleshooting-logs.png","C:\RUNEFOGE_PRO\runeforge\runeforge\app\_archive\source-zips\Sunshine-master\Sunshine-master\docs\images\troubleshooting-logs.png","0.099","21/03/2026 08:14:42 p. m.","True"
"VENDOR_ARCHIVE","RuneforgeCore","vigembus-installer.png","C:\RUNEFOGE_PRO\runeforge\runeforge\app\_archive\source-zips\Sunshine-master\Sunshine-master\docs\images\vigembus-installer.png","0.058","21/03/2026 08:14:42 p. m.","True"
"VENDOR_ARCHIVE","RuneforgeCore","clion-toolchain.dockerfile","C:\RUNEFOGE_PRO\runeforge\runeforge\app\_archive\source-zips\Sunshine-master\Sunshine-master\docker\clion-toolchain.dockerfile","0.002","21/03/2026 08:14:42 p. m.","True"
"VENDOR_ARCHIVE","RuneforgeCore","debian-trixie.dockerfile","C:\RUNEFOGE_PRO\runeforge\runeforge\app\_archive\source-zips\Sunshine-master\Sunshine-master\docker\debian-trixie.dockerfile","0.003","21/03/2026 08:14:42 p. m.","True"
"VENDOR_ARCHIVE","RuneforgeCore","ubuntu-22.04.dockerfile","C:\RUNEFOGE_PRO\runeforge\runeforge\app\_archive\source-zips\Sunshine-master\Sunshine-master\docker\ubuntu-22.04.dockerfile","0.003","21/03/2026 08:14:42 p. m.","True"
"VENDOR_ARCHIVE","RuneforgeCore","ubuntu-24.04.dockerfile","C:\RUNEFOGE_PRO\runeforge\runeforge\app\_archive\source-zips\Sunshine-master\Sunshine-master\docker\ubuntu-24.04.dockerfile","0.003","21/03/2026 08:14:42 p. m.","True"
"VENDOR_ARCHIVE","RuneforgeCore","FindLIBCAP.cmake","C:\RUNEFOGE_PRO\runeforge\runeforge\app\_archive\source-zips\Sunshine-master\Sunshine-master\cmake\FindLIBCAP.cmake","0.001","21/03/2026 08:14:42 p. m.","True"
"VENDOR_ARCHIVE","RuneforgeCore","FindLIBDRM.cmake","C:\RUNEFOGE_PRO\runeforge\runeforge\app\_archive\source-zips\Sunshine-master\Sunshine-master\cmake\FindLIBDRM.cmake","0.001","21/03/2026 08:14:42 p. m.","True"
"VENDOR_ARCHIVE","RuneforgeCore","FindLibva.cmake","C:\RUNEFOGE_PRO\runeforge\runeforge\app\_archive\source-zips\Sunshine-master\Sunshine-master\cmake\FindLibva.cmake","0.002","21/03/2026 08:14:42 p. m.","True"
"VENDOR_ARCHIVE","RuneforgeCore","FindSystemd.cmake","C:\RUNEFOGE_PRO\runeforge\runeforge\app\_archive\source-zips\Sunshine-master\Sunshine-master\cmake\FindSystemd.cmake","0.001","21/03/2026 08:14:42 p. m.","True"
"VENDOR_ARCHIVE","RuneforgeCore","FindUdev.cmake","C:\RUNEFOGE_PRO\runeforge\runeforge\app\_archive\source-zips\Sunshine-master\Sunshine-master\cmake\FindUdev.cmake","0.002","21/03/2026 08:14:42 p. m.","True"
"VENDOR_ARCHIVE","RuneforgeCore","FindWayland.cmake","C:\RUNEFOGE_PRO\runeforge\runeforge\app\_archive\source-zips\Sunshine-master\Sunshine-master\cmake\FindWayland.cmake","0.004","21/03/2026 08:14:42 p. m.","True"
"VENDOR_ARCHIVE","RuneforgeCore","common.cmake","C:\RUNEFOGE_PRO\runeforge\runeforge\app\_archive\source-zips\Sunshine-master\Sunshine-master\cmake\targets\common.cmake","0.005","21/03/2026 08:14:42 p. m.","True"
"VENDOR_ARCHIVE","RuneforgeCore","linux.cmake","C:\RUNEFOGE_PRO\runeforge\runeforge\app\_archive\source-zips\Sunshine-master\Sunshine-master\cmake\targets\linux.cmake","0","21/03/2026 08:14:42 p. m.","True"
"VENDOR_ARCHIVE","RuneforgeCore","macos.cmake","C:\RUNEFOGE_PRO\runeforge\runeforge\app\_archive\source-zips\Sunshine-master\Sunshine-master\cmake\targets\macos.cmake","0.001","21/03/2026 08:14:42 p. m.","True"
"VENDOR_ARCHIVE","RuneforgeCore","unix.cmake","C:\RUNEFOGE_PRO\runeforge\runeforge\app\_archive\source-zips\Sunshine-master\Sunshine-master\cmake\targets\unix.cmake","0","21/03/2026 08:14:42 p. m.","True"
"VENDOR_ARCHIVE","RuneforgeCore","windows.cmake","C:\RUNEFOGE_PRO\runeforge\runeforge\app\_archive\source-zips\Sunshine-master\Sunshine-master\cmake\targets\windows.cmake","0","21/03/2026 08:14:42 p. m.","True"
"VENDOR_ARCHIVE","RuneforgeCore","build_version.cmake","C:\RUNEFOGE_PRO\runeforge\runeforge\app\_archive\source-zips\Sunshine-master\Sunshine-master\cmake\prep\build_version.cmake","0.006","21/03/2026 08:14:42 p. m.","True"
"VENDOR_ARCHIVE","RuneforgeCore","constants.cmake","C:\RUNEFOGE_PRO\runeforge\runeforge\app\_archive\source-zips\Sunshine-master\Sunshine-master\cmake\prep\constants.cmake","0","21/03/2026 08:14:42 p. m.","True"
"VENDOR_ARCHIVE","RuneforgeCore","init.cmake","C:\RUNEFOGE_PRO\runeforge\runeforge\app\_archive\source-zips\Sunshine-master\Sunshine-master\cmake\prep\init.cmake","0.001","21/03/2026 08:14:42 p. m.","True"
"VENDOR_ARCHIVE","RuneforgeCore","options.cmake","C:\RUNEFOGE_PRO\runeforge\runeforge\app\_archive\source-zips\Sunshine-master\Sunshine-master\cmake\prep\options.cmake","0.003","21/03/2026 08:14:42 p. m.","True"
"VENDOR_ARCHIVE","RuneforgeCore","special_package_configuration.cmake","C:\RUNEFOGE_PRO\runeforge\runeforge\app\_archive\source-zips\Sunshine-master\Sunshine-master\cmake\prep\special_package_configuration.cmake","0.002","21/03/2026 08:14:42 p. m.","True"
"VENDOR_ARCHIVE","RuneforgeCore","common.cmake","C:\RUNEFOGE_PRO\runeforge\runeforge\app\_archive\source-zips\Sunshine-master\Sunshine-master\cmake\packaging\common.cmake","0.002","21/03/2026 08:14:42 p. m.","True"
"VENDOR_ARCHIVE","RuneforgeCore","freebsd_custom_cpack.cmake","C:\RUNEFOGE_PRO\runeforge\runeforge\app\_archive\source-zips\Sunshine-master\Sunshine-master\cmake\packaging\freebsd_custom_cpack.cmake","0.005","21/03/2026 08:14:42 p. m.","True"
"VENDOR_ARCHIVE","RuneforgeCore","linux.cmake","C:\RUNEFOGE_PRO\runeforge\runeforge\app\_archive\source-zips\Sunshine-master\Sunshine-master\cmake\packaging\linux.cmake","0.007","21/03/2026 08:14:42 p. m.","True"
"VENDOR_ARCHIVE","RuneforgeCore","macos.cmake","C:\RUNEFOGE_PRO\runeforge\runeforge\app\_archive\source-zips\Sunshine-master\Sunshine-master\cmake\packaging\macos.cmake","0.004","21/03/2026 08:14:42 p. m.","True"
"VENDOR_ARCHIVE","RuneforgeCore","unix.cmake","C:\RUNEFOGE_PRO\runeforge\runeforge\app\_archive\source-zips\Sunshine-master\Sunshine-master\cmake\packaging\unix.cmake","0","21/03/2026 08:14:42 p. m.","True"
"VENDOR_ARCHIVE","RuneforgeCore","windows_nsis.cmake","C:\RUNEFOGE_PRO\runeforge\runeforge\app\_archive\source-zips\Sunshine-master\Sunshine-master\cmake\packaging\windows_nsis.cmake","0.003","21/03/2026 08:14:42 p. m.","True"
"VENDOR_ARCHIVE","RuneforgeCore","windows_wix.cmake","C:\RUNEFOGE_PRO\runeforge\runeforge\app\_archive\source-zips\Sunshine-master\Sunshine-master\cmake\packaging\windows_wix.cmake","0.003","21/03/2026 08:14:42 p. m.","True"
"VENDOR_ARCHIVE","RuneforgeCore","windows.cmake","C:\RUNEFOGE_PRO\runeforge\runeforge\app\_archive\source-zips\Sunshine-master\Sunshine-master\cmake\packaging\windows.cmake","0.005","21/03/2026 08:14:42 p. m.","True"
"VENDOR_ARCHIVE","RuneforgeCore","patch.xml","C:\RUNEFOGE_PRO\runeforge\runeforge\app\_archive\source-zips\Sunshine-master\Sunshine-master\cmake\packaging\wix_resources\patch.xml","0","21/03/2026 08:14:42 p. m.","True"
"VENDOR_ARCHIVE","RuneforgeCore","sunshine-installer.wxs","C:\RUNEFOGE_PRO\runeforge\runeforge\app\_archive\source-zips\Sunshine-master\Sunshine-master\cmake\packaging\wix_resources\sunshine-installer.wxs","0.006","21/03/2026 08:14:42 p. m.","True"
"VENDOR_ARCHIVE","RuneforgeCore","common.cmake","C:\RUNEFOGE_PRO\runeforge\runeforge\app\_archive\source-zips\Sunshine-master\Sunshine-master\cmake\macros\common.cmake","0.001","21/03/2026 08:14:42 p. m.","True"
"VENDOR_ARCHIVE","RuneforgeCore","linux.cmake","C:\RUNEFOGE_PRO\runeforge\runeforge\app\_archive\source-zips\Sunshine-master\Sunshine-master\cmake\macros\linux.cmake","0.001","21/03/2026 08:14:42 p. m.","True"
"VENDOR_ARCHIVE","RuneforgeCore","macos.cmake","C:\RUNEFOGE_PRO\runeforge\runeforge\app\_archive\source-zips\Sunshine-master\Sunshine-master\cmake\macros\macos.cmake","0.001","21/03/2026 08:14:42 p. m.","True"
"VENDOR_ARCHIVE","RuneforgeCore","unix.cmake","C:\RUNEFOGE_PRO\runeforge\runeforge\app\_archive\source-zips\Sunshine-master\Sunshine-master\cmake\macros\unix.cmake","0","21/03/2026 08:14:42 p. m.","True"
"VENDOR_ARCHIVE","RuneforgeCore","windows.cmake","C:\RUNEFOGE_PRO\runeforge\runeforge\app\_archive\source-zips\Sunshine-master\Sunshine-master\cmake\macros\windows.cmake","0","21/03/2026 08:14:42 p. m.","True"
"VENDOR_ARCHIVE","RuneforgeCore","Boost_Sunshine.cmake","C:\RUNEFOGE_PRO\runeforge\runeforge\app\_archive\source-zips\Sunshine-master\Sunshine-master\cmake\dependencies\Boost_Sunshine.cmake","0.003","21/03/2026 08:14:42 p. m.","True"
"VENDOR_ARCHIVE","RuneforgeCore","common.cmake","C:\RUNEFOGE_PRO\runeforge\runeforge\app\_archive\source-zips\Sunshine-master\Sunshine-master\cmake\dependencies\common.cmake","0.002","21/03/2026 08:14:42 p. m.","True"
"VENDOR_ARCHIVE","RuneforgeCore","ffmpeg.cmake","C:\RUNEFOGE_PRO\runeforge\runeforge\app\_archive\source-zips\Sunshine-master\Sunshine-master\cmake\dependencies\ffmpeg.cmake","0.006","21/03/2026 08:14:42 p. m.","True"
"VENDOR_ARCHIVE","RuneforgeCore","FindOpus.cmake","C:\RUNEFOGE_PRO\runeforge\runeforge\app\_archive\source-zips\Sunshine-master\Sunshine-master\cmake\dependencies\FindOpus.cmake","0.003","21/03/2026 08:14:42 p. m.","True"
"VENDOR_ARCHIVE","RuneforgeCore","glad.cmake","C:\RUNEFOGE_PRO\runeforge\runeforge\app\_archive\source-zips\Sunshine-master\Sunshine-master\cmake\dependencies\glad.cmake","0.009","21/03/2026 08:14:42 p. m.","True"
"VENDOR_ARCHIVE","RuneforgeCore","libevdev_Sunshine.cmake","C:\RUNEFOGE_PRO\runeforge\runeforge\app\_archive\source-zips\Sunshine-master\Sunshine-master\cmake\dependencies\libevdev_Sunshine.cmake","0.002","21/03/2026 08:14:42 p. m.","True"
"VENDOR_ARCHIVE","RuneforgeCore","linux.cmake","C:\RUNEFOGE_PRO\runeforge\runeforge\app\_archive\source-zips\Sunshine-master\Sunshine-master\cmake\dependencies\linux.cmake","0","21/03/2026 08:14:42 p. m.","True"
"VENDOR_ARCHIVE","RuneforgeCore","macos.cmake","C:\RUNEFOGE_PRO\runeforge\runeforge\app\_archive\source-zips\Sunshine-master\Sunshine-master\cmake\dependencies\macos.cmake","0.001","21/03/2026 08:14:42 p. m.","True"
"VENDOR_ARCHIVE","RuneforgeCore","nlohmann_json.cmake","C:\RUNEFOGE_PRO\runeforge\runeforge\app\_archive\source-zips\Sunshine-master\Sunshine-master\cmake\dependencies\nlohmann_json.cmake","0.001","21/03/2026 08:14:42 p. m.","True"
"VENDOR_ARCHIVE","RuneforgeCore","unix.cmake","C:\RUNEFOGE_PRO\runeforge\runeforge\app\_archive\source-zips\Sunshine-master\Sunshine-master\cmake\dependencies\unix.cmake","0","21/03/2026 08:14:42 p. m.","True"
"VENDOR_ARCHIVE","RuneforgeCore","windows.cmake","C:\RUNEFOGE_PRO\runeforge\runeforge\app\_archive\source-zips\Sunshine-master\Sunshine-master\cmake\dependencies\windows.cmake","0.002","21/03/2026 08:14:42 p. m.","True"
"VENDOR_ARCHIVE","RuneforgeCore","common.cmake","C:\RUNEFOGE_PRO\runeforge\runeforge\app\_archive\source-zips\Sunshine-master\Sunshine-master\cmake\compile_definitions\common.cmake","0.006","21/03/2026 08:14:42 p. m.","True"
"VENDOR_ARCHIVE","RuneforgeCore","linux.cmake","C:\RUNEFOGE_PRO\runeforge\runeforge\app\_archive\source-zips\Sunshine-master\Sunshine-master\cmake\compile_definitions\linux.cmake","0.009","21/03/2026 08:14:42 p. m.","True"
"VENDOR_ARCHIVE","RuneforgeCore","macos.cmake","C:\RUNEFOGE_PRO\runeforge\runeforge\app\_archive\source-zips\Sunshine-master\Sunshine-master\cmake\compile_definitions\macos.cmake","0.002","21/03/2026 08:14:42 p. m.","True"
"VENDOR_ARCHIVE","RuneforgeCore","unix.cmake","C:\RUNEFOGE_PRO\runeforge\runeforge\app\_archive\source-zips\Sunshine-master\Sunshine-master\cmake\compile_definitions\unix.cmake","0","21/03/2026 08:14:42 p. m.","True"
"VENDOR_ARCHIVE","RuneforgeCore","windows.cmake","C:\RUNEFOGE_PRO\runeforge\runeforge\app\_archive\source-zips\Sunshine-master\Sunshine-master\cmake\compile_definitions\windows.cmake","0.004","21/03/2026 08:14:42 p. m.","True"
"VENDOR_ARCHIVE","RuneforgeCore","copilot-instructions.md","C:\RUNEFOGE_PRO\runeforge\runeforge\app\_archive\source-zips\Sunshine-master\Sunshine-master\.github\copilot-instructions.md","0","21/03/2026 08:14:42 p. m.","True"
"VENDOR_ARCHIVE","RuneforgeCore","dependabot.yml","C:\RUNEFOGE_PRO\runeforge\runeforge\app\_archive\source-zips\Sunshine-master\Sunshine-master\.github\dependabot.yml","0.002","21/03/2026 08:14:42 p. m.","True"
"VENDOR_ARCHIVE","RuneforgeCore","semantic.yml","C:\RUNEFOGE_PRO\runeforge\runeforge\app\_archive\source-zips\Sunshine-master\Sunshine-master\.github\semantic.yml","0.001","21/03/2026 08:14:42 p. m.","True"
"VENDOR_ARCHIVE","RuneforgeCore","_codeql.yml","C:\RUNEFOGE_PRO\runeforge\runeforge\app\_archive\source-zips\Sunshine-master\Sunshine-master\.github\workflows\_codeql.yml","0.001","21/03/2026 08:14:42 p. m.","True"
"VENDOR_ARCHIVE","RuneforgeCore","_common-lint.yml","C:\RUNEFOGE_PRO\runeforge\runeforge\app\_archive\source-zips\Sunshine-master\Sunshine-master\.github\workflows\_common-lint.yml","0.001","21/03/2026 08:14:42 p. m.","True"
"VENDOR_ARCHIVE","RuneforgeCore","_release-notifier.yml","C:\RUNEFOGE_PRO\runeforge\runeforge\app\_archive\source-zips\Sunshine-master\Sunshine-master\.github\workflows\_release-notifier.yml","0.001","21/03/2026 08:14:42 p. m.","True"
"VENDOR_ARCHIVE","RuneforgeCore","_update-changelog.yml","C:\RUNEFOGE_PRO\runeforge\runeforge\app\_archive\source-zips\Sunshine-master\Sunshine-master\.github\workflows\_update-changelog.yml","0.001","21/03/2026 08:14:42 p. m.","True"
"VENDOR_ARCHIVE","RuneforgeCore","_update-docs.yml","C:\RUNEFOGE_PRO\runeforge\runeforge\app\_archive\source-zips\Sunshine-master\Sunshine-master\.github\workflows\_update-docs.yml","0.001","21/03/2026 08:14:42 p. m.","True"
"VENDOR_ARCHIVE","RuneforgeCore","_update-flathub-repo.yml","C:\RUNEFOGE_PRO\runeforge\runeforge\app\_archive\source-zips\Sunshine-master\Sunshine-master\.github\workflows\_update-flathub-repo.yml","0.001","21/03/2026 08:14:42 p. m.","True"
"VENDOR_ARCHIVE","RuneforgeCore","_update-homebrew-repo.yml","C:\RUNEFOGE_PRO\runeforge\runeforge\app\_archive\source-zips\Sunshine-master\Sunshine-master\.github\workflows\_update-homebrew-repo.yml","0.001","21/03/2026 08:14:42 p. m.","True"
"VENDOR_ARCHIVE","RuneforgeCore","_update-pacman-repo.yml","C:\RUNEFOGE_PRO\runeforge\runeforge\app\_archive\source-zips\Sunshine-master\Sunshine-master\.github\workflows\_update-pacman-repo.yml","0.001","21/03/2026 08:14:42 p. m.","True"
"VENDOR_ARCHIVE","RuneforgeCore","_update-winget-repo.yml","C:\RUNEFOGE_PRO\runeforge\runeforge\app\_archive\source-zips\Sunshine-master\Sunshine-master\.github\workflows\_update-winget-repo.yml","0.001","21/03/2026 08:14:42 p. m.","True"
"VENDOR_ARCHIVE","RuneforgeCore","ci-archlinux.yml","C:\RUNEFOGE_PRO\runeforge\runeforge\app\_archive\source-zips\Sunshine-master\Sunshine-master\.github\workflows\ci-archlinux.yml","0.005","21/03/2026 08:14:42 p. m.","True"
"VENDOR_ARCHIVE","RuneforgeCore","ci-bundle.yml","C:\RUNEFOGE_PRO\runeforge\runeforge\app\_archive\source-zips\Sunshine-master\Sunshine-master\.github\workflows\ci-bundle.yml","0.001","21/03/2026 08:14:42 p. m.","True"
"VENDOR_ARCHIVE","RuneforgeCore","ci-copr.yml","C:\RUNEFOGE_PRO\runeforge\runeforge\app\_archive\source-zips\Sunshine-master\Sunshine-master\.github\workflows\ci-copr.yml","0.002","21/03/2026 08:14:42 p. m.","True"
"VENDOR_ARCHIVE","RuneforgeCore","ci-flatpak.yml","C:\RUNEFOGE_PRO\runeforge\runeforge\app\_archive\source-zips\Sunshine-master\Sunshine-master\.github\workflows\ci-flatpak.yml","0.007","21/03/2026 08:14:42 p. m.","True"
"VENDOR_ARCHIVE","RuneforgeCore","ci-freebsd.yml","C:\RUNEFOGE_PRO\runeforge\runeforge\app\_archive\source-zips\Sunshine-master\Sunshine-master\.github\workflows\ci-freebsd.yml","0.008","21/03/2026 08:14:42 p. m.","True"
"VENDOR_ARCHIVE","RuneforgeCore","ci-homebrew.yml","C:\RUNEFOGE_PRO\runeforge\runeforge\app\_archive\source-zips\Sunshine-master\Sunshine-master\.github\workflows\ci-homebrew.yml","0.009","21/03/2026 08:14:42 p. m.","True"
"VENDOR_ARCHIVE","RuneforgeCore","ci-linux.yml","C:\RUNEFOGE_PRO\runeforge\runeforge\app\_archive\source-zips\Sunshine-master\Sunshine-master\.github\workflows\ci-linux.yml","0.006","21/03/2026 08:14:42 p. m.","True"
"VENDOR_ARCHIVE","RuneforgeCore","ci-macos.yml","C:\RUNEFOGE_PRO\runeforge\runeforge\app\_archive\source-zips\Sunshine-master\Sunshine-master\.github\workflows\ci-macos.yml","0.01","21/03/2026 08:14:42 p. m.","True"
"VENDOR_ARCHIVE","RuneforgeCore","ci-windows.yml","C:\RUNEFOGE_PRO\runeforge\runeforge\app\_archive\source-zips\Sunshine-master\Sunshine-master\.github\workflows\ci-windows.yml","0.012","21/03/2026 08:14:42 p. m.","True"
"VENDOR_ARCHIVE","RuneforgeCore","ci.yml","C:\RUNEFOGE_PRO\runeforge\runeforge\app\_archive\source-zips\Sunshine-master\Sunshine-master\.github\workflows\ci.yml","0.011","21/03/2026 08:14:42 p. m.","True"
"VENDOR_ARCHIVE","RuneforgeCore","localize.yml","C:\RUNEFOGE_PRO\runeforge\runeforge\app\_archive\source-zips\Sunshine-master\Sunshine-master\.github\workflows\localize.yml","0.003","21/03/2026 08:14:42 p. m.","True"
"VENDOR_ARCHIVE","RuneforgeCore","release-notifier-moonlight.yml","C:\RUNEFOGE_PRO\runeforge\runeforge\app\_archive\source-zips\Sunshine-master\Sunshine-master\.github\workflows\release-notifier-moonlight.yml","0.001","21/03/2026 08:14:42 p. m.","True"
"VENDOR_ARCHIVE","RuneforgeCore","update-pages.yml","C:\RUNEFOGE_PRO\runeforge\runeforge\app\_archive\source-zips\Sunshine-master\Sunshine-master\.github\workflows\update-pages.yml","0.001","21/03/2026 08:14:42 p. m.","True"
"VENDOR_ARCHIVE","RuneforgeCore","copr-ci.json","C:\RUNEFOGE_PRO\runeforge\runeforge\app\_archive\source-zips\Sunshine-master\Sunshine-master\.github\matchers\copr-ci.json","0","21/03/2026 08:14:42 p. m.","True"
"VENDOR_ARCHIVE","RuneforgeCore","docker.json","C:\RUNEFOGE_PRO\runeforge\runeforge\app\_archive\source-zips\Sunshine-master\Sunshine-master\.github\matchers\docker.json","0","21/03/2026 08:14:42 p. m.","True"
"VENDOR_ARCHIVE","RuneforgeCore","gcc-strip3.json","C:\RUNEFOGE_PRO\runeforge\runeforge\app\_archive\source-zips\Sunshine-master\Sunshine-master\.github\matchers\gcc-strip3.json","0","21/03/2026 08:14:42 p. m.","True"
"VENDOR_ARCHIVE","RuneforgeCore","gcc.json","C:\RUNEFOGE_PRO\runeforge\runeforge\app\_archive\source-zips\Sunshine-master\Sunshine-master\.github\matchers\gcc.json","0.001","21/03/2026 08:14:42 p. m.","True"
"VENDOR_ARCHIVE","RuneforgeCore","bug-report.yml","C:\RUNEFOGE_PRO\runeforge\runeforge\app\_archive\source-zips\Sunshine-master\Sunshine-master\.github\ISSUE_TEMPLATE\bug-report.yml","0.005","21/03/2026 08:14:42 p. m.","True"
"VENDOR_ARCHIVE","RuneforgeCore","config.yml","C:\RUNEFOGE_PRO\runeforge\runeforge\app\_archive\source-zips\Sunshine-master\Sunshine-master\.github\ISSUE_TEMPLATE\config.yml","0.001","21/03/2026 08:14:42 p. m.","True"
"DOCUMENTATION","RuneforgeCore","docs.zip","C:\RUNEFOGE_PRO\runeforge\docs\docs.zip","0.007","24/04/2026 08:10:34 p. m.","True"
"DOCUMENTATION","RuneforgeCore","PROMPT_ESTADO_ACTUAL_RUNEFORGE.txt","C:\RUNEFOGE_PRO\runeforge\docs\PROMPT_ESTADO_ACTUAL_RUNEFORGE.txt","0.001","23/04/2026 11:53:33 p. m.","True"
"DOCUMENTATION","RuneforgeCore","PROMPT_RESUME_RUNEFORGE_2026-04-24_V43.3_TO_AHK_PANEL_V44.txt","C:\RUNEFOGE_PRO\runeforge\docs\PROMPT_RESUME_RUNEFORGE_2026-04-24_V43.3_TO_AHK_PANEL_V44.txt","0.001","24/04/2026 07:31:57 p. m.","True"
"DOCUMENTATION","RuneforgeCore","RUNEFORGE_CURRENT_STATE_MEMORY.md","C:\RUNEFOGE_PRO\runeforge\docs\RUNEFORGE_CURRENT_STATE_MEMORY.md","0.042","23/04/2026 11:53:33 p. m.","True"
"DOCUMENTATION","RuneforgeCore","RUNEFORGE_MEMORY_CLAUSE_2026-04-24_V43.3.md","C:\RUNEFOGE_PRO\runeforge\docs\RUNEFORGE_MEMORY_CLAUSE_2026-04-24_V43.3.md","0.001","24/04/2026 07:27:31 p. m.","True"
"DOCUMENTATION","RuneforgeCore","RUNEFORGE_MEMORY_CLAUSE_2026-04-24_V43.5_PANEL_LAUNCHER.md","C:\RUNEFOGE_PRO\runeforge\docs\RUNEFORGE_MEMORY_CLAUSE_2026-04-24_V43.5_PANEL_LAUNCHER.md","0.001","25/04/2026 02:15:27 a. m.","True"
"DOCUMENTATION","RuneforgeCore","RUNEFORGE_MEMORY_CLAUSE_2026-04-24_V43.6_ADAPTIVE_PANEL.md","C:\RUNEFOGE_PRO\runeforge\docs\RUNEFORGE_MEMORY_CLAUSE_2026-04-24_V43.6_ADAPTIVE_PANEL.md","0.001","25/04/2026 02:21:42 a. m.","True"
"DOCUMENTATION","RuneforgeCore","RUNEFORGE_MEMORY_CLAUSE_2026-04-24_V43.6.1_AHK_CALLBACK_FIX.md","C:\RUNEFOGE_PRO\runeforge\docs\RUNEFORGE_MEMORY_CLAUSE_2026-04-24_V43.6.1_AHK_CALLBACK_FIX.md","0","25/04/2026 02:27:11 a. m.","True"
"DOCUMENTATION","RuneforgeCore","RUNEFORGE_MEMORY_CLAUSE_2026-04-25_SECURITY_FIX03F.md","C:\RUNEFOGE_PRO\runeforge\docs\RUNEFORGE_MEMORY_CLAUSE_2026-04-25_SECURITY_FIX03F.md","0.001","25/04/2026 04:22:35 a. m.","True"
"DOCUMENTATION","RuneforgeCore","RUNEFORGE_RESUME_2026-04-24_V43.3_TO_AHK_PANEL_V44.md","C:\RUNEFOGE_PRO\runeforge\docs\RUNEFORGE_RESUME_2026-04-24_V43.3_TO_AHK_PANEL_V44.md","0.003","24/04/2026 07:31:57 p. m.","True"
"DOCUMENTATION","RuneforgeCore","backend_perfil.json","C:\RUNEFOGE_PRO\runeforge\docs\backend_perfil\backend_perfil.json","0","19/04/2026 04:13:07 a. m.","True"
"DOCUMENTATION","RuneforgeCore","chat_perfil.json","C:\RUNEFOGE_PRO\runeforge\docs\backend_perfil\chat_perfil.json","0","19/04/2026 04:49:00 a. m.","True"
"REVIEW_MANUAL","RuneforgeCore","data.zip","C:\RUNEFOGE_PRO\runeforge\data\data.zip","0.126","26/04/2026 02:21:59 a. m.","True"
"REVIEW_MANUAL","RuneforgeCore","commander-db.json","C:\RUNEFOGE_PRO\runeforge\data\commander\commander-db.json","0.001","24/04/2026 01:15:44 a. m.","True"
"REVIEW_MANUAL","RuneforgeCore","commander-ops-memory.txt","C:\RUNEFOGE_PRO\runeforge\data\commander\commander-ops-memory.txt","0.003","24/04/2026 07:31:57 p. m.","True"
"REVIEW_MANUAL","RuneforgeCore","commander-trace.jsonl","C:\RUNEFOGE_PRO\runeforge\data\commander\commander-trace.jsonl","0.025","27/04/2026 01:58:50 a. m.","True"
"REVIEW_MANUAL","RuneforgeCore","terminal-export-bridge.json","C:\RUNEFOGE_PRO\runeforge\data\commander\terminal-export-bridge.json","0.001","24/04/2026 01:11:19 a. m.","True"
"REVIEW_MANUAL","RuneforgeCore","code_backend_check.ps1","C:\RUNEFOGE_PRO\runeforge\data\commander\snippets\code_backend_check.ps1","0.001","24/04/2026 01:04:37 a. m.","True"
"LAB","RuneforgeCore","code_import_latest_terminal_export.ps1","C:\RUNEFOGE_PRO\runeforge\data\commander\snippets\code_import_latest_terminal_export.ps1","0","24/04/2026 01:15:44 a. m.","True"
"LAB","RuneforgeCore","code_import_open_latest_terminal_export.ps1","C:\RUNEFOGE_PRO\runeforge\data\commander\snippets\code_import_open_latest_terminal_export.ps1","0","24/04/2026 01:15:44 a. m.","True"
"REVIEW_MANUAL","RuneforgeCore","code_node_pm2_ports.ps1","C:\RUNEFOGE_PRO\runeforge\data\commander\snippets\code_node_pm2_ports.ps1","0.001","24/04/2026 12:41:08 a. m.","True"
"REVIEW_MANUAL","RuneforgeCore","code_secret_triage.ps1","C:\RUNEFOGE_PRO\runeforge\data\commander\snippets\code_secret_triage.ps1","0.001","24/04/2026 01:04:37 a. m.","True"
"REVIEW_MANUAL","RuneforgeCore","code_status_check.ps1","C:\RUNEFOGE_PRO\runeforge\data\commander\snippets\code_status_check.ps1","0.001","24/04/2026 01:04:37 a. m.","True"
"REVIEW_MANUAL","RuneforgeCore","memory_resume_v43_3_to_ahk_panel_v44.txt","C:\RUNEFOGE_PRO\runeforge\data\commander\snippets\memory_resume_v43_3_to_ahk_panel_v44.txt","0.003","24/04/2026 07:31:57 p. m.","True"
"MEMORY_OR_PROMPT","RuneforgeCore","prompt_analyze_latest_clean.txt","C:\RUNEFOGE_PRO\runeforge\data\commander\snippets\prompt_analyze_latest_clean.txt","0","24/04/2026 07:42:10 p. m.","True"
"MEMORY_OR_PROMPT","RuneforgeCore","prompt_analyze_latest_terminal_export.txt","C:\RUNEFOGE_PRO\runeforge\data\commander\snippets\prompt_analyze_latest_terminal_export.txt","0","24/04/2026 01:15:44 a. m.","True"
"MEMORY_OR_PROMPT","RuneforgeCore","prompt_canonical_matrix_v41.txt","C:\RUNEFOGE_PRO\runeforge\data\commander\snippets\prompt_canonical_matrix_v41.txt","0.001","24/04/2026 12:41:08 a. m.","True"
"MEMORY_OR_PROMPT","RuneforgeCore","prompt_code_injection_safe_v41.txt","C:\RUNEFOGE_PRO\runeforge\data\commander\snippets\prompt_code_injection_safe_v41.txt","0","24/04/2026 12:41:08 a. m.","True"
"MEMORY_OR_PROMPT","RuneforgeCore","prompt_memory_operator.txt","C:\RUNEFOGE_PRO\runeforge\data\commander\snippets\prompt_memory_operator.txt","0","24/04/2026 01:04:37 a. m.","True"
"MEMORY_OR_PROMPT","RuneforgeCore","prompt_memory_update.txt","C:\RUNEFOGE_PRO\runeforge\data\commander\snippets\prompt_memory_update.txt","0","24/04/2026 07:42:10 p. m.","True"
"MEMORY_OR_PROMPT","RuneforgeCore","prompt_security_audit.txt","C:\RUNEFOGE_PRO\runeforge\data\commander\snippets\prompt_security_audit.txt","0","24/04/2026 01:04:37 a. m.","True"
"MEMORY_OR_PROMPT","RuneforgeCore","prompt_security_review.txt","C:\RUNEFOGE_PRO\runeforge\data\commander\snippets\prompt_security_review.txt","0","24/04/2026 07:42:10 p. m.","True"
"MEMORY_OR_PROMPT","RuneforgeCore","prompt_v44_preflight_analysis.txt","C:\RUNEFOGE_PRO\runeforge\data\commander\snippets\prompt_v44_preflight_analysis.txt","0.001","24/04/2026 07:42:10 p. m.","True"
"REVIEW_MANUAL","RuneforgeCore","request_extraction_v41.txt","C:\RUNEFOGE_PRO\runeforge\data\commander\snippets\request_extraction_v41.txt","0.001","24/04/2026 12:41:08 a. m.","True"
"AUDIT_OR_TRACE_DATA","RuneforgeCore","capture_20260424_192341.txt","C:\RUNEFOGE_PRO\runeforge\data\commander\exports\capture_20260424_192341.txt","0","24/04/2026 07:23:41 p. m.","True"
"AUDIT_OR_TRACE_DATA","RuneforgeCore","capture_20260424_192604.txt","C:\RUNEFOGE_PRO\runeforge\data\commander\exports\capture_20260424_192604.txt","0.001","24/04/2026 07:26:04 p. m.","True"
"AUDIT_OR_TRACE_DATA","RuneforgeCore","capture_20260424_192800.txt","C:\RUNEFOGE_PRO\runeforge\data\commander\exports\capture_20260424_192800.txt","0.001","24/04/2026 07:28:00 p. m.","True"
"AUDIT_OR_TRACE_DATA","RuneforgeCore","capture_fix02a_source_read_20260425_025605.txt","C:\RUNEFOGE_PRO\runeforge\data\commander\exports\capture_fix02a_source_read_20260425_025605.txt","0.003","25/04/2026 02:56:05 a. m.","True"
"AUDIT_OR_TRACE_DATA","RuneforgeCore","latest-terminal-export.clean.txt","C:\RUNEFOGE_PRO\runeforge\data\commander\exports\latest-terminal-export.clean.txt","0.003","25/04/2026 02:56:05 a. m.","True"
"AUDIT_OR_TRACE_DATA","RuneforgeCore","latest-terminal-export.json","C:\RUNEFOGE_PRO\runeforge\data\commander\exports\latest-terminal-export.json","0.001","24/04/2026 06:57:50 p. m.","True"
"AUDIT_OR_TRACE_DATA","RuneforgeCore","latest-terminal-export.txt","C:\RUNEFOGE_PRO\runeforge\data\commander\exports\latest-terminal-export.txt","0.003","25/04/2026 02:56:05 a. m.","True"
"AUDIT_OR_TRACE_DATA","RuneforgeCore","audit-summary.txt","C:\RUNEFOGE_PRO\runeforge\data\audits\security_recovery_20260425_023823\audit-summary.txt","0.001","25/04/2026 02:38:39 a. m.","True"
"AUDIT_OR_TRACE_DATA","RuneforgeCore","security-audit.json","C:\RUNEFOGE_PRO\runeforge\data\audits\security_recovery_20260425_023823\security-audit.json","0.098","25/04/2026 02:38:39 a. m.","True"
"AUDIT_OR_TRACE_DATA","RuneforgeCore","security-findings.md","C:\RUNEFOGE_PRO\runeforge\data\audits\security_recovery_20260425_023823\security-findings.md","0","25/04/2026 02:38:39 a. m.","True"
"AUDIT_OR_TRACE_DATA","RuneforgeCore","fix03f-validation-summary.txt","C:\RUNEFOGE_PRO\runeforge\data\audits\security_fix03f_validation_20260425_041854\fix03f-validation-summary.txt","0.001","25/04/2026 04:18:55 a. m.","True"
"AUDIT_OR_TRACE_DATA","RuneforgeCore","fix03f-validation-summary.txt","C:\RUNEFOGE_PRO\runeforge\data\audits\security_fix03f_validation_20260425_041852\fix03f-validation-summary.txt","0.001","25/04/2026 04:18:54 a. m.","True"
"AUDIT_OR_TRACE_DATA","RuneforgeCore","fix03f-disable-ssh-password-summary.txt","C:\RUNEFOGE_PRO\runeforge\data\audits\security_fix03f_disable_ssh_password_20260425_041611\fix03f-disable-ssh-password-summary.txt","0.001","25/04/2026 04:16:16 a. m.","True"
"AUDIT_OR_TRACE_DATA","RuneforgeCore","rollback-fix03f-ssh-password.ps1","C:\RUNEFOGE_PRO\runeforge\data\audits\security_fix03f_disable_ssh_password_20260425_041611\rollback-fix03f-ssh-password.ps1","0.001","25/04/2026 04:16:11 a. m.","True"
"BACKUP_UI_OR_SCRIPT","RuneforgeCore","sshd_config.20260425_041611.bak","C:\RUNEFOGE_PRO\runeforge\data\audits\security_fix03f_disable_ssh_password_20260425_041611\sshd_config.20260425_041611.bak","0","18/04/2026 12:11:28 a. m.","True"
"AUDIT_OR_TRACE_DATA","RuneforgeCore","fix03e-termius-failure-report.md","C:\RUNEFOGE_PRO\runeforge\data\audits\security_fix03e_ssh_termius_failure_20260425_035035\fix03e-termius-failure-report.md","0.001","25/04/2026 03:50:37 a. m.","True"
"AUDIT_OR_TRACE_DATA","RuneforgeCore","fix03e-termius-failure-summary.txt","C:\RUNEFOGE_PRO\runeforge\data\audits\security_fix03e_ssh_termius_failure_20260425_035035\fix03e-termius-failure-summary.txt","0.001","25/04/2026 03:50:37 a. m.","True"
"AUDIT_OR_TRACE_DATA","RuneforgeCore","fix03e-termius-openssh-events.txt","C:\RUNEFOGE_PRO\runeforge\data\audits\security_fix03e_ssh_termius_failure_20260425_035035\fix03e-termius-openssh-events.txt","0","25/04/2026 03:50:36 a. m.","True"
"AUDIT_OR_TRACE_DATA","RuneforgeCore","fix03e-ssh-events.txt","C:\RUNEFOGE_PRO\runeforge\data\audits\security_fix03e_ssh_publickey_test_20260425_034125\fix03e-ssh-events.txt","0","25/04/2026 03:44:26 a. m.","True"
"AUDIT_OR_TRACE_DATA","RuneforgeCore","fix03e-ssh-publickey-test-summary.txt","C:\RUNEFOGE_PRO\runeforge\data\audits\security_fix03e_ssh_publickey_test_20260425_034125\fix03e-ssh-publickey-test-summary.txt","0.001","25/04/2026 03:44:26 a. m.","True"
"BACKUP_UI_OR_SCRIPT","RuneforgeCore","administrators_authorized_keys.20260425_040222.bak","C:\RUNEFOGE_PRO\runeforge\data\audits\security_fix03e_install_generated_termius_key_20260425_040222\administrators_authorized_keys.20260425_040222.bak","0","18/04/2026 12:01:15 a. m.","True"
"BACKUP_UI_OR_SCRIPT","RuneforgeCore","authorized_keys.20260425_040222.bak","C:\RUNEFOGE_PRO\runeforge\data\audits\security_fix03e_install_generated_termius_key_20260425_040222\authorized_keys.20260425_040222.bak","0","18/04/2026 12:01:15 a. m.","True"
"AUDIT_OR_TRACE_DATA","RuneforgeCore","fix03e-install-generated-termius-key-summary.txt","C:\RUNEFOGE_PRO\runeforge\data\audits\security_fix03e_install_generated_termius_key_20260425_040222\fix03e-install-generated-termius-key-summary.txt","0.001","25/04/2026 04:02:23 a. m.","True"
"AUDIT_OR_TRACE_DATA","RuneforgeCore","fix03d-ssh-keyauth-report.json","C:\RUNEFOGE_PRO\runeforge\data\audits\security_fix03d_ssh_keyauth_preflight_20260425_033922\fix03d-ssh-keyauth-report.json","0.007","25/04/2026 03:39:25 a. m.","True"
"AUDIT_OR_TRACE_DATA","RuneforgeCore","fix03d-ssh-keyauth-report.md","C:\RUNEFOGE_PRO\runeforge\data\audits\security_fix03d_ssh_keyauth_preflight_20260425_033922\fix03d-ssh-keyauth-report.md","0.002","25/04/2026 03:39:25 a. m.","True"
"AUDIT_OR_TRACE_DATA","RuneforgeCore","fix03d-ssh-keyauth-summary.txt","C:\RUNEFOGE_PRO\runeforge\data\audits\security_fix03d_ssh_keyauth_preflight_20260425_033922\fix03d-ssh-keyauth-summary.txt","0.001","25/04/2026 03:39:25 a. m.","True"
"AUDIT_OR_TRACE_DATA","RuneforgeCore","firewall-policy-before-fix03c.wfw","C:\RUNEFOGE_PRO\runeforge\data\audits\security_fix03c_ssh_tailscale_only_20260425_032840\firewall-policy-before-fix03c.wfw","0.25","25/04/2026 03:28:43 a. m.","True"
"AUDIT_OR_TRACE_DATA","RuneforgeCore","fix03c-ssh-tailscale-only-summary.txt","C:\RUNEFOGE_PRO\runeforge\data\audits\security_fix03c_ssh_tailscale_only_20260425_032840\fix03c-ssh-tailscale-only-summary.txt","0.001","25/04/2026 03:28:53 a. m.","True"
"AUDIT_OR_TRACE_DATA","RuneforgeCore","KEEP_FIX03C_OK.confirm","C:\RUNEFOGE_PRO\runeforge\data\audits\security_fix03c_ssh_tailscale_only_20260425_032840\KEEP_FIX03C_OK.confirm","0","25/04/2026 03:29:02 a. m.","True"
"AUDIT_OR_TRACE_DATA","RuneforgeCore","rollback-fix03c-ssh-firewall.ps1","C:\RUNEFOGE_PRO\runeforge\data\audits\security_fix03c_ssh_tailscale_only_20260425_032840\rollback-fix03c-ssh-firewall.ps1","0.001","25/04/2026 03:28:43 a. m.","True"
"AUDIT_OR_TRACE_DATA","RuneforgeCore","rollback-guard-fix03c.ps1","C:\RUNEFOGE_PRO\runeforge\data\audits\security_fix03c_ssh_tailscale_only_20260425_032840\rollback-guard-fix03c.ps1","0","25/04/2026 03:28:43 a. m.","True"
"AUDIT_OR_TRACE_DATA","RuneforgeCore","ssh-firewall-after.json","C:\RUNEFOGE_PRO\runeforge\data\audits\security_fix03c_ssh_tailscale_only_20260425_032840\ssh-firewall-after.json","0.002","25/04/2026 03:28:52 a. m.","True"
"AUDIT_OR_TRACE_DATA","RuneforgeCore","ssh-firewall-before.json","C:\RUNEFOGE_PRO\runeforge\data\audits\security_fix03c_ssh_tailscale_only_20260425_032840\ssh-firewall-before.json","0.001","25/04/2026 03:28:42 a. m.","True"
"AUDIT_OR_TRACE_DATA","RuneforgeCore","ssh-rules-disabled.json","C:\RUNEFOGE_PRO\runeforge\data\audits\security_fix03c_ssh_tailscale_only_20260425_032840\ssh-rules-disabled.json","0.001","25/04/2026 03:28:45 a. m.","True"
"AUDIT_OR_TRACE_DATA","RuneforgeCore","fix03c-ssh-firewall-preflight-summary.txt","C:\RUNEFOGE_PRO\runeforge\data\audits\security_fix03c_ssh_firewall_preflight_20260425_032406\fix03c-ssh-firewall-preflight-summary.txt","0.001","25/04/2026 03:24:11 a. m.","True"
"AUDIT_OR_TRACE_DATA","RuneforgeCore","fix03c-ssh-firewall-preflight.json","C:\RUNEFOGE_PRO\runeforge\data\audits\security_fix03c_ssh_firewall_preflight_20260425_032406\fix03c-ssh-firewall-preflight.json","0.006","25/04/2026 03:24:10 a. m.","True"
"AUDIT_OR_TRACE_DATA","RuneforgeCore","fix03c-ssh-firewall-preflight.md","C:\RUNEFOGE_PRO\runeforge\data\audits\security_fix03c_ssh_firewall_preflight_20260425_032406\fix03c-ssh-firewall-preflight.md","0.002","25/04/2026 03:24:10 a. m.","True"
"AUDIT_OR_TRACE_DATA","RuneforgeCore","fix03b-ssh-report.json","C:\RUNEFOGE_PRO\runeforge\data\audits\security_fix03b_ssh_readonly_20260425_032216\fix03b-ssh-report.json","0.008","25/04/2026 03:22:22 a. m.","True"
"AUDIT_OR_TRACE_DATA","RuneforgeCore","fix03b-ssh-report.md","C:\RUNEFOGE_PRO\runeforge\data\audits\security_fix03b_ssh_readonly_20260425_032216\fix03b-ssh-report.md","0.001","25/04/2026 03:22:22 a. m.","True"
"AUDIT_OR_TRACE_DATA","RuneforgeCore","fix03b-ssh-summary.txt","C:\RUNEFOGE_PRO\runeforge\data\audits\security_fix03b_ssh_readonly_20260425_032216\fix03b-ssh-summary.txt","0.001","25/04/2026 03:22:22 a. m.","True"
"AUDIT_OR_TRACE_DATA","RuneforgeCore","fix03a-winrm-summary.txt","C:\RUNEFOGE_PRO\runeforge\data\audits\security_fix03a_winrm_lockdown_20260425_031704\fix03a-winrm-summary.txt","0.001","25/04/2026 03:17:17 a. m.","True"
"AUDIT_OR_TRACE_DATA","RuneforgeCore","rollback-fix03a-winrm.ps1","C:\RUNEFOGE_PRO\runeforge\data\audits\security_fix03a_winrm_lockdown_20260425_031704\rollback-fix03a-winrm.ps1","0.001","25/04/2026 03:17:07 a. m.","True"
"AUDIT_OR_TRACE_DATA","RuneforgeCore","winrm-after.txt","C:\RUNEFOGE_PRO\runeforge\data\audits\security_fix03a_winrm_lockdown_20260425_031704\winrm-after.txt","0","25/04/2026 03:17:16 a. m.","True"
"AUDIT_OR_TRACE_DATA","RuneforgeCore","winrm-before.txt","C:\RUNEFOGE_PRO\runeforge\data\audits\security_fix03a_winrm_lockdown_20260425_031704\winrm-before.txt","0.002","25/04/2026 03:17:07 a. m.","True"
"AUDIT_OR_TRACE_DATA","RuneforgeCore","fix02a-restart-summary.txt","C:\RUNEFOGE_PRO\runeforge\data\audits\security_fix02a_restart_3100_20260425_025924\fix02a-restart-summary.txt","0.001","25/04/2026 02:59:34 a. m.","True"
"AUDIT_OR_TRACE_DATA","RuneforgeCore","fix02a-summary.txt","C:\RUNEFOGE_PRO\runeforge\data\audits\security_fix02a_localhost_bind_20260425_025723\fix02a-summary.txt","0.001","25/04/2026 02:57:34 a. m.","True"
"AUDIT_OR_TRACE_DATA","RuneforgeCore","rollback-fix02a.ps1","C:\RUNEFOGE_PRO\runeforge\data\audits\security_fix02a_localhost_bind_20260425_025723\rollback-fix02a.ps1","0.001","25/04/2026 02:57:28 a. m.","True"
"AUDIT_OR_TRACE_DATA","RuneforgeCore","fix02-ports-context-summary.txt","C:\RUNEFOGE_PRO\runeforge\data\audits\security_fix02_ports_context_20260425_024734\fix02-ports-context-summary.txt","0.001","25/04/2026 02:48:32 a. m.","True"
"AUDIT_OR_TRACE_DATA","RuneforgeCore","fix02-ports-context.json","C:\RUNEFOGE_PRO\runeforge\data\audits\security_fix02_ports_context_20260425_024734\fix02-ports-context.json","0.028","25/04/2026 02:48:31 a. m.","True"
"AUDIT_OR_TRACE_DATA","RuneforgeCore","fix02-ports-context.md","C:\RUNEFOGE_PRO\runeforge\data\audits\security_fix02_ports_context_20260425_024734\fix02-ports-context.md","0.009","25/04/2026 02:48:32 a. m.","True"
"AUDIT_OR_TRACE_DATA","RuneforgeCore","fix01-summary.txt","C:\RUNEFOGE_PRO\runeforge\data\audits\security_fix01_triage_20260425_024057\fix01-summary.txt","0.001","25/04/2026 02:41:01 a. m.","True"
"AUDIT_OR_TRACE_DATA","RuneforgeCore","ports-triage.md","C:\RUNEFOGE_PRO\runeforge\data\audits\security_fix01_triage_20260425_024057\ports-triage.md","0.001","25/04/2026 02:40:59 a. m.","True"
"AUDIT_OR_TRACE_DATA","RuneforgeCore","secret-indicators-paths-only.md","C:\RUNEFOGE_PRO\runeforge\data\audits\security_fix01_triage_20260425_024057\secret-indicators-paths-only.md","0.023","25/04/2026 02:40:59 a. m.","True"
"AUDIT_OR_TRACE_DATA","RuneforgeCore","security-fix-plan.md","C:\RUNEFOGE_PRO\runeforge\data\audits\security_20260425_023454\security-fix-plan.md","0.001","25/04/2026 02:35:32 a. m.","True"
"AUDIT_OR_TRACE_DATA","RuneforgeCore","performance-security-snapshot.json","C:\RUNEFOGE_PRO\runeforge\data\audits\performance_security_snapshot_20260425_031329\performance-security-snapshot.json","0.011","25/04/2026 03:13:32 a. m.","True"
"AUDIT_OR_TRACE_DATA","RuneforgeCore","performance-security-summary.txt","C:\RUNEFOGE_PRO\runeforge\data\audits\performance_security_snapshot_20260425_031329\performance-security-summary.txt","0.002","25/04/2026 03:13:33 a. m.","True"
"AUDIT_OR_TRACE_DATA","RuneforgeCore","audit-summary.txt","C:\RUNEFOGE_PRO\runeforge\data\audits\20260423_235227\audit-summary.txt","0.001","23/04/2026 11:53:34 p. m.","True"
"AUDIT_OR_TRACE_DATA","RuneforgeCore","normalization-plan.md","C:\RUNEFOGE_PRO\runeforge\data\audits\20260423_235227\normalization-plan.md","0.001","23/04/2026 11:53:33 p. m.","True"
"AUDIT_OR_TRACE_DATA","RuneforgeCore","PROMPT_ESTADO_ACTUAL_RUNEFORGE.txt","C:\RUNEFOGE_PRO\runeforge\data\audits\20260423_235227\PROMPT_ESTADO_ACTUAL_RUNEFORGE.txt","0.001","23/04/2026 11:53:33 p. m.","True"
"AUDIT_OR_TRACE_DATA","RuneforgeCore","runeforge_audit_full.json","C:\RUNEFOGE_PRO\runeforge\data\audits\20260423_235227\runeforge_audit_full.json","0.236","23/04/2026 11:53:33 p. m.","True"
"AUDIT_OR_TRACE_DATA","RuneforgeCore","runeforge_audit_report.md","C:\RUNEFOGE_PRO\runeforge\data\audits\20260423_235227\runeforge_audit_report.md","0.103","23/04/2026 11:53:33 p. m.","True"
"AUDIT_OR_TRACE_DATA","RuneforgeCore","RUNEFORGE_CURRENT_STATE_MEMORY.md","C:\RUNEFOGE_PRO\runeforge\data\audits\20260423_235227\RUNEFORGE_CURRENT_STATE_MEMORY.md","0.042","23/04/2026 11:53:33 p. m.","True"
"AUDIT_OR_TRACE_DATA","RuneforgeCore","security-findings.md","C:\RUNEFOGE_PRO\runeforge\data\audits\20260423_235227\security-findings.md","0.056","23/04/2026 11:53:33 p. m.","True"
"REVIEW_MANUAL","RuneforgeCore","backups.zip","C:\RUNEFOGE_PRO\runeforge\backups\backups.zip","0.088","26/04/2026 02:58:40 a. m.","True"
"BACKUP_UI_OR_SCRIPT","RuneforgeCore","Import-LatestTerminalExport.ps1.20260424_185454.bak","C:\RUNEFOGE_PRO\runeforge\backups\v43\Import-LatestTerminalExport.ps1.20260424_185454.bak","0.004","24/04/2026 01:11:18 a. m.","True"
"BACKUP_UI_OR_SCRIPT","RuneforgeCore","Start-Runeforge-Shell.ps1.20260424_185328.bak","C:\RUNEFOGE_PRO\runeforge\backups\v43\Start-Runeforge-Shell.ps1.20260424_185328.bak","0.003","24/04/2026 06:45:40 p. m.","True"
"BACKUP_UI_OR_SCRIPT","RuneforgeCore","Start-Runeforge-Shell.ps1.20260424_185724.v43_2.bak","C:\RUNEFOGE_PRO\runeforge\backups\v43\Start-Runeforge-Shell.ps1.20260424_185724.v43_2.bak","0.004","24/04/2026 06:53:28 p. m.","True"
"BACKUP_UI_OR_SCRIPT","RuneforgeCore","Start-Runeforge-Shell.ps1.20260424_190207.v43_3.bak","C:\RUNEFOGE_PRO\runeforge\backups\v43\Start-Runeforge-Shell.ps1.20260424_190207.v43_3.bak","0.006","24/04/2026 06:57:24 p. m.","True"
"REVIEW_MANUAL","RuneforgeCore","HKLM_SOFTWARE_OpenSSH.reg","C:\RUNEFOGE_PRO\runeforge\backups\ssh\ssh_ready_20260424_024742\HKLM_SOFTWARE_OpenSSH.reg","0","24/04/2026 02:47:42 a. m.","True"
"BACKUP_UI_OR_SCRIPT","RuneforgeCore",".env.example.20260425_025723.fix02a.bak","C:\RUNEFOGE_PRO\runeforge\backups\security\.env.example.20260425_025723.fix02a.bak","0","27/03/2026 07:04:56 a. m.","True"
"BACKUP_UI_OR_SCRIPT","RuneforgeCore",".gitignore.20260425_024057.bak","C:\RUNEFOGE_PRO\runeforge\backups\security\.gitignore.20260425_024057.bak","0","20/03/2026 12:15:06 a. m.","True"
"BACKUP_UI_OR_SCRIPT","RuneforgeCore","env.js.20260425_025723.fix02a.bak","C:\RUNEFOGE_PRO\runeforge\backups\security\env.js.20260425_025723.fix02a.bak","0.001","27/03/2026 07:04:56 a. m.","True"
"BACKUP_UI_OR_SCRIPT","RuneforgeCore","server.js.20260425_025723.fix02a.bak","C:\RUNEFOGE_PRO\runeforge\backups\security\server.js.20260425_025723.fix02a.bak","0.001","19/04/2026 05:15:43 a. m.","True"
"REVIEW_MANUAL","RuneforgeCore","HKCU_Console.reg","C:\RUNEFOGE_PRO\runeforge\backups\registry\rollback_20260424_015840\HKCU_Console.reg","0.007","24/04/2026 01:58:40 a. m.","True"
"REVIEW_MANUAL","RuneforgeCore","HKLM_SOFTWARE_OpenSSH.reg","C:\RUNEFOGE_PRO\runeforge\backups\registry\rollback_20260424_015840\HKLM_SOFTWARE_OpenSSH.reg","0","24/04/2026 01:58:40 a. m.","True"
"REVIEW_MANUAL","RuneforgeCore","HKLM_SYSTEM_CurrentControlSet_Services_sshd.reg","C:\RUNEFOGE_PRO\runeforge\backups\registry\rollback_20260424_015840\HKLM_SYSTEM_CurrentControlSet_Services_sshd.reg","0.003","24/04/2026 01:58:40 a. m.","True"
"REVIEW_MANUAL","RuneforgeCore","defender-pre.json","C:\RUNEFOGE_PRO\runeforge\backups\hardening-20260423_235916\defender-pre.json","0.236","23/04/2026 11:59:25 p. m.","True"
"REVIEW_MANUAL","RuneforgeCore","firewall-profiles-pre.json","C:\RUNEFOGE_PRO\runeforge\backups\hardening-20260423_235916\firewall-profiles-pre.json","0.045","23/04/2026 11:59:25 p. m.","True"
"REVIEW_MANUAL","RuneforgeCore","firewall-rules-pre.json","C:\RUNEFOGE_PRO\runeforge\backups\hardening-20260423_235916\firewall-rules-pre.json","0.075","23/04/2026 11:59:26 p. m.","True"
"REVIEW_MANUAL","RuneforgeCore","pm2-jlist-pre.json","C:\RUNEFOGE_PRO\runeforge\backups\hardening-20260423_235916\pm2-jlist-pre.json","0","23/04/2026 11:59:26 p. m.","True"
"REVIEW_MANUAL","RuneforgeCore","ports-pre.json","C:\RUNEFOGE_PRO\runeforge\backups\hardening-20260423_235916\ports-pre.json","0.066","23/04/2026 11:59:26 p. m.","True"
"REVIEW_MANUAL","RuneforgeCore","services-pre.json","C:\RUNEFOGE_PRO\runeforge\backups\hardening-20260423_235916\services-pre.json","0.021","23/04/2026 11:59:26 p. m.","True"
"BACKUP_UI_OR_SCRIPT","RuneforgeCore","index.20260419_054947.bak","C:\RUNEFOGE_PRO\runeforge\backups\forge_ui\index.20260419_054947.bak","0.005","19/04/2026 04:17:25 a. m.","True"
"BACKUP_UI_OR_SCRIPT","RuneforgeCore","index.20260419_055019.bak","C:\RUNEFOGE_PRO\runeforge\backups\forge_ui\index.20260419_055019.bak","0.005","19/04/2026 05:49:47 a. m.","True"
"BACKUP_UI_OR_SCRIPT","RuneforgeCore","index.full.20260419_055216.bak","C:\RUNEFOGE_PRO\runeforge\backups\forge_ui\index.full.20260419_055216.bak","0.005","19/04/2026 05:50:19 a. m.","True"
"BACKUP_UI_OR_SCRIPT","RuneforgeCore","index.full.20260419_055418.bak","C:\RUNEFOGE_PRO\runeforge\backups\forge_ui\index.full.20260419_055418.bak","0.001","19/04/2026 05:52:16 a. m.","True"
"BACKUP_UI_OR_SCRIPT","RuneforgeCore","server.js.20260419_041725.bak","C:\RUNEFOGE_PRO\runeforge\backups\forge_ui\server.js.20260419_041725.bak","0","20/03/2026 12:15:06 a. m.","True"
"REVIEW_MANUAL","RuneforgeCore","RUNEFORGE_COMMANDER_V42_EXPORT_BRIDGE.ahk.20260424_012208.fixbak","C:\RUNEFOGE_PRO\runeforge\backups\commander\RUNEFORGE_COMMANDER_V42_EXPORT_BRIDGE.ahk.20260424_012208.fixbak","0.014","24/04/2026 01:15:45 a. m.","True"
"BACKUP_UI_OR_SCRIPT","RuneforgeCore","RUNEFORGE_COMMANDER_V43_5_CLEAN_OPS_FUSION.ahk.20260424_194631.ui_patch.bak","C:\RUNEFOGE_PRO\runeforge\backups\commander\RUNEFORGE_COMMANDER_V43_5_CLEAN_OPS_FUSION.ahk.20260424_194631.ui_patch.bak","0.012","24/04/2026 07:42:12 p. m.","True"
"BACKUP_UI_OR_SCRIPT","RuneforgeCore","RUNEFORGE_COMMANDER_V43_5_CLEAN_OPS_FUSION.ahk.20260424_194700.ui_patch.bak","C:\RUNEFOGE_PRO\runeforge\backups\commander\RUNEFORGE_COMMANDER_V43_5_CLEAN_OPS_FUSION.ahk.20260424_194700.ui_patch.bak","0.012","24/04/2026 07:46:32 p. m.","True"
"REVIEW_MANUAL","RuneforgeCore","RUNEFORGE_COMMANDER_V43_5_CLEAN_OPS_FUSION.ahk.20260425_022013.v43_6_backup","C:\RUNEFOGE_PRO\runeforge\backups\commander\RUNEFORGE_COMMANDER_V43_5_CLEAN_OPS_FUSION.ahk.20260425_022013.v43_6_backup","0.012","24/04/2026 07:47:01 p. m.","True"
"REVIEW_MANUAL","RuneforgeCore","RUNEFORGE_COMMANDER_V43_5_CLEAN_OPS_FUSION.ahk.20260425_022141.v43_6_backup","C:\RUNEFOGE_PRO\runeforge\backups\commander\RUNEFORGE_COMMANDER_V43_5_CLEAN_OPS_FUSION.ahk.20260425_022141.v43_6_backup","0.012","25/04/2026 02:20:14 a. m.","True"
"BACKUP_UI_OR_SCRIPT","RuneforgeCore","RUNEFORGE_COMMANDER_V43_5_CLEAN_OPS_FUSION.ahk.20260425_022710.v43_6_1_callbackfix.bak","C:\RUNEFOGE_PRO\runeforge\backups\commander\RUNEFORGE_COMMANDER_V43_5_CLEAN_OPS_FUSION.ahk.20260425_022710.v43_6_1_callbackfix.bak","0.012","25/04/2026 02:21:41 a. m.","True"
"REVIEW_MANUAL","RuneforgeCore","RUNEFORGE_COMMANDER_V43_6_QUICK_DOCK.ahk.20260425_022141.v43_6_backup","C:\RUNEFOGE_PRO\runeforge\backups\commander\RUNEFORGE_COMMANDER_V43_6_QUICK_DOCK.ahk.20260425_022141.v43_6_backup","0.006","25/04/2026 02:20:13 a. m.","True"
"REVIEW_MANUAL","RuneforgeCore","RUNEFORGE_PANEL_MINI.cmd.20260425_022141.v43_6_backup","C:\RUNEFOGE_PRO\runeforge\backups\commander\RUNEFORGE_PANEL_MINI.cmd.20260425_022141.v43_6_backup","0","25/04/2026 02:20:14 a. m.","True"
"BACKUP_UI_OR_SCRIPT","RuneforgeCore","Start-Runeforge-Commander-V43_5.ps1.20260424_194815.launcherfix.bak","C:\RUNEFOGE_PRO\runeforge\backups\commander\Start-Runeforge-Commander-V43_5.ps1.20260424_194815.launcherfix.bak","0.001","24/04/2026 07:42:12 p. m.","True"
"BACKUP_UI_OR_SCRIPT","RuneforgeCore","Start-Runeforge-Commander-V43_5.ps1.20260425_021248.launcher_backup","C:\RUNEFOGE_PRO\runeforge\backups\commander\Start-Runeforge-Commander-V43_5.ps1.20260425_021248.launcher_backup","0.001","24/04/2026 07:48:15 p. m.","True"
"REVIEW_MANUAL","RuneforgeCore","Start-Runeforge-Panel.ps1.20260425_022013.v43_6_backup","C:\RUNEFOGE_PRO\runeforge\backups\commander\Start-Runeforge-Panel.ps1.20260425_022013.v43_6_backup","0.001","25/04/2026 02:12:48 a. m.","True"
"REVIEW_MANUAL","RuneforgeCore","Start-Runeforge-Panel.ps1.20260425_022141.v43_6_backup","C:\RUNEFOGE_PRO\runeforge\backups\commander\Start-Runeforge-Panel.ps1.20260425_022141.v43_6_backup","0.001","25/04/2026 02:20:13 a. m.","True"
"BACKUP_UI_OR_SCRIPT","RuneforgeCore","Start-Runeforge-Shell.ps1.20260425_021248.launcher_backup","C:\RUNEFOGE_PRO\runeforge\backups\commander\Start-Runeforge-Shell.ps1.20260425_021248.launcher_backup","0.012","24/04/2026 07:02:08 p. m.","True"
"REVIEW_MANUAL","RuneforgeCore","Start-Runeforge-Shell.ps1.20260425_022013.v43_6_backup","C:\RUNEFOGE_PRO\runeforge\backups\commander\Start-Runeforge-Shell.ps1.20260425_022013.v43_6_backup","0.012","25/04/2026 02:12:49 a. m.","True"
"REVIEW_MANUAL","RuneforgeCore","Start-Runeforge-Shell.ps1.20260425_022141.v43_6_backup","C:\RUNEFOGE_PRO\runeforge\backups\commander\Start-Runeforge-Shell.ps1.20260425_022141.v43_6_backup","0.013","25/04/2026 02:20:14 a. m.","True"
"BACKUP_UI_OR_SCRIPT","RuneforgeCore","Start-Runeforge-Shell.ps1.20260425_022402.rf_panel_fix.bak","C:\RUNEFOGE_PRO\runeforge\backups\commander\Start-Runeforge-Shell.ps1.20260425_022402.rf_panel_fix.bak","0.013","25/04/2026 02:20:14 a. m.","True"
"BACKUP_UI_OR_SCRIPT","RuneforgeCore","Start-Runeforge-Shell.ps1.20260425_022710.v43_6_1_panelcmds.bak","C:\RUNEFOGE_PRO\runeforge\backups\commander\Start-Runeforge-Shell.ps1.20260425_022710.v43_6_1_panelcmds.bak","0.014","25/04/2026 02:24:02 a. m.","True"
"BACKUP_UI_OR_SCRIPT","RuneforgeCore","server.js.20260419_045136.bak","C:\RUNEFOGE_PRO\runeforge\backups\api_chat\server.js.20260419_045136.bak","0","19/04/2026 04:17:25 a. m.","True"
"BACKUP_UI_OR_SCRIPT","RuneforgeCore","server.js.20260419_051124.normalize_input.bak","C:\RUNEFOGE_PRO\runeforge\backups\api_chat\server.js.20260419_051124.normalize_input.bak","0.001","19/04/2026 04:51:36 a. m.","True"
"BACKUP_UI_OR_SCRIPT","RuneforgeCore","server.js.20260419_051159.normalize_input.bak","C:\RUNEFOGE_PRO\runeforge\backups\api_chat\server.js.20260419_051159.normalize_input.bak","0.001","19/04/2026 04:51:36 a. m.","True"
"BACKUP_UI_OR_SCRIPT","RuneforgeCore","server.js.20260419_051220.normalize_input.bak","C:\RUNEFOGE_PRO\runeforge\backups\api_chat\server.js.20260419_051220.normalize_input.bak","0.001","19/04/2026 04:51:36 a. m.","True"
"BACKUP_UI_OR_SCRIPT","RuneforgeCore","server.js.20260419_051251.normalize_input.bak","C:\RUNEFOGE_PRO\runeforge\backups\api_chat\server.js.20260419_051251.normalize_input.bak","0.001","19/04/2026 04:51:36 a. m.","True"
"REVIEW_MANUAL","RuneforgeCore","chat.service.js","C:\RUNEFOGE_PRO\runeforge\backups\action_layer_20260424_031528\chat.service.js","0.001","27/03/2026 12:55:32 a. m.","True"
"REVIEW_MANUAL","RuneforgeCore","command-registry.js","C:\RUNEFOGE_PRO\runeforge\backups\action_layer_20260424_031528\command-registry.js","0.002","27/03/2026 07:04:56 a. m.","True"
"REVIEW_MANUAL","RuneforgeCore","01 Retumbe Phonk Oscuro.fac","C:\RUNEFOGE_PRO\runeforge\audio\01 Retumbe Phonk Oscuro.fac","0.001","27/04/2026 12:03:22 a. m.","True"
"REVIEW_MANUAL","RuneforgeCore","02 Retumbe Trap 808.fac","C:\RUNEFOGE_PRO\runeforge\audio\02 Retumbe Trap 808.fac","0.001","27/04/2026 12:03:22 a. m.","True"
"REVIEW_MANUAL","RuneforgeCore","03 Retumbe Terror Cinematico.fac","C:\RUNEFOGE_PRO\runeforge\audio\03 Retumbe Terror Cinematico.fac","0.001","27/04/2026 12:03:22 a. m.","True"
"REVIEW_MANUAL","RuneforgeCore","04 Retumbe Subwoofer Barra 2.1.fac","C:\RUNEFOGE_PRO\runeforge\audio\04 Retumbe Subwoofer Barra 2.1.fac","0.001","27/04/2026 12:03:22 a. m.","True"
"REVIEW_MANUAL","RuneforgeCore","05 Retumbe Gaming FPS.fac","C:\RUNEFOGE_PRO\runeforge\audio\05 Retumbe Gaming FPS.fac","0.001","27/04/2026 12:03:22 a. m.","True"
"REVIEW_MANUAL","RuneforgeCore","06 Retumbe Noche Bajo Controlado.fac","C:\RUNEFOGE_PRO\runeforge\audio\06 Retumbe Noche Bajo Controlado.fac","0.001","27/04/2026 12:03:22 a. m.","True"
"REVIEW_MANUAL","RuneforgeCore","07 Retumbe Carro Bass Boost.fac","C:\RUNEFOGE_PRO\runeforge\audio\07 Retumbe Carro Bass Boost.fac","0.001","27/04/2026 12:03:22 a. m.","True"
"REVIEW_MANUAL","RuneforgeCore","08 Retumbe Rock Metal Pesado.fac","C:\RUNEFOGE_PRO\runeforge\audio\08 Retumbe Rock Metal Pesado.fac","0.001","27/04/2026 12:03:22 a. m.","True"
"REVIEW_MANUAL","RuneforgeCore","09 Retumbe HipHop Clasico.fac","C:\RUNEFOGE_PRO\runeforge\audio\09 Retumbe HipHop Clasico.fac","0.001","27/04/2026 12:03:22 a. m.","True"
"REVIEW_MANUAL","RuneforgeCore","10 Retumbe Limpio Audifonos BT.fac","C:\RUNEFOGE_PRO\runeforge\audio\10 Retumbe Limpio Audifonos BT.fac","0.001","27/04/2026 12:03:22 a. m.","True"
"REVIEW_MANUAL","RuneforgeCore","11 Retumbe Maximo Cuidado.fac","C:\RUNEFOGE_PRO\runeforge\audio\11 Retumbe Maximo Cuidado.fac","0.001","27/04/2026 12:03:22 a. m.","True"
"REVIEW_MANUAL","RuneforgeCore","12 Retumbe Electronica Rave.fac","C:\RUNEFOGE_PRO\runeforge\audio\12 Retumbe Electronica Rave.fac","0.001","27/04/2026 12:03:22 a. m.","True"
"REVIEW_MANUAL","RuneforgeCore","Ajustes_FxSound_Retumbe_de_Miedo.docx","C:\RUNEFOGE_PRO\runeforge\audio\Ajustes_FxSound_Retumbe_de_Miedo.docx","0.036","26/04/2026 05:54:31 p. m.","True"
"REVIEW_MANUAL","RuneforgeCore","Pack_FxSound_Retumbe_Generos_Situaciones.zip","C:\RUNEFOGE_PRO\runeforge\audio\Pack_FxSound_Retumbe_Generos_Situaciones.zip","0.006","26/04/2026 06:04:29 p. m.","True"
"REVIEW_MANUAL","RuneforgeCore","Retumbe de Miedo.fac","C:\RUNEFOGE_PRO\runeforge\audio\Retumbe de Miedo.fac","0.001","26/04/2026 05:56:57 p. m.","True"
"LAB","RuneforgeCore","test.flac","C:\RUNEFOGE_PRO\runeforge\audio\test.flac","0.12","26/04/2026 05:48:42 p. m.","True"
"LAB","RuneforgeCore","test.mp3","C:\RUNEFOGE_PRO\runeforge\audio\test.mp3","0.384","26/04/2026 05:48:50 p. m.","True"
"REVIEW_MANUAL","RuneforgeCore",".env","C:\RUNEFOGE_PRO\runeforge\app\.env","0","27/03/2026 07:04:56 a. m.","True"
"REVIEW_MANUAL","RuneforgeCore",".env.example","C:\RUNEFOGE_PRO\runeforge\app\.env.example","0.001","25/04/2026 02:57:27 a. m.","True"
"REVIEW_MANUAL","RuneforgeCore",".gitignore","C:\RUNEFOGE_PRO\runeforge\app\.gitignore","0","20/03/2026 12:15:06 a. m.","True"
"REVIEW_MANUAL","RuneforgeCore","backend.err.log","C:\RUNEFOGE_PRO\runeforge\app\backend.err.log","0","24/04/2026 03:11:53 a. m.","True"
"REVIEW_MANUAL","RuneforgeCore","backend.out.log","C:\RUNEFOGE_PRO\runeforge\app\backend.out.log","0.002","25/04/2026 02:59:33 a. m.","True"
"REVIEW_MANUAL","RuneforgeCore","check-runeforge.ps1","C:\RUNEFOGE_PRO\runeforge\app\check-runeforge.ps1","0.001","27/03/2026 07:04:56 a. m.","True"
"REVIEW_MANUAL","RuneforgeCore","forge_ui_nexo_v_1_runeforge.jsx","C:\RUNEFOGE_PRO\runeforge\app\forge_ui_nexo_v_1_runeforge.jsx","0.016","27/03/2026 01:28:19 a. m.","True"
"REVIEW_MANUAL","RuneforgeCore","package-lock.json","C:\RUNEFOGE_PRO\runeforge\app\package-lock.json","0.041","27/03/2026 01:17:01 a. m.","True"
"CORE_BACKEND","RuneforgeCore","package.json","C:\RUNEFOGE_PRO\runeforge\app\package.json","0.001","20/03/2026 12:15:06 a. m.","True"
"DOCUMENTATION","RuneforgeCore","README.md","C:\RUNEFOGE_PRO\runeforge\app\README.md","0.001","20/03/2026 12:15:06 a. m.","True"
"REVIEW_MANUAL","RuneforgeCore","validate_start.err.log","C:\RUNEFOGE_PRO\runeforge\app\validate_start.err.log","0.001","19/04/2026 03:45:07 a. m.","True"
"REVIEW_MANUAL","RuneforgeCore","validate_start.out.log","C:\RUNEFOGE_PRO\runeforge\app\validate_start.out.log","0.001","19/04/2026 04:02:09 a. m.","True"
"CORE_BACKEND","RuneforgeCore","app.js","C:\RUNEFOGE_PRO\runeforge\app\src\app.js","0.001","27/03/2026 12:51:28 a. m.","True"
"CORE_BACKEND","RuneforgeCore","server.js","C:\RUNEFOGE_PRO\runeforge\app\src\server.js","0.001","25/04/2026 02:57:27 a. m.","True"
"CORE_BACKEND","RuneforgeCore","logger.js","C:\RUNEFOGE_PRO\runeforge\app\src\shared\logger.js","0.001","20/03/2026 12:15:06 a. m.","True"
"CORE_BACKEND","RuneforgeCore","trace.middleware.js","C:\RUNEFOGE_PRO\runeforge\app\src\modules\trace\trace.middleware.js","0","20/03/2026 12:15:06 a. m.","True"
"CORE_BACKEND","RuneforgeCore","sentinel.routes.js","C:\RUNEFOGE_PRO\runeforge\app\src\modules\sentinel\sentinel.routes.js","0","20/03/2026 12:15:06 a. m.","True"
"CORE_BACKEND","RuneforgeCore","relay.routes.js","C:\RUNEFOGE_PRO\runeforge\app\src\modules\relay\relay.routes.js","0","20/03/2026 12:15:06 a. m.","True"
"CORE_BACKEND","RuneforgeCore","forge.routes.js","C:\RUNEFOGE_PRO\runeforge\app\src\modules\forge\forge.routes.js","0.002","20/03/2026 12:15:06 a. m.","True"
"CORE_BACKEND","RuneforgeCore","codex.routes.js","C:\RUNEFOGE_PRO\runeforge\app\src\modules\codex\codex.routes.js","0","20/03/2026 12:15:06 a. m.","True"
"CORE_BACKEND","RuneforgeCore","chat.routes.js","C:\RUNEFOGE_PRO\runeforge\app\src\modules\chat\chat.routes.js","0","27/03/2026 12:54:00 a. m.","True"
"CORE_BACKEND","RuneforgeCore","chat.service.js","C:\RUNEFOGE_PRO\runeforge\app\src\modules\chat\chat.service.js","0.001","27/03/2026 12:55:32 a. m.","True"
"CORE_BACKEND","RuneforgeCore","chat.trace.js","C:\RUNEFOGE_PRO\runeforge\app\src\modules\chat\chat.trace.js","0","27/03/2026 07:04:54 a. m.","True"
"CORE_BACKEND","RuneforgeCore","skill-router.js","C:\RUNEFOGE_PRO\runeforge\app\src\modules\chat\skill-router.js","0.001","27/03/2026 12:57:16 a. m.","True"
"CORE_BACKEND","RuneforgeCore","general.js","C:\RUNEFOGE_PRO\runeforge\app\src\modules\chat\skills\general.js","0","27/03/2026 07:04:54 a. m.","True"
"CORE_BACKEND","RuneforgeCore","system.js","C:\RUNEFOGE_PRO\runeforge\app\src\modules\chat\skills\system.js","0.001","27/03/2026 07:04:54 a. m.","True"
"CORE_BACKEND","RuneforgeCore","telemetria.js","C:\RUNEFOGE_PRO\runeforge\app\src\modules\chat\skills\telemetria.js","0.002","27/03/2026 07:04:54 a. m.","True"
"CORE_BACKEND","RuneforgeCore","beacon.routes.js","C:\RUNEFOGE_PRO\runeforge\app\src\modules\beacon\beacon.routes.js","0.001","20/03/2026 12:15:06 a. m.","True"
"CORE_BACKEND","RuneforgeCore","command-registry.js","C:\RUNEFOGE_PRO\runeforge\app\src\core\command-registry.js","0.002","27/03/2026 07:04:56 a. m.","True"
"CORE_BACKEND","RuneforgeCore","env.js","C:\RUNEFOGE_PRO\runeforge\app\src\config\env.js","0.001","25/04/2026 02:57:26 a. m.","True"
"CORE_BACKEND","RuneforgeCore","whatsapp.webhook.routes.js","C:\RUNEFOGE_PRO\runeforge\app\src\adapters\whatsapp\whatsapp.webhook.routes.js","0.001","20/03/2026 12:15:06 a. m.","True"
"CORE_BACKEND","RuneforgeCore","ai.client.js","C:\RUNEFOGE_PRO\runeforge\app\src\adapters\ai\ai.client.js","0","20/03/2026 12:15:06 a. m.","True"
"SCRIPTING_ACTIVE_OR_REVIEW","RuneforgeCore","dev.ps1","C:\RUNEFOGE_PRO\runeforge\app\scripts\dev.ps1","0","20/03/2026 12:15:06 a. m.","True"
"SCRIPTING_ACTIVE_OR_REVIEW","RuneforgeCore","start.ps1","C:\RUNEFOGE_PRO\runeforge\app\scripts\start.ps1","0","20/03/2026 12:15:06 a. m.","True"
"REVIEW_MANUAL","RuneforgeCore","start-runeforge.cmd","C:\RUNEFOGE_PRO\runeforge\app\retro\start-runeforge.cmd","0","27/03/2026 07:04:56 a. m.","True"
"LAB","RuneforgeCore","padtest_ps2.elf","C:\RUNEFOGE_PRO\runeforge\app\retro\tools\ps2-bios-dumper\padtest_ps2.elf","0.19","22/03/2026 08:02:28 p. m.","True"
"REVIEW_MANUAL","RuneforgeCore","PS2dumperV2_bin.7z","C:\RUNEFOGE_PRO\runeforge\app\retro\tools\ps2-bios-dumper\PS2dumperV2_bin.7z","0.281","22/03/2026 08:03:00 p. m.","True"
"REVIEW_MANUAL","RuneforgeCore","PS2dumperV2_iso.7z","C:\RUNEFOGE_PRO\runeforge\app\retro\tools\ps2-bios-dumper\PS2dumperV2_iso.7z","0.432","22/03/2026 08:03:08 p. m.","True"
"REVIEW_MANUAL","RuneforgeCore","tools-bios-dumper-v2.tar.gz","C:\RUNEFOGE_PRO\runeforge\app\retro\tools\ps2-bios-dumper\tools-bios-dumper-v2.tar.gz","0","22/03/2026 08:03:16 p. m.","True"
"REVIEW_MANUAL","RuneforgeCore","tools-bios-dumper-v2.zip","C:\RUNEFOGE_PRO\runeforge\app\retro\tools\ps2-bios-dumper\tools-bios-dumper-v2.zip","0","22/03/2026 08:03:12 p. m.","True"
"LAB","RuneforgeCore","tools-tests-pad.tar.gz","C:\RUNEFOGE_PRO\runeforge\app\retro\tools\ps2-bios-dumper\tools-tests-pad.tar.gz","0","22/03/2026 08:02:48 p. m.","True"
"LAB","RuneforgeCore","tools-tests-pad.zip","C:\RUNEFOGE_PRO\runeforge\app\retro\tools\ps2-bios-dumper\tools-tests-pad.zip","0","22/03/2026 08:02:44 p. m.","True"
"REVIEW_MANUAL","RuneforgeCore","PlayniteInstaller.exe","C:\RUNEFOGE_PRO\runeforge\app\retro\frontends\playnite\PlayniteInstaller.exe","0.244","22/03/2026 08:06:12 p. m.","True"
"VENDOR_ARCHIVE","RuneforgeCore","PPSSPPSetup_v1.20.3-36-g2d8832ec71.exe","C:\RUNEFOGE_PRO\runeforge\app\retro\emulators\ppsspp\PPSSPPSetup_v1.20.3-36-g2d8832ec71.exe","21.018","22/03/2026 08:08:16 p. m.","True"
"VENDOR_ARCHIVE","RuneforgeCore","PPSSPPWindowsARM64.zip","C:\RUNEFOGE_PRO\runeforge\app\retro\_downloads\PPSSPPWindowsARM64.zip","18.417","23/03/2026 02:07:38 a. m.","True"
"VENDOR_ARCHIVE","RuneforgeCore","PPSSPPWindowsARM64.exe","C:\RUNEFOGE_PRO\runeforge\app\retro\_downloads\PPSSPPWindowsARM64\PPSSPPWindowsARM64.exe","17.404","15/03/2026 12:07:06 p. m.","True"
"VENDOR_ARCHIVE","RuneforgeCore","README.md","C:\RUNEFOGE_PRO\runeforge\app\retro\_downloads\PPSSPPWindowsARM64\README.md","0.038","15/03/2026 11:52:35 a. m.","True"
"VENDOR_ARCHIVE","RuneforgeCore","7z.png","C:\RUNEFOGE_PRO\runeforge\app\retro\_downloads\PPSSPPWindowsARM64\assets\7z.png","0.006","15/03/2026 11:52:35 a. m.","True"
"VENDOR_ARCHIVE","RuneforgeCore","adhoc-servers.json","C:\RUNEFOGE_PRO\runeforge\app\retro\_downloads\PPSSPPWindowsARM64\assets\adhoc-servers.json","0.004","15/03/2026 11:52:35 a. m.","True"
"VENDOR_ARCHIVE","RuneforgeCore","asciifont_atlas.meta","C:\RUNEFOGE_PRO\runeforge\app\retro\_downloads\PPSSPPWindowsARM64\assets\asciifont_atlas.meta","0.007","15/03/2026 11:52:35 a. m.","True"
"VENDOR_ARCHIVE","RuneforgeCore","asciifont_atlas.zim","C:\RUNEFOGE_PRO\runeforge\app\retro\_downloads\PPSSPPWindowsARM64\assets\asciifont_atlas.zim","0.079","15/03/2026 11:52:35 a. m.","True"
"VENDOR_ARCHIVE","RuneforgeCore","compat.ini","C:\RUNEFOGE_PRO\runeforge\app\retro\_downloads\PPSSPPWindowsARM64\assets\compat.ini","0.047","15/03/2026 11:52:35 a. m.","True"
"VENDOR_ARCHIVE","RuneforgeCore","compatvr.ini","C:\RUNEFOGE_PRO\runeforge\app\retro\_downloads\PPSSPPWindowsARM64\assets\compatvr.ini","0.023","15/03/2026 11:52:35 a. m.","True"
"VENDOR_ARCHIVE","RuneforgeCore","font_atlas.meta","C:\RUNEFOGE_PRO\runeforge\app\retro\_downloads\PPSSPPWindowsARM64\assets\font_atlas.meta","0.052","15/03/2026 11:52:35 a. m.","True"
"VENDOR_ARCHIVE","RuneforgeCore","font_atlas.zim","C:\RUNEFOGE_PRO\runeforge\app\retro\_downloads\PPSSPPWindowsARM64\assets\font_atlas.zim","0.982","15/03/2026 11:52:35 a. m.","True"
"VENDOR_ARCHIVE","RuneforgeCore","gamecontrollerdb.txt","C:\RUNEFOGE_PRO\runeforge\app\retro\_downloads\PPSSPPWindowsARM64\assets\gamecontrollerdb.txt","0.521","15/03/2026 11:52:35 a. m.","True"
"VENDOR_ARCHIVE","RuneforgeCore","Inconsolata-Regular.ttf","C:\RUNEFOGE_PRO\runeforge\app\retro\_downloads\PPSSPPWindowsARM64\assets\Inconsolata-Regular.ttf","0.097","15/03/2026 11:52:35 a. m.","True"
"VENDOR_ARCHIVE","RuneforgeCore","infra-dns.json","C:\RUNEFOGE_PRO\runeforge\app\retro\_downloads\PPSSPPWindowsARM64\assets\infra-dns.json","0.017","15/03/2026 11:52:35 a. m.","True"
"VENDOR_ARCHIVE","RuneforgeCore","knownfuncs.ini","C:\RUNEFOGE_PRO\runeforge\app\retro\_downloads\PPSSPPWindowsARM64\assets\knownfuncs.ini","0.011","15/03/2026 11:52:35 a. m.","True"
"VENDOR_ARCHIVE","RuneforgeCore","langregion.ini","C:\RUNEFOGE_PRO\runeforge\app\retro\_downloads\PPSSPPWindowsARM64\assets\langregion.ini","0.001","15/03/2026 11:52:35 a. m.","True"
"VENDOR_ARCHIVE","RuneforgeCore","ppge_atlas.meta","C:\RUNEFOGE_PRO\runeforge\app\retro\_downloads\PPSSPPWindowsARM64\assets\ppge_atlas.meta","0.048","15/03/2026 11:52:35 a. m.","True"
"VENDOR_ARCHIVE","RuneforgeCore","ppge_atlas.zim","C:\RUNEFOGE_PRO\runeforge\app\retro\_downloads\PPSSPPWindowsARM64\assets\ppge_atlas.zim","0.636","15/03/2026 11:52:35 a. m.","True"
"VENDOR_ARCHIVE","RuneforgeCore","rargray.png","C:\RUNEFOGE_PRO\runeforge\app\retro\_downloads\PPSSPPWindowsARM64\assets\rargray.png","0.009","15/03/2026 11:52:35 a. m.","True"
"VENDOR_ARCHIVE","RuneforgeCore","redump.csv","C:\RUNEFOGE_PRO\runeforge\app\retro\_downloads\PPSSPPWindowsARM64\assets\redump.csv","0.543","15/03/2026 11:52:35 a. m.","True"
"VENDOR_ARCHIVE","RuneforgeCore","Roboto_Condensed-Bold.ttf","C:\RUNEFOGE_PRO\runeforge\app\retro\_downloads\PPSSPPWindowsARM64\assets\Roboto_Condensed-Bold.ttf","0.14","15/03/2026 11:52:35 a. m.","True"
"VENDOR_ARCHIVE","RuneforgeCore","Roboto_Condensed-Italic.ttf","C:\RUNEFOGE_PRO\runeforge\app\retro\_downloads\PPSSPPWindowsARM64\assets\Roboto_Condensed-Italic.ttf","0.145","15/03/2026 11:52:35 a. m.","True"
"VENDOR_ARCHIVE","RuneforgeCore","Roboto_Condensed-Light.ttf","C:\RUNEFOGE_PRO\runeforge\app\retro\_downloads\PPSSPPWindowsARM64\assets\Roboto_Condensed-Light.ttf","0.139","15/03/2026 11:52:35 a. m.","True"
"VENDOR_ARCHIVE","RuneforgeCore","Roboto_Condensed-Regular.ttf","C:\RUNEFOGE_PRO\runeforge\app\retro\_downloads\PPSSPPWindowsARM64\assets\Roboto_Condensed-Regular.ttf","0.139","15/03/2026 11:52:35 a. m.","True"
"VENDOR_ARCHIVE","RuneforgeCore","sfx_achievement_unlocked.wav","C:\RUNEFOGE_PRO\runeforge\app\retro\_downloads\PPSSPPWindowsARM64\assets\sfx_achievement_unlocked.wav","0.078","15/03/2026 11:52:35 a. m.","True"
"VENDOR_ARCHIVE","RuneforgeCore","sfx_back.wav","C:\RUNEFOGE_PRO\runeforge\app\retro\_downloads\PPSSPPWindowsARM64\assets\sfx_back.wav","0.031","15/03/2026 11:52:35 a. m.","True"
"VENDOR_ARCHIVE","RuneforgeCore","sfx_confirm.wav","C:\RUNEFOGE_PRO\runeforge\app\retro\_downloads\PPSSPPWindowsARM64\assets\sfx_confirm.wav","0.043","15/03/2026 11:52:35 a. m.","True"
"VENDOR_ARCHIVE","RuneforgeCore","sfx_leaderbord_submitted.wav","C:\RUNEFOGE_PRO\runeforge\app\retro\_downloads\PPSSPPWindowsARM64\assets\sfx_leaderbord_submitted.wav","0.09","15/03/2026 11:52:35 a. m.","True"
"VENDOR_ARCHIVE","RuneforgeCore","sfx_select.wav","C:\RUNEFOGE_PRO\runeforge\app\retro\_downloads\PPSSPPWindowsARM64\assets\sfx_select.wav","0.026","15/03/2026 11:52:35 a. m.","True"
"VENDOR_ARCHIVE","RuneforgeCore","sfx_toggle_off.wav","C:\RUNEFOGE_PRO\runeforge\app\retro\_downloads\PPSSPPWindowsARM64\assets\sfx_toggle_off.wav","0.033","15/03/2026 11:52:35 a. m.","True"
"VENDOR_ARCHIVE","RuneforgeCore","sfx_toggle_on.wav","C:\RUNEFOGE_PRO\runeforge\app\retro\_downloads\PPSSPPWindowsARM64\assets\sfx_toggle_on.wav","0.037","15/03/2026 11:52:35 a. m.","True"
"VENDOR_ARCHIVE","RuneforgeCore","zip.png","C:\RUNEFOGE_PRO\runeforge\app\retro\_downloads\PPSSPPWindowsARM64\assets\zip.png","0.006","15/03/2026 11:52:35 a. m.","True"
"VENDOR_ARCHIVE","RuneforgeCore","vfpu_asin_lut_deltas.dat","C:\RUNEFOGE_PRO\runeforge\app\retro\_downloads\PPSSPPWindowsARM64\assets\vfpu\vfpu_asin_lut_deltas.dat","0.493","15/03/2026 11:52:35 a. m.","True"
"VENDOR_ARCHIVE","RuneforgeCore","vfpu_asin_lut_indices.dat","C:\RUNEFOGE_PRO\runeforge\app\retro\_downloads\PPSSPPWindowsARM64\assets\vfpu\vfpu_asin_lut_indices.dat","0.762","15/03/2026 11:52:35 a. m.","True"
"VENDOR_ARCHIVE","RuneforgeCore","vfpu_asin_lut65536.dat","C:\RUNEFOGE_PRO\runeforge\app\retro\_downloads\PPSSPPWindowsARM64\assets\vfpu\vfpu_asin_lut65536.dat","0.001","15/03/2026 11:52:35 a. m.","True"
"VENDOR_ARCHIVE","RuneforgeCore","vfpu_exp2_lut.dat","C:\RUNEFOGE_PRO\runeforge\app\retro\_downloads\PPSSPPWindowsARM64\assets\vfpu\vfpu_exp2_lut.dat","0.25","15/03/2026 11:52:35 a. m.","True"
"VENDOR_ARCHIVE","RuneforgeCore","vfpu_exp2_lut65536.dat","C:\RUNEFOGE_PRO\runeforge\app\retro\_downloads\PPSSPPWindowsARM64\assets\vfpu\vfpu_exp2_lut65536.dat","0","15/03/2026 11:52:35 a. m.","True"
"VENDOR_ARCHIVE","RuneforgeCore","vfpu_log2_lut.dat","C:\RUNEFOGE_PRO\runeforge\app\retro\_downloads\PPSSPPWindowsARM64\assets\vfpu\vfpu_log2_lut.dat","2","15/03/2026 11:52:35 a. m.","True"
"VENDOR_ARCHIVE","RuneforgeCore","vfpu_log2_lut65536_quadratic.dat","C:\RUNEFOGE_PRO\runeforge\app\retro\_downloads\PPSSPPWindowsARM64\assets\vfpu\vfpu_log2_lut65536_quadratic.dat","0","15/03/2026 11:52:35 a. m.","True"
"VENDOR_ARCHIVE","RuneforgeCore","vfpu_log2_lut65536.dat","C:\RUNEFOGE_PRO\runeforge\app\retro\_downloads\PPSSPPWindowsARM64\assets\vfpu\vfpu_log2_lut65536.dat","0","15/03/2026 11:52:35 a. m.","True"
"VENDOR_ARCHIVE","RuneforgeCore","vfpu_rcp_lut.dat","C:\RUNEFOGE_PRO\runeforge\app\retro\_downloads\PPSSPPWindowsARM64\assets\vfpu\vfpu_rcp_lut.dat","0.25","15/03/2026 11:52:35 a. m.","True"
"VENDOR_ARCHIVE","RuneforgeCore","vfpu_rsqrt_lut.dat","C:\RUNEFOGE_PRO\runeforge\app\retro\_downloads\PPSSPPWindowsARM64\assets\vfpu\vfpu_rsqrt_lut.dat","0.25","15/03/2026 11:52:35 a. m.","True"
"VENDOR_ARCHIVE","RuneforgeCore","vfpu_sin_lut_delta.dat","C:\RUNEFOGE_PRO\runeforge\app\retro\_downloads\PPSSPPWindowsARM64\assets\vfpu\vfpu_sin_lut_delta.dat","0.25","15/03/2026 11:52:35 a. m.","True"
"VENDOR_ARCHIVE","RuneforgeCore","vfpu_sin_lut_exceptions.dat","C:\RUNEFOGE_PRO\runeforge\app\retro\_downloads\PPSSPPWindowsARM64\assets\vfpu\vfpu_sin_lut_exceptions.dat","0.083","15/03/2026 11:52:35 a. m.","True"
"VENDOR_ARCHIVE","RuneforgeCore","vfpu_sin_lut_interval_delta.dat","C:\RUNEFOGE_PRO\runeforge\app\retro\_downloads\PPSSPPWindowsARM64\assets\vfpu\vfpu_sin_lut_interval_delta.dat","0.125","15/03/2026 11:52:35 a. m.","True"
"VENDOR_ARCHIVE","RuneforgeCore","vfpu_sin_lut8192.dat","C:\RUNEFOGE_PRO\runeforge\app\retro\_downloads\PPSSPPWindowsARM64\assets\vfpu\vfpu_sin_lut8192.dat","0.004","15/03/2026 11:52:35 a. m.","True"
"VENDOR_ARCHIVE","RuneforgeCore","vfpu_sqrt_lut.dat","C:\RUNEFOGE_PRO\runeforge\app\retro\_downloads\PPSSPPWindowsARM64\assets\vfpu\vfpu_sqrt_lut.dat","0.25","15/03/2026 11:52:35 a. m.","True"
"VENDOR_ARCHIVE","RuneforgeCore","index.html","C:\RUNEFOGE_PRO\runeforge\app\retro\_downloads\PPSSPPWindowsARM64\assets\upload\index.html","0.011","15/03/2026 11:52:35 a. m.","True"
"VENDOR_ARCHIVE","RuneforgeCore","bg.png","C:\RUNEFOGE_PRO\runeforge\app\retro\_downloads\PPSSPPWindowsARM64\assets\ui_images\bg.png","0.002","15/03/2026 11:52:35 a. m.","True"
"VENDOR_ARCHIVE","RuneforgeCore","drop_shadow.png","C:\RUNEFOGE_PRO\runeforge\app\retro\_downloads\PPSSPPWindowsARM64\assets\ui_images\drop_shadow.png","0.002","15/03/2026 11:52:35 a. m.","True"
"VENDOR_ARCHIVE","RuneforgeCore","icon_gold.png","C:\RUNEFOGE_PRO\runeforge\app\retro\_downloads\PPSSPPWindowsARM64\assets\ui_images\icon_gold.png","0.005","15/03/2026 11:52:35 a. m.","True"
"VENDOR_ARCHIVE","RuneforgeCore","icon.png","C:\RUNEFOGE_PRO\runeforge\app\retro\_downloads\PPSSPPWindowsARM64\assets\ui_images\icon.png","0.006","15/03/2026 11:52:35 a. m.","True"
"VENDOR_ARCHIVE","RuneforgeCore","images.svg","C:\RUNEFOGE_PRO\runeforge\app\retro\_downloads\PPSSPPWindowsARM64\assets\ui_images\images.svg","0.257","15/03/2026 11:52:35 a. m.","True"
"VENDOR_ARCHIVE","RuneforgeCore","psp_display.png","C:\RUNEFOGE_PRO\runeforge\app\retro\_downloads\PPSSPPWindowsARM64\assets\ui_images\psp_display.png","0","15/03/2026 11:52:35 a. m.","True"
"VENDOR_ARCHIVE","RuneforgeCore","retroachievements_logo.png","C:\RUNEFOGE_PRO\runeforge\app\retro\_downloads\PPSSPPWindowsARM64\assets\ui_images\retroachievements_logo.png","0.004","15/03/2026 11:52:35 a. m.","True"
"VENDOR_ARCHIVE","RuneforgeCore","stick_line.png","C:\RUNEFOGE_PRO\runeforge\app\retro\_downloads\PPSSPPWindowsARM64\assets\ui_images\stick_line.png","0.009","15/03/2026 11:52:35 a. m.","True"
"VENDOR_ARCHIVE","RuneforgeCore","stick.png","C:\RUNEFOGE_PRO\runeforge\app\retro\_downloads\PPSSPPWindowsARM64\assets\ui_images\stick.png","0.003","15/03/2026 11:52:35 a. m.","True"
"VENDOR_ARCHIVE","RuneforgeCore","svg_sources.txt","C:\RUNEFOGE_PRO\runeforge\app\retro\_downloads\PPSSPPWindowsARM64\assets\ui_images\svg_sources.txt","0","15/03/2026 11:52:35 a. m.","True"
"VENDOR_ARCHIVE","RuneforgeCore","1995.ini","C:\RUNEFOGE_PRO\runeforge\app\retro\_downloads\PPSSPPWindowsARM64\assets\themes\1995.ini","0.001","15/03/2026 11:52:35 a. m.","True"
"VENDOR_ARCHIVE","RuneforgeCore","alpine.ini","C:\RUNEFOGE_PRO\runeforge\app\retro\_downloads\PPSSPPWindowsARM64\assets\themes\alpine.ini","0.001","15/03/2026 11:52:35 a. m.","True"
"VENDOR_ARCHIVE","RuneforgeCore","defaultthemes.ini","C:\RUNEFOGE_PRO\runeforge\app\retro\_downloads\PPSSPPWindowsARM64\assets\themes\defaultthemes.ini","0.002","15/03/2026 11:52:35 a. m.","True"
"VENDOR_ARCHIVE","RuneforgeCore","slateforest.ini","C:\RUNEFOGE_PRO\runeforge\app\retro\_downloads\PPSSPPWindowsARM64\assets\themes\slateforest.ini","0.001","15/03/2026 11:52:35 a. m.","True"
"VENDOR_ARCHIVE","RuneforgeCore","strawberry.ini","C:\RUNEFOGE_PRO\runeforge\app\retro\_downloads\PPSSPPWindowsARM64\assets\themes\strawberry.ini","0.001","15/03/2026 11:52:35 a. m.","True"
"VENDOR_ARCHIVE","RuneforgeCore","vinewood.ini","C:\RUNEFOGE_PRO\runeforge\app\retro\_downloads\PPSSPPWindowsARM64\assets\themes\vinewood.ini","0.001","15/03/2026 11:52:35 a. m.","True"
"VENDOR_ARCHIVE","RuneforgeCore","4xhqglsl.fsh","C:\RUNEFOGE_PRO\runeforge\app\retro\_downloads\PPSSPPWindowsARM64\assets\shaders\4xhqglsl.fsh","0.002","15/03/2026 11:52:35 a. m.","True"
"VENDOR_ARCHIVE","RuneforgeCore","4xhqglsl.vsh","C:\RUNEFOGE_PRO\runeforge\app\retro\_downloads\PPSSPPWindowsARM64\assets\shaders\4xhqglsl.vsh","0.001","15/03/2026 11:52:35 a. m.","True"
"VENDOR_ARCHIVE","RuneforgeCore","5xBR-lv2.fsh","C:\RUNEFOGE_PRO\runeforge\app\retro\_downloads\PPSSPPWindowsARM64\assets\shaders\5xBR-lv2.fsh","0.009","15/03/2026 11:52:35 a. m.","True"
"VENDOR_ARCHIVE","RuneforgeCore","5xBR.fsh","C:\RUNEFOGE_PRO\runeforge\app\retro\_downloads\PPSSPPWindowsARM64\assets\shaders\5xBR.fsh","0.005","15/03/2026 11:52:35 a. m.","True"
"VENDOR_ARCHIVE","RuneforgeCore","5xBR.vsh","C:\RUNEFOGE_PRO\runeforge\app\retro\_downloads\PPSSPPWindowsARM64\assets\shaders\5xBR.vsh","0.001","15/03/2026 11:52:35 a. m.","True"
"VENDOR_ARCHIVE","RuneforgeCore","aacolor.fsh","C:\RUNEFOGE_PRO\runeforge\app\retro\_downloads\PPSSPPWindowsARM64\assets\shaders\aacolor.fsh","0.002","15/03/2026 11:52:35 a. m.","True"
"VENDOR_ARCHIVE","RuneforgeCore","aacolor.vsh","C:\RUNEFOGE_PRO\runeforge\app\retro\_downloads\PPSSPPWindowsARM64\assets\shaders\aacolor.vsh","0.001","15/03/2026 11:52:35 a. m.","True"
"VENDOR_ARCHIVE","RuneforgeCore","bloom.fsh","C:\RUNEFOGE_PRO\runeforge\app\retro\_downloads\PPSSPPWindowsARM64\assets\shaders\bloom.fsh","0.001","15/03/2026 11:52:35 a. m.","True"
"VENDOR_ARCHIVE","RuneforgeCore","bloomnoblur.fsh","C:\RUNEFOGE_PRO\runeforge\app\retro\_downloads\PPSSPPWindowsARM64\assets\shaders\bloomnoblur.fsh","0.001","15/03/2026 11:52:35 a. m.","True"
"VENDOR_ARCHIVE","RuneforgeCore","cartoon.fsh","C:\RUNEFOGE_PRO\runeforge\app\retro\_downloads\PPSSPPWindowsARM64\assets\shaders\cartoon.fsh","0.001","15/03/2026 11:52:35 a. m.","True"
"VENDOR_ARCHIVE","RuneforgeCore","cartoon.vsh","C:\RUNEFOGE_PRO\runeforge\app\retro\_downloads\PPSSPPWindowsARM64\assets\shaders\cartoon.vsh","0.001","15/03/2026 11:52:35 a. m.","True"
"VENDOR_ARCHIVE","RuneforgeCore","colorcorrection.fsh","C:\RUNEFOGE_PRO\runeforge\app\retro\_downloads\PPSSPPWindowsARM64\assets\shaders\colorcorrection.fsh","0","15/03/2026 11:52:35 a. m.","True"
"VENDOR_ARCHIVE","RuneforgeCore","crt.fsh","C:\RUNEFOGE_PRO\runeforge\app\retro\_downloads\PPSSPPWindowsARM64\assets\shaders\crt.fsh","0.001","15/03/2026 11:52:35 a. m.","True"
"VENDOR_ARCHIVE","RuneforgeCore","defaultshaders.ini","C:\RUNEFOGE_PRO\runeforge\app\retro\_downloads\PPSSPPWindowsARM64\assets\shaders\defaultshaders.ini","0.006","15/03/2026 11:52:35 a. m.","True"
"VENDOR_ARCHIVE","RuneforgeCore","fakereflections.fsh","C:\RUNEFOGE_PRO\runeforge\app\retro\_downloads\PPSSPPWindowsARM64\assets\shaders\fakereflections.fsh","0.001","15/03/2026 11:52:35 a. m.","True"
"VENDOR_ARCHIVE","RuneforgeCore","fsr_easu.fsh","C:\RUNEFOGE_PRO\runeforge\app\retro\_downloads\PPSSPPWindowsARM64\assets\shaders\fsr_easu.fsh","0.007","15/03/2026 11:52:35 a. m.","True"
"VENDOR_ARCHIVE","RuneforgeCore","fsr_rcas.fsh","C:\RUNEFOGE_PRO\runeforge\app\retro\_downloads\PPSSPPWindowsARM64\assets\shaders\fsr_rcas.fsh","0.004","15/03/2026 11:52:35 a. m.","True"
"VENDOR_ARCHIVE","RuneforgeCore","fxaa.fsh","C:\RUNEFOGE_PRO\runeforge\app\retro\_downloads\PPSSPPWindowsARM64\assets\shaders\fxaa.fsh","0.002","15/03/2026 11:52:35 a. m.","True"
"VENDOR_ARCHIVE","RuneforgeCore","fxaa.vsh","C:\RUNEFOGE_PRO\runeforge\app\retro\_downloads\PPSSPPWindowsARM64\assets\shaders\fxaa.vsh","0","15/03/2026 11:52:35 a. m.","True"
"VENDOR_ARCHIVE","RuneforgeCore","GaussianDownscale.fsh","C:\RUNEFOGE_PRO\runeforge\app\retro\_downloads\PPSSPPWindowsARM64\assets\shaders\GaussianDownscale.fsh","0.003","15/03/2026 11:52:35 a. m.","True"
"VENDOR_ARCHIVE","RuneforgeCore","natural.fsh","C:\RUNEFOGE_PRO\runeforge\app\retro\_downloads\PPSSPPWindowsARM64\assets\shaders\natural.fsh","0.002","15/03/2026 11:52:35 a. m.","True"
"VENDOR_ARCHIVE","RuneforgeCore","natural.vsh","C:\RUNEFOGE_PRO\runeforge\app\retro\_downloads\PPSSPPWindowsARM64\assets\shaders\natural.vsh","0.001","15/03/2026 11:52:35 a. m.","True"
"VENDOR_ARCHIVE","RuneforgeCore","naturalA.fsh","C:\RUNEFOGE_PRO\runeforge\app\retro\_downloads\PPSSPPWindowsARM64\assets\shaders\naturalA.fsh","0.001","15/03/2026 11:52:35 a. m.","True"
"VENDOR_ARCHIVE","RuneforgeCore","naturalA.vsh","C:\RUNEFOGE_PRO\runeforge\app\retro\_downloads\PPSSPPWindowsARM64\assets\shaders\naturalA.vsh","0","15/03/2026 11:52:35 a. m.","True"
"VENDOR_ARCHIVE","RuneforgeCore","persistence.fsh","C:\RUNEFOGE_PRO\runeforge\app\retro\_downloads\PPSSPPWindowsARM64\assets\shaders\persistence.fsh","0","15/03/2026 11:52:35 a. m.","True"
"VENDOR_ARCHIVE","RuneforgeCore","psp_color.fsh","C:\RUNEFOGE_PRO\runeforge\app\retro\_downloads\PPSSPPWindowsARM64\assets\shaders\psp_color.fsh","0.001","15/03/2026 11:52:35 a. m.","True"
"VENDOR_ARCHIVE","RuneforgeCore","scanlines.fsh","C:\RUNEFOGE_PRO\runeforge\app\retro\_downloads\PPSSPPWindowsARM64\assets\shaders\scanlines.fsh","0.001","15/03/2026 11:52:35 a. m.","True"
"VENDOR_ARCHIVE","RuneforgeCore","sharpen.fsh","C:\RUNEFOGE_PRO\runeforge\app\retro\_downloads\PPSSPPWindowsARM64\assets\shaders\sharpen.fsh","0","15/03/2026 11:52:35 a. m.","True"
"VENDOR_ARCHIVE","RuneforgeCore","stereo_red_blue.fsh","C:\RUNEFOGE_PRO\runeforge\app\retro\_downloads\PPSSPPWindowsARM64\assets\shaders\stereo_red_blue.fsh","0.001","15/03/2026 11:52:35 a. m.","True"
"VENDOR_ARCHIVE","RuneforgeCore","stereo_sbs.fsh","C:\RUNEFOGE_PRO\runeforge\app\retro\_downloads\PPSSPPWindowsARM64\assets\shaders\stereo_sbs.fsh","0","15/03/2026 11:52:35 a. m.","True"
"VENDOR_ARCHIVE","RuneforgeCore","tex_2xbrz.csh","C:\RUNEFOGE_PRO\runeforge\app\retro\_downloads\PPSSPPWindowsARM64\assets\shaders\tex_2xbrz.csh","0.015","15/03/2026 11:52:35 a. m.","True"
"VENDOR_ARCHIVE","RuneforgeCore","tex_4xbrz.csh","C:\RUNEFOGE_PRO\runeforge\app\retro\_downloads\PPSSPPWindowsARM64\assets\shaders\tex_4xbrz.csh","0.015","15/03/2026 11:52:35 a. m.","True"
"VENDOR_ARCHIVE","RuneforgeCore","tex_mmpx_adv.csh","C:\RUNEFOGE_PRO\runeforge\app\retro\_downloads\PPSSPPWindowsARM64\assets\shaders\tex_mmpx_adv.csh","0.047","15/03/2026 11:52:35 a. m.","True"
"VENDOR_ARCHIVE","RuneforgeCore","tex_mmpx.csh","C:\RUNEFOGE_PRO\runeforge\app\retro\_downloads\PPSSPPWindowsARM64\assets\shaders\tex_mmpx.csh","0.005","15/03/2026 11:52:35 a. m.","True"
"VENDOR_ARCHIVE","RuneforgeCore","upscale_bicubic.fsh","C:\RUNEFOGE_PRO\runeforge\app\retro\_downloads\PPSSPPWindowsARM64\assets\shaders\upscale_bicubic.fsh","0.002","15/03/2026 11:52:35 a. m.","True"
"VENDOR_ARCHIVE","RuneforgeCore","upscale_bicubic.vsh","C:\RUNEFOGE_PRO\runeforge\app\retro\_downloads\PPSSPPWindowsARM64\assets\shaders\upscale_bicubic.vsh","0","15/03/2026 11:52:35 a. m.","True"
"VENDOR_ARCHIVE","RuneforgeCore","upscale_sharp_bilinear.fsh","C:\RUNEFOGE_PRO\runeforge\app\retro\_downloads\PPSSPPWindowsARM64\assets\shaders\upscale_sharp_bilinear.fsh","0.001","15/03/2026 11:52:35 a. m.","True"
"VENDOR_ARCHIVE","RuneforgeCore","upscale_sharp_bilinear.vsh","C:\RUNEFOGE_PRO\runeforge\app\retro\_downloads\PPSSPPWindowsARM64\assets\shaders\upscale_sharp_bilinear.vsh","0","15/03/2026 11:52:35 a. m.","True"
"VENDOR_ARCHIVE","RuneforgeCore","upscale_spline36.fsh","C:\RUNEFOGE_PRO\runeforge\app\retro\_downloads\PPSSPPWindowsARM64\assets\shaders\upscale_spline36.fsh","0.003","15/03/2026 11:52:35 a. m.","True"
"VENDOR_ARCHIVE","RuneforgeCore","upscale_spline36.vsh","C:\RUNEFOGE_PRO\runeforge\app\retro\_downloads\PPSSPPWindowsARM64\assets\shaders\upscale_spline36.vsh","0","15/03/2026 11:52:35 a. m.","True"
"VENDOR_ARCHIVE","RuneforgeCore","videoAA.fsh","C:\RUNEFOGE_PRO\runeforge\app\retro\_downloads\PPSSPPWindowsARM64\assets\shaders\videoAA.fsh","0.006","15/03/2026 11:52:35 a. m.","True"
"VENDOR_ARCHIVE","RuneforgeCore","vignette.fsh","C:\RUNEFOGE_PRO\runeforge\app\retro\_downloads\PPSSPPWindowsARM64\assets\shaders\vignette.fsh","0.001","15/03/2026 11:52:35 a. m.","True"
"VENDOR_ARCHIVE","RuneforgeCore","ppsspp.xml","C:\RUNEFOGE_PRO\runeforge\app\retro\_downloads\PPSSPPWindowsARM64\assets\mime\ppsspp.xml","0.001","15/03/2026 11:52:35 a. m.","True"
"VENDOR_ARCHIVE","RuneforgeCore","ar_AE.ini","C:\RUNEFOGE_PRO\runeforge\app\retro\_downloads\PPSSPPWindowsARM64\assets\lang\ar_AE.ini","0.072","15/03/2026 11:52:35 a. m.","True"
"VENDOR_ARCHIVE","RuneforgeCore","az_AZ.ini","C:\RUNEFOGE_PRO\runeforge\app\retro\_downloads\PPSSPPWindowsARM64\assets\lang\az_AZ.ini","0.069","15/03/2026 11:52:35 a. m.","True"
"VENDOR_ARCHIVE","RuneforgeCore","be_BY.ini","C:\RUNEFOGE_PRO\runeforge\app\retro\_downloads\PPSSPPWindowsARM64\assets\lang\be_BY.ini","0.073","15/03/2026 11:52:35 a. m.","True"
"VENDOR_ARCHIVE","RuneforgeCore","bg_BG.ini","C:\RUNEFOGE_PRO\runeforge\app\retro\_downloads\PPSSPPWindowsARM64\assets\lang\bg_BG.ini","0.073","15/03/2026 11:52:35 a. m.","True"
"VENDOR_ARCHIVE","RuneforgeCore","ca_ES.ini","C:\RUNEFOGE_PRO\runeforge\app\retro\_downloads\PPSSPPWindowsARM64\assets\lang\ca_ES.ini","0.063","15/03/2026 11:52:35 a. m.","True"
"VENDOR_ARCHIVE","RuneforgeCore","cz_CZ.ini","C:\RUNEFOGE_PRO\runeforge\app\retro\_downloads\PPSSPPWindowsARM64\assets\lang\cz_CZ.ini","0.063","15/03/2026 11:52:35 a. m.","True"
"VENDOR_ARCHIVE","RuneforgeCore","da_DK.ini","C:\RUNEFOGE_PRO\runeforge\app\retro\_downloads\PPSSPPWindowsARM64\assets\lang\da_DK.ini","0.061","15/03/2026 11:52:35 a. m.","True"
"VENDOR_ARCHIVE","RuneforgeCore","de_DE.ini","C:\RUNEFOGE_PRO\runeforge\app\retro\_downloads\PPSSPPWindowsARM64\assets\lang\de_DE.ini","0.067","15/03/2026 11:52:35 a. m.","True"
"VENDOR_ARCHIVE","RuneforgeCore","dr_ID.ini","C:\RUNEFOGE_PRO\runeforge\app\retro\_downloads\PPSSPPWindowsARM64\assets\lang\dr_ID.ini","0.061","15/03/2026 11:52:35 a. m.","True"
"VENDOR_ARCHIVE","RuneforgeCore","en_US.ini","C:\RUNEFOGE_PRO\runeforge\app\retro\_downloads\PPSSPPWindowsARM64\assets\lang\en_US.ini","0.061","15/03/2026 11:52:35 a. m.","True"
"VENDOR_ARCHIVE","RuneforgeCore","es_ES.ini","C:\RUNEFOGE_PRO\runeforge\app\retro\_downloads\PPSSPPWindowsARM64\assets\lang\es_ES.ini","0.069","15/03/2026 11:52:35 a. m.","True"
"VENDOR_ARCHIVE","RuneforgeCore","es_LA.ini","C:\RUNEFOGE_PRO\runeforge\app\retro\_downloads\PPSSPPWindowsARM64\assets\lang\es_LA.ini","0.067","15/03/2026 11:52:35 a. m.","True"
"VENDOR_ARCHIVE","RuneforgeCore","fa_IR.ini","C:\RUNEFOGE_PRO\runeforge\app\retro\_downloads\PPSSPPWindowsARM64\assets\lang\fa_IR.ini","0.073","15/03/2026 11:52:35 a. m.","True"
"VENDOR_ARCHIVE","RuneforgeCore","fi_FI.ini","C:\RUNEFOGE_PRO\runeforge\app\retro\_downloads\PPSSPPWindowsARM64\assets\lang\fi_FI.ini","0.065","15/03/2026 11:52:35 a. m.","True"
"VENDOR_ARCHIVE","RuneforgeCore","fr_FR.ini","C:\RUNEFOGE_PRO\runeforge\app\retro\_downloads\PPSSPPWindowsARM64\assets\lang\fr_FR.ini","0.067","15/03/2026 11:52:35 a. m.","True"
"VENDOR_ARCHIVE","RuneforgeCore","gl_ES.ini","C:\RUNEFOGE_PRO\runeforge\app\retro\_downloads\PPSSPPWindowsARM64\assets\lang\gl_ES.ini","0.062","15/03/2026 11:52:35 a. m.","True"
"VENDOR_ARCHIVE","RuneforgeCore","gr_EL.ini","C:\RUNEFOGE_PRO\runeforge\app\retro\_downloads\PPSSPPWindowsARM64\assets\lang\gr_EL.ini","0.082","15/03/2026 11:52:35 a. m.","True"
"VENDOR_ARCHIVE","RuneforgeCore","he_IL_invert.ini","C:\RUNEFOGE_PRO\runeforge\app\retro\_downloads\PPSSPPWindowsARM64\assets\lang\he_IL_invert.ini","0.063","15/03/2026 11:52:35 a. m.","True"
"VENDOR_ARCHIVE","RuneforgeCore","he_IL.ini","C:\RUNEFOGE_PRO\runeforge\app\retro\_downloads\PPSSPPWindowsARM64\assets\lang\he_IL.ini","0.063","15/03/2026 11:52:35 a. m.","True"
"VENDOR_ARCHIVE","RuneforgeCore","hr_HR.ini","C:\RUNEFOGE_PRO\runeforge\app\retro\_downloads\PPSSPPWindowsARM64\assets\lang\hr_HR.ini","0.063","15/03/2026 11:52:35 a. m.","True"
"VENDOR_ARCHIVE","RuneforgeCore","hu_HU.ini","C:\RUNEFOGE_PRO\runeforge\app\retro\_downloads\PPSSPPWindowsARM64\assets\lang\hu_HU.ini","0.068","15/03/2026 11:52:35 a. m.","True"
"VENDOR_ARCHIVE","RuneforgeCore","id_ID.ini","C:\RUNEFOGE_PRO\runeforge\app\retro\_downloads\PPSSPPWindowsARM64\assets\lang\id_ID.ini","0.065","15/03/2026 11:52:35 a. m.","True"
"VENDOR_ARCHIVE","RuneforgeCore","it_IT.ini","C:\RUNEFOGE_PRO\runeforge\app\retro\_downloads\PPSSPPWindowsARM64\assets\lang\it_IT.ini","0.068","15/03/2026 11:52:35 a. m.","True"
"VENDOR_ARCHIVE","RuneforgeCore","ja_JP.ini","C:\RUNEFOGE_PRO\runeforge\app\retro\_downloads\PPSSPPWindowsARM64\assets\lang\ja_JP.ini","0.08","15/03/2026 11:52:35 a. m.","True"
"VENDOR_ARCHIVE","RuneforgeCore","jv_ID.ini","C:\RUNEFOGE_PRO\runeforge\app\retro\_downloads\PPSSPPWindowsARM64\assets\lang\jv_ID.ini","0.061","15/03/2026 11:52:35 a. m.","True"
"VENDOR_ARCHIVE","RuneforgeCore","ko_KR.ini","C:\RUNEFOGE_PRO\runeforge\app\retro\_downloads\PPSSPPWindowsARM64\assets\lang\ko_KR.ini","0.07","15/03/2026 11:52:35 a. m.","True"
"VENDOR_ARCHIVE","RuneforgeCore","ku_SO.ini","C:\RUNEFOGE_PRO\runeforge\app\retro\_downloads\PPSSPPWindowsARM64\assets\lang\ku_SO.ini","0.066","15/03/2026 11:52:35 a. m.","True"
"VENDOR_ARCHIVE","RuneforgeCore","lo_LA.ini","C:\RUNEFOGE_PRO\runeforge\app\retro\_downloads\PPSSPPWindowsARM64\assets\lang\lo_LA.ini","0.083","15/03/2026 11:52:35 a. m.","True"
"VENDOR_ARCHIVE","RuneforgeCore","lt-LT.ini","C:\RUNEFOGE_PRO\runeforge\app\retro\_downloads\PPSSPPWindowsARM64\assets\lang\lt-LT.ini","0.064","15/03/2026 11:52:35 a. m.","True"
"VENDOR_ARCHIVE","RuneforgeCore","ms_MY.ini","C:\RUNEFOGE_PRO\runeforge\app\retro\_downloads\PPSSPPWindowsARM64\assets\lang\ms_MY.ini","0.061","15/03/2026 11:52:35 a. m.","True"
"VENDOR_ARCHIVE","RuneforgeCore","nl_NL.ini","C:\RUNEFOGE_PRO\runeforge\app\retro\_downloads\PPSSPPWindowsARM64\assets\lang\nl_NL.ini","0.063","15/03/2026 11:52:35 a. m.","True"
"VENDOR_ARCHIVE","RuneforgeCore","no_NO.ini","C:\RUNEFOGE_PRO\runeforge\app\retro\_downloads\PPSSPPWindowsARM64\assets\lang\no_NO.ini","0.061","15/03/2026 11:52:35 a. m.","True"
"VENDOR_ARCHIVE","RuneforgeCore","pl_PL.ini","C:\RUNEFOGE_PRO\runeforge\app\retro\_downloads\PPSSPPWindowsARM64\assets\lang\pl_PL.ini","0.068","15/03/2026 11:52:35 a. m.","True"
"VENDOR_ARCHIVE","RuneforgeCore","pt_BR.ini","C:\RUNEFOGE_PRO\runeforge\app\retro\_downloads\PPSSPPWindowsARM64\assets\lang\pt_BR.ini","0.07","15/03/2026 11:52:35 a. m.","True"
"VENDOR_ARCHIVE","RuneforgeCore","pt_PT.ini","C:\RUNEFOGE_PRO\runeforge\app\retro\_downloads\PPSSPPWindowsARM64\assets\lang\pt_PT.ini","0.07","15/03/2026 11:52:35 a. m.","True"
"VENDOR_ARCHIVE","RuneforgeCore","README.md","C:\RUNEFOGE_PRO\runeforge\app\retro\_downloads\PPSSPPWindowsARM64\assets\lang\README.md","0.001","15/03/2026 11:52:35 a. m.","True"
"VENDOR_ARCHIVE","RuneforgeCore","ro_RO.ini","C:\RUNEFOGE_PRO\runeforge\app\retro\_downloads\PPSSPPWindowsARM64\assets\lang\ro_RO.ini","0.062","15/03/2026 11:52:35 a. m.","True"
"VENDOR_ARCHIVE","RuneforgeCore","ru_RU.ini","C:\RUNEFOGE_PRO\runeforge\app\retro\_downloads\PPSSPPWindowsARM64\assets\lang\ru_RU.ini","0.092","15/03/2026 11:52:35 a. m.","True"
"VENDOR_ARCHIVE","RuneforgeCore","sv_SE.ini","C:\RUNEFOGE_PRO\runeforge\app\retro\_downloads\PPSSPPWindowsARM64\assets\lang\sv_SE.ini","0.063","15/03/2026 11:52:35 a. m.","True"
"VENDOR_ARCHIVE","RuneforgeCore","tg_PH.ini","C:\RUNEFOGE_PRO\runeforge\app\retro\_downloads\PPSSPPWindowsARM64\assets\lang\tg_PH.ini","0.068","15/03/2026 11:52:35 a. m.","True"
"VENDOR_ARCHIVE","RuneforgeCore","th_TH.ini","C:\RUNEFOGE_PRO\runeforge\app\retro\_downloads\PPSSPPWindowsARM64\assets\lang\th_TH.ini","0.126","15/03/2026 11:52:35 a. m.","True"
"VENDOR_ARCHIVE","RuneforgeCore","tr_TR.ini","C:\RUNEFOGE_PRO\runeforge\app\retro\_downloads\PPSSPPWindowsARM64\assets\lang\tr_TR.ini","0.066","15/03/2026 11:52:35 a. m.","True"
"VENDOR_ARCHIVE","RuneforgeCore","uk_UA.ini","C:\RUNEFOGE_PRO\runeforge\app\retro\_downloads\PPSSPPWindowsARM64\assets\lang\uk_UA.ini","0.091","15/03/2026 11:52:35 a. m.","True"
"VENDOR_ARCHIVE","RuneforgeCore","vi_VN.ini","C:\RUNEFOGE_PRO\runeforge\app\retro\_downloads\PPSSPPWindowsARM64\assets\lang\vi_VN.ini","0.066","15/03/2026 11:52:35 a. m.","True"
"VENDOR_ARCHIVE","RuneforgeCore","zh_CN.ini","C:\RUNEFOGE_PRO\runeforge\app\retro\_downloads\PPSSPPWindowsARM64\assets\lang\zh_CN.ini","0.061","15/03/2026 11:52:35 a. m.","True"
"VENDOR_ARCHIVE","RuneforgeCore","zh_TW.ini","C:\RUNEFOGE_PRO\runeforge\app\retro\_downloads\PPSSPPWindowsARM64\assets\lang\zh_TW.ini","0.06","15/03/2026 11:52:35 a. m.","True"
"VENDOR_ARCHIVE","RuneforgeCore","jpn0.pgf","C:\RUNEFOGE_PRO\runeforge\app\retro\_downloads\PPSSPPWindowsARM64\assets\flash0\font\jpn0.pgf","4.116","15/03/2026 11:52:35 a. m.","True"
"VENDOR_ARCHIVE","RuneforgeCore","kr0.pgf","C:\RUNEFOGE_PRO\runeforge\app\retro\_downloads\PPSSPPWindowsARM64\assets\flash0\font\kr0.pgf","1.566","15/03/2026 11:52:35 a. m.","True"
"VENDOR_ARCHIVE","RuneforgeCore","ltn0.pgf","C:\RUNEFOGE_PRO\runeforge\app\retro\_downloads\PPSSPPWindowsARM64\assets\flash0\font\ltn0.pgf","0.036","15/03/2026 11:52:35 a. m.","True"
"VENDOR_ARCHIVE","RuneforgeCore","ltn1.pgf","C:\RUNEFOGE_PRO\runeforge\app\retro\_downloads\PPSSPPWindowsARM64\assets\flash0\font\ltn1.pgf","0.036","15/03/2026 11:52:35 a. m.","True"
"VENDOR_ARCHIVE","RuneforgeCore","ltn10.pgf","C:\RUNEFOGE_PRO\runeforge\app\retro\_downloads\PPSSPPWindowsARM64\assets\flash0\font\ltn10.pgf","0.03","15/03/2026 11:52:35 a. m.","True"
"VENDOR_ARCHIVE","RuneforgeCore","ltn11.pgf","C:\RUNEFOGE_PRO\runeforge\app\retro\_downloads\PPSSPPWindowsARM64\assets\flash0\font\ltn11.pgf","0.028","15/03/2026 11:52:35 a. m.","True"
"VENDOR_ARCHIVE","RuneforgeCore","ltn12.pgf","C:\RUNEFOGE_PRO\runeforge\app\retro\_downloads\PPSSPPWindowsARM64\assets\flash0\font\ltn12.pgf","0.028","15/03/2026 11:52:35 a. m.","True"
"VENDOR_ARCHIVE","RuneforgeCore","ltn13.pgf","C:\RUNEFOGE_PRO\runeforge\app\retro\_downloads\PPSSPPWindowsARM64\assets\flash0\font\ltn13.pgf","0.028","15/03/2026 11:52:35 a. m.","True"
"VENDOR_ARCHIVE","RuneforgeCore","ltn14.pgf","C:\RUNEFOGE_PRO\runeforge\app\retro\_downloads\PPSSPPWindowsARM64\assets\flash0\font\ltn14.pgf","0.03","15/03/2026 11:52:35 a. m.","True"
"VENDOR_ARCHIVE","RuneforgeCore","ltn15.pgf","C:\RUNEFOGE_PRO\runeforge\app\retro\_downloads\PPSSPPWindowsARM64\assets\flash0\font\ltn15.pgf","0.029","15/03/2026 11:52:35 a. m.","True"
"VENDOR_ARCHIVE","RuneforgeCore","ltn2.pgf","C:\RUNEFOGE_PRO\runeforge\app\retro\_downloads\PPSSPPWindowsARM64\assets\flash0\font\ltn2.pgf","0.039","15/03/2026 11:52:35 a. m.","True"
"VENDOR_ARCHIVE","RuneforgeCore","ltn3.pgf","C:\RUNEFOGE_PRO\runeforge\app\retro\_downloads\PPSSPPWindowsARM64\assets\flash0\font\ltn3.pgf","0.039","15/03/2026 11:52:35 a. m.","True"
"VENDOR_ARCHIVE","RuneforgeCore","ltn4.pgf","C:\RUNEFOGE_PRO\runeforge\app\retro\_downloads\PPSSPPWindowsARM64\assets\flash0\font\ltn4.pgf","0.038","15/03/2026 11:52:35 a. m.","True"
"VENDOR_ARCHIVE","RuneforgeCore","ltn5.pgf","C:\RUNEFOGE_PRO\runeforge\app\retro\_downloads\PPSSPPWindowsARM64\assets\flash0\font\ltn5.pgf","0.037","15/03/2026 11:52:35 a. m.","True"
"VENDOR_ARCHIVE","RuneforgeCore","ltn6.pgf","C:\RUNEFOGE_PRO\runeforge\app\retro\_downloads\PPSSPPWindowsARM64\assets\flash0\font\ltn6.pgf","0.04","15/03/2026 11:52:35 a. m.","True"
"VENDOR_ARCHIVE","RuneforgeCore","ltn7.pgf","C:\RUNEFOGE_PRO\runeforge\app\retro\_downloads\PPSSPPWindowsARM64\assets\flash0\font\ltn7.pgf","0.04","15/03/2026 11:52:35 a. m.","True"
"VENDOR_ARCHIVE","RuneforgeCore","ltn8.pgf","C:\RUNEFOGE_PRO\runeforge\app\retro\_downloads\PPSSPPWindowsARM64\assets\flash0\font\ltn8.pgf","0.029","15/03/2026 11:52:35 a. m.","True"
"VENDOR_ARCHIVE","RuneforgeCore","ltn9.pgf","C:\RUNEFOGE_PRO\runeforge\app\retro\_downloads\PPSSPPWindowsARM64\assets\flash0\font\ltn9.pgf","0.026","15/03/2026 11:52:35 a. m.","True"
"VENDOR_ARCHIVE","RuneforgeCore",".nojekyll","C:\RUNEFOGE_PRO\runeforge\app\retro\_downloads\PPSSPPWindowsARM64\assets\debugger\.nojekyll","0","15/03/2026 11:53:07 a. m.","True"
"VENDOR_ARCHIVE","RuneforgeCore","asset-manifest.json","C:\RUNEFOGE_PRO\runeforge\app\retro\_downloads\PPSSPPWindowsARM64\assets\debugger\asset-manifest.json","0","15/03/2026 11:53:07 a. m.","True"
"VENDOR_ARCHIVE","RuneforgeCore","favicon.ico","C:\RUNEFOGE_PRO\runeforge\app\retro\_downloads\PPSSPPWindowsARM64\assets\debugger\favicon.ico","0.107","15/03/2026 11:53:07 a. m.","True"
"VENDOR_ARCHIVE","RuneforgeCore","index.html","C:\RUNEFOGE_PRO\runeforge\app\retro\_downloads\PPSSPPWindowsARM64\assets\debugger\index.html","0.001","15/03/2026 11:53:07 a. m.","True"
"VENDOR_ARCHIVE","RuneforgeCore","manifest.json","C:\RUNEFOGE_PRO\runeforge\app\retro\_downloads\PPSSPPWindowsARM64\assets\debugger\manifest.json","0","15/03/2026 11:53:07 a. m.","True"
"VENDOR_ARCHIVE","RuneforgeCore","logo.94f885ce93dfb6d29a122402a15cccca.svg","C:\RUNEFOGE_PRO\runeforge\app\retro\_downloads\PPSSPPWindowsARM64\assets\debugger\static\media\logo.94f885ce93dfb6d29a122402a15cccca.svg","0.003","15/03/2026 11:53:07 a. m.","True"
"VENDOR_ARCHIVE","RuneforgeCore","main.fe87e942.js","C:\RUNEFOGE_PRO\runeforge\app\retro\_downloads\PPSSPPWindowsARM64\assets\debugger\static\js\main.fe87e942.js","0.558","15/03/2026 11:53:07 a. m.","True"
"VENDOR_ARCHIVE","RuneforgeCore","main.fe87e942.js.LICENSE.txt","C:\RUNEFOGE_PRO\runeforge\app\retro\_downloads\PPSSPPWindowsARM64\assets\debugger\static\js\main.fe87e942.js.LICENSE.txt","0.002","15/03/2026 11:53:07 a. m.","True"
"VENDOR_ARCHIVE","RuneforgeCore","main.fe87e942.js.map","C:\RUNEFOGE_PRO\runeforge\app\retro\_downloads\PPSSPPWindowsARM64\assets\debugger\static\js\main.fe87e942.js.map","2.132","15/03/2026 11:53:07 a. m.","True"
"VENDOR_ARCHIVE","RuneforgeCore","main.3eab8a01.css","C:\RUNEFOGE_PRO\runeforge\app\retro\_downloads\PPSSPPWindowsARM64\assets\debugger\static\css\main.3eab8a01.css","0.015","15/03/2026 11:53:07 a. m.","True"
"VENDOR_ARCHIVE","RuneforgeCore","main.3eab8a01.css.map","C:\RUNEFOGE_PRO\runeforge\app\retro\_downloads\PPSSPPWindowsARM64\assets\debugger\static\css\main.3eab8a01.css.map","0.027","15/03/2026 11:53:07 a. m.","True"
"REVIEW_MANUAL","RuneforgeCore","index.html","C:\RUNEFOGE_PRO\runeforge\app\public\index.html","0.001","19/04/2026 05:54:19 a. m.","True"
"REVIEW_MANUAL","RuneforgeCore","runeforge-ssh-bootstrap.ps1","C:\RUNEFOGE_PRO\runeforge\app\ops\runeforge-ssh-bootstrap.ps1","0.004","17/04/2026 12:10:31 p. m.","True"
"REVIEW_MANUAL","RuneforgeCore","runeforge-ssh-repair-v2.ps1","C:\RUNEFOGE_PRO\runeforge\app\ops\runeforge-ssh-repair-v2.ps1","0.005","17/04/2026 12:20:20 p. m.","True"
"VENDOR_ARCHIVE","RuneforgeCore","start-ppsspp.ps1","C:\RUNEFOGE_PRO\runeforge\app\ops\retro\start-ppsspp.ps1","0","22/03/2026 10:38:02 p. m.","True"
"REVIEW_MANUAL","RuneforgeCore","check-game-host.ps1","C:\RUNEFOGE_PRO\runeforge\app\ops\games\check-game-host.ps1","0.001","21/03/2026 09:07:58 p. m.","True"
"REVIEW_MANUAL","RuneforgeCore","check-gpu.ps1","C:\RUNEFOGE_PRO\runeforge\app\ops\games\check-gpu.ps1","0","21/03/2026 09:02:46 p. m.","True"
"REVIEW_MANUAL","RuneforgeCore","check-network.ps1","C:\RUNEFOGE_PRO\runeforge\app\ops\games\check-network.ps1","0","21/03/2026 09:02:46 p. m.","True"
"REVIEW_MANUAL","RuneforgeCore","start-steam.ps1","C:\RUNEFOGE_PRO\runeforge\app\ops\games\start-steam.ps1","0","21/03/2026 09:02:46 p. m.","True"
"REVIEW_MANUAL","RuneforgeCore","start-sunshine.ps1","C:\RUNEFOGE_PRO\runeforge\app\ops\games\start-sunshine.ps1","0.001","21/03/2026 09:07:58 p. m.","True"
"REVIEW_MANUAL","RuneforgeCore","stop-sunshine.ps1","C:\RUNEFOGE_PRO\runeforge\app\ops\games\stop-sunshine.ps1","0","21/03/2026 09:07:58 p. m.","True"
"REVIEW_MANUAL","RuneforgeCore","chat.log","C:\RUNEFOGE_PRO\runeforge\app\data\trace\chat.log","0.004","24/04/2026 03:07:36 a. m.","True"
"REVIEW_MANUAL","RuneforgeCore","ssh_repair_20260417_122033.log","C:\RUNEFOGE_PRO\runeforge\app\data\trace\ssh_repair_20260417_122033.log","0.005","17/04/2026 12:20:59 p. m.","True"
"REVIEW_MANUAL","RuneforgeCore","ssh_repair_20260417_122049.log","C:\RUNEFOGE_PRO\runeforge\app\data\trace\ssh_repair_20260417_122049.log","0.003","17/04/2026 12:20:59 p. m.","True"
"AUDIT_OR_TRACE_DATA","RuneforgeCore","runeforge.log","C:\RUNEFOGE_PRO\runeforge\app\data\logs\runeforge.log","0.021","26/04/2026 02:47:57 p. m.","True"
"VENDOR_ARCHIVE","RuneforgeCore","Sunshine-master.zip","C:\RUNEFOGE_PRO\runeforge\app\_archive\source-zips\Sunshine-master.zip","28.929","22/03/2026 03:50:26 a. m.","True"
"VENDOR_ARCHIVE","RuneforgeCore",".clang-format","C:\RUNEFOGE_PRO\runeforge\app\_archive\source-zips\Sunshine-master\Sunshine-master\.clang-format","0.003","21/03/2026 08:14:42 p. m.","True"
"VENDOR_ARCHIVE","RuneforgeCore",".dockerignore","C:\RUNEFOGE_PRO\runeforge\app\_archive\source-zips\Sunshine-master\Sunshine-master\.dockerignore","0","21/03/2026 08:14:42 p. m.","True"
"VENDOR_ARCHIVE","RuneforgeCore",".flake8","C:\RUNEFOGE_PRO\runeforge\app\_archive\source-zips\Sunshine-master\Sunshine-master\.flake8","0","21/03/2026 08:14:42 p. m.","True"
"VENDOR_ARCHIVE","RuneforgeCore",".gitattributes","C:\RUNEFOGE_PRO\runeforge\app\_archive\source-zips\Sunshine-master\Sunshine-master\.gitattributes","0","21/03/2026 08:14:42 p. m.","True"
"VENDOR_ARCHIVE","RuneforgeCore",".gitignore","C:\RUNEFOGE_PRO\runeforge\app\_archive\source-zips\Sunshine-master\Sunshine-master\.gitignore","0","21/03/2026 08:14:42 p. m.","True"
"VENDOR_ARCHIVE","RuneforgeCore",".gitmodules","C:\RUNEFOGE_PRO\runeforge\app\_archive\source-zips\Sunshine-master\Sunshine-master\.gitmodules","0.003","21/03/2026 08:14:42 p. m.","True"
"VENDOR_ARCHIVE","RuneforgeCore",".prettierrc.json","C:\RUNEFOGE_PRO\runeforge\app\_archive\source-zips\Sunshine-master\Sunshine-master\.prettierrc.json","0","21/03/2026 08:14:42 p. m.","True"
"VENDOR_ARCHIVE","RuneforgeCore",".readthedocs.yaml","C:\RUNEFOGE_PRO\runeforge\app\_archive\source-zips\Sunshine-master\Sunshine-master\.readthedocs.yaml","0.001","21/03/2026 08:14:42 p. m.","True"
"VENDOR_ARCHIVE","RuneforgeCore",".rstcheck.cfg","C:\RUNEFOGE_PRO\runeforge\app\_archive\source-zips\Sunshine-master\Sunshine-master\.rstcheck.cfg","0","21/03/2026 08:14:42 p. m.","True"
"VENDOR_ARCHIVE","RuneforgeCore","CMakeLists.txt","C:\RUNEFOGE_PRO\runeforge\app\_archive\source-zips\Sunshine-master\Sunshine-master\CMakeLists.txt","0.002","21/03/2026 08:14:42 p. m.","True"
"VENDOR_ARCHIVE","RuneforgeCore","codecov.yml","C:\RUNEFOGE_PRO\runeforge\app\_archive\source-zips\Sunshine-master\Sunshine-master\codecov.yml","0","21/03/2026 08:14:42 p. m.","True"
"VENDOR_ARCHIVE","RuneforgeCore","crowdin.yml","C:\RUNEFOGE_PRO\runeforge\app\_archive\source-zips\Sunshine-master\Sunshine-master\crowdin.yml","0.001","21/03/2026 08:14:42 p. m.","True"
"VENDOR_ARCHIVE","RuneforgeCore","DOCKER_README.md","C:\RUNEFOGE_PRO\runeforge\app\_archive\source-zips\Sunshine-master\Sunshine-master\DOCKER_README.md","0.006","21/03/2026 08:14:42 p. m.","True"
"VENDOR_ARCHIVE","RuneforgeCore","LICENSE","C:\RUNEFOGE_PRO\runeforge\app\_archive\source-zips\Sunshine-master\Sunshine-master\LICENSE","0.034","21/03/2026 08:14:42 p. m.","True"
"VENDOR_ARCHIVE","RuneforgeCore","NOTICE","C:\RUNEFOGE_PRO\runeforge\app\_archive\source-zips\Sunshine-master\Sunshine-master\NOTICE","0","21/03/2026 08:14:42 p. m.","True"
"VENDOR_ARCHIVE","RuneforgeCore","package.json","C:\RUNEFOGE_PRO\runeforge\app\_archive\source-zips\Sunshine-master\Sunshine-master\package.json","0.001","21/03/2026 08:14:42 p. m.","True"
"VENDOR_ARCHIVE","RuneforgeCore","pyproject.toml","C:\RUNEFOGE_PRO\runeforge\app\_archive\source-zips\Sunshine-master\Sunshine-master\pyproject.toml","0.001","21/03/2026 08:14:42 p. m.","True"
"VENDOR_ARCHIVE","RuneforgeCore","README.md","C:\RUNEFOGE_PRO\runeforge\app\_archive\source-zips\Sunshine-master\Sunshine-master\README.md","0.013","21/03/2026 08:14:42 p. m.","True"
"VENDOR_ARCHIVE","RuneforgeCore","sunshine.ico","C:\RUNEFOGE_PRO\runeforge\app\_archive\source-zips\Sunshine-master\Sunshine-master\sunshine.ico","0.115","21/03/2026 08:14:42 p. m.","True"
"VENDOR_ARCHIVE","RuneforgeCore","sunshine.png","C:\RUNEFOGE_PRO\runeforge\app\_archive\source-zips\Sunshine-master\Sunshine-master\sunshine.png","0.02","21/03/2026 08:14:42 p. m.","True"
"VENDOR_ARCHIVE","RuneforgeCore","sunshine.svg","C:\RUNEFOGE_PRO\runeforge\app\_archive\source-zips\Sunshine-master\Sunshine-master\sunshine.svg","0.002","21/03/2026 08:14:42 p. m.","True"
"VENDOR_ARCHIVE","RuneforgeCore","vite.config.js","C:\RUNEFOGE_PRO\runeforge\app\_archive\source-zips\Sunshine-master\Sunshine-master\vite.config.js","0.003","21/03/2026 08:14:42 p. m.","True"
"VENDOR_ARCHIVE","RuneforgeCore","audio.cpp","C:\RUNEFOGE_PRO\runeforge\app\_archive\source-zips\Sunshine-master\Sunshine-master\tools\audio.cpp","0.009","21/03/2026 08:14:42 p. m.","True"
"VENDOR_ARCHIVE","RuneforgeCore","CMakeLists.txt","C:\RUNEFOGE_PRO\runeforge\app\_archive\source-zips\Sunshine-master\Sunshine-master\tools\CMakeLists.txt","0.001","21/03/2026 08:14:42 p. m.","True"
"VENDOR_ARCHIVE","RuneforgeCore","dxgi.cpp","C:\RUNEFOGE_PRO\runeforge\app\_archive\source-zips\Sunshine-master\Sunshine-master\tools\dxgi.cpp","0.003","21/03/2026 08:14:42 p. m.","True"
"VENDOR_ARCHIVE","RuneforgeCore","sunshinesvc.cpp","C:\RUNEFOGE_PRO\runeforge\app\_archive\source-zips\Sunshine-master\Sunshine-master\tools\sunshinesvc.cpp","0.013","21/03/2026 08:14:42 p. m.","True"
"VENDOR_ARCHIVE","RuneforgeCore",".clang-format-ignore","C:\RUNEFOGE_PRO\runeforge\app\_archive\source-zips\Sunshine-master\Sunshine-master\third-party\.clang-format-ignore","0","21/03/2026 08:14:42 p. m.","True"
"VENDOR_ARCHIVE","RuneforgeCore","helper_math.h","C:\RUNEFOGE_PRO\runeforge\app\_archive\source-zips\Sunshine-master\Sunshine-master\third-party\nvfbc\helper_math.h","0.036","21/03/2026 08:14:42 p. m.","True"
"VENDOR_ARCHIVE","RuneforgeCore","NvFBC.h","C:\RUNEFOGE_PRO\runeforge\app\_archive\source-zips\Sunshine-master\Sunshine-master\third-party\nvfbc\NvFBC.h","0.063","21/03/2026 08:14:42 p. m.","True"
"VENDOR_ARCHIVE","RuneforgeCore","CMakeLists.txt","C:\RUNEFOGE_PRO\runeforge\app\_archive\source-zips\Sunshine-master\Sunshine-master\tests\CMakeLists.txt","0.007","21/03/2026 08:14:42 p. m.","True"
"VENDOR_ARCHIVE","RuneforgeCore","tests_common.h","C:\RUNEFOGE_PRO\runeforge\app\_archive\source-zips\Sunshine-master\Sunshine-master\tests\tests_common.h","0.005","21/03/2026 08:14:42 p. m.","True"
"VENDOR_ARCHIVE","RuneforgeCore","tests_environment.h","C:\RUNEFOGE_PRO\runeforge\app\_archive\source-zips\Sunshine-master\Sunshine-master\tests\tests_environment.h","0","21/03/2026 08:14:42 p. m.","True"
"VENDOR_ARCHIVE","RuneforgeCore","tests_events.h","C:\RUNEFOGE_PRO\runeforge\app\_archive\source-zips\Sunshine-master\Sunshine-master\tests\tests_events.h","0.002","21/03/2026 08:14:42 p. m.","True"
"VENDOR_ARCHIVE","RuneforgeCore","tests_log_checker.h","C:\RUNEFOGE_PRO\runeforge\app\_archive\source-zips\Sunshine-master\Sunshine-master\tests\tests_log_checker.h","0.004","21/03/2026 08:14:42 p. m.","True"
"VENDOR_ARCHIVE","RuneforgeCore","tests_main.cpp","C:\RUNEFOGE_PRO\runeforge\app\_archive\source-zips\Sunshine-master\Sunshine-master\tests\tests_main.cpp","0","21/03/2026 08:14:42 p. m.","True"
"VENDOR_ARCHIVE","RuneforgeCore","test_audio.cpp","C:\RUNEFOGE_PRO\runeforge\app\_archive\source-zips\Sunshine-master\Sunshine-master\tests\unit\test_audio.cpp","0.002","21/03/2026 08:14:42 p. m.","True"
"VENDOR_ARCHIVE","RuneforgeCore","test_confighttp.cpp","C:\RUNEFOGE_PRO\runeforge\app\_archive\source-zips\Sunshine-master\Sunshine-master\tests\unit\test_confighttp.cpp","0.058","21/03/2026 08:14:42 p. m.","True"
"VENDOR_ARCHIVE","RuneforgeCore","test_display_device.cpp","C:\RUNEFOGE_PRO\runeforge\app\_archive\source-zips\Sunshine-master\Sunshine-master\tests\unit\test_display_device.cpp","0.035","21/03/2026 08:14:42 p. m.","True"
"VENDOR_ARCHIVE","RuneforgeCore","test_entry_handler.cpp","C:\RUNEFOGE_PRO\runeforge\app\_archive\source-zips\Sunshine-master\Sunshine-master\tests\unit\test_entry_handler.cpp","0.001","21/03/2026 08:14:42 p. m.","True"
"VENDOR_ARCHIVE","RuneforgeCore","test_file_handler.cpp","C:\RUNEFOGE_PRO\runeforge\app\_archive\source-zips\Sunshine-master\Sunshine-master\tests\unit\test_file_handler.cpp","0.003","21/03/2026 08:14:42 p. m.","True"
"VENDOR_ARCHIVE","RuneforgeCore","test_http_pairing.cpp","C:\RUNEFOGE_PRO\runeforge\app\_archive\source-zips\Sunshine-master\Sunshine-master\tests\unit\test_http_pairing.cpp","0.013","21/03/2026 08:14:42 p. m.","True"
"VENDOR_ARCHIVE","RuneforgeCore","test_httpcommon.cpp","C:\RUNEFOGE_PRO\runeforge\app\_archive\source-zips\Sunshine-master\Sunshine-master\tests\unit\test_httpcommon.cpp","0.002","21/03/2026 08:14:42 p. m.","True"
"VENDOR_ARCHIVE","RuneforgeCore","test_logging.cpp","C:\RUNEFOGE_PRO\runeforge\app\_archive\source-zips\Sunshine-master\Sunshine-master\tests\unit\test_logging.cpp","0.001","21/03/2026 08:14:42 p. m.","True"
"VENDOR_ARCHIVE","RuneforgeCore","test_mouse.cpp","C:\RUNEFOGE_PRO\runeforge\app\_archive\source-zips\Sunshine-master\Sunshine-master\tests\unit\test_mouse.cpp","0.004","21/03/2026 08:14:42 p. m.","True"
"VENDOR_ARCHIVE","RuneforgeCore","test_network.cpp","C:\RUNEFOGE_PRO\runeforge\app\_archive\source-zips\Sunshine-master\Sunshine-master\tests\unit\test_network.cpp","0.004","21/03/2026 08:14:42 p. m.","True"
"VENDOR_ARCHIVE","RuneforgeCore","test_process.cpp","C:\RUNEFOGE_PRO\runeforge\app\_archive\source-zips\Sunshine-master\Sunshine-master\tests\unit\test_process.cpp","0.006","21/03/2026 08:14:42 p. m.","True"
"VENDOR_ARCHIVE","RuneforgeCore","test_rswrapper.cpp","C:\RUNEFOGE_PRO\runeforge\app\_archive\source-zips\Sunshine-master\Sunshine-master\tests\unit\test_rswrapper.cpp","0.001","21/03/2026 08:14:42 p. m.","True"
"VENDOR_ARCHIVE","RuneforgeCore","test_stream.cpp","C:\RUNEFOGE_PRO\runeforge\app\_archive\source-zips\Sunshine-master\Sunshine-master\tests\unit\test_stream.cpp","0.001","21/03/2026 08:14:42 p. m.","True"
"VENDOR_ARCHIVE","RuneforgeCore","test_video.cpp","C:\RUNEFOGE_PRO\runeforge\app\_archive\source-zips\Sunshine-master\Sunshine-master\tests\unit\test_video.cpp","0.002","21/03/2026 08:14:42 p. m.","True"
"VENDOR_ARCHIVE","RuneforgeCore","test_common.cpp","C:\RUNEFOGE_PRO\runeforge\app\_archive\source-zips\Sunshine-master\Sunshine-master\tests\unit\platform\test_common.cpp","0.001","21/03/2026 08:14:42 p. m.","True"
"VENDOR_ARCHIVE","RuneforgeCore","test_utf_utils.cpp","C:\RUNEFOGE_PRO\runeforge\app\_archive\source-zips\Sunshine-master\Sunshine-master\tests\unit\platform\windows\test_utf_utils.cpp","0.013","21/03/2026 08:14:42 p. m.","True"
"VENDOR_ARCHIVE","RuneforgeCore","test_av_audio.mm","C:\RUNEFOGE_PRO\runeforge\app\_archive\source-zips\Sunshine-master\Sunshine-master\tests\unit\platform\macos\test_av_audio.mm","0.016","21/03/2026 08:14:42 p. m.","True"
"VENDOR_ARCHIVE","RuneforgeCore","test_config_consistency.cpp","C:\RUNEFOGE_PRO\runeforge\app\_archive\source-zips\Sunshine-master\Sunshine-master\tests\integration\test_config_consistency.cpp","0.023","21/03/2026 08:14:42 p. m.","True"
"VENDOR_ARCHIVE","RuneforgeCore","test_external_commands.cpp","C:\RUNEFOGE_PRO\runeforge\app\_archive\source-zips\Sunshine-master\Sunshine-master\tests\integration\test_external_commands.cpp","0.006","21/03/2026 08:14:42 p. m.","True"
"VENDOR_ARCHIVE","RuneforgeCore","test_locale_consistency.cpp","C:\RUNEFOGE_PRO\runeforge\app\_archive\source-zips\Sunshine-master\Sunshine-master\tests\integration\test_locale_consistency.cpp","0.011","21/03/2026 08:14:42 p. m.","True"
"VENDOR_ARCHIVE","RuneforgeCore","hello-redirect.txt","C:\RUNEFOGE_PRO\runeforge\app\_archive\source-zips\Sunshine-master\Sunshine-master\tests\fixtures\http\hello-redirect.txt","0","21/03/2026 08:14:42 p. m.","True"
"VENDOR_ARCHIVE","RuneforgeCore","hello.txt","C:\RUNEFOGE_PRO\runeforge\app\_archive\source-zips\Sunshine-master\Sunshine-master\tests\fixtures\http\hello.txt","0","21/03/2026 08:14:42 p. m.","True"
"VENDOR_ARCHIVE","RuneforgeCore","sunshine-setup.ps1","C:\RUNEFOGE_PRO\runeforge\app\_archive\source-zips\Sunshine-master\Sunshine-master\src_assets\windows\misc\sunshine-setup.ps1","0.022","21/03/2026 08:14:42 p. m.","True"
"VENDOR_ARCHIVE","RuneforgeCore","install-service.bat","C:\RUNEFOGE_PRO\runeforge\app\_archive\source-zips\Sunshine-master\Sunshine-master\src_assets\windows\misc\service\install-service.bat","0.002","21/03/2026 08:14:42 p. m.","True"
"VENDOR_ARCHIVE","RuneforgeCore","uninstall-service.bat","C:\RUNEFOGE_PRO\runeforge\app\_archive\source-zips\Sunshine-master\Sunshine-master\src_assets\windows\misc\service\uninstall-service.bat","0.001","21/03/2026 08:14:42 p. m.","True"
"VENDOR_ARCHIVE","RuneforgeCore","update-path.bat","C:\RUNEFOGE_PRO\runeforge\app\_archive\source-zips\Sunshine-master\Sunshine-master\src_assets\windows\misc\path\update-path.bat","0.003","21/03/2026 08:14:42 p. m.","True"
"VENDOR_ARCHIVE","RuneforgeCore","migrate-config.bat","C:\RUNEFOGE_PRO\runeforge\app\_archive\source-zips\Sunshine-master\Sunshine-master\src_assets\windows\misc\migration\migrate-config.bat","0.002","21/03/2026 08:14:42 p. m.","True"
"VENDOR_ARCHIVE","RuneforgeCore","add-firewall-rule.bat","C:\RUNEFOGE_PRO\runeforge\app\_archive\source-zips\Sunshine-master\Sunshine-master\src_assets\windows\misc\firewall\add-firewall-rule.bat","0","21/03/2026 08:14:42 p. m.","True"
"VENDOR_ARCHIVE","RuneforgeCore","delete-firewall-rule.bat","C:\RUNEFOGE_PRO\runeforge\app\_archive\source-zips\Sunshine-master\Sunshine-master\src_assets\windows\misc\firewall\delete-firewall-rule.bat","0","21/03/2026 08:14:42 p. m.","True"
"VENDOR_ARCHIVE","RuneforgeCore","autostart-service.bat","C:\RUNEFOGE_PRO\runeforge\app\_archive\source-zips\Sunshine-master\Sunshine-master\src_assets\windows\misc\autostart\autostart-service.bat","0","21/03/2026 08:14:42 p. m.","True"
"VENDOR_ARCHIVE","RuneforgeCore","apps.json","C:\RUNEFOGE_PRO\runeforge\app\_archive\source-zips\Sunshine-master\Sunshine-master\src_assets\windows\assets\apps.json","0","21/03/2026 08:14:42 p. m.","True"
"VENDOR_ARCHIVE","RuneforgeCore","convert_yuv420_packed_uv_type0_ps_linear.hlsl","C:\RUNEFOGE_PRO\runeforge\app\_archive\source-zips\Sunshine-master\Sunshine-master\src_assets\windows\assets\shaders\directx\convert_yuv420_packed_uv_type0_ps_linear.hlsl","0","21/03/2026 08:14:42 p. m.","True"
"VENDOR_ARCHIVE","RuneforgeCore","convert_yuv420_packed_uv_type0_ps_perceptual_quantizer.hlsl","C:\RUNEFOGE_PRO\runeforge\app\_archive\source-zips\Sunshine-master\Sunshine-master\src_assets\windows\assets\shaders\directx\convert_yuv420_packed_uv_type0_ps_perceptual_quantizer.hlsl","0","21/03/2026 08:14:42 p. m.","True"
"VENDOR_ARCHIVE","RuneforgeCore","convert_yuv420_packed_uv_type0_ps.hlsl","C:\RUNEFOGE_PRO\runeforge\app\_archive\source-zips\Sunshine-master\Sunshine-master\src_assets\windows\assets\shaders\directx\convert_yuv420_packed_uv_type0_ps.hlsl","0","21/03/2026 08:14:42 p. m.","True"
"VENDOR_ARCHIVE","RuneforgeCore","convert_yuv420_packed_uv_type0_vs.hlsl","C:\RUNEFOGE_PRO\runeforge\app\_archive\source-zips\Sunshine-master\Sunshine-master\src_assets\windows\assets\shaders\directx\convert_yuv420_packed_uv_type0_vs.hlsl","0","21/03/2026 08:14:42 p. m.","True"
"VENDOR_ARCHIVE","RuneforgeCore","convert_yuv420_packed_uv_type0s_ps_linear.hlsl","C:\RUNEFOGE_PRO\runeforge\app\_archive\source-zips\Sunshine-master\Sunshine-master\src_assets\windows\assets\shaders\directx\convert_yuv420_packed_uv_type0s_ps_linear.hlsl","0","21/03/2026 08:14:42 p. m.","True"
"VENDOR_ARCHIVE","RuneforgeCore","convert_yuv420_packed_uv_type0s_ps_perceptual_quantizer.hlsl","C:\RUNEFOGE_PRO\runeforge\app\_archive\source-zips\Sunshine-master\Sunshine-master\src_assets\windows\assets\shaders\directx\convert_yuv420_packed_uv_type0s_ps_perceptual_quantizer.hlsl","0","21/03/2026 08:14:42 p. m.","True"
"VENDOR_ARCHIVE","RuneforgeCore","convert_yuv420_packed_uv_type0s_ps.hlsl","C:\RUNEFOGE_PRO\runeforge\app\_archive\source-zips\Sunshine-master\Sunshine-master\src_assets\windows\assets\shaders\directx\convert_yuv420_packed_uv_type0s_ps.hlsl","0","21/03/2026 08:14:42 p. m.","True"
"VENDOR_ARCHIVE","RuneforgeCore","convert_yuv420_packed_uv_type0s_vs.hlsl","C:\RUNEFOGE_PRO\runeforge\app\_archive\source-zips\Sunshine-master\Sunshine-master\src_assets\windows\assets\shaders\directx\convert_yuv420_packed_uv_type0s_vs.hlsl","0","21/03/2026 08:14:42 p. m.","True"
"VENDOR_ARCHIVE","RuneforgeCore","convert_yuv420_planar_y_ps_linear.hlsl","C:\RUNEFOGE_PRO\runeforge\app\_archive\source-zips\Sunshine-master\Sunshine-master\src_assets\windows\assets\shaders\directx\convert_yuv420_planar_y_ps_linear.hlsl","0","21/03/2026 08:14:42 p. m.","True"
"VENDOR_ARCHIVE","RuneforgeCore","convert_yuv420_planar_y_ps_perceptual_quantizer.hlsl","C:\RUNEFOGE_PRO\runeforge\app\_archive\source-zips\Sunshine-master\Sunshine-master\src_assets\windows\assets\shaders\directx\convert_yuv420_planar_y_ps_perceptual_quantizer.hlsl","0","21/03/2026 08:14:42 p. m.","True"
"VENDOR_ARCHIVE","RuneforgeCore","convert_yuv420_planar_y_ps.hlsl","C:\RUNEFOGE_PRO\runeforge\app\_archive\source-zips\Sunshine-master\Sunshine-master\src_assets\windows\assets\shaders\directx\convert_yuv420_planar_y_ps.hlsl","0","21/03/2026 08:14:42 p. m.","True"
"VENDOR_ARCHIVE","RuneforgeCore","convert_yuv420_planar_y_vs.hlsl","C:\RUNEFOGE_PRO\runeforge\app\_archive\source-zips\Sunshine-master\Sunshine-master\src_assets\windows\assets\shaders\directx\convert_yuv420_planar_y_vs.hlsl","0","21/03/2026 08:14:42 p. m.","True"
"VENDOR_ARCHIVE","RuneforgeCore","convert_yuv444_packed_ayuv_ps_linear.hlsl","C:\RUNEFOGE_PRO\runeforge\app\_archive\source-zips\Sunshine-master\Sunshine-master\src_assets\windows\assets\shaders\directx\convert_yuv444_packed_ayuv_ps_linear.hlsl","0","21/03/2026 08:14:42 p. m.","True"
"VENDOR_ARCHIVE","RuneforgeCore","convert_yuv444_packed_ayuv_ps.hlsl","C:\RUNEFOGE_PRO\runeforge\app\_archive\source-zips\Sunshine-master\Sunshine-master\src_assets\windows\assets\shaders\directx\convert_yuv444_packed_ayuv_ps.hlsl","0","21/03/2026 08:14:42 p. m.","True"
"VENDOR_ARCHIVE","RuneforgeCore","convert_yuv444_packed_vs.hlsl","C:\RUNEFOGE_PRO\runeforge\app\_archive\source-zips\Sunshine-master\Sunshine-master\src_assets\windows\assets\shaders\directx\convert_yuv444_packed_vs.hlsl","0","21/03/2026 08:14:42 p. m.","True"
"VENDOR_ARCHIVE","RuneforgeCore","convert_yuv444_packed_y410_ps_linear.hlsl","C:\RUNEFOGE_PRO\runeforge\app\_archive\source-zips\Sunshine-master\Sunshine-master\src_assets\windows\assets\shaders\directx\convert_yuv444_packed_y410_ps_linear.hlsl","0","21/03/2026 08:14:42 p. m.","True"
"VENDOR_ARCHIVE","RuneforgeCore","convert_yuv444_packed_y410_ps_perceptual_quantizer.hlsl","C:\RUNEFOGE_PRO\runeforge\app\_archive\source-zips\Sunshine-master\Sunshine-master\src_assets\windows\assets\shaders\directx\convert_yuv444_packed_y410_ps_perceptual_quantizer.hlsl","0","21/03/2026 08:14:42 p. m.","True"
"VENDOR_ARCHIVE","RuneforgeCore","convert_yuv444_packed_y410_ps.hlsl","C:\RUNEFOGE_PRO\runeforge\app\_archive\source-zips\Sunshine-master\Sunshine-master\src_assets\windows\assets\shaders\directx\convert_yuv444_packed_y410_ps.hlsl","0","21/03/2026 08:14:42 p. m.","True"
"VENDOR_ARCHIVE","RuneforgeCore","convert_yuv444_planar_ps_linear.hlsl","C:\RUNEFOGE_PRO\runeforge\app\_archive\source-zips\Sunshine-master\Sunshine-master\src_assets\windows\assets\shaders\directx\convert_yuv444_planar_ps_linear.hlsl","0","21/03/2026 08:14:42 p. m.","True"
"VENDOR_ARCHIVE","RuneforgeCore","convert_yuv444_planar_ps_perceptual_quantizer.hlsl","C:\RUNEFOGE_PRO\runeforge\app\_archive\source-zips\Sunshine-master\Sunshine-master\src_assets\windows\assets\shaders\directx\convert_yuv444_planar_ps_perceptual_quantizer.hlsl","0","21/03/2026 08:14:42 p. m.","True"
"VENDOR_ARCHIVE","RuneforgeCore","convert_yuv444_planar_ps.hlsl","C:\RUNEFOGE_PRO\runeforge\app\_archive\source-zips\Sunshine-master\Sunshine-master\src_assets\windows\assets\shaders\directx\convert_yuv444_planar_ps.hlsl","0","21/03/2026 08:14:42 p. m.","True"
"VENDOR_ARCHIVE","RuneforgeCore","convert_yuv444_planar_vs.hlsl","C:\RUNEFOGE_PRO\runeforge\app\_archive\source-zips\Sunshine-master\Sunshine-master\src_assets\windows\assets\shaders\directx\convert_yuv444_planar_vs.hlsl","0.001","21/03/2026 08:14:42 p. m.","True"
"VENDOR_ARCHIVE","RuneforgeCore","cursor_ps_normalize_white.hlsl","C:\RUNEFOGE_PRO\runeforge\app\_archive\source-zips\Sunshine-master\Sunshine-master\src_assets\windows\assets\shaders\directx\cursor_ps_normalize_white.hlsl","0","21/03/2026 08:14:42 p. m.","True"
"VENDOR_ARCHIVE","RuneforgeCore","cursor_ps.hlsl","C:\RUNEFOGE_PRO\runeforge\app\_archive\source-zips\Sunshine-master\Sunshine-master\src_assets\windows\assets\shaders\directx\cursor_ps.hlsl","0","21/03/2026 08:14:42 p. m.","True"
"VENDOR_ARCHIVE","RuneforgeCore","cursor_vs.hlsl","C:\RUNEFOGE_PRO\runeforge\app\_archive\source-zips\Sunshine-master\Sunshine-master\src_assets\windows\assets\shaders\directx\cursor_vs.hlsl","0","21/03/2026 08:14:42 p. m.","True"
"VENDOR_ARCHIVE","RuneforgeCore","base_vs_types.hlsl","C:\RUNEFOGE_PRO\runeforge\app\_archive\source-zips\Sunshine-master\Sunshine-master\src_assets\windows\assets\shaders\directx\include\base_vs_types.hlsl","0.001","21/03/2026 08:14:42 p. m.","True"
"VENDOR_ARCHIVE","RuneforgeCore","base_vs.hlsl","C:\RUNEFOGE_PRO\runeforge\app\_archive\source-zips\Sunshine-master\Sunshine-master\src_assets\windows\assets\shaders\directx\include\base_vs.hlsl","0.002","21/03/2026 08:14:42 p. m.","True"
"VENDOR_ARCHIVE","RuneforgeCore","common.hlsl","C:\RUNEFOGE_PRO\runeforge\app\_archive\source-zips\Sunshine-master\Sunshine-master\src_assets\windows\assets\shaders\directx\include\common.hlsl","0.001","21/03/2026 08:14:42 p. m.","True"
"VENDOR_ARCHIVE","RuneforgeCore","convert_base.hlsl","C:\RUNEFOGE_PRO\runeforge\app\_archive\source-zips\Sunshine-master\Sunshine-master\src_assets\windows\assets\shaders\directx\include\convert_base.hlsl","0","21/03/2026 08:14:42 p. m.","True"
"VENDOR_ARCHIVE","RuneforgeCore","convert_linear_base.hlsl","C:\RUNEFOGE_PRO\runeforge\app\_archive\source-zips\Sunshine-master\Sunshine-master\src_assets\windows\assets\shaders\directx\include\convert_linear_base.hlsl","0","21/03/2026 08:14:42 p. m.","True"
"VENDOR_ARCHIVE","RuneforgeCore","convert_perceptual_quantizer_base.hlsl","C:\RUNEFOGE_PRO\runeforge\app\_archive\source-zips\Sunshine-master\Sunshine-master\src_assets\windows\assets\shaders\directx\include\convert_perceptual_quantizer_base.hlsl","0","21/03/2026 08:14:42 p. m.","True"
"VENDOR_ARCHIVE","RuneforgeCore","convert_yuv420_packed_uv_ps_base.hlsl","C:\RUNEFOGE_PRO\runeforge\app\_archive\source-zips\Sunshine-master\Sunshine-master\src_assets\windows\assets\shaders\directx\include\convert_yuv420_packed_uv_ps_base.hlsl","0.002","21/03/2026 08:14:42 p. m.","True"
"VENDOR_ARCHIVE","RuneforgeCore","convert_yuv420_planar_y_ps_base.hlsl","C:\RUNEFOGE_PRO\runeforge\app\_archive\source-zips\Sunshine-master\Sunshine-master\src_assets\windows\assets\shaders\directx\include\convert_yuv420_planar_y_ps_base.hlsl","0","21/03/2026 08:14:42 p. m.","True"
"VENDOR_ARCHIVE","RuneforgeCore","convert_yuv444_ps_base.hlsl","C:\RUNEFOGE_PRO\runeforge\app\_archive\source-zips\Sunshine-master\Sunshine-master\src_assets\windows\assets\shaders\directx\include\convert_yuv444_ps_base.hlsl","0.001","21/03/2026 08:14:42 p. m.","True"
"VENDOR_ARCHIVE","RuneforgeCore","apps.json","C:\RUNEFOGE_PRO\runeforge\app\_archive\source-zips\Sunshine-master\Sunshine-master\src_assets\macos\assets\apps.json","0","21/03/2026 08:14:42 p. m.","True"
"VENDOR_ARCHIVE","RuneforgeCore","60-sunshine.conf","C:\RUNEFOGE_PRO\runeforge\app\_archive\source-zips\Sunshine-master\Sunshine-master\src_assets\linux\misc\60-sunshine.conf","0","21/03/2026 08:14:42 p. m.","True"
"VENDOR_ARCHIVE","RuneforgeCore","60-sunshine.rules","C:\RUNEFOGE_PRO\runeforge\app\_archive\source-zips\Sunshine-master\Sunshine-master\src_assets\linux\misc\60-sunshine.rules","0.001","21/03/2026 08:14:42 p. m.","True"
"VENDOR_ARCHIVE","RuneforgeCore","postinst","C:\RUNEFOGE_PRO\runeforge\app\_archive\source-zips\Sunshine-master\Sunshine-master\src_assets\linux\misc\postinst","0.001","21/03/2026 08:14:42 p. m.","True"
"VENDOR_ARCHIVE","RuneforgeCore","apps.json","C:\RUNEFOGE_PRO\runeforge\app\_archive\source-zips\Sunshine-master\Sunshine-master\src_assets\linux\assets\apps.json","0.001","21/03/2026 08:14:42 p. m.","True"
"VENDOR_ARCHIVE","RuneforgeCore","ConvertUV.frag","C:\RUNEFOGE_PRO\runeforge\app\_archive\source-zips\Sunshine-master\Sunshine-master\src_assets\linux\assets\shaders\opengl\ConvertUV.frag","0.001","21/03/2026 08:14:42 p. m.","True"
"VENDOR_ARCHIVE","RuneforgeCore","ConvertUV.vert","C:\RUNEFOGE_PRO\runeforge\app\_archive\source-zips\Sunshine-master\Sunshine-master\src_assets\linux\assets\shaders\opengl\ConvertUV.vert","0.001","21/03/2026 08:14:42 p. m.","True"
"VENDOR_ARCHIVE","RuneforgeCore","ConvertY.frag","C:\RUNEFOGE_PRO\runeforge\app\_archive\source-zips\Sunshine-master\Sunshine-master\src_assets\linux\assets\shaders\opengl\ConvertY.frag","0","21/03/2026 08:14:42 p. m.","True"
"VENDOR_ARCHIVE","RuneforgeCore","Scene.frag","C:\RUNEFOGE_PRO\runeforge\app\_archive\source-zips\Sunshine-master\Sunshine-master\src_assets\linux\assets\shaders\opengl\Scene.frag","0","21/03/2026 08:14:42 p. m.","True"
"VENDOR_ARCHIVE","RuneforgeCore","Scene.vert","C:\RUNEFOGE_PRO\runeforge\app\_archive\source-zips\Sunshine-master\Sunshine-master\src_assets\linux\assets\shaders\opengl\Scene.vert","0","21/03/2026 08:14:42 p. m.","True"
"VENDOR_ARCHIVE","RuneforgeCore","box.png","C:\RUNEFOGE_PRO\runeforge\app\_archive\source-zips\Sunshine-master\Sunshine-master\src_assets\common\assets\box.png","0.001","21/03/2026 08:14:42 p. m.","True"
"VENDOR_ARCHIVE","RuneforgeCore","desktop-alt.png","C:\RUNEFOGE_PRO\runeforge\app\_archive\source-zips\Sunshine-master\Sunshine-master\src_assets\common\assets\desktop-alt.png","0.008","21/03/2026 08:14:42 p. m.","True"
"VENDOR_ARCHIVE","RuneforgeCore","desktop.png","C:\RUNEFOGE_PRO\runeforge\app\_archive\source-zips\Sunshine-master\Sunshine-master\src_assets\common\assets\desktop.png","0.008","21/03/2026 08:14:42 p. m.","True"
"VENDOR_ARCHIVE","RuneforgeCore","steam.png","C:\RUNEFOGE_PRO\runeforge\app\_archive\source-zips\Sunshine-master\Sunshine-master\src_assets\common\assets\steam.png","0.024","21/03/2026 08:14:42 p. m.","True"
"VENDOR_ARCHIVE","RuneforgeCore","apps.html","C:\RUNEFOGE_PRO\runeforge\app\_archive\source-zips\Sunshine-master\Sunshine-master\src_assets\common\assets\web\apps.html","0.033","21/03/2026 08:14:42 p. m.","True"
"VENDOR_ARCHIVE","RuneforgeCore","Checkbox.vue","C:\RUNEFOGE_PRO\runeforge\app\_archive\source-zips\Sunshine-master\Sunshine-master\src_assets\common\assets\web\Checkbox.vue","0.003","21/03/2026 08:14:42 p. m.","True"
"VENDOR_ARCHIVE","RuneforgeCore","config.html","C:\RUNEFOGE_PRO\runeforge\app\_archive\source-zips\Sunshine-master\Sunshine-master\src_assets\common\assets\web\config.html","0.017","21/03/2026 08:14:42 p. m.","True"
"VENDOR_ARCHIVE","RuneforgeCore","featured.html","C:\RUNEFOGE_PRO\runeforge\app\_archive\source-zips\Sunshine-master\Sunshine-master\src_assets\common\assets\web\featured.html","0.015","21/03/2026 08:14:42 p. m.","True"
"VENDOR_ARCHIVE","RuneforgeCore","index.html","C:\RUNEFOGE_PRO\runeforge\app\_archive\source-zips\Sunshine-master\Sunshine-master\src_assets\common\assets\web\index.html","0.009","21/03/2026 08:14:42 p. m.","True"
"VENDOR_ARCHIVE","RuneforgeCore","init.js","C:\RUNEFOGE_PRO\runeforge\app\_archive\source-zips\Sunshine-master\Sunshine-master\src_assets\common\assets\web\init.js","0.001","21/03/2026 08:14:42 p. m.","True"
"VENDOR_ARCHIVE","RuneforgeCore","locale.js","C:\RUNEFOGE_PRO\runeforge\app\_archive\source-zips\Sunshine-master\Sunshine-master\src_assets\common\assets\web\locale.js","0.001","21/03/2026 08:14:42 p. m.","True"
"VENDOR_ARCHIVE","RuneforgeCore","Navbar.vue","C:\RUNEFOGE_PRO\runeforge\app\_archive\source-zips\Sunshine-master\Sunshine-master\src_assets\common\assets\web\Navbar.vue","0.003","21/03/2026 08:14:42 p. m.","True"
"VENDOR_ARCHIVE","RuneforgeCore","password.html","C:\RUNEFOGE_PRO\runeforge\app\_archive\source-zips\Sunshine-master\Sunshine-master\src_assets\common\assets\web\password.html","0.004","21/03/2026 08:14:42 p. m.","True"
"VENDOR_ARCHIVE","RuneforgeCore","pin.html","C:\RUNEFOGE_PRO\runeforge\app\_archive\source-zips\Sunshine-master\Sunshine-master\src_assets\common\assets\web\pin.html","0.003","21/03/2026 08:14:42 p. m.","True"
"VENDOR_ARCHIVE","RuneforgeCore","platform-i18n.js","C:\RUNEFOGE_PRO\runeforge\app\_archive\source-zips\Sunshine-master\Sunshine-master\src_assets\common\assets\web\platform-i18n.js","0.002","21/03/2026 08:14:42 p. m.","True"
"VENDOR_ARCHIVE","RuneforgeCore","PlatformLayout.vue","C:\RUNEFOGE_PRO\runeforge\app\_archive\source-zips\Sunshine-master\Sunshine-master\src_assets\common\assets\web\PlatformLayout.vue","0.001","21/03/2026 08:14:42 p. m.","True"
"VENDOR_ARCHIVE","RuneforgeCore","ResourceCard.vue","C:\RUNEFOGE_PRO\runeforge\app\_archive\source-zips\Sunshine-master\Sunshine-master\src_assets\common\assets\web\ResourceCard.vue","0.002","21/03/2026 08:14:42 p. m.","True"
"VENDOR_ARCHIVE","RuneforgeCore","SimpleIcon.vue","C:\RUNEFOGE_PRO\runeforge\app\_archive\source-zips\Sunshine-master\Sunshine-master\src_assets\common\assets\web\SimpleIcon.vue","0.001","21/03/2026 08:14:42 p. m.","True"
"VENDOR_ARCHIVE","RuneforgeCore","sunshine_version.js","C:\RUNEFOGE_PRO\runeforge\app\_archive\source-zips\Sunshine-master\Sunshine-master\src_assets\common\assets\web\sunshine_version.js","0.002","21/03/2026 08:14:42 p. m.","True"
"VENDOR_ARCHIVE","RuneforgeCore","template_header.html","C:\RUNEFOGE_PRO\runeforge\app\_archive\source-zips\Sunshine-master\Sunshine-master\src_assets\common\assets\web\template_header.html","0","21/03/2026 08:14:42 p. m.","True"
"VENDOR_ARCHIVE","RuneforgeCore","theme.js","C:\RUNEFOGE_PRO\runeforge\app\_archive\source-zips\Sunshine-master\Sunshine-master\src_assets\common\assets\web\theme.js","0.003","21/03/2026 08:14:42 p. m.","True"
"VENDOR_ARCHIVE","RuneforgeCore","ThemeToggle.vue","C:\RUNEFOGE_PRO\runeforge\app\_archive\source-zips\Sunshine-master\Sunshine-master\src_assets\common\assets\web\ThemeToggle.vue","0.005","21/03/2026 08:14:42 p. m.","True"
"VENDOR_ARCHIVE","RuneforgeCore","troubleshooting.html","C:\RUNEFOGE_PRO\runeforge\app\_archive\source-zips\Sunshine-master\Sunshine-master\src_assets\common\assets\web\troubleshooting.html","0.023","21/03/2026 08:14:42 p. m.","True"
"VENDOR_ARCHIVE","RuneforgeCore","welcome.html","C:\RUNEFOGE_PRO\runeforge\app\_archive\source-zips\Sunshine-master\Sunshine-master\src_assets\common\assets\web\welcome.html","0.003","21/03/2026 08:14:42 p. m.","True"
"VENDOR_ARCHIVE","RuneforgeCore","logo-sunshine-16.png","C:\RUNEFOGE_PRO\runeforge\app\_archive\source-zips\Sunshine-master\Sunshine-master\src_assets\common\assets\web\public\images\logo-sunshine-16.png","0.001","21/03/2026 08:14:42 p. m.","True"
"VENDOR_ARCHIVE","RuneforgeCore","logo-sunshine-45.png","C:\RUNEFOGE_PRO\runeforge\app\_archive\source-zips\Sunshine-master\Sunshine-master\src_assets\common\assets\web\public\images\logo-sunshine-45.png","0.002","21/03/2026 08:14:42 p. m.","True"
"VENDOR_ARCHIVE","RuneforgeCore","sunshine-locked-16.png","C:\RUNEFOGE_PRO\runeforge\app\_archive\source-zips\Sunshine-master\Sunshine-master\src_assets\common\assets\web\public\images\sunshine-locked-16.png","0.001","21/03/2026 08:14:42 p. m.","True"
"VENDOR_ARCHIVE","RuneforgeCore","sunshine-locked-45.png","C:\RUNEFOGE_PRO\runeforge\app\_archive\source-zips\Sunshine-master\Sunshine-master\src_assets\common\assets\web\public\images\sunshine-locked-45.png","0.002","21/03/2026 08:14:42 p. m.","True"
"VENDOR_ARCHIVE","RuneforgeCore","sunshine-locked.ico","C:\RUNEFOGE_PRO\runeforge\app\_archive\source-zips\Sunshine-master\Sunshine-master\src_assets\common\assets\web\public\images\sunshine-locked.ico","0.113","21/03/2026 08:14:42 p. m.","True"
"VENDOR_ARCHIVE","RuneforgeCore","sunshine-locked.png","C:\RUNEFOGE_PRO\runeforge\app\_archive\source-zips\Sunshine-master\Sunshine-master\src_assets\common\assets\web\public\images\sunshine-locked.png","0.012","21/03/2026 08:14:42 p. m.","True"
"VENDOR_ARCHIVE","RuneforgeCore","sunshine-locked.svg","C:\RUNEFOGE_PRO\runeforge\app\_archive\source-zips\Sunshine-master\Sunshine-master\src_assets\common\assets\web\public\images\sunshine-locked.svg","0.004","21/03/2026 08:14:42 p. m.","True"
"VENDOR_ARCHIVE","RuneforgeCore","sunshine-pausing-16.png","C:\RUNEFOGE_PRO\runeforge\app\_archive\source-zips\Sunshine-master\Sunshine-master\src_assets\common\assets\web\public\images\sunshine-pausing-16.png","0.001","21/03/2026 08:14:42 p. m.","True"
"VENDOR_ARCHIVE","RuneforgeCore","sunshine-pausing-45.png","C:\RUNEFOGE_PRO\runeforge\app\_archive\source-zips\Sunshine-master\Sunshine-master\src_assets\common\assets\web\public\images\sunshine-pausing-45.png","0.002","21/03/2026 08:14:42 p. m.","True"
"VENDOR_ARCHIVE","RuneforgeCore","sunshine-pausing.ico","C:\RUNEFOGE_PRO\runeforge\app\_archive\source-zips\Sunshine-master\Sunshine-master\src_assets\common\assets\web\public\images\sunshine-pausing.ico","0.103","21/03/2026 08:14:42 p. m.","True"
"VENDOR_ARCHIVE","RuneforgeCore","sunshine-pausing.png","C:\RUNEFOGE_PRO\runeforge\app\_archive\source-zips\Sunshine-master\Sunshine-master\src_assets\common\assets\web\public\images\sunshine-pausing.png","0.01","21/03/2026 08:14:42 p. m.","True"
"VENDOR_ARCHIVE","RuneforgeCore","sunshine-pausing.svg","C:\RUNEFOGE_PRO\runeforge\app\_archive\source-zips\Sunshine-master\Sunshine-master\src_assets\common\assets\web\public\images\sunshine-pausing.svg","0.004","21/03/2026 08:14:42 p. m.","True"
"VENDOR_ARCHIVE","RuneforgeCore","sunshine-playing-16.png","C:\RUNEFOGE_PRO\runeforge\app\_archive\source-zips\Sunshine-master\Sunshine-master\src_assets\common\assets\web\public\images\sunshine-playing-16.png","0.001","21/03/2026 08:14:42 p. m.","True"
"VENDOR_ARCHIVE","RuneforgeCore","sunshine-playing-45.png","C:\RUNEFOGE_PRO\runeforge\app\_archive\source-zips\Sunshine-master\Sunshine-master\src_assets\common\assets\web\public\images\sunshine-playing-45.png","0.002","21/03/2026 08:14:42 p. m.","True"
"VENDOR_ARCHIVE","RuneforgeCore","sunshine-playing.ico","C:\RUNEFOGE_PRO\runeforge\app\_archive\source-zips\Sunshine-master\Sunshine-master\src_assets\common\assets\web\public\images\sunshine-playing.ico","0.115","21/03/2026 08:14:42 p. m.","True"
"VENDOR_ARCHIVE","RuneforgeCore","sunshine-playing.png","C:\RUNEFOGE_PRO\runeforge\app\_archive\source-zips\Sunshine-master\Sunshine-master\src_assets\common\assets\web\public\images\sunshine-playing.png","0.012","21/03/2026 08:14:42 p. m.","True"
"VENDOR_ARCHIVE","RuneforgeCore","sunshine-playing.svg","C:\RUNEFOGE_PRO\runeforge\app\_archive\source-zips\Sunshine-master\Sunshine-master\src_assets\common\assets\web\public\images\sunshine-playing.svg","0.004","21/03/2026 08:14:42 p. m.","True"
"VENDOR_ARCHIVE","RuneforgeCore","sunshine.ico","C:\RUNEFOGE_PRO\runeforge\app\_archive\source-zips\Sunshine-master\Sunshine-master\src_assets\common\assets\web\public\images\sunshine.ico","0.117","21/03/2026 08:14:42 p. m.","True"
"VENDOR_ARCHIVE","RuneforgeCore","bg.json","C:\RUNEFOGE_PRO\runeforge\app\_archive\source-zips\Sunshine-master\Sunshine-master\src_assets\common\assets\web\public\assets\locale\bg.json","0.07","21/03/2026 08:14:42 p. m.","True"
"VENDOR_ARCHIVE","RuneforgeCore","cs.json","C:\RUNEFOGE_PRO\runeforge\app\_archive\source-zips\Sunshine-master\Sunshine-master\src_assets\common\assets\web\public\assets\locale\cs.json","0.042","21/03/2026 08:14:42 p. m.","True"
"VENDOR_ARCHIVE","RuneforgeCore","de.json","C:\RUNEFOGE_PRO\runeforge\app\_archive\source-zips\Sunshine-master\Sunshine-master\src_assets\common\assets\web\public\assets\locale\de.json","0.042","21/03/2026 08:14:42 p. m.","True"
"VENDOR_ARCHIVE","RuneforgeCore","en_GB.json","C:\RUNEFOGE_PRO\runeforge\app\_archive\source-zips\Sunshine-master\Sunshine-master\src_assets\common\assets\web\public\assets\locale\en_GB.json","0.037","21/03/2026 08:14:42 p. m.","True"
"VENDOR_ARCHIVE","RuneforgeCore","en_US.json","C:\RUNEFOGE_PRO\runeforge\app\_archive\source-zips\Sunshine-master\Sunshine-master\src_assets\common\assets\web\public\assets\locale\en_US.json","0.037","21/03/2026 08:14:42 p. m.","True"
"VENDOR_ARCHIVE","RuneforgeCore","en.json","C:\RUNEFOGE_PRO\runeforge\app\_archive\source-zips\Sunshine-master\Sunshine-master\src_assets\common\assets\web\public\assets\locale\en.json","0.038","21/03/2026 08:14:42 p. m.","True"
"VENDOR_ARCHIVE","RuneforgeCore","es.json","C:\RUNEFOGE_PRO\runeforge\app\_archive\source-zips\Sunshine-master\Sunshine-master\src_assets\common\assets\web\public\assets\locale\es.json","0.043","21/03/2026 08:14:42 p. m.","True"
"VENDOR_ARCHIVE","RuneforgeCore","fr.json","C:\RUNEFOGE_PRO\runeforge\app\_archive\source-zips\Sunshine-master\Sunshine-master\src_assets\common\assets\web\public\assets\locale\fr.json","0.044","21/03/2026 08:14:42 p. m.","True"
"VENDOR_ARCHIVE","RuneforgeCore","hu.json","C:\RUNEFOGE_PRO\runeforge\app\_archive\source-zips\Sunshine-master\Sunshine-master\src_assets\common\assets\web\public\assets\locale\hu.json","0.043","21/03/2026 08:14:42 p. m.","True"
"VENDOR_ARCHIVE","RuneforgeCore","it.json","C:\RUNEFOGE_PRO\runeforge\app\_archive\source-zips\Sunshine-master\Sunshine-master\src_assets\common\assets\web\public\assets\locale\it.json","0.042","21/03/2026 08:14:42 p. m.","True"
"VENDOR_ARCHIVE","RuneforgeCore","ja.json","C:\RUNEFOGE_PRO\runeforge\app\_archive\source-zips\Sunshine-master\Sunshine-master\src_assets\common\assets\web\public\assets\locale\ja.json","0.049","21/03/2026 08:14:42 p. m.","True"
"VENDOR_ARCHIVE","RuneforgeCore","ko.json","C:\RUNEFOGE_PRO\runeforge\app\_archive\source-zips\Sunshine-master\Sunshine-master\src_assets\common\assets\web\public\assets\locale\ko.json","0.044","21/03/2026 08:14:42 p. m.","True"
"VENDOR_ARCHIVE","RuneforgeCore","pl.json","C:\RUNEFOGE_PRO\runeforge\app\_archive\source-zips\Sunshine-master\Sunshine-master\src_assets\common\assets\web\public\assets\locale\pl.json","0.043","21/03/2026 08:14:42 p. m.","True"
"VENDOR_ARCHIVE","RuneforgeCore","pt_BR.json","C:\RUNEFOGE_PRO\runeforge\app\_archive\source-zips\Sunshine-master\Sunshine-master\src_assets\common\assets\web\public\assets\locale\pt_BR.json","0.043","21/03/2026 08:14:42 p. m.","True"
"VENDOR_ARCHIVE","RuneforgeCore","pt.json","C:\RUNEFOGE_PRO\runeforge\app\_archive\source-zips\Sunshine-master\Sunshine-master\src_assets\common\assets\web\public\assets\locale\pt.json","0.042","21/03/2026 08:14:42 p. m.","True"
"VENDOR_ARCHIVE","RuneforgeCore","ru.json","C:\RUNEFOGE_PRO\runeforge\app\_archive\source-zips\Sunshine-master\Sunshine-master\src_assets\common\assets\web\public\assets\locale\ru.json","0.062","21/03/2026 08:14:42 p. m.","True"
"VENDOR_ARCHIVE","RuneforgeCore","sv.json","C:\RUNEFOGE_PRO\runeforge\app\_archive\source-zips\Sunshine-master\Sunshine-master\src_assets\common\assets\web\public\assets\locale\sv.json","0.04","21/03/2026 08:14:42 p. m.","True"
"VENDOR_ARCHIVE","RuneforgeCore","tr.json","C:\RUNEFOGE_PRO\runeforge\app\_archive\source-zips\Sunshine-master\Sunshine-master\src_assets\common\assets\web\public\assets\locale\tr.json","0.042","21/03/2026 08:14:42 p. m.","True"
"VENDOR_ARCHIVE","RuneforgeCore","uk.json","C:\RUNEFOGE_PRO\runeforge\app\_archive\source-zips\Sunshine-master\Sunshine-master\src_assets\common\assets\web\public\assets\locale\uk.json","0.062","21/03/2026 08:14:42 p. m.","True"
"VENDOR_ARCHIVE","RuneforgeCore","vi.json","C:\RUNEFOGE_PRO\runeforge\app\_archive\source-zips\Sunshine-master\Sunshine-master\src_assets\common\assets\web\public\assets\locale\vi.json","0.05","21/03/2026 08:14:42 p. m.","True"
"VENDOR_ARCHIVE","RuneforgeCore","zh_TW.json","C:\RUNEFOGE_PRO\runeforge\app\_archive\source-zips\Sunshine-master\Sunshine-master\src_assets\common\assets\web\public\assets\locale\zh_TW.json","0.036","21/03/2026 08:14:42 p. m.","True"
"VENDOR_ARCHIVE","RuneforgeCore","zh.json","C:\RUNEFOGE_PRO\runeforge\app\_archive\source-zips\Sunshine-master\Sunshine-master\src_assets\common\assets\web\public\assets\locale\zh.json","0.036","21/03/2026 08:14:42 p. m.","True"
"VENDOR_ARCHIVE","RuneforgeCore","sunshine.css","C:\RUNEFOGE_PRO\runeforge\app\_archive\source-zips\Sunshine-master\Sunshine-master\src_assets\common\assets\web\public\assets\css\sunshine.css","0.049","21/03/2026 08:14:42 p. m.","True"
"VENDOR_ARCHIVE","RuneforgeCore","Advanced.vue","C:\RUNEFOGE_PRO\runeforge\app\_archive\source-zips\Sunshine-master\Sunshine-master\src_assets\common\assets\web\configs\tabs\Advanced.vue","0.004","21/03/2026 08:14:42 p. m.","True"
"VENDOR_ARCHIVE","RuneforgeCore","AudioVideo.vue","C:\RUNEFOGE_PRO\runeforge\app\_archive\source-zips\Sunshine-master\Sunshine-master\src_assets\common\assets\web\configs\tabs\AudioVideo.vue","0.003","21/03/2026 08:14:42 p. m.","True"
"VENDOR_ARCHIVE","RuneforgeCore","ContainerEncoders.vue","C:\RUNEFOGE_PRO\runeforge\app\_archive\source-zips\Sunshine-master\Sunshine-master\src_assets\common\assets\web\configs\tabs\ContainerEncoders.vue","0.001","21/03/2026 08:14:42 p. m.","True"
"VENDOR_ARCHIVE","RuneforgeCore","Files.vue","C:\RUNEFOGE_PRO\runeforge\app\_archive\source-zips\Sunshine-master\Sunshine-master\src_assets\common\assets\web\configs\tabs\Files.vue","0.002","21/03/2026 08:14:42 p. m.","True"
"VENDOR_ARCHIVE","RuneforgeCore","General.vue","C:\RUNEFOGE_PRO\runeforge\app\_archive\source-zips\Sunshine-master\Sunshine-master\src_assets\common\assets\web\configs\tabs\General.vue","0.005","21/03/2026 08:14:42 p. m.","True"
"VENDOR_ARCHIVE","RuneforgeCore","Inputs.vue","C:\RUNEFOGE_PRO\runeforge\app\_archive\source-zips\Sunshine-master\Sunshine-master\src_assets\common\assets\web\configs\tabs\Inputs.vue","0.007","21/03/2026 08:14:42 p. m.","True"
"VENDOR_ARCHIVE","RuneforgeCore","Network.vue","C:\RUNEFOGE_PRO\runeforge\app\_archive\source-zips\Sunshine-master\Sunshine-master\src_assets\common\assets\web\configs\tabs\Network.vue","0.007","21/03/2026 08:14:42 p. m.","True"
"VENDOR_ARCHIVE","RuneforgeCore","AmdAmfEncoder.vue","C:\RUNEFOGE_PRO\runeforge\app\_archive\source-zips\Sunshine-master\Sunshine-master\src_assets\common\assets\web\configs\tabs\encoders\AmdAmfEncoder.vue","0.005","21/03/2026 08:14:42 p. m.","True"
"VENDOR_ARCHIVE","RuneforgeCore","IntelQuickSyncEncoder.vue","C:\RUNEFOGE_PRO\runeforge\app\_archive\source-zips\Sunshine-master\Sunshine-master\src_assets\common\assets\web\configs\tabs\encoders\IntelQuickSyncEncoder.vue","0.002","21/03/2026 08:14:42 p. m.","True"
"VENDOR_ARCHIVE","RuneforgeCore","NvidiaNvencEncoder.vue","C:\RUNEFOGE_PRO\runeforge\app\_archive\source-zips\Sunshine-master\Sunshine-master\src_assets\common\assets\web\configs\tabs\encoders\NvidiaNvencEncoder.vue","0.004","21/03/2026 08:14:42 p. m.","True"
"VENDOR_ARCHIVE","RuneforgeCore","SoftwareEncoder.vue","C:\RUNEFOGE_PRO\runeforge\app\_archive\source-zips\Sunshine-master\Sunshine-master\src_assets\common\assets\web\configs\tabs\encoders\SoftwareEncoder.vue","0.002","21/03/2026 08:14:42 p. m.","True"
"VENDOR_ARCHIVE","RuneforgeCore","VAAPIEncoder.vue","C:\RUNEFOGE_PRO\runeforge\app\_archive\source-zips\Sunshine-master\Sunshine-master\src_assets\common\assets\web\configs\tabs\encoders\VAAPIEncoder.vue","0.001","21/03/2026 08:14:42 p. m.","True"
"VENDOR_ARCHIVE","RuneforgeCore","VideotoolboxEncoder.vue","C:\RUNEFOGE_PRO\runeforge\app\_archive\source-zips\Sunshine-master\Sunshine-master\src_assets\common\assets\web\configs\tabs\encoders\VideotoolboxEncoder.vue","0.001","21/03/2026 08:14:42 p. m.","True"
"VENDOR_ARCHIVE","RuneforgeCore","AdapterNameSelector.vue","C:\RUNEFOGE_PRO\runeforge\app\_archive\source-zips\Sunshine-master\Sunshine-master\src_assets\common\assets\web\configs\tabs\audiovideo\AdapterNameSelector.vue","0.002","21/03/2026 08:14:42 p. m.","True"
"VENDOR_ARCHIVE","RuneforgeCore","DisplayDeviceOptions.vue","C:\RUNEFOGE_PRO\runeforge\app\_archive\source-zips\Sunshine-master\Sunshine-master\src_assets\common\assets\web\configs\tabs\audiovideo\DisplayDeviceOptions.vue","0.011","21/03/2026 08:14:42 p. m.","True"
"VENDOR_ARCHIVE","RuneforgeCore","DisplayModesSettings.vue","C:\RUNEFOGE_PRO\runeforge\app\_archive\source-zips\Sunshine-master\Sunshine-master\src_assets\common\assets\web\configs\tabs\audiovideo\DisplayModesSettings.vue","0.001","21/03/2026 08:14:42 p. m.","True"
"VENDOR_ARCHIVE","RuneforgeCore","DisplayOutputSelector.vue","C:\RUNEFOGE_PRO\runeforge\app\_archive\source-zips\Sunshine-master\Sunshine-master\src_assets\common\assets\web\configs\tabs\audiovideo\DisplayOutputSelector.vue","0.002","21/03/2026 08:14:42 p. m.","True"
"VENDOR_ARCHIVE","RuneforgeCore","+POST_INSTALL","C:\RUNEFOGE_PRO\runeforge\app\_archive\source-zips\Sunshine-master\Sunshine-master\src_assets\bsd\misc\+POST_INSTALL","0.002","21/03/2026 08:14:42 p. m.","True"
"VENDOR_ARCHIVE","RuneforgeCore","+PRE_DEINSTALL","C:\RUNEFOGE_PRO\runeforge\app\_archive\source-zips\Sunshine-master\Sunshine-master\src_assets\bsd\misc\+PRE_DEINSTALL","0.001","21/03/2026 08:14:42 p. m.","True"
"VENDOR_ARCHIVE","RuneforgeCore","audio.cpp","C:\RUNEFOGE_PRO\runeforge\app\_archive\source-zips\Sunshine-master\Sunshine-master\src\audio.cpp","0.009","21/03/2026 08:14:42 p. m.","True"
"VENDOR_ARCHIVE","RuneforgeCore","audio.h","C:\RUNEFOGE_PRO\runeforge\app\_archive\source-zips\Sunshine-master\Sunshine-master\src\audio.h","0.003","21/03/2026 08:14:42 p. m.","True"
"VENDOR_ARCHIVE","RuneforgeCore","cbs.cpp","C:\RUNEFOGE_PRO\runeforge\app\_archive\source-zips\Sunshine-master\Sunshine-master\src\cbs.cpp","0.008","21/03/2026 08:14:42 p. m.","True"
"VENDOR_ARCHIVE","RuneforgeCore","cbs.h","C:\RUNEFOGE_PRO\runeforge\app\_archive\source-zips\Sunshine-master\Sunshine-master\src\cbs.h","0.001","21/03/2026 08:14:42 p. m.","True"
"VENDOR_ARCHIVE","RuneforgeCore","config.cpp","C:\RUNEFOGE_PRO\runeforge\app\_archive\source-zips\Sunshine-master\Sunshine-master\src\config.cpp","0.05","21/03/2026 08:14:42 p. m.","True"
"VENDOR_ARCHIVE","RuneforgeCore","config.h","C:\RUNEFOGE_PRO\runeforge\app\_archive\source-zips\Sunshine-master\Sunshine-master\src\config.h","0.008","21/03/2026 08:14:42 p. m.","True"
"VENDOR_ARCHIVE","RuneforgeCore","confighttp.cpp","C:\RUNEFOGE_PRO\runeforge\app\_archive\source-zips\Sunshine-master\Sunshine-master\src\confighttp.cpp","0.059","21/03/2026 08:14:42 p. m.","True"
"VENDOR_ARCHIVE","RuneforgeCore","confighttp.h","C:\RUNEFOGE_PRO\runeforge\app\_archive\source-zips\Sunshine-master\Sunshine-master\src\confighttp.h","0.004","21/03/2026 08:14:42 p. m.","True"
"VENDOR_ARCHIVE","RuneforgeCore","crypto.cpp","C:\RUNEFOGE_PRO\runeforge\app\_archive\source-zips\Sunshine-master\Sunshine-master\src\crypto.cpp","0.016","21/03/2026 08:14:42 p. m.","True"
"VENDOR_ARCHIVE","RuneforgeCore","crypto.h","C:\RUNEFOGE_PRO\runeforge\app\_archive\source-zips\Sunshine-master\Sunshine-master\src\crypto.h","0.005","21/03/2026 08:14:42 p. m.","True"
"VENDOR_ARCHIVE","RuneforgeCore","display_device.cpp","C:\RUNEFOGE_PRO\runeforge\app\_archive\source-zips\Sunshine-master\Sunshine-master\src\display_device.cpp","0.033","21/03/2026 08:14:42 p. m.","True"
"VENDOR_ARCHIVE","RuneforgeCore","display_device.h","C:\RUNEFOGE_PRO\runeforge\app\_archive\source-zips\Sunshine-master\Sunshine-master\src\display_device.h","0.006","21/03/2026 08:14:42 p. m.","True"
"VENDOR_ARCHIVE","RuneforgeCore","entry_handler.cpp","C:\RUNEFOGE_PRO\runeforge\app\_archive\source-zips\Sunshine-master\Sunshine-master\src\entry_handler.cpp","0.007","21/03/2026 08:14:42 p. m.","True"
"VENDOR_ARCHIVE","RuneforgeCore","entry_handler.h","C:\RUNEFOGE_PRO\runeforge\app\_archive\source-zips\Sunshine-master\Sunshine-master\src\entry_handler.h","0.003","21/03/2026 08:14:42 p. m.","True"
"VENDOR_ARCHIVE","RuneforgeCore","file_handler.cpp","C:\RUNEFOGE_PRO\runeforge\app\_archive\source-zips\Sunshine-master\Sunshine-master\src\file_handler.cpp","0.001","21/03/2026 08:14:42 p. m.","True"
"VENDOR_ARCHIVE","RuneforgeCore","file_handler.h","C:\RUNEFOGE_PRO\runeforge\app\_archive\source-zips\Sunshine-master\Sunshine-master\src\file_handler.h","0.001","21/03/2026 08:14:42 p. m.","True"
"VENDOR_ARCHIVE","RuneforgeCore","globals.cpp","C:\RUNEFOGE_PRO\runeforge\app\_archive\source-zips\Sunshine-master\Sunshine-master\src\globals.cpp","0","21/03/2026 08:14:42 p. m.","True"
"VENDOR_ARCHIVE","RuneforgeCore","globals.h","C:\RUNEFOGE_PRO\runeforge\app\_archive\source-zips\Sunshine-master\Sunshine-master\src\globals.h","0.001","21/03/2026 08:14:42 p. m.","True"
"VENDOR_ARCHIVE","RuneforgeCore","httpcommon.cpp","C:\RUNEFOGE_PRO\runeforge\app\_archive\source-zips\Sunshine-master\Sunshine-master\src\httpcommon.cpp","0.007","21/03/2026 08:14:42 p. m.","True"
"VENDOR_ARCHIVE","RuneforgeCore","httpcommon.h","C:\RUNEFOGE_PRO\runeforge\app\_archive\source-zips\Sunshine-master\Sunshine-master\src\httpcommon.h","0.001","21/03/2026 08:14:42 p. m.","True"
"VENDOR_ARCHIVE","RuneforgeCore","input.cpp","C:\RUNEFOGE_PRO\runeforge\app\_archive\source-zips\Sunshine-master\Sunshine-master\src\input.cpp","0.057","21/03/2026 08:14:42 p. m.","True"
"VENDOR_ARCHIVE","RuneforgeCore","input.h","C:\RUNEFOGE_PRO\runeforge\app\_archive\source-zips\Sunshine-master\Sunshine-master\src\input.h","0.001","21/03/2026 08:14:42 p. m.","True"
"VENDOR_ARCHIVE","RuneforgeCore","logging.cpp","C:\RUNEFOGE_PRO\runeforge\app\_archive\source-zips\Sunshine-master\Sunshine-master\src\logging.cpp","0.009","21/03/2026 08:14:42 p. m.","True"
"VENDOR_ARCHIVE","RuneforgeCore","logging.h","C:\RUNEFOGE_PRO\runeforge\app\_archive\source-zips\Sunshine-master\Sunshine-master\src\logging.h","0.006","21/03/2026 08:14:42 p. m.","True"
"VENDOR_ARCHIVE","RuneforgeCore","main.cpp","C:\RUNEFOGE_PRO\runeforge\app\_archive\source-zips\Sunshine-master\Sunshine-master\src\main.cpp","0.013","21/03/2026 08:14:42 p. m.","True"
"VENDOR_ARCHIVE","RuneforgeCore","main.h","C:\RUNEFOGE_PRO\runeforge\app\_archive\source-zips\Sunshine-master\Sunshine-master\src\main.h","0","21/03/2026 08:14:42 p. m.","True"
"VENDOR_ARCHIVE","RuneforgeCore","move_by_copy.h","C:\RUNEFOGE_PRO\runeforge\app\_archive\source-zips\Sunshine-master\Sunshine-master\src\move_by_copy.h","0.001","21/03/2026 08:14:42 p. m.","True"
"VENDOR_ARCHIVE","RuneforgeCore","network.cpp","C:\RUNEFOGE_PRO\runeforge\app\_archive\source-zips\Sunshine-master\Sunshine-master\src\network.cpp","0.006","21/03/2026 08:14:42 p. m.","True"
"VENDOR_ARCHIVE","RuneforgeCore","network.h","C:\RUNEFOGE_PRO\runeforge\app\_archive\source-zips\Sunshine-master\Sunshine-master\src\network.h","0.003","21/03/2026 08:14:42 p. m.","True"
"VENDOR_ARCHIVE","RuneforgeCore","nvhttp.cpp","C:\RUNEFOGE_PRO\runeforge\app\_archive\source-zips\Sunshine-master\Sunshine-master\src\nvhttp.cpp","0.04","21/03/2026 08:14:42 p. m.","True"
"VENDOR_ARCHIVE","RuneforgeCore","nvhttp.h","C:\RUNEFOGE_PRO\runeforge\app\_archive\source-zips\Sunshine-master\Sunshine-master\src\nvhttp.h","0.006","21/03/2026 08:14:42 p. m.","True"
"VENDOR_ARCHIVE","RuneforgeCore","process.cpp","C:\RUNEFOGE_PRO\runeforge\app\_archive\source-zips\Sunshine-master\Sunshine-master\src\process.cpp","0.025","21/03/2026 08:14:42 p. m.","True"
"VENDOR_ARCHIVE","RuneforgeCore","process.h","C:\RUNEFOGE_PRO\runeforge\app\_archive\source-zips\Sunshine-master\Sunshine-master\src\process.h","0.004","21/03/2026 08:14:42 p. m.","True"
"VENDOR_ARCHIVE","RuneforgeCore","round_robin.h","C:\RUNEFOGE_PRO\runeforge\app\_archive\source-zips\Sunshine-master\Sunshine-master\src\round_robin.h","0.003","21/03/2026 08:14:42 p. m.","True"
"VENDOR_ARCHIVE","RuneforgeCore","rswrapper.c","C:\RUNEFOGE_PRO\runeforge\app\_archive\source-zips\Sunshine-master\Sunshine-master\src\rswrapper.c","0.005","21/03/2026 08:14:42 p. m.","True"
"VENDOR_ARCHIVE","RuneforgeCore","rswrapper.h","C:\RUNEFOGE_PRO\runeforge\app\_archive\source-zips\Sunshine-master\Sunshine-master\src\rswrapper.h","0.001","21/03/2026 08:14:42 p. m.","True"
"VENDOR_ARCHIVE","RuneforgeCore","rtsp.cpp","C:\RUNEFOGE_PRO\runeforge\app\_archive\source-zips\Sunshine-master\Sunshine-master\src\rtsp.cpp","0.043","21/03/2026 08:14:42 p. m.","True"
"VENDOR_ARCHIVE","RuneforgeCore","rtsp.h","C:\RUNEFOGE_PRO\runeforge\app\_archive\source-zips\Sunshine-master\Sunshine-master\src\rtsp.h","0.001","21/03/2026 08:14:42 p. m.","True"
"VENDOR_ARCHIVE","RuneforgeCore","stat_trackers.cpp","C:\RUNEFOGE_PRO\runeforge\app\_archive\source-zips\Sunshine-master\Sunshine-master\src\stat_trackers.cpp","0","21/03/2026 08:14:42 p. m.","True"
"VENDOR_ARCHIVE","RuneforgeCore","stat_trackers.h","C:\RUNEFOGE_PRO\runeforge\app\_archive\source-zips\Sunshine-master\Sunshine-master\src\stat_trackers.h","0.001","21/03/2026 08:14:42 p. m.","True"
"VENDOR_ARCHIVE","RuneforgeCore","stream.cpp","C:\RUNEFOGE_PRO\runeforge\app\_archive\source-zips\Sunshine-master\Sunshine-master\src\stream.cpp","0.076","21/03/2026 08:14:42 p. m.","True"
"VENDOR_ARCHIVE","RuneforgeCore","stream.h","C:\RUNEFOGE_PRO\runeforge\app\_archive\source-zips\Sunshine-master\Sunshine-master\src\stream.h","0.001","21/03/2026 08:14:42 p. m.","True"
"VENDOR_ARCHIVE","RuneforgeCore","sync.h","C:\RUNEFOGE_PRO\runeforge\app\_archive\source-zips\Sunshine-master\Sunshine-master\src\sync.h","0.001","21/03/2026 08:14:42 p. m.","True"
"VENDOR_ARCHIVE","RuneforgeCore","system_tray.cpp","C:\RUNEFOGE_PRO\runeforge\app\_archive\source-zips\Sunshine-master\Sunshine-master\src\system_tray.cpp","0.012","21/03/2026 08:14:42 p. m.","True"
"VENDOR_ARCHIVE","RuneforgeCore","system_tray.h","C:\RUNEFOGE_PRO\runeforge\app\_archive\source-zips\Sunshine-master\Sunshine-master\src\system_tray.h","0.003","21/03/2026 08:14:42 p. m.","True"
"VENDOR_ARCHIVE","RuneforgeCore","task_pool.h","C:\RUNEFOGE_PRO\runeforge\app\_archive\source-zips\Sunshine-master\Sunshine-master\src\task_pool.h","0.006","21/03/2026 08:14:42 p. m.","True"
"VENDOR_ARCHIVE","RuneforgeCore","thread_pool.h","C:\RUNEFOGE_PRO\runeforge\app\_archive\source-zips\Sunshine-master\Sunshine-master\src\thread_pool.h","0.003","21/03/2026 08:14:42 p. m.","True"
"VENDOR_ARCHIVE","RuneforgeCore","thread_safe.h","C:\RUNEFOGE_PRO\runeforge\app\_archive\source-zips\Sunshine-master\Sunshine-master\src\thread_safe.h","0.011","21/03/2026 08:14:42 p. m.","True"
"VENDOR_ARCHIVE","RuneforgeCore","upnp.cpp","C:\RUNEFOGE_PRO\runeforge\app\_archive\source-zips\Sunshine-master\Sunshine-master\src\upnp.cpp","0.013","21/03/2026 08:14:42 p. m.","True"
"VENDOR_ARCHIVE","RuneforgeCore","upnp.h","C:\RUNEFOGE_PRO\runeforge\app\_archive\source-zips\Sunshine-master\Sunshine-master\src\upnp.h","0.001","21/03/2026 08:14:42 p. m.","True"
"VENDOR_ARCHIVE","RuneforgeCore","utility.h","C:\RUNEFOGE_PRO\runeforge\app\_archive\source-zips\Sunshine-master\Sunshine-master\src\utility.h","0.023","21/03/2026 08:14:42 p. m.","True"
"VENDOR_ARCHIVE","RuneforgeCore","uuid.h","C:\RUNEFOGE_PRO\runeforge\app\_archive\source-zips\Sunshine-master\Sunshine-master\src\uuid.h","0.002","21/03/2026 08:14:42 p. m.","True"
"VENDOR_ARCHIVE","RuneforgeCore","video_colorspace.cpp","C:\RUNEFOGE_PRO\runeforge\app\_archive\source-zips\Sunshine-master\Sunshine-master\src\video_colorspace.cpp","0.008","21/03/2026 08:14:42 p. m.","True"
"VENDOR_ARCHIVE","RuneforgeCore","video_colorspace.h","C:\RUNEFOGE_PRO\runeforge\app\_archive\source-zips\Sunshine-master\Sunshine-master\src\video_colorspace.h","0.002","21/03/2026 08:14:42 p. m.","True"
"VENDOR_ARCHIVE","RuneforgeCore","video.cpp","C:\RUNEFOGE_PRO\runeforge\app\_archive\source-zips\Sunshine-master\Sunshine-master\src\video.cpp","0.104","21/03/2026 08:14:42 p. m.","True"
"VENDOR_ARCHIVE","RuneforgeCore","video.h","C:\RUNEFOGE_PRO\runeforge\app\_archive\source-zips\Sunshine-master\Sunshine-master\src\video.h","0.012","21/03/2026 08:14:42 p. m.","True"
"VENDOR_ARCHIVE","RuneforgeCore","common.h","C:\RUNEFOGE_PRO\runeforge\app\_archive\source-zips\Sunshine-master\Sunshine-master\src\platform\common.h","0.026","21/03/2026 08:14:42 p. m.","True"
"VENDOR_ARCHIVE","RuneforgeCore","audio.cpp","C:\RUNEFOGE_PRO\runeforge\app\_archive\source-zips\Sunshine-master\Sunshine-master\src\platform\windows\audio.cpp","0.04","21/03/2026 08:14:42 p. m.","True"
"VENDOR_ARCHIVE","RuneforgeCore","display_base.cpp","C:\RUNEFOGE_PRO\runeforge\app\_archive\source-zips\Sunshine-master\Sunshine-master\src\platform\windows\display_base.cpp","0.043","21/03/2026 08:14:42 p. m.","True"
"VENDOR_ARCHIVE","RuneforgeCore","display_ram.cpp","C:\RUNEFOGE_PRO\runeforge\app\_archive\source-zips\Sunshine-master\Sunshine-master\src\platform\windows\display_ram.cpp","0.013","21/03/2026 08:14:42 p. m.","True"
"VENDOR_ARCHIVE","RuneforgeCore","display_vram.cpp","C:\RUNEFOGE_PRO\runeforge\app\_archive\source-zips\Sunshine-master\Sunshine-master\src\platform\windows\display_vram.cpp","0.073","21/03/2026 08:14:42 p. m.","True"
"VENDOR_ARCHIVE","RuneforgeCore","display_wgc.cpp","C:\RUNEFOGE_PRO\runeforge\app\_archive\source-zips\Sunshine-master\Sunshine-master\src\platform\windows\display_wgc.cpp","0.013","21/03/2026 08:14:42 p. m.","True"
"VENDOR_ARCHIVE","RuneforgeCore","display.h","C:\RUNEFOGE_PRO\runeforge\app\_archive\source-zips\Sunshine-master\Sunshine-master\src\platform\windows\display.h","0.014","21/03/2026 08:14:42 p. m.","True"
"VENDOR_ARCHIVE","RuneforgeCore","input.cpp","C:\RUNEFOGE_PRO\runeforge\app\_archive\source-zips\Sunshine-master\Sunshine-master\src\platform\windows\input.cpp","0.059","21/03/2026 08:14:42 p. m.","True"
"VENDOR_ARCHIVE","RuneforgeCore","keylayout.h","C:\RUNEFOGE_PRO\runeforge\app\_archive\source-zips\Sunshine-master\Sunshine-master\src\platform\windows\keylayout.h","0.005","21/03/2026 08:14:42 p. m.","True"
"VENDOR_ARCHIVE","RuneforgeCore","misc.cpp","C:\RUNEFOGE_PRO\runeforge\app\_archive\source-zips\Sunshine-master\Sunshine-master\src\platform\windows\misc.cpp","0.067","21/03/2026 08:14:42 p. m.","True"
"VENDOR_ARCHIVE","RuneforgeCore","misc.h","C:\RUNEFOGE_PRO\runeforge\app\_archive\source-zips\Sunshine-master\Sunshine-master\src\platform\windows\misc.h","0.001","21/03/2026 08:14:42 p. m.","True"
"VENDOR_ARCHIVE","RuneforgeCore","PolicyConfig.h","C:\RUNEFOGE_PRO\runeforge\app\_archive\source-zips\Sunshine-master\Sunshine-master\src\platform\windows\PolicyConfig.h","0.003","21/03/2026 08:14:42 p. m.","True"
"VENDOR_ARCHIVE","RuneforgeCore","publish.cpp","C:\RUNEFOGE_PRO\runeforge\app\_archive\source-zips\Sunshine-master\Sunshine-master\src\platform\windows\publish.cpp","0.007","21/03/2026 08:14:42 p. m.","True"
"VENDOR_ARCHIVE","RuneforgeCore","utf_utils.cpp","C:\RUNEFOGE_PRO\runeforge\app\_archive\source-zips\Sunshine-master\Sunshine-master\src\platform\windows\utf_utils.cpp","0.002","21/03/2026 08:14:42 p. m.","True"
"VENDOR_ARCHIVE","RuneforgeCore","utf_utils.h","C:\RUNEFOGE_PRO\runeforge\app\_archive\source-zips\Sunshine-master\Sunshine-master\src\platform\windows\utf_utils.h","0.001","21/03/2026 08:14:42 p. m.","True"
"VENDOR_ARCHIVE","RuneforgeCore","windows.rc","C:\RUNEFOGE_PRO\runeforge\app\_archive\source-zips\Sunshine-master\Sunshine-master\src\platform\windows\windows.rc","0.002","21/03/2026 08:14:42 p. m.","True"
"VENDOR_ARCHIVE","RuneforgeCore","driver_settings.cpp","C:\RUNEFOGE_PRO\runeforge\app\_archive\source-zips\Sunshine-master\Sunshine-master\src\platform\windows\nvprefs\driver_settings.cpp","0.01","21/03/2026 08:14:42 p. m.","True"
"VENDOR_ARCHIVE","RuneforgeCore","driver_settings.h","C:\RUNEFOGE_PRO\runeforge\app\_archive\source-zips\Sunshine-master\Sunshine-master\src\platform\windows\nvprefs\driver_settings.h","0.002","21/03/2026 08:14:42 p. m.","True"
"VENDOR_ARCHIVE","RuneforgeCore","nvapi_opensource_wrapper.cpp","C:\RUNEFOGE_PRO\runeforge\app\_archive\source-zips\Sunshine-master\Sunshine-master\src\platform\windows\nvprefs\nvapi_opensource_wrapper.cpp","0.004","21/03/2026 08:14:42 p. m.","True"
"VENDOR_ARCHIVE","RuneforgeCore","nvprefs_common.cpp","C:\RUNEFOGE_PRO\runeforge\app\_archive\source-zips\Sunshine-master\Sunshine-master\src\platform\windows\nvprefs\nvprefs_common.cpp","0.001","21/03/2026 08:14:42 p. m.","True"
"VENDOR_ARCHIVE","RuneforgeCore","nvprefs_common.h","C:\RUNEFOGE_PRO\runeforge\app\_archive\source-zips\Sunshine-master\Sunshine-master\src\platform\windows\nvprefs\nvprefs_common.h","0.001","21/03/2026 08:14:42 p. m.","True"
"VENDOR_ARCHIVE","RuneforgeCore","nvprefs_interface.cpp","C:\RUNEFOGE_PRO\runeforge\app\_archive\source-zips\Sunshine-master\Sunshine-master\src\platform\windows\nvprefs\nvprefs_interface.cpp","0.007","21/03/2026 08:14:42 p. m.","True"
"VENDOR_ARCHIVE","RuneforgeCore","nvprefs_interface.h","C:\RUNEFOGE_PRO\runeforge\app\_archive\source-zips\Sunshine-master\Sunshine-master\src\platform\windows\nvprefs\nvprefs_interface.h","0.001","21/03/2026 08:14:42 p. m.","True"
"VENDOR_ARCHIVE","RuneforgeCore","undo_data.cpp","C:\RUNEFOGE_PRO\runeforge\app\_archive\source-zips\Sunshine-master\Sunshine-master\src\platform\windows\nvprefs\undo_data.cpp","0.003","21/03/2026 08:14:42 p. m.","True"
"VENDOR_ARCHIVE","RuneforgeCore","undo_data.h","C:\RUNEFOGE_PRO\runeforge\app\_archive\source-zips\Sunshine-master\Sunshine-master\src\platform\windows\nvprefs\undo_data.h","0.001","21/03/2026 08:14:42 p. m.","True"
"VENDOR_ARCHIVE","RuneforgeCore","undo_file.cpp","C:\RUNEFOGE_PRO\runeforge\app\_archive\source-zips\Sunshine-master\Sunshine-master\src\platform\windows\nvprefs\undo_file.cpp","0.004","21/03/2026 08:14:42 p. m.","True"
"VENDOR_ARCHIVE","RuneforgeCore","undo_file.h","C:\RUNEFOGE_PRO\runeforge\app\_archive\source-zips\Sunshine-master\Sunshine-master\src\platform\windows\nvprefs\undo_file.h","0.001","21/03/2026 08:14:42 p. m.","True"
"VENDOR_ARCHIVE","RuneforgeCore","av_audio.h","C:\RUNEFOGE_PRO\runeforge\app\_archive\source-zips\Sunshine-master\Sunshine-master\src\platform\macos\av_audio.h","0.007","21/03/2026 08:14:42 p. m.","True"
"VENDOR_ARCHIVE","RuneforgeCore","av_audio.mm","C:\RUNEFOGE_PRO\runeforge\app\_archive\source-zips\Sunshine-master\Sunshine-master\src\platform\macos\av_audio.mm","0.036","21/03/2026 08:14:42 p. m.","True"
"VENDOR_ARCHIVE","RuneforgeCore","av_img_t.h","C:\RUNEFOGE_PRO\runeforge\app\_archive\source-zips\Sunshine-master\Sunshine-master\src\platform\macos\av_img_t.h","0.002","21/03/2026 08:14:42 p. m.","True"
"VENDOR_ARCHIVE","RuneforgeCore","av_video.h","C:\RUNEFOGE_PRO\runeforge\app\_archive\source-zips\Sunshine-master\Sunshine-master\src\platform\macos\av_video.h","0.001","21/03/2026 08:14:42 p. m.","True"
"VENDOR_ARCHIVE","RuneforgeCore","av_video.m","C:\RUNEFOGE_PRO\runeforge\app\_archive\source-zips\Sunshine-master\Sunshine-master\src\platform\macos\av_video.m","0.005","21/03/2026 08:14:42 p. m.","True"
"VENDOR_ARCHIVE","RuneforgeCore","coreaudio_helpers.h","C:\RUNEFOGE_PRO\runeforge\app\_archive\source-zips\Sunshine-master\Sunshine-master\src\platform\macos\coreaudio_helpers.h","0.002","21/03/2026 08:14:42 p. m.","True"
"VENDOR_ARCHIVE","RuneforgeCore","display.mm","C:\RUNEFOGE_PRO\runeforge\app\_archive\source-zips\Sunshine-master\Sunshine-master\src\platform\macos\display.mm","0.008","21/03/2026 08:14:42 p. m.","True"
"VENDOR_ARCHIVE","RuneforgeCore","input.cpp","C:\RUNEFOGE_PRO\runeforge\app\_archive\source-zips\Sunshine-master\Sunshine-master\src\platform\macos\input.cpp","0.025","21/03/2026 08:14:42 p. m.","True"
"VENDOR_ARCHIVE","RuneforgeCore","microphone.mm","C:\RUNEFOGE_PRO\runeforge\app\_archive\source-zips\Sunshine-master\Sunshine-master\src\platform\macos\microphone.mm","0.004","21/03/2026 08:14:42 p. m.","True"
"VENDOR_ARCHIVE","RuneforgeCore","misc.h","C:\RUNEFOGE_PRO\runeforge\app\_archive\source-zips\Sunshine-master\Sunshine-master\src\platform\macos\misc.h","0","21/03/2026 08:14:42 p. m.","True"
"VENDOR_ARCHIVE","RuneforgeCore","misc.mm","C:\RUNEFOGE_PRO\runeforge\app\_archive\source-zips\Sunshine-master\Sunshine-master\src\platform\macos\misc.mm","0.019","21/03/2026 08:14:42 p. m.","True"
"VENDOR_ARCHIVE","RuneforgeCore","nv12_zero_device.cpp","C:\RUNEFOGE_PRO\runeforge\app\_archive\source-zips\Sunshine-master\Sunshine-master\src\platform\macos\nv12_zero_device.cpp","0.002","21/03/2026 08:14:42 p. m.","True"
"VENDOR_ARCHIVE","RuneforgeCore","nv12_zero_device.h","C:\RUNEFOGE_PRO\runeforge\app\_archive\source-zips\Sunshine-master\Sunshine-master\src\platform\macos\nv12_zero_device.h","0.001","21/03/2026 08:14:42 p. m.","True"
"VENDOR_ARCHIVE","RuneforgeCore","publish.cpp","C:\RUNEFOGE_PRO\runeforge\app\_archive\source-zips\Sunshine-master\Sunshine-master\src\platform\macos\publish.cpp","0.005","21/03/2026 08:14:42 p. m.","True"
"VENDOR_ARCHIVE","RuneforgeCore","audio.cpp","C:\RUNEFOGE_PRO\runeforge\app\_archive\source-zips\Sunshine-master\Sunshine-master\src\platform\linux\audio.cpp","0.015","21/03/2026 08:14:42 p. m.","True"
"VENDOR_ARCHIVE","RuneforgeCore","cuda.cpp","C:\RUNEFOGE_PRO\runeforge\app\_archive\source-zips\Sunshine-master\Sunshine-master\src\platform\linux\cuda.cpp","0.029","21/03/2026 08:14:42 p. m.","True"
"VENDOR_ARCHIVE","RuneforgeCore","cuda.cu","C:\RUNEFOGE_PRO\runeforge\app\_archive\source-zips\Sunshine-master\Sunshine-master\src\platform\linux\cuda.cu","0.01","21/03/2026 08:14:42 p. m.","True"
"VENDOR_ARCHIVE","RuneforgeCore","cuda.h","C:\RUNEFOGE_PRO\runeforge\app\_archive\source-zips\Sunshine-master\Sunshine-master\src\platform\linux\cuda.h","0.003","21/03/2026 08:14:42 p. m.","True"
"VENDOR_ARCHIVE","RuneforgeCore","graphics.cpp","C:\RUNEFOGE_PRO\runeforge\app\_archive\source-zips\Sunshine-master\Sunshine-master\src\platform\linux\graphics.cpp","0.031","21/03/2026 08:14:42 p. m.","True"
"VENDOR_ARCHIVE","RuneforgeCore","graphics.h","C:\RUNEFOGE_PRO\runeforge\app\_archive\source-zips\Sunshine-master\Sunshine-master\src\platform\linux\graphics.h","0.009","21/03/2026 08:14:42 p. m.","True"
"VENDOR_ARCHIVE","RuneforgeCore","kmsgrab.cpp","C:\RUNEFOGE_PRO\runeforge\app\_archive\source-zips\Sunshine-master\Sunshine-master\src\platform\linux\kmsgrab.cpp","0.059","21/03/2026 08:14:42 p. m.","True"
"VENDOR_ARCHIVE","RuneforgeCore","misc.cpp","C:\RUNEFOGE_PRO\runeforge\app\_archive\source-zips\Sunshine-master\Sunshine-master\src\platform\linux\misc.cpp","0.035","21/03/2026 08:14:42 p. m.","True"
"VENDOR_ARCHIVE","RuneforgeCore","misc.h","C:\RUNEFOGE_PRO\runeforge\app\_archive\source-zips\Sunshine-master\Sunshine-master\src\platform\linux\misc.h","0.001","21/03/2026 08:14:42 p. m.","True"
"VENDOR_ARCHIVE","RuneforgeCore","portalgrab.cpp","C:\RUNEFOGE_PRO\runeforge\app\_archive\source-zips\Sunshine-master\Sunshine-master\src\platform\linux\portalgrab.cpp","0.057","21/03/2026 08:14:42 p. m.","True"
"VENDOR_ARCHIVE","RuneforgeCore","publish.cpp","C:\RUNEFOGE_PRO\runeforge\app\_archive\source-zips\Sunshine-master\Sunshine-master\src\platform\linux\publish.cpp","0.015","21/03/2026 08:14:42 p. m.","True"
"VENDOR_ARCHIVE","RuneforgeCore","vaapi.cpp","C:\RUNEFOGE_PRO\runeforge\app\_archive\source-zips\Sunshine-master\Sunshine-master\src\platform\linux\vaapi.cpp","0.019","21/03/2026 08:14:42 p. m.","True"
"VENDOR_ARCHIVE","RuneforgeCore","vaapi.h","C:\RUNEFOGE_PRO\runeforge\app\_archive\source-zips\Sunshine-master\Sunshine-master\src\platform\linux\vaapi.h","0.001","21/03/2026 08:14:42 p. m.","True"
"VENDOR_ARCHIVE","RuneforgeCore","wayland.cpp","C:\RUNEFOGE_PRO\runeforge\app\_archive\source-zips\Sunshine-master\Sunshine-master\src\platform\linux\wayland.cpp","0.016","21/03/2026 08:14:42 p. m.","True"
"VENDOR_ARCHIVE","RuneforgeCore","wayland.h","C:\RUNEFOGE_PRO\runeforge\app\_archive\source-zips\Sunshine-master\Sunshine-master\src\platform\linux\wayland.h","0.007","21/03/2026 08:14:42 p. m.","True"
"VENDOR_ARCHIVE","RuneforgeCore","wlgrab.cpp","C:\RUNEFOGE_PRO\runeforge\app\_archive\source-zips\Sunshine-master\Sunshine-master\src\platform\linux\wlgrab.cpp","0.015","21/03/2026 08:14:42 p. m.","True"
"VENDOR_ARCHIVE","RuneforgeCore","x11grab.cpp","C:\RUNEFOGE_PRO\runeforge\app\_archive\source-zips\Sunshine-master\Sunshine-master\src\platform\linux\x11grab.cpp","0.025","21/03/2026 08:14:42 p. m.","True"
"VENDOR_ARCHIVE","RuneforgeCore","x11grab.h","C:\RUNEFOGE_PRO\runeforge\app\_archive\source-zips\Sunshine-master\Sunshine-master\src\platform\linux\x11grab.h","0.001","21/03/2026 08:14:42 p. m.","True"
"VENDOR_ARCHIVE","RuneforgeCore","inputtino_common.h","C:\RUNEFOGE_PRO\runeforge\app\_archive\source-zips\Sunshine-master\Sunshine-master\src\platform\linux\input\inputtino_common.h","0.003","21/03/2026 08:14:42 p. m.","True"
"VENDOR_ARCHIVE","RuneforgeCore","inputtino_gamepad.cpp","C:\RUNEFOGE_PRO\runeforge\app\_archive\source-zips\Sunshine-master\Sunshine-master\src\platform\linux\input\inputtino_gamepad.cpp","0.013","21/03/2026 08:14:42 p. m.","True"
"VENDOR_ARCHIVE","RuneforgeCore","inputtino_gamepad.h","C:\RUNEFOGE_PRO\runeforge\app\_archive\source-zips\Sunshine-master\Sunshine-master\src\platform\linux\input\inputtino_gamepad.h","0.001","21/03/2026 08:14:42 p. m.","True"
"VENDOR_ARCHIVE","RuneforgeCore","inputtino_keyboard.cpp","C:\RUNEFOGE_PRO\runeforge\app\_archive\source-zips\Sunshine-master\Sunshine-master\src\platform\linux\input\inputtino_keyboard.cpp","0.005","21/03/2026 08:14:42 p. m.","True"
"VENDOR_ARCHIVE","RuneforgeCore","inputtino_keyboard.h","C:\RUNEFOGE_PRO\runeforge\app\_archive\source-zips\Sunshine-master\Sunshine-master\src\platform\linux\input\inputtino_keyboard.h","0","21/03/2026 08:14:42 p. m.","True"
"VENDOR_ARCHIVE","RuneforgeCore","inputtino_mouse.cpp","C:\RUNEFOGE_PRO\runeforge\app\_archive\source-zips\Sunshine-master\Sunshine-master\src\platform\linux\input\inputtino_mouse.cpp","0.002","21/03/2026 08:14:42 p. m.","True"
"VENDOR_ARCHIVE","RuneforgeCore","inputtino_mouse.h","C:\RUNEFOGE_PRO\runeforge\app\_archive\source-zips\Sunshine-master\Sunshine-master\src\platform\linux\input\inputtino_mouse.h","0.001","21/03/2026 08:14:42 p. m.","True"
"VENDOR_ARCHIVE","RuneforgeCore","inputtino_pen.cpp","C:\RUNEFOGE_PRO\runeforge\app\_archive\source-zips\Sunshine-master\Sunshine-master\src\platform\linux\input\inputtino_pen.cpp","0.002","21/03/2026 08:14:42 p. m.","True"
"VENDOR_ARCHIVE","RuneforgeCore","inputtino_pen.h","C:\RUNEFOGE_PRO\runeforge\app\_archive\source-zips\Sunshine-master\Sunshine-master\src\platform\linux\input\inputtino_pen.h","0","21/03/2026 08:14:42 p. m.","True"
"VENDOR_ARCHIVE","RuneforgeCore","inputtino_touch.cpp","C:\RUNEFOGE_PRO\runeforge\app\_archive\source-zips\Sunshine-master\Sunshine-master\src\platform\linux\input\inputtino_touch.cpp","0.002","21/03/2026 08:14:42 p. m.","True"
"VENDOR_ARCHIVE","RuneforgeCore","inputtino_touch.h","C:\RUNEFOGE_PRO\runeforge\app\_archive\source-zips\Sunshine-master\Sunshine-master\src\platform\linux\input\inputtino_touch.h","0","21/03/2026 08:14:42 p. m.","True"
"VENDOR_ARCHIVE","RuneforgeCore","inputtino.cpp","C:\RUNEFOGE_PRO\runeforge\app\_archive\source-zips\Sunshine-master\Sunshine-master\src\platform\linux\input\inputtino.cpp","0.004","21/03/2026 08:14:42 p. m.","True"
"VENDOR_ARCHIVE","RuneforgeCore","nvenc_base.cpp","C:\RUNEFOGE_PRO\runeforge\app\_archive\source-zips\Sunshine-master\Sunshine-master\src\nvenc\nvenc_base.cpp","0.026","21/03/2026 08:14:42 p. m.","True"
"VENDOR_ARCHIVE","RuneforgeCore","nvenc_base.h","C:\RUNEFOGE_PRO\runeforge\app\_archive\source-zips\Sunshine-master\Sunshine-master\src\nvenc\nvenc_base.h","0.006","21/03/2026 08:14:42 p. m.","True"
"VENDOR_ARCHIVE","RuneforgeCore","nvenc_colorspace.h","C:\RUNEFOGE_PRO\runeforge\app\_archive\source-zips\Sunshine-master\Sunshine-master\src\nvenc\nvenc_colorspace.h","0","21/03/2026 08:14:42 p. m.","True"
"VENDOR_ARCHIVE","RuneforgeCore","nvenc_config.h","C:\RUNEFOGE_PRO\runeforge\app\_archive\source-zips\Sunshine-master\Sunshine-master\src\nvenc\nvenc_config.h","0.002","21/03/2026 08:14:42 p. m.","True"
"VENDOR_ARCHIVE","RuneforgeCore","nvenc_d3d11_native.cpp","C:\RUNEFOGE_PRO\runeforge\app\_archive\source-zips\Sunshine-master\Sunshine-master\src\nvenc\nvenc_d3d11_native.cpp","0.002","21/03/2026 08:14:42 p. m.","True"
"VENDOR_ARCHIVE","RuneforgeCore","nvenc_d3d11_native.h","C:\RUNEFOGE_PRO\runeforge\app\_archive\source-zips\Sunshine-master\Sunshine-master\src\nvenc\nvenc_d3d11_native.h","0.001","21/03/2026 08:14:42 p. m.","True"
"VENDOR_ARCHIVE","RuneforgeCore","nvenc_d3d11_on_cuda.cpp","C:\RUNEFOGE_PRO\runeforge\app\_archive\source-zips\Sunshine-master\Sunshine-master\src\nvenc\nvenc_d3d11_on_cuda.cpp","0.009","21/03/2026 08:14:42 p. m.","True"
"VENDOR_ARCHIVE","RuneforgeCore","nvenc_d3d11_on_cuda.h","C:\RUNEFOGE_PRO\runeforge\app\_archive\source-zips\Sunshine-master\Sunshine-master\src\nvenc\nvenc_d3d11_on_cuda.h","0.002","21/03/2026 08:14:42 p. m.","True"
"VENDOR_ARCHIVE","RuneforgeCore","nvenc_d3d11.cpp","C:\RUNEFOGE_PRO\runeforge\app\_archive\source-zips\Sunshine-master\Sunshine-master\src\nvenc\nvenc_d3d11.cpp","0.002","21/03/2026 08:14:42 p. m.","True"
"VENDOR_ARCHIVE","RuneforgeCore","nvenc_d3d11.h","C:\RUNEFOGE_PRO\runeforge\app\_archive\source-zips\Sunshine-master\Sunshine-master\src\nvenc\nvenc_d3d11.h","0.001","21/03/2026 08:14:42 p. m.","True"
"VENDOR_ARCHIVE","RuneforgeCore","nvenc_encoded_frame.h","C:\RUNEFOGE_PRO\runeforge\app\_archive\source-zips\Sunshine-master\Sunshine-master\src\nvenc\nvenc_encoded_frame.h","0","21/03/2026 08:14:42 p. m.","True"
"VENDOR_ARCHIVE","RuneforgeCore","nvenc_utils.cpp","C:\RUNEFOGE_PRO\runeforge\app\_archive\source-zips\Sunshine-master\Sunshine-master\src\nvenc\nvenc_utils.cpp","0.003","21/03/2026 08:14:42 p. m.","True"
"VENDOR_ARCHIVE","RuneforgeCore","nvenc_utils.h","C:\RUNEFOGE_PRO\runeforge\app\_archive\source-zips\Sunshine-master\Sunshine-master\src\nvenc\nvenc_utils.h","0.001","21/03/2026 08:14:42 p. m.","True"
"VENDOR_ARCHIVE","RuneforgeCore","_locale.py","C:\RUNEFOGE_PRO\runeforge\app\_archive\source-zips\Sunshine-master\Sunshine-master\scripts\_locale.py","0.005","21/03/2026 08:14:42 p. m.","True"
"VENDOR_ARCHIVE","RuneforgeCore","linux_build.sh","C:\RUNEFOGE_PRO\runeforge\app\_archive\source-zips\Sunshine-master\Sunshine-master\scripts\linux_build.sh","0.023","21/03/2026 08:14:42 p. m.","True"
"VENDOR_ARCHIVE","RuneforgeCore","macos_build.sh","C:\RUNEFOGE_PRO\runeforge\app\_archive\source-zips\Sunshine-master\Sunshine-master\scripts\macos_build.sh","0.006","21/03/2026 08:14:42 p. m.","True"
"VENDOR_ARCHIVE","RuneforgeCore","update_clang_format.py","C:\RUNEFOGE_PRO\runeforge\app\_archive\source-zips\Sunshine-master\Sunshine-master\scripts\update_clang_format.py","0.001","21/03/2026 08:14:42 p. m.","True"
"VENDOR_ARCHIVE","RuneforgeCore","convert_and_pack.sh","C:\RUNEFOGE_PRO\runeforge\app\_archive\source-zips\Sunshine-master\Sunshine-master\scripts\icons\convert_and_pack.sh","0.002","21/03/2026 08:14:42 p. m.","True"
"VENDOR_ARCHIVE","RuneforgeCore","sunshine.rb","C:\RUNEFOGE_PRO\runeforge\app\_archive\source-zips\Sunshine-master\Sunshine-master\packaging\sunshine.rb","0.01","21/03/2026 08:14:42 p. m.","True"
"VENDOR_ARCHIVE","RuneforgeCore","app-dev.lizardbyte.app.Sunshine.service.in","C:\RUNEFOGE_PRO\runeforge\app\_archive\source-zips\Sunshine-master\Sunshine-master\packaging\linux\app-dev.lizardbyte.app.Sunshine.service.in","0","21/03/2026 08:14:42 p. m.","True"
"VENDOR_ARCHIVE","RuneforgeCore","dev.lizardbyte.app.Sunshine.desktop","C:\RUNEFOGE_PRO\runeforge\app\_archive\source-zips\Sunshine-master\Sunshine-master\packaging\linux\dev.lizardbyte.app.Sunshine.desktop","0","21/03/2026 08:14:42 p. m.","True"
"VENDOR_ARCHIVE","RuneforgeCore","dev.lizardbyte.app.Sunshine.metainfo.xml","C:\RUNEFOGE_PRO\runeforge\app\_archive\source-zips\Sunshine-master\Sunshine-master\packaging\linux\dev.lizardbyte.app.Sunshine.metainfo.xml","0.002","21/03/2026 08:14:42 p. m.","True"
"VENDOR_ARCHIVE","RuneforgeCore","dev.lizardbyte.app.Sunshine.terminal.desktop","C:\RUNEFOGE_PRO\runeforge\app\_archive\source-zips\Sunshine-master\Sunshine-master\packaging\linux\dev.lizardbyte.app.Sunshine.terminal.desktop","0","21/03/2026 08:14:42 p. m.","True"
"VENDOR_ARCHIVE","RuneforgeCore","cuda-12-math_functions.patch","C:\RUNEFOGE_PRO\runeforge\app\_archive\source-zips\Sunshine-master\Sunshine-master\packaging\linux\patches\x86_64\cuda-12-math_functions.patch","0.003","21/03/2026 08:14:42 p. m.","True"
"VENDOR_ARCHIVE","RuneforgeCore","cuda-13-math_functions.patch","C:\RUNEFOGE_PRO\runeforge\app\_archive\source-zips\Sunshine-master\Sunshine-master\packaging\linux\patches\x86_64\cuda-13-math_functions.patch","0.002","21/03/2026 08:14:42 p. m.","True"
"VENDOR_ARCHIVE","RuneforgeCore","cuda-12-math_functions.patch","C:\RUNEFOGE_PRO\runeforge\app\_archive\source-zips\Sunshine-master\Sunshine-master\packaging\linux\patches\aarch64\cuda-12-math_functions.patch","0.003","21/03/2026 08:14:42 p. m.","True"
"VENDOR_ARCHIVE","RuneforgeCore","cuda-13-math_functions.patch","C:\RUNEFOGE_PRO\runeforge\app\_archive\source-zips\Sunshine-master\Sunshine-master\packaging\linux\patches\aarch64\cuda-13-math_functions.patch","0.002","21/03/2026 08:14:42 p. m.","True"
"VENDOR_ARCHIVE","RuneforgeCore","apps.json","C:\RUNEFOGE_PRO\runeforge\app\_archive\source-zips\Sunshine-master\Sunshine-master\packaging\linux\flatpak\apps.json","0","21/03/2026 08:14:42 p. m.","True"
"VENDOR_ARCHIVE","RuneforgeCore","dev.lizardbyte.app.Sunshine.desktop","C:\RUNEFOGE_PRO\runeforge\app\_archive\source-zips\Sunshine-master\Sunshine-master\packaging\linux\flatpak\dev.lizardbyte.app.Sunshine.desktop","0","21/03/2026 08:14:42 p. m.","True"
"VENDOR_ARCHIVE","RuneforgeCore","dev.lizardbyte.app.Sunshine.yml","C:\RUNEFOGE_PRO\runeforge\app\_archive\source-zips\Sunshine-master\Sunshine-master\packaging\linux\flatpak\dev.lizardbyte.app.Sunshine.yml","0.004","21/03/2026 08:14:42 p. m.","True"
"VENDOR_ARCHIVE","RuneforgeCore","exceptions.json","C:\RUNEFOGE_PRO\runeforge\app\_archive\source-zips\Sunshine-master\Sunshine-master\packaging\linux\flatpak\exceptions.json","0","21/03/2026 08:14:42 p. m.","True"
"VENDOR_ARCHIVE","RuneforgeCore","flathub.json","C:\RUNEFOGE_PRO\runeforge\app\_archive\source-zips\Sunshine-master\Sunshine-master\packaging\linux\flatpak\flathub.json","0","21/03/2026 08:14:42 p. m.","True"
"VENDOR_ARCHIVE","RuneforgeCore","README.md","C:\RUNEFOGE_PRO\runeforge\app\_archive\source-zips\Sunshine-master\Sunshine-master\packaging\linux\flatpak\README.md","0.001","21/03/2026 08:14:42 p. m.","True"
"VENDOR_ARCHIVE","RuneforgeCore","additional-install.sh","C:\RUNEFOGE_PRO\runeforge\app\_archive\source-zips\Sunshine-master\Sunshine-master\packaging\linux\flatpak\scripts\additional-install.sh","0.001","21/03/2026 08:14:42 p. m.","True"
"VENDOR_ARCHIVE","RuneforgeCore","remove-additional-install.sh","C:\RUNEFOGE_PRO\runeforge\app\_archive\source-zips\Sunshine-master\Sunshine-master\packaging\linux\flatpak\scripts\remove-additional-install.sh","0","21/03/2026 08:14:42 p. m.","True"
"VENDOR_ARCHIVE","RuneforgeCore","sunshine.sh","C:\RUNEFOGE_PRO\runeforge\app\_archive\source-zips\Sunshine-master\Sunshine-master\packaging\linux\flatpak\scripts\sunshine.sh","0","21/03/2026 08:14:42 p. m.","True"
"VENDOR_ARCHIVE","RuneforgeCore","avahi.json","C:\RUNEFOGE_PRO\runeforge\app\_archive\source-zips\Sunshine-master\Sunshine-master\packaging\linux\flatpak\modules\avahi.json","0.001","21/03/2026 08:14:42 p. m.","True"
"VENDOR_ARCHIVE","RuneforgeCore","boost.json","C:\RUNEFOGE_PRO\runeforge\app\_archive\source-zips\Sunshine-master\Sunshine-master\packaging\linux\flatpak\modules\boost.json","0.001","21/03/2026 08:14:42 p. m.","True"
"VENDOR_ARCHIVE","RuneforgeCore","cuda.json","C:\RUNEFOGE_PRO\runeforge\app\_archive\source-zips\Sunshine-master\Sunshine-master\packaging\linux\flatpak\modules\cuda.json","0.001","21/03/2026 08:14:42 p. m.","True"
"VENDOR_ARCHIVE","RuneforgeCore","ffmpeg.json","C:\RUNEFOGE_PRO\runeforge\app\_archive\source-zips\Sunshine-master\Sunshine-master\packaging\linux\flatpak\modules\ffmpeg.json","0.001","21/03/2026 08:14:42 p. m.","True"
"VENDOR_ARCHIVE","RuneforgeCore","libevdev.json","C:\RUNEFOGE_PRO\runeforge\app\_archive\source-zips\Sunshine-master\Sunshine-master\packaging\linux\flatpak\modules\libevdev.json","0.001","21/03/2026 08:14:42 p. m.","True"
"VENDOR_ARCHIVE","RuneforgeCore","miniupnpc.json","C:\RUNEFOGE_PRO\runeforge\app\_archive\source-zips\Sunshine-master\Sunshine-master\packaging\linux\flatpak\modules\miniupnpc.json","0.001","21/03/2026 08:14:42 p. m.","True"
"VENDOR_ARCHIVE","RuneforgeCore","nlohmann_json.json","C:\RUNEFOGE_PRO\runeforge\app\_archive\source-zips\Sunshine-master\Sunshine-master\packaging\linux\flatpak\modules\nlohmann_json.json","0","21/03/2026 08:14:42 p. m.","True"
"VENDOR_ARCHIVE","RuneforgeCore","numactl.json","C:\RUNEFOGE_PRO\runeforge\app\_archive\source-zips\Sunshine-master\Sunshine-master\packaging\linux\flatpak\modules\numactl.json","0","21/03/2026 08:14:42 p. m.","True"
"VENDOR_ARCHIVE","RuneforgeCore","xvfb-run","C:\RUNEFOGE_PRO\runeforge\app\_archive\source-zips\Sunshine-master\Sunshine-master\packaging\linux\flatpak\modules\xvfb\xvfb-run","0.005","21/03/2026 08:14:42 p. m.","True"
"VENDOR_ARCHIVE","RuneforgeCore","xvfb.json","C:\RUNEFOGE_PRO\runeforge\app\_archive\source-zips\Sunshine-master\Sunshine-master\packaging\linux\flatpak\modules\xvfb\xvfb.json","0.004","21/03/2026 08:14:42 p. m.","True"
"VENDOR_ARCHIVE","RuneforgeCore","Sunshine.spec","C:\RUNEFOGE_PRO\runeforge\app\_archive\source-zips\Sunshine-master\Sunshine-master\packaging\linux\copr\Sunshine.spec","0.01","21/03/2026 08:14:42 p. m.","True"
"VENDOR_ARCHIVE","RuneforgeCore","PKGBUILD","C:\RUNEFOGE_PRO\runeforge\app\_archive\source-zips\Sunshine-master\Sunshine-master\packaging\linux\Arch\PKGBUILD","0.006","21/03/2026 08:14:42 p. m.","True"
"VENDOR_ARCHIVE","RuneforgeCore","sunshine.install","C:\RUNEFOGE_PRO\runeforge\app\_archive\source-zips\Sunshine-master\Sunshine-master\packaging\linux\Arch\sunshine.install","0","21/03/2026 08:14:42 p. m.","True"
"VENDOR_ARCHIVE","RuneforgeCore","AppRun","C:\RUNEFOGE_PRO\runeforge\app\_archive\source-zips\Sunshine-master\Sunshine-master\packaging\linux\AppImage\AppRun","0.003","21/03/2026 08:14:42 p. m.","True"
"VENDOR_ARCHIVE","RuneforgeCore","dev.lizardbyte.app.Sunshine.desktop","C:\RUNEFOGE_PRO\runeforge\app\_archive\source-zips\Sunshine-master\Sunshine-master\packaging\linux\AppImage\dev.lizardbyte.app.Sunshine.desktop","0","21/03/2026 08:14:42 p. m.","True"
"VENDOR_ARCHIVE","RuneforgeCore","_config.yml","C:\RUNEFOGE_PRO\runeforge\app\_archive\source-zips\Sunshine-master\Sunshine-master\gh-pages-template\_config.yml","0","21/03/2026 08:14:42 p. m.","True"
"VENDOR_ARCHIVE","RuneforgeCore",".readthedocs.yaml","C:\RUNEFOGE_PRO\runeforge\app\_archive\source-zips\Sunshine-master\Sunshine-master\gh-pages-template\.readthedocs.yaml","0.001","21/03/2026 08:14:42 p. m.","True"
"VENDOR_ARCHIVE","RuneforgeCore","index.html","C:\RUNEFOGE_PRO\runeforge\app\_archive\source-zips\Sunshine-master\Sunshine-master\gh-pages-template\index.html","0.013","21/03/2026 08:14:42 p. m.","True"
"VENDOR_ARCHIVE","RuneforgeCore","navbar-avatar.png","C:\RUNEFOGE_PRO\runeforge\app\_archive\source-zips\Sunshine-master\Sunshine-master\gh-pages-template\assets\img\navbar-avatar.png","0.017","21/03/2026 08:14:42 p. m.","True"
"VENDOR_ARCHIVE","RuneforgeCore","01-sunshine-welcome-page.png","C:\RUNEFOGE_PRO\runeforge\app\_archive\source-zips\Sunshine-master\Sunshine-master\gh-pages-template\assets\img\screenshots\01-sunshine-welcome-page.png","0.13","21/03/2026 08:14:42 p. m.","True"
"VENDOR_ARCHIVE","RuneforgeCore","AdobeStock_231616343_1920x1280.jpg","C:\RUNEFOGE_PRO\runeforge\app\_archive\source-zips\Sunshine-master\Sunshine-master\gh-pages-template\assets\img\banners\AdobeStock_231616343_1920x1280.jpg","1.793","21/03/2026 08:14:42 p. m.","True"
"VENDOR_ARCHIVE","RuneforgeCore","AdobeStock_231616343.jpeg","C:\RUNEFOGE_PRO\runeforge\app\_archive\source-zips\Sunshine-master\Sunshine-master\gh-pages-template\assets\img\banners\AdobeStock_231616343.jpeg","6.196","21/03/2026 08:14:42 p. m.","True"
"VENDOR_ARCHIVE","RuneforgeCore","AdobeStock_303330124_1920x1280.jpg","C:\RUNEFOGE_PRO\runeforge\app\_archive\source-zips\Sunshine-master\Sunshine-master\gh-pages-template\assets\img\banners\AdobeStock_303330124_1920x1280.jpg","1.738","21/03/2026 08:14:42 p. m.","True"
"VENDOR_ARCHIVE","RuneforgeCore","AdobeStock_303330124.jpeg","C:\RUNEFOGE_PRO\runeforge\app\_archive\source-zips\Sunshine-master\Sunshine-master\gh-pages-template\assets\img\banners\AdobeStock_303330124.jpeg","5.852","21/03/2026 08:14:42 p. m.","True"
"VENDOR_ARCHIVE","RuneforgeCore","AdobeStock_305732536_1920x1280.jpg","C:\RUNEFOGE_PRO\runeforge\app\_archive\source-zips\Sunshine-master\Sunshine-master\gh-pages-template\assets\img\banners\AdobeStock_305732536_1920x1280.jpg","1.37","21/03/2026 08:14:42 p. m.","True"
"VENDOR_ARCHIVE","RuneforgeCore","AdobeStock_305732536.jpeg","C:\RUNEFOGE_PRO\runeforge\app\_archive\source-zips\Sunshine-master\Sunshine-master\gh-pages-template\assets\img\banners\AdobeStock_305732536.jpeg","4.963","21/03/2026 08:14:42 p. m.","True"
"VENDOR_ARCHIVE","RuneforgeCore","clients.yml","C:\RUNEFOGE_PRO\runeforge\app\_archive\source-zips\Sunshine-master\Sunshine-master\gh-pages-template\_data\clients.yml","0.006","21/03/2026 08:14:42 p. m.","True"
"VENDOR_ARCHIVE","RuneforgeCore","features.yml","C:\RUNEFOGE_PRO\runeforge\app\_archive\source-zips\Sunshine-master\Sunshine-master\gh-pages-template\_data\features.yml","0.001","21/03/2026 08:14:42 p. m.","True"
"VENDOR_ARCHIVE","RuneforgeCore","api.js","C:\RUNEFOGE_PRO\runeforge\app\_archive\source-zips\Sunshine-master\Sunshine-master\docs\api.js","0.005","21/03/2026 08:14:42 p. m.","True"
"VENDOR_ARCHIVE","RuneforgeCore","api.md","C:\RUNEFOGE_PRO\runeforge\app\_archive\source-zips\Sunshine-master\Sunshine-master\docs\api.md","0.003","21/03/2026 08:14:42 p. m.","True"
"VENDOR_ARCHIVE","RuneforgeCore","app_examples.md","C:\RUNEFOGE_PRO\runeforge\app\_archive\source-zips\Sunshine-master\Sunshine-master\docs\app_examples.md","0.02","21/03/2026 08:14:42 p. m.","True"
"VENDOR_ARCHIVE","RuneforgeCore","awesome_sunshine.md","C:\RUNEFOGE_PRO\runeforge\app\_archive\source-zips\Sunshine-master\Sunshine-master\docs\awesome_sunshine.md","0.001","21/03/2026 08:14:42 p. m.","True"
"VENDOR_ARCHIVE","RuneforgeCore","building.md","C:\RUNEFOGE_PRO\runeforge\app\_archive\source-zips\Sunshine-master\Sunshine-master\docs\building.md","0.006","21/03/2026 08:14:42 p. m.","True"
"VENDOR_ARCHIVE","RuneforgeCore","changelog.md","C:\RUNEFOGE_PRO\runeforge\app\_archive\source-zips\Sunshine-master\Sunshine-master\docs\changelog.md","0.001","21/03/2026 08:14:42 p. m.","True"
"VENDOR_ARCHIVE","RuneforgeCore","configuration.js","C:\RUNEFOGE_PRO\runeforge\app\_archive\source-zips\Sunshine-master\Sunshine-master\docs\configuration.js","0.001","21/03/2026 08:14:42 p. m.","True"
"VENDOR_ARCHIVE","RuneforgeCore","configuration.md","C:\RUNEFOGE_PRO\runeforge\app\_archive\source-zips\Sunshine-master\Sunshine-master\docs\configuration.md","0.077","21/03/2026 08:14:42 p. m.","True"
"VENDOR_ARCHIVE","RuneforgeCore","contributing.md","C:\RUNEFOGE_PRO\runeforge\app\_archive\source-zips\Sunshine-master\Sunshine-master\docs\contributing.md","0.008","21/03/2026 08:14:42 p. m.","True"
"VENDOR_ARCHIVE","RuneforgeCore","doc-styles.css","C:\RUNEFOGE_PRO\runeforge\app\_archive\source-zips\Sunshine-master\Sunshine-master\docs\doc-styles.css","0","21/03/2026 08:14:42 p. m.","True"
"VENDOR_ARCHIVE","RuneforgeCore","Doxyfile","C:\RUNEFOGE_PRO\runeforge\app\_archive\source-zips\Sunshine-master\Sunshine-master\docs\Doxyfile","0.002","21/03/2026 08:14:42 p. m.","True"
"VENDOR_ARCHIVE","RuneforgeCore","gamestream_migration.md","C:\RUNEFOGE_PRO\runeforge\app\_archive\source-zips\Sunshine-master\Sunshine-master\docs\gamestream_migration.md","0.002","21/03/2026 08:14:42 p. m.","True"
"VENDOR_ARCHIVE","RuneforgeCore","getting_started.md","C:\RUNEFOGE_PRO\runeforge\app\_archive\source-zips\Sunshine-master\Sunshine-master\docs\getting_started.md","0.022","21/03/2026 08:14:42 p. m.","True"
"VENDOR_ARCHIVE","RuneforgeCore","guides.md","C:\RUNEFOGE_PRO\runeforge\app\_archive\source-zips\Sunshine-master\Sunshine-master\docs\guides.md","0.001","21/03/2026 08:14:42 p. m.","True"
"VENDOR_ARCHIVE","RuneforgeCore","legal.md","C:\RUNEFOGE_PRO\runeforge\app\_archive\source-zips\Sunshine-master\Sunshine-master\docs\legal.md","0.002","21/03/2026 08:14:42 p. m.","True"
"VENDOR_ARCHIVE","RuneforgeCore","performance_tuning.md","C:\RUNEFOGE_PRO\runeforge\app\_archive\source-zips\Sunshine-master\Sunshine-master\docs\performance_tuning.md","0.001","21/03/2026 08:14:42 p. m.","True"
"VENDOR_ARCHIVE","RuneforgeCore","third_party_packages.md","C:\RUNEFOGE_PRO\runeforge\app\_archive\source-zips\Sunshine-master\Sunshine-master\docs\third_party_packages.md","0.003","21/03/2026 08:14:42 p. m.","True"
"VENDOR_ARCHIVE","RuneforgeCore","troubleshooting.md","C:\RUNEFOGE_PRO\runeforge\app\_archive\source-zips\Sunshine-master\Sunshine-master\docs\troubleshooting.md","0.009","21/03/2026 08:14:42 p. m.","True"
"VENDOR_ARCHIVE","RuneforgeCore","README.md","C:\RUNEFOGE_PRO\runeforge\app\_archive\source-zips\Sunshine-master\Sunshine-master\docs\maintainers\README.md","0.001","21/03/2026 08:14:42 p. m.","True"
"VENDOR_ARCHIVE","RuneforgeCore","release.md","C:\RUNEFOGE_PRO\runeforge\app\_archive\source-zips\Sunshine-master\Sunshine-master\docs\maintainers\release.md","0.003","21/03/2026 08:14:42 p. m.","True"
"VENDOR_ARCHIVE","RuneforgeCore","applications.png","C:\RUNEFOGE_PRO\runeforge\app\_archive\source-zips\Sunshine-master\Sunshine-master\docs\images\applications.png","0.376","21/03/2026 08:14:42 p. m.","True"
"VENDOR_ARCHIVE","RuneforgeCore","configuration-search.png","C:\RUNEFOGE_PRO\runeforge\app\_archive\source-zips\Sunshine-master\Sunshine-master\docs\images\configuration-search.png","0.076","21/03/2026 08:14:42 p. m.","True"
"VENDOR_ARCHIVE","RuneforgeCore","featured-apps.png","C:\RUNEFOGE_PRO\runeforge\app\_archive\source-zips\Sunshine-master\Sunshine-master\docs\images\featured-apps.png","0.188","21/03/2026 08:14:42 p. m.","True"
"VENDOR_ARCHIVE","RuneforgeCore","split-themes.png","C:\RUNEFOGE_PRO\runeforge\app\_archive\source-zips\Sunshine-master\Sunshine-master\docs\images\split-themes.png","0.154","21/03/2026 08:14:42 p. m.","True"
"VENDOR_ARCHIVE","RuneforgeCore","troubleshooting-logs.png","C:\RUNEFOGE_PRO\runeforge\app\_archive\source-zips\Sunshine-master\Sunshine-master\docs\images\troubleshooting-logs.png","0.099","21/03/2026 08:14:42 p. m.","True"
"VENDOR_ARCHIVE","RuneforgeCore","vigembus-installer.png","C:\RUNEFOGE_PRO\runeforge\app\_archive\source-zips\Sunshine-master\Sunshine-master\docs\images\vigembus-installer.png","0.058","21/03/2026 08:14:42 p. m.","True"
"VENDOR_ARCHIVE","RuneforgeCore","clion-toolchain.dockerfile","C:\RUNEFOGE_PRO\runeforge\app\_archive\source-zips\Sunshine-master\Sunshine-master\docker\clion-toolchain.dockerfile","0.002","21/03/2026 08:14:42 p. m.","True"
"VENDOR_ARCHIVE","RuneforgeCore","debian-trixie.dockerfile","C:\RUNEFOGE_PRO\runeforge\app\_archive\source-zips\Sunshine-master\Sunshine-master\docker\debian-trixie.dockerfile","0.003","21/03/2026 08:14:42 p. m.","True"
"VENDOR_ARCHIVE","RuneforgeCore","ubuntu-22.04.dockerfile","C:\RUNEFOGE_PRO\runeforge\app\_archive\source-zips\Sunshine-master\Sunshine-master\docker\ubuntu-22.04.dockerfile","0.003","21/03/2026 08:14:42 p. m.","True"
"VENDOR_ARCHIVE","RuneforgeCore","ubuntu-24.04.dockerfile","C:\RUNEFOGE_PRO\runeforge\app\_archive\source-zips\Sunshine-master\Sunshine-master\docker\ubuntu-24.04.dockerfile","0.003","21/03/2026 08:14:42 p. m.","True"
"VENDOR_ARCHIVE","RuneforgeCore","FindLIBCAP.cmake","C:\RUNEFOGE_PRO\runeforge\app\_archive\source-zips\Sunshine-master\Sunshine-master\cmake\FindLIBCAP.cmake","0.001","21/03/2026 08:14:42 p. m.","True"
"VENDOR_ARCHIVE","RuneforgeCore","FindLIBDRM.cmake","C:\RUNEFOGE_PRO\runeforge\app\_archive\source-zips\Sunshine-master\Sunshine-master\cmake\FindLIBDRM.cmake","0.001","21/03/2026 08:14:42 p. m.","True"
"VENDOR_ARCHIVE","RuneforgeCore","FindLibva.cmake","C:\RUNEFOGE_PRO\runeforge\app\_archive\source-zips\Sunshine-master\Sunshine-master\cmake\FindLibva.cmake","0.002","21/03/2026 08:14:42 p. m.","True"
"VENDOR_ARCHIVE","RuneforgeCore","FindSystemd.cmake","C:\RUNEFOGE_PRO\runeforge\app\_archive\source-zips\Sunshine-master\Sunshine-master\cmake\FindSystemd.cmake","0.001","21/03/2026 08:14:42 p. m.","True"
"VENDOR_ARCHIVE","RuneforgeCore","FindUdev.cmake","C:\RUNEFOGE_PRO\runeforge\app\_archive\source-zips\Sunshine-master\Sunshine-master\cmake\FindUdev.cmake","0.002","21/03/2026 08:14:42 p. m.","True"
"VENDOR_ARCHIVE","RuneforgeCore","FindWayland.cmake","C:\RUNEFOGE_PRO\runeforge\app\_archive\source-zips\Sunshine-master\Sunshine-master\cmake\FindWayland.cmake","0.004","21/03/2026 08:14:42 p. m.","True"
"VENDOR_ARCHIVE","RuneforgeCore","common.cmake","C:\RUNEFOGE_PRO\runeforge\app\_archive\source-zips\Sunshine-master\Sunshine-master\cmake\targets\common.cmake","0.005","21/03/2026 08:14:42 p. m.","True"
"VENDOR_ARCHIVE","RuneforgeCore","linux.cmake","C:\RUNEFOGE_PRO\runeforge\app\_archive\source-zips\Sunshine-master\Sunshine-master\cmake\targets\linux.cmake","0","21/03/2026 08:14:42 p. m.","True"
"VENDOR_ARCHIVE","RuneforgeCore","macos.cmake","C:\RUNEFOGE_PRO\runeforge\app\_archive\source-zips\Sunshine-master\Sunshine-master\cmake\targets\macos.cmake","0.001","21/03/2026 08:14:42 p. m.","True"
"VENDOR_ARCHIVE","RuneforgeCore","unix.cmake","C:\RUNEFOGE_PRO\runeforge\app\_archive\source-zips\Sunshine-master\Sunshine-master\cmake\targets\unix.cmake","0","21/03/2026 08:14:42 p. m.","True"
"VENDOR_ARCHIVE","RuneforgeCore","windows.cmake","C:\RUNEFOGE_PRO\runeforge\app\_archive\source-zips\Sunshine-master\Sunshine-master\cmake\targets\windows.cmake","0","21/03/2026 08:14:42 p. m.","True"
"VENDOR_ARCHIVE","RuneforgeCore","build_version.cmake","C:\RUNEFOGE_PRO\runeforge\app\_archive\source-zips\Sunshine-master\Sunshine-master\cmake\prep\build_version.cmake","0.006","21/03/2026 08:14:42 p. m.","True"
"VENDOR_ARCHIVE","RuneforgeCore","constants.cmake","C:\RUNEFOGE_PRO\runeforge\app\_archive\source-zips\Sunshine-master\Sunshine-master\cmake\prep\constants.cmake","0","21/03/2026 08:14:42 p. m.","True"
"VENDOR_ARCHIVE","RuneforgeCore","init.cmake","C:\RUNEFOGE_PRO\runeforge\app\_archive\source-zips\Sunshine-master\Sunshine-master\cmake\prep\init.cmake","0.001","21/03/2026 08:14:42 p. m.","True"
"VENDOR_ARCHIVE","RuneforgeCore","options.cmake","C:\RUNEFOGE_PRO\runeforge\app\_archive\source-zips\Sunshine-master\Sunshine-master\cmake\prep\options.cmake","0.003","21/03/2026 08:14:42 p. m.","True"
"VENDOR_ARCHIVE","RuneforgeCore","special_package_configuration.cmake","C:\RUNEFOGE_PRO\runeforge\app\_archive\source-zips\Sunshine-master\Sunshine-master\cmake\prep\special_package_configuration.cmake","0.002","21/03/2026 08:14:42 p. m.","True"
"VENDOR_ARCHIVE","RuneforgeCore","common.cmake","C:\RUNEFOGE_PRO\runeforge\app\_archive\source-zips\Sunshine-master\Sunshine-master\cmake\packaging\common.cmake","0.002","21/03/2026 08:14:42 p. m.","True"
"VENDOR_ARCHIVE","RuneforgeCore","freebsd_custom_cpack.cmake","C:\RUNEFOGE_PRO\runeforge\app\_archive\source-zips\Sunshine-master\Sunshine-master\cmake\packaging\freebsd_custom_cpack.cmake","0.005","21/03/2026 08:14:42 p. m.","True"
"VENDOR_ARCHIVE","RuneforgeCore","linux.cmake","C:\RUNEFOGE_PRO\runeforge\app\_archive\source-zips\Sunshine-master\Sunshine-master\cmake\packaging\linux.cmake","0.007","21/03/2026 08:14:42 p. m.","True"
"VENDOR_ARCHIVE","RuneforgeCore","macos.cmake","C:\RUNEFOGE_PRO\runeforge\app\_archive\source-zips\Sunshine-master\Sunshine-master\cmake\packaging\macos.cmake","0.004","21/03/2026 08:14:42 p. m.","True"
"VENDOR_ARCHIVE","RuneforgeCore","unix.cmake","C:\RUNEFOGE_PRO\runeforge\app\_archive\source-zips\Sunshine-master\Sunshine-master\cmake\packaging\unix.cmake","0","21/03/2026 08:14:42 p. m.","True"
"VENDOR_ARCHIVE","RuneforgeCore","windows_nsis.cmake","C:\RUNEFOGE_PRO\runeforge\app\_archive\source-zips\Sunshine-master\Sunshine-master\cmake\packaging\windows_nsis.cmake","0.003","21/03/2026 08:14:42 p. m.","True"
"VENDOR_ARCHIVE","RuneforgeCore","windows_wix.cmake","C:\RUNEFOGE_PRO\runeforge\app\_archive\source-zips\Sunshine-master\Sunshine-master\cmake\packaging\windows_wix.cmake","0.003","21/03/2026 08:14:42 p. m.","True"
"VENDOR_ARCHIVE","RuneforgeCore","windows.cmake","C:\RUNEFOGE_PRO\runeforge\app\_archive\source-zips\Sunshine-master\Sunshine-master\cmake\packaging\windows.cmake","0.005","21/03/2026 08:14:42 p. m.","True"
"VENDOR_ARCHIVE","RuneforgeCore","patch.xml","C:\RUNEFOGE_PRO\runeforge\app\_archive\source-zips\Sunshine-master\Sunshine-master\cmake\packaging\wix_resources\patch.xml","0","21/03/2026 08:14:42 p. m.","True"
"VENDOR_ARCHIVE","RuneforgeCore","sunshine-installer.wxs","C:\RUNEFOGE_PRO\runeforge\app\_archive\source-zips\Sunshine-master\Sunshine-master\cmake\packaging\wix_resources\sunshine-installer.wxs","0.006","21/03/2026 08:14:42 p. m.","True"
"VENDOR_ARCHIVE","RuneforgeCore","common.cmake","C:\RUNEFOGE_PRO\runeforge\app\_archive\source-zips\Sunshine-master\Sunshine-master\cmake\macros\common.cmake","0.001","21/03/2026 08:14:42 p. m.","True"
"VENDOR_ARCHIVE","RuneforgeCore","linux.cmake","C:\RUNEFOGE_PRO\runeforge\app\_archive\source-zips\Sunshine-master\Sunshine-master\cmake\macros\linux.cmake","0.001","21/03/2026 08:14:42 p. m.","True"
"VENDOR_ARCHIVE","RuneforgeCore","macos.cmake","C:\RUNEFOGE_PRO\runeforge\app\_archive\source-zips\Sunshine-master\Sunshine-master\cmake\macros\macos.cmake","0.001","21/03/2026 08:14:42 p. m.","True"
"VENDOR_ARCHIVE","RuneforgeCore","unix.cmake","C:\RUNEFOGE_PRO\runeforge\app\_archive\source-zips\Sunshine-master\Sunshine-master\cmake\macros\unix.cmake","0","21/03/2026 08:14:42 p. m.","True"
"VENDOR_ARCHIVE","RuneforgeCore","windows.cmake","C:\RUNEFOGE_PRO\runeforge\app\_archive\source-zips\Sunshine-master\Sunshine-master\cmake\macros\windows.cmake","0","21/03/2026 08:14:42 p. m.","True"
"VENDOR_ARCHIVE","RuneforgeCore","Boost_Sunshine.cmake","C:\RUNEFOGE_PRO\runeforge\app\_archive\source-zips\Sunshine-master\Sunshine-master\cmake\dependencies\Boost_Sunshine.cmake","0.003","21/03/2026 08:14:42 p. m.","True"
"VENDOR_ARCHIVE","RuneforgeCore","common.cmake","C:\RUNEFOGE_PRO\runeforge\app\_archive\source-zips\Sunshine-master\Sunshine-master\cmake\dependencies\common.cmake","0.002","21/03/2026 08:14:42 p. m.","True"
"VENDOR_ARCHIVE","RuneforgeCore","ffmpeg.cmake","C:\RUNEFOGE_PRO\runeforge\app\_archive\source-zips\Sunshine-master\Sunshine-master\cmake\dependencies\ffmpeg.cmake","0.006","21/03/2026 08:14:42 p. m.","True"
"VENDOR_ARCHIVE","RuneforgeCore","FindOpus.cmake","C:\RUNEFOGE_PRO\runeforge\app\_archive\source-zips\Sunshine-master\Sunshine-master\cmake\dependencies\FindOpus.cmake","0.003","21/03/2026 08:14:42 p. m.","True"
"VENDOR_ARCHIVE","RuneforgeCore","glad.cmake","C:\RUNEFOGE_PRO\runeforge\app\_archive\source-zips\Sunshine-master\Sunshine-master\cmake\dependencies\glad.cmake","0.009","21/03/2026 08:14:42 p. m.","True"
"VENDOR_ARCHIVE","RuneforgeCore","libevdev_Sunshine.cmake","C:\RUNEFOGE_PRO\runeforge\app\_archive\source-zips\Sunshine-master\Sunshine-master\cmake\dependencies\libevdev_Sunshine.cmake","0.002","21/03/2026 08:14:42 p. m.","True"
"VENDOR_ARCHIVE","RuneforgeCore","linux.cmake","C:\RUNEFOGE_PRO\runeforge\app\_archive\source-zips\Sunshine-master\Sunshine-master\cmake\dependencies\linux.cmake","0","21/03/2026 08:14:42 p. m.","True"
"VENDOR_ARCHIVE","RuneforgeCore","macos.cmake","C:\RUNEFOGE_PRO\runeforge\app\_archive\source-zips\Sunshine-master\Sunshine-master\cmake\dependencies\macos.cmake","0.001","21/03/2026 08:14:42 p. m.","True"
"VENDOR_ARCHIVE","RuneforgeCore","nlohmann_json.cmake","C:\RUNEFOGE_PRO\runeforge\app\_archive\source-zips\Sunshine-master\Sunshine-master\cmake\dependencies\nlohmann_json.cmake","0.001","21/03/2026 08:14:42 p. m.","True"
"VENDOR_ARCHIVE","RuneforgeCore","unix.cmake","C:\RUNEFOGE_PRO\runeforge\app\_archive\source-zips\Sunshine-master\Sunshine-master\cmake\dependencies\unix.cmake","0","21/03/2026 08:14:42 p. m.","True"
"VENDOR_ARCHIVE","RuneforgeCore","windows.cmake","C:\RUNEFOGE_PRO\runeforge\app\_archive\source-zips\Sunshine-master\Sunshine-master\cmake\dependencies\windows.cmake","0.002","21/03/2026 08:14:42 p. m.","True"
"VENDOR_ARCHIVE","RuneforgeCore","common.cmake","C:\RUNEFOGE_PRO\runeforge\app\_archive\source-zips\Sunshine-master\Sunshine-master\cmake\compile_definitions\common.cmake","0.006","21/03/2026 08:14:42 p. m.","True"
"VENDOR_ARCHIVE","RuneforgeCore","linux.cmake","C:\RUNEFOGE_PRO\runeforge\app\_archive\source-zips\Sunshine-master\Sunshine-master\cmake\compile_definitions\linux.cmake","0.009","21/03/2026 08:14:42 p. m.","True"
"VENDOR_ARCHIVE","RuneforgeCore","macos.cmake","C:\RUNEFOGE_PRO\runeforge\app\_archive\source-zips\Sunshine-master\Sunshine-master\cmake\compile_definitions\macos.cmake","0.002","21/03/2026 08:14:42 p. m.","True"
"VENDOR_ARCHIVE","RuneforgeCore","unix.cmake","C:\RUNEFOGE_PRO\runeforge\app\_archive\source-zips\Sunshine-master\Sunshine-master\cmake\compile_definitions\unix.cmake","0","21/03/2026 08:14:42 p. m.","True"
"VENDOR_ARCHIVE","RuneforgeCore","windows.cmake","C:\RUNEFOGE_PRO\runeforge\app\_archive\source-zips\Sunshine-master\Sunshine-master\cmake\compile_definitions\windows.cmake","0.004","21/03/2026 08:14:42 p. m.","True"
"VENDOR_ARCHIVE","RuneforgeCore","copilot-instructions.md","C:\RUNEFOGE_PRO\runeforge\app\_archive\source-zips\Sunshine-master\Sunshine-master\.github\copilot-instructions.md","0","21/03/2026 08:14:42 p. m.","True"
"VENDOR_ARCHIVE","RuneforgeCore","dependabot.yml","C:\RUNEFOGE_PRO\runeforge\app\_archive\source-zips\Sunshine-master\Sunshine-master\.github\dependabot.yml","0.002","21/03/2026 08:14:42 p. m.","True"
"VENDOR_ARCHIVE","RuneforgeCore","semantic.yml","C:\RUNEFOGE_PRO\runeforge\app\_archive\source-zips\Sunshine-master\Sunshine-master\.github\semantic.yml","0.001","21/03/2026 08:14:42 p. m.","True"
"VENDOR_ARCHIVE","RuneforgeCore","_codeql.yml","C:\RUNEFOGE_PRO\runeforge\app\_archive\source-zips\Sunshine-master\Sunshine-master\.github\workflows\_codeql.yml","0.001","21/03/2026 08:14:42 p. m.","True"
"VENDOR_ARCHIVE","RuneforgeCore","_common-lint.yml","C:\RUNEFOGE_PRO\runeforge\app\_archive\source-zips\Sunshine-master\Sunshine-master\.github\workflows\_common-lint.yml","0.001","21/03/2026 08:14:42 p. m.","True"
"VENDOR_ARCHIVE","RuneforgeCore","_release-notifier.yml","C:\RUNEFOGE_PRO\runeforge\app\_archive\source-zips\Sunshine-master\Sunshine-master\.github\workflows\_release-notifier.yml","0.001","21/03/2026 08:14:42 p. m.","True"
"VENDOR_ARCHIVE","RuneforgeCore","_update-changelog.yml","C:\RUNEFOGE_PRO\runeforge\app\_archive\source-zips\Sunshine-master\Sunshine-master\.github\workflows\_update-changelog.yml","0.001","21/03/2026 08:14:42 p. m.","True"
"VENDOR_ARCHIVE","RuneforgeCore","_update-docs.yml","C:\RUNEFOGE_PRO\runeforge\app\_archive\source-zips\Sunshine-master\Sunshine-master\.github\workflows\_update-docs.yml","0.001","21/03/2026 08:14:42 p. m.","True"
"VENDOR_ARCHIVE","RuneforgeCore","_update-flathub-repo.yml","C:\RUNEFOGE_PRO\runeforge\app\_archive\source-zips\Sunshine-master\Sunshine-master\.github\workflows\_update-flathub-repo.yml","0.001","21/03/2026 08:14:42 p. m.","True"
"VENDOR_ARCHIVE","RuneforgeCore","_update-homebrew-repo.yml","C:\RUNEFOGE_PRO\runeforge\app\_archive\source-zips\Sunshine-master\Sunshine-master\.github\workflows\_update-homebrew-repo.yml","0.001","21/03/2026 08:14:42 p. m.","True"
"VENDOR_ARCHIVE","RuneforgeCore","_update-pacman-repo.yml","C:\RUNEFOGE_PRO\runeforge\app\_archive\source-zips\Sunshine-master\Sunshine-master\.github\workflows\_update-pacman-repo.yml","0.001","21/03/2026 08:14:42 p. m.","True"
"VENDOR_ARCHIVE","RuneforgeCore","_update-winget-repo.yml","C:\RUNEFOGE_PRO\runeforge\app\_archive\source-zips\Sunshine-master\Sunshine-master\.github\workflows\_update-winget-repo.yml","0.001","21/03/2026 08:14:42 p. m.","True"
"VENDOR_ARCHIVE","RuneforgeCore","ci-archlinux.yml","C:\RUNEFOGE_PRO\runeforge\app\_archive\source-zips\Sunshine-master\Sunshine-master\.github\workflows\ci-archlinux.yml","0.005","21/03/2026 08:14:42 p. m.","True"
"VENDOR_ARCHIVE","RuneforgeCore","ci-bundle.yml","C:\RUNEFOGE_PRO\runeforge\app\_archive\source-zips\Sunshine-master\Sunshine-master\.github\workflows\ci-bundle.yml","0.001","21/03/2026 08:14:42 p. m.","True"
"VENDOR_ARCHIVE","RuneforgeCore","ci-copr.yml","C:\RUNEFOGE_PRO\runeforge\app\_archive\source-zips\Sunshine-master\Sunshine-master\.github\workflows\ci-copr.yml","0.002","21/03/2026 08:14:42 p. m.","True"
"VENDOR_ARCHIVE","RuneforgeCore","ci-flatpak.yml","C:\RUNEFOGE_PRO\runeforge\app\_archive\source-zips\Sunshine-master\Sunshine-master\.github\workflows\ci-flatpak.yml","0.007","21/03/2026 08:14:42 p. m.","True"
"VENDOR_ARCHIVE","RuneforgeCore","ci-freebsd.yml","C:\RUNEFOGE_PRO\runeforge\app\_archive\source-zips\Sunshine-master\Sunshine-master\.github\workflows\ci-freebsd.yml","0.008","21/03/2026 08:14:42 p. m.","True"
"VENDOR_ARCHIVE","RuneforgeCore","ci-homebrew.yml","C:\RUNEFOGE_PRO\runeforge\app\_archive\source-zips\Sunshine-master\Sunshine-master\.github\workflows\ci-homebrew.yml","0.009","21/03/2026 08:14:42 p. m.","True"
"VENDOR_ARCHIVE","RuneforgeCore","ci-linux.yml","C:\RUNEFOGE_PRO\runeforge\app\_archive\source-zips\Sunshine-master\Sunshine-master\.github\workflows\ci-linux.yml","0.006","21/03/2026 08:14:42 p. m.","True"
"VENDOR_ARCHIVE","RuneforgeCore","ci-macos.yml","C:\RUNEFOGE_PRO\runeforge\app\_archive\source-zips\Sunshine-master\Sunshine-master\.github\workflows\ci-macos.yml","0.01","21/03/2026 08:14:42 p. m.","True"
"VENDOR_ARCHIVE","RuneforgeCore","ci-windows.yml","C:\RUNEFOGE_PRO\runeforge\app\_archive\source-zips\Sunshine-master\Sunshine-master\.github\workflows\ci-windows.yml","0.012","21/03/2026 08:14:42 p. m.","True"
"VENDOR_ARCHIVE","RuneforgeCore","ci.yml","C:\RUNEFOGE_PRO\runeforge\app\_archive\source-zips\Sunshine-master\Sunshine-master\.github\workflows\ci.yml","0.011","21/03/2026 08:14:42 p. m.","True"
"VENDOR_ARCHIVE","RuneforgeCore","localize.yml","C:\RUNEFOGE_PRO\runeforge\app\_archive\source-zips\Sunshine-master\Sunshine-master\.github\workflows\localize.yml","0.003","21/03/2026 08:14:42 p. m.","True"
"VENDOR_ARCHIVE","RuneforgeCore","release-notifier-moonlight.yml","C:\RUNEFOGE_PRO\runeforge\app\_archive\source-zips\Sunshine-master\Sunshine-master\.github\workflows\release-notifier-moonlight.yml","0.001","21/03/2026 08:14:42 p. m.","True"
"VENDOR_ARCHIVE","RuneforgeCore","update-pages.yml","C:\RUNEFOGE_PRO\runeforge\app\_archive\source-zips\Sunshine-master\Sunshine-master\.github\workflows\update-pages.yml","0.001","21/03/2026 08:14:42 p. m.","True"
"VENDOR_ARCHIVE","RuneforgeCore","copr-ci.json","C:\RUNEFOGE_PRO\runeforge\app\_archive\source-zips\Sunshine-master\Sunshine-master\.github\matchers\copr-ci.json","0","21/03/2026 08:14:42 p. m.","True"
"VENDOR_ARCHIVE","RuneforgeCore","docker.json","C:\RUNEFOGE_PRO\runeforge\app\_archive\source-zips\Sunshine-master\Sunshine-master\.github\matchers\docker.json","0","21/03/2026 08:14:42 p. m.","True"
"VENDOR_ARCHIVE","RuneforgeCore","gcc-strip3.json","C:\RUNEFOGE_PRO\runeforge\app\_archive\source-zips\Sunshine-master\Sunshine-master\.github\matchers\gcc-strip3.json","0","21/03/2026 08:14:42 p. m.","True"
"VENDOR_ARCHIVE","RuneforgeCore","gcc.json","C:\RUNEFOGE_PRO\runeforge\app\_archive\source-zips\Sunshine-master\Sunshine-master\.github\matchers\gcc.json","0.001","21/03/2026 08:14:42 p. m.","True"
"VENDOR_ARCHIVE","RuneforgeCore","bug-report.yml","C:\RUNEFOGE_PRO\runeforge\app\_archive\source-zips\Sunshine-master\Sunshine-master\.github\ISSUE_TEMPLATE\bug-report.yml","0.005","21/03/2026 08:14:42 p. m.","True"
"VENDOR_ARCHIVE","RuneforgeCore","config.yml","C:\RUNEFOGE_PRO\runeforge\app\_archive\source-zips\Sunshine-master\Sunshine-master\.github\ISSUE_TEMPLATE\config.yml","0.001","21/03/2026 08:14:42 p. m.","True"
"LEGACY_PROJECT","Laboratorio","lab_v1_1_files.zip","C:\RUNEFOGE_PRO\RUNEFOGE_PRO\lab_v1_1_files.zip","0.01","13/04/2026 01:49:28 a. m.","False"
"MEMORY_OR_PROMPT","MemoriaIA","MEMORIA RUNEGORGE.txt","C:\RUNEFOGE_PRO\RUNEFOGE_PRO\MEMORIA RUNEGORGE.txt","0.002","13/04/2026 01:48:58 a. m.","False"
"MEMORY_OR_PROMPT","RuneforgeCore","Prompt Codex Runeforge Final.pdf","C:\RUNEFOGE_PRO\RUNEFOGE_PRO\Prompt Codex Runeforge Final.pdf","0.017","12/04/2026 08:36:27 p. m.","False"
"REVIEW_MANUAL","RuneforgeCore","Runeforge V2 — Bitácora Operativa (1).pdf","C:\RUNEFOGE_PRO\RUNEFOGE_PRO\Runeforge V2 — Bitácora Operativa (1).pdf","0.019","13/04/2026 01:50:26 a. m.","False"
"REVIEW_MANUAL","RuneforgeCore","Runeforge V2 — Bitácora Operativa.pdf","C:\RUNEFOGE_PRO\RUNEFOGE_PRO\Runeforge V2 — Bitácora Operativa.pdf","0.019","13/04/2026 01:45:38 a. m.","False"
"REVIEW_MANUAL","RuneforgeCore","Runeforge V2 Scaffold Base (1).pdf","C:\RUNEFOGE_PRO\RUNEFOGE_PRO\Runeforge V2 Scaffold Base (1).pdf","0.016","13/04/2026 01:47:59 a. m.","False"
"REVIEW_MANUAL","RuneforgeCore","Runeforge V2 Scaffold Base.pdf","C:\RUNEFOGE_PRO\RUNEFOGE_PRO\Runeforge V2 Scaffold Base.pdf","0.016","13/04/2026 01:47:49 a. m.","False"
"LEGACY_PROJECT","RuneforgeCore","runeforge-mvp.zip","C:\RUNEFOGE_PRO\RUNEFOGE_PRO\runeforge-mvp.zip","117.965","13/04/2026 01:49:31 a. m.","False"
"LEGACY_PROJECT","RuneforgeCore","runeforge-v2-ready.zip","C:\RUNEFOGE_PRO\RUNEFOGE_PRO\runeforge-v2-ready.zip","0.015","13/04/2026 01:51:29 a. m.","False"
"LEGACY_PROJECT","RuneforgeCore",".env","C:\RUNEFOGE_PRO\RUNEFOGE_PRO\runeforge-v2-ready\runeforge-v2\.env","0","19/04/2026 07:37:46 p. m.","False"
"LEGACY_PROJECT","RuneforgeCore",".env.example","C:\RUNEFOGE_PRO\RUNEFOGE_PRO\runeforge-v2-ready\runeforge-v2\.env.example","0","13/04/2026 01:35:15 a. m.","False"
"LEGACY_PROJECT","RuneforgeCore","package-lock.json","C:\RUNEFOGE_PRO\RUNEFOGE_PRO\runeforge-v2-ready\runeforge-v2\package-lock.json","0.052","19/04/2026 07:12:10 p. m.","False"
"LEGACY_PROJECT","RuneforgeCore","package.json","C:\RUNEFOGE_PRO\RUNEFOGE_PRO\runeforge-v2-ready\runeforge-v2\package.json","0.001","19/04/2026 07:12:10 p. m.","False"
"DOCUMENTATION","RuneforgeCore","README.md","C:\RUNEFOGE_PRO\RUNEFOGE_PRO\runeforge-v2-ready\runeforge-v2\README.md","0.001","13/04/2026 01:35:15 a. m.","False"
"LEGACY_PROJECT","RuneforgeCore","tsconfig.json","C:\RUNEFOGE_PRO\RUNEFOGE_PRO\runeforge-v2-ready\runeforge-v2\tsconfig.json","0","13/04/2026 01:35:15 a. m.","False"
"LEGACY_PROJECT","RuneforgeCore","app.ts","C:\RUNEFOGE_PRO\RUNEFOGE_PRO\runeforge-v2-ready\runeforge-v2\src\app.ts","0.001","13/04/2026 01:35:16 a. m.","False"
"LEGACY_PROJECT","RuneforgeCore","server.ts","C:\RUNEFOGE_PRO\RUNEFOGE_PRO\runeforge-v2-ready\runeforge-v2\src\server.ts","0.001","19/04/2026 07:14:23 p. m.","False"
"LEGACY_PROJECT","RuneforgeCore","api.ts","C:\RUNEFOGE_PRO\RUNEFOGE_PRO\runeforge-v2-ready\runeforge-v2\src\types\api.ts","0","13/04/2026 01:35:16 a. m.","False"
"LEGACY_PROJECT","RuneforgeCore","traceRepo.ts","C:\RUNEFOGE_PRO\RUNEFOGE_PRO\runeforge-v2-ready\runeforge-v2\src\trace\traceRepo.ts","0.001","13/04/2026 01:35:16 a. m.","False"
"LEGACY_PROJECT","RuneforgeCore","traceService.ts","C:\RUNEFOGE_PRO\RUNEFOGE_PRO\runeforge-v2-ready\runeforge-v2\src\trace\traceService.ts","0","13/04/2026 01:35:16 a. m.","False"
"LEGACY_PROJECT","RuneforgeCore","core.ts","C:\RUNEFOGE_PRO\RUNEFOGE_PRO\runeforge-v2-ready\runeforge-v2\src\routes\core.ts","0.001","19/04/2026 07:14:23 p. m.","False"
"LEGACY_PROJECT","RuneforgeCore","routes.ts","C:\RUNEFOGE_PRO\RUNEFOGE_PRO\runeforge-v2-ready\runeforge-v2\src\modules\health\routes.ts","0","13/04/2026 01:35:16 a. m.","False"
"LEGACY_PROJECT","RuneforgeCore","router.ts","C:\RUNEFOGE_PRO\RUNEFOGE_PRO\runeforge-v2-ready\runeforge-v2\src\modules\chat\router.ts","0","13/04/2026 01:35:16 a. m.","False"
"LEGACY_PROJECT","RuneforgeCore","routes.ts","C:\RUNEFOGE_PRO\RUNEFOGE_PRO\runeforge-v2-ready\runeforge-v2\src\modules\chat\routes.ts","0.001","13/04/2026 01:35:16 a. m.","False"
"LEGACY_PROJECT","RuneforgeCore","service.ts","C:\RUNEFOGE_PRO\RUNEFOGE_PRO\runeforge-v2-ready\runeforge-v2\src\modules\chat\service.ts","0","13/04/2026 01:35:16 a. m.","False"
"LEGACY_PROJECT","RuneforgeCore","general.ts","C:\RUNEFOGE_PRO\RUNEFOGE_PRO\runeforge-v2-ready\runeforge-v2\src\modules\chat\skills\general.ts","0","13/04/2026 01:35:16 a. m.","False"
"LEGACY_PROJECT","RuneforgeCore","system.ts","C:\RUNEFOGE_PRO\RUNEFOGE_PRO\runeforge-v2-ready\runeforge-v2\src\modules\chat\skills\system.ts","0","13/04/2026 01:35:16 a. m.","False"
"LEGACY_PROJECT","RuneforgeCore","telemetria.ts","C:\RUNEFOGE_PRO\RUNEFOGE_PRO\runeforge-v2-ready\runeforge-v2\src\modules\chat\skills\telemetria.ts","0","13/04/2026 01:35:16 a. m.","False"
"LEGACY_PROJECT","RuneforgeCore","routes.ts","C:\RUNEFOGE_PRO\RUNEFOGE_PRO\runeforge-v2-ready\runeforge-v2\src\modules\actions\routes.ts","0.002","13/04/2026 01:35:16 a. m.","False"
"LEGACY_PROJECT","RuneforgeCore","client.ts","C:\RUNEFOGE_PRO\RUNEFOGE_PRO\runeforge-v2-ready\runeforge-v2\src\db\client.ts","0","13/04/2026 01:35:16 a. m.","False"
"LEGACY_PROJECT","RuneforgeCore","init.ts","C:\RUNEFOGE_PRO\RUNEFOGE_PRO\runeforge-v2-ready\runeforge-v2\src\db\init.ts","0","13/04/2026 01:35:16 a. m.","False"
"LEGACY_PROJECT","RuneforgeCore","auth.ts","C:\RUNEFOGE_PRO\RUNEFOGE_PRO\runeforge-v2-ready\runeforge-v2\src\core\auth.ts","0","13/04/2026 01:35:16 a. m.","False"
"LEGACY_PROJECT","RuneforgeCore","config.ts","C:\RUNEFOGE_PRO\RUNEFOGE_PRO\runeforge-v2-ready\runeforge-v2\src\core\config.ts","0.001","13/04/2026 01:35:16 a. m.","False"
"LEGACY_PROJECT","RuneforgeCore","errors.ts","C:\RUNEFOGE_PRO\RUNEFOGE_PRO\runeforge-v2-ready\runeforge-v2\src\core\errors.ts","0","13/04/2026 01:35:16 a. m.","False"
"LEGACY_PROJECT","RuneforgeCore","tailscaleGuard.ts","C:\RUNEFOGE_PRO\RUNEFOGE_PRO\runeforge-v2-ready\runeforge-v2\src\core\tailscaleGuard.ts","0.001","13/04/2026 01:35:16 a. m.","False"
"LEGACY_PROJECT","RuneforgeCore","registry.ts","C:\RUNEFOGE_PRO\RUNEFOGE_PRO\runeforge-v2-ready\runeforge-v2\src\actions\registry.ts","0.001","13/04/2026 01:35:16 a. m.","False"
"LEGACY_PROJECT","RuneforgeCore","runPowerShell.ts","C:\RUNEFOGE_PRO\RUNEFOGE_PRO\runeforge-v2-ready\runeforge-v2\src\actions\runPowerShell.ts","0.001","13/04/2026 01:35:16 a. m.","False"
"LEGACY_PROJECT","RuneforgeCore","schemas.ts","C:\RUNEFOGE_PRO\RUNEFOGE_PRO\runeforge-v2-ready\runeforge-v2\src\actions\schemas.ts","0","13/04/2026 01:35:16 a. m.","False"
"SCRIPTING_ACTIVE_OR_REVIEW","RuneforgeCore","system-status.ps1","C:\RUNEFOGE_PRO\RUNEFOGE_PRO\runeforge-v2-ready\runeforge-v2\scripts\system-status.ps1","0","13/04/2026 01:35:16 a. m.","False"
"LEGACY_PROJECT","RuneforgeCore","runeforge.db","C:\RUNEFOGE_PRO\RUNEFOGE_PRO\runeforge-v2-ready\runeforge-v2\data\runeforge.db","0.004","19/04/2026 07:38:22 p. m.","False"
"LEGACY_PROJECT","RuneforgeCore","runeforge.db-shm","C:\RUNEFOGE_PRO\RUNEFOGE_PRO\runeforge-v2-ready\runeforge-v2\data\runeforge.db-shm","0.031","19/04/2026 07:38:22 p. m.","False"
"LEGACY_PROJECT","RuneforgeCore","runeforge.db-wal","C:\RUNEFOGE_PRO\RUNEFOGE_PRO\runeforge-v2-ready\runeforge-v2\data\runeforge.db-wal","0","19/04/2026 07:38:22 p. m.","False"
"LEGACY_PROJECT","RuneforgeCore","criterios-clasificacion.txt","C:\RUNEFOGE_PRO\RUNEFOGE_PRO\runeforge-datahub\templates\criterios-clasificacion.txt","0","15/04/2026 02:10:29 a. m.","False"
"SCRIPTING_ACTIVE_OR_REVIEW","RuneforgeCore","scan-sources.ps1","C:\RUNEFOGE_PRO\RUNEFOGE_PRO\runeforge-datahub\scripts\scan-sources.ps1","0.003","15/04/2026 02:09:40 a. m.","False"
"LEGACY_PROJECT","RuneforgeCore","inventory_20260415_021003.csv","C:\RUNEFOGE_PRO\RUNEFOGE_PRO\runeforge-datahub\data\reports\inventory_20260415_021003.csv","28.446","15/04/2026 02:10:22 a. m.","False"
"LEGACY_PROJECT","RuneforgeCore","summary_20260415_021003.txt","C:\RUNEFOGE_PRO\RUNEFOGE_PRO\runeforge-datahub\data\reports\summary_20260415_021003.txt","0.001","15/04/2026 02:10:23 a. m.","False"
"LEGACY_PROJECT","RuneforgeCore","sources.json","C:\RUNEFOGE_PRO\RUNEFOGE_PRO\runeforge-datahub\config\sources.json","0.001","15/04/2026 02:09:35 a. m.","False"
"DOCUMENTATION","MemoriaIA","MERGE_RULES.md","C:\RUNEFOGE_PRO\RUNEFOGE_PRO\memoria-ia\02_rules\MERGE_RULES.md","0.001","14/04/2026 12:42:36 p. m.","False"
"MEMORY_OR_PROMPT","MemoriaIA","FACTS_CANONICAL.yaml","C:\RUNEFOGE_PRO\RUNEFOGE_PRO\memoria-ia\01_normalized\FACTS_CANONICAL.yaml","0.001","14/04/2026 12:42:41 p. m.","False"
"DOCUMENTATION","Laboratorio","README_METODO_ASHELL.txt","C:\RUNEFOGE_PRO\RUNEFOGE_PRO\lab_v1_1_files\lab\README_METODO_ASHELL.txt","0.001","16/03/2026 07:45:30 p. m.","False"
"LAB","Laboratorio",".keep","C:\RUNEFOGE_PRO\RUNEFOGE_PRO\lab_v1_1_files\lab\tmp\.keep","0","16/03/2026 07:45:30 p. m.","False"
"SCRIPTING_ACTIVE_OR_REVIEW","Laboratorio","cleanproj.sh","C:\RUNEFOGE_PRO\RUNEFOGE_PRO\lab_v1_1_files\lab\scripts\cleanproj.sh","0","16/03/2026 07:45:30 p. m.","False"
"SCRIPTING_ACTIVE_OR_REVIEW","Laboratorio","labctl.sh","C:\RUNEFOGE_PRO\RUNEFOGE_PRO\lab_v1_1_files\lab\scripts\labctl.sh","0","16/03/2026 07:45:30 p. m.","False"
"SCRIPTING_ACTIVE_OR_REVIEW","Laboratorio","mkwork.sh","C:\RUNEFOGE_PRO\RUNEFOGE_PRO\lab_v1_1_files\lab\scripts\mkwork.sh","0","16/03/2026 07:45:30 p. m.","False"
"SCRIPTING_ACTIVE_OR_REVIEW","Laboratorio","newproj.sh","C:\RUNEFOGE_PRO\RUNEFOGE_PRO\lab_v1_1_files\lab\scripts\newproj.sh","0","16/03/2026 07:45:30 p. m.","False"
"SCRIPTING_ACTIVE_OR_REVIEW","Laboratorio","test.sh","C:\RUNEFOGE_PRO\RUNEFOGE_PRO\lab_v1_1_files\lab\scripts\test.sh","0","16/03/2026 07:45:30 p. m.","False"
"SCRIPTING_ACTIVE_OR_REVIEW","Laboratorio","toolbox.sh","C:\RUNEFOGE_PRO\RUNEFOGE_PRO\lab_v1_1_files\lab\scripts\toolbox.sh","0","16/03/2026 07:45:30 p. m.","False"
"SCRIPTING_ACTIVE_OR_REVIEW","Laboratorio","backup.sh","C:\RUNEFOGE_PRO\RUNEFOGE_PRO\lab_v1_1_files\lab\scripts\cmds\backup.sh","0","16/03/2026 07:45:30 p. m.","False"
"SCRIPTING_ACTIVE_OR_REVIEW","Laboratorio","clean.sh","C:\RUNEFOGE_PRO\RUNEFOGE_PRO\lab_v1_1_files\lab\scripts\cmds\clean.sh","0","16/03/2026 07:45:30 p. m.","False"
"SCRIPTING_ACTIVE_OR_REVIEW","Laboratorio","doctor.sh","C:\RUNEFOGE_PRO\RUNEFOGE_PRO\lab_v1_1_files\lab\scripts\cmds\doctor.sh","0.001","16/03/2026 07:45:30 p. m.","False"
"SCRIPTING_ACTIVE_OR_REVIEW","Laboratorio","help.sh","C:\RUNEFOGE_PRO\RUNEFOGE_PRO\lab_v1_1_files\lab\scripts\cmds\help.sh","0","16/03/2026 07:45:30 p. m.","False"
"SCRIPTING_ACTIVE_OR_REVIEW","Laboratorio","list.sh","C:\RUNEFOGE_PRO\RUNEFOGE_PRO\lab_v1_1_files\lab\scripts\cmds\list.sh","0","16/03/2026 07:45:30 p. m.","False"
"SCRIPTING_ACTIVE_OR_REVIEW","Laboratorio","new.sh","C:\RUNEFOGE_PRO\RUNEFOGE_PRO\lab_v1_1_files\lab\scripts\cmds\new.sh","0","16/03/2026 07:45:30 p. m.","False"
"SCRIPTING_ACTIVE_OR_REVIEW","Laboratorio","organize.sh","C:\RUNEFOGE_PRO\RUNEFOGE_PRO\lab_v1_1_files\lab\scripts\cmds\organize.sh","0.001","16/03/2026 07:45:30 p. m.","False"
"SCRIPTING_ACTIVE_OR_REVIEW","Laboratorio","run.sh","C:\RUNEFOGE_PRO\RUNEFOGE_PRO\lab_v1_1_files\lab\scripts\cmds\run.sh","0","16/03/2026 07:45:30 p. m.","False"
"SCRIPTING_ACTIVE_OR_REVIEW","Laboratorio","version.sh","C:\RUNEFOGE_PRO\RUNEFOGE_PRO\lab_v1_1_files\lab\scripts\cmds\version.sh","0","16/03/2026 07:45:30 p. m.","False"
"LAB","Laboratorio",".keep","C:\RUNEFOGE_PRO\RUNEFOGE_PRO\lab_v1_1_files\lab\pruebas\.keep","0","16/03/2026 07:45:30 p. m.","False"
"LAB","Laboratorio",".keep","C:\RUNEFOGE_PRO\RUNEFOGE_PRO\lab_v1_1_files\lab\proyectos\.keep","0","16/03/2026 07:45:30 p. m.","False"
"LAB","Laboratorio",".keep","C:\RUNEFOGE_PRO\RUNEFOGE_PRO\lab_v1_1_files\lab\data\.keep","0","16/03/2026 07:45:30 p. m.","False"
"LAB","Laboratorio",".keep","C:\RUNEFOGE_PRO\RUNEFOGE_PRO\lab_v1_1_files\lab\_sorted\video\.keep","0","16/03/2026 07:45:30 p. m.","False"
"SCRIPTING_ACTIVE_OR_REVIEW","Laboratorio",".keep","C:\RUNEFOGE_PRO\RUNEFOGE_PRO\lab_v1_1_files\lab\_sorted\scripts\.keep","0","16/03/2026 07:45:30 p. m.","False"
"LAB","Laboratorio",".keep","C:\RUNEFOGE_PRO\RUNEFOGE_PRO\lab_v1_1_files\lab\_sorted\other\.keep","0","16/03/2026 07:45:30 p. m.","False"
"LAB","Laboratorio",".keep","C:\RUNEFOGE_PRO\RUNEFOGE_PRO\lab_v1_1_files\lab\_sorted\images\.keep","0","16/03/2026 07:45:30 p. m.","False"
"DOCUMENTATION","Laboratorio",".keep","C:\RUNEFOGE_PRO\RUNEFOGE_PRO\lab_v1_1_files\lab\_sorted\docs\.keep","0","16/03/2026 07:45:30 p. m.","False"
"LAB","Laboratorio",".keep","C:\RUNEFOGE_PRO\RUNEFOGE_PRO\lab_v1_1_files\lab\_sorted\data\.keep","0","16/03/2026 07:45:30 p. m.","False"
"LAB","Laboratorio",".keep","C:\RUNEFOGE_PRO\RUNEFOGE_PRO\lab_v1_1_files\lab\_sorted\audio\.keep","0","16/03/2026 07:45:30 p. m.","False"
"LAB","Laboratorio",".keep","C:\RUNEFOGE_PRO\RUNEFOGE_PRO\lab_v1_1_files\lab\_sorted\archives\.keep","0","16/03/2026 07:45:30 p. m.","False"
"LAB","Laboratorio",".keep","C:\RUNEFOGE_PRO\RUNEFOGE_PRO\lab_v1_1_files\lab\_inbox\.keep","0","16/03/2026 07:45:30 p. m.","False"
"LEGACY_PROJECT","RuneforgeCore","runeforge_estado_2026-04-13_07-47-25.json","C:\RUNEFOGE_PRO\RUNEFOGE_PRO\diagnostico\runeforge_estado_2026-04-13_07-47-25.json","0.008","13/04/2026 07:47:33 a. m.","False"
"LEGACY_PROJECT","RuneforgeCore","runeforge_estado_2026-04-13_07-47-25.txt","C:\RUNEFOGE_PRO\RUNEFOGE_PRO\diagnostico\runeforge_estado_2026-04-13_07-47-25.txt","0.004","13/04/2026 07:47:34 a. m.","False"
"DOCUMENTATION","MemoriaIA","MERGE_RULES.md","C:\RUNEFOGE_PRO\memoria-ia\02_rules\MERGE_RULES.md","0.001","14/04/2026 12:42:36 p. m.","False"
"MEMORY_OR_PROMPT","MemoriaIA","FACTS_CANONICAL.yaml","C:\RUNEFOGE_PRO\memoria-ia\01_normalized\FACTS_CANONICAL.yaml","0.001","14/04/2026 12:42:41 p. m.","False"
"DOCUMENTATION","Laboratorio","README_METODO_ASHELL.txt","C:\RUNEFOGE_PRO\lab_v1_1_files\lab\README_METODO_ASHELL.txt","0.001","16/03/2026 07:45:30 p. m.","False"
"LAB","Laboratorio",".keep","C:\RUNEFOGE_PRO\lab_v1_1_files\lab\tmp\.keep","0","16/03/2026 07:45:30 p. m.","False"
"SCRIPTING_ACTIVE_OR_REVIEW","Laboratorio","cleanproj.sh","C:\RUNEFOGE_PRO\lab_v1_1_files\lab\scripts\cleanproj.sh","0","16/03/2026 07:45:30 p. m.","False"
"SCRIPTING_ACTIVE_OR_REVIEW","Laboratorio","labctl.sh","C:\RUNEFOGE_PRO\lab_v1_1_files\lab\scripts\labctl.sh","0","16/03/2026 07:45:30 p. m.","False"
"SCRIPTING_ACTIVE_OR_REVIEW","Laboratorio","mkwork.sh","C:\RUNEFOGE_PRO\lab_v1_1_files\lab\scripts\mkwork.sh","0","16/03/2026 07:45:30 p. m.","False"
"SCRIPTING_ACTIVE_OR_REVIEW","Laboratorio","newproj.sh","C:\RUNEFOGE_PRO\lab_v1_1_files\lab\scripts\newproj.sh","0","16/03/2026 07:45:30 p. m.","False"
"SCRIPTING_ACTIVE_OR_REVIEW","Laboratorio","test.sh","C:\RUNEFOGE_PRO\lab_v1_1_files\lab\scripts\test.sh","0","16/03/2026 07:45:30 p. m.","False"
"SCRIPTING_ACTIVE_OR_REVIEW","Laboratorio","toolbox.sh","C:\RUNEFOGE_PRO\lab_v1_1_files\lab\scripts\toolbox.sh","0","16/03/2026 07:45:30 p. m.","False"
"SCRIPTING_ACTIVE_OR_REVIEW","Laboratorio","backup.sh","C:\RUNEFOGE_PRO\lab_v1_1_files\lab\scripts\cmds\backup.sh","0","16/03/2026 07:45:30 p. m.","False"
"SCRIPTING_ACTIVE_OR_REVIEW","Laboratorio","clean.sh","C:\RUNEFOGE_PRO\lab_v1_1_files\lab\scripts\cmds\clean.sh","0","16/03/2026 07:45:30 p. m.","False"
"SCRIPTING_ACTIVE_OR_REVIEW","Laboratorio","doctor.sh","C:\RUNEFOGE_PRO\lab_v1_1_files\lab\scripts\cmds\doctor.sh","0.001","16/03/2026 07:45:30 p. m.","False"
"SCRIPTING_ACTIVE_OR_REVIEW","Laboratorio","help.sh","C:\RUNEFOGE_PRO\lab_v1_1_files\lab\scripts\cmds\help.sh","0","16/03/2026 07:45:30 p. m.","False"
"SCRIPTING_ACTIVE_OR_REVIEW","Laboratorio","list.sh","C:\RUNEFOGE_PRO\lab_v1_1_files\lab\scripts\cmds\list.sh","0","16/03/2026 07:45:30 p. m.","False"
"SCRIPTING_ACTIVE_OR_REVIEW","Laboratorio","new.sh","C:\RUNEFOGE_PRO\lab_v1_1_files\lab\scripts\cmds\new.sh","0","16/03/2026 07:45:30 p. m.","False"
"SCRIPTING_ACTIVE_OR_REVIEW","Laboratorio","organize.sh","C:\RUNEFOGE_PRO\lab_v1_1_files\lab\scripts\cmds\organize.sh","0.001","16/03/2026 07:45:30 p. m.","False"
"SCRIPTING_ACTIVE_OR_REVIEW","Laboratorio","run.sh","C:\RUNEFOGE_PRO\lab_v1_1_files\lab\scripts\cmds\run.sh","0","16/03/2026 07:45:30 p. m.","False"
"SCRIPTING_ACTIVE_OR_REVIEW","Laboratorio","version.sh","C:\RUNEFOGE_PRO\lab_v1_1_files\lab\scripts\cmds\version.sh","0","16/03/2026 07:45:30 p. m.","False"
"LAB","Laboratorio",".keep","C:\RUNEFOGE_PRO\lab_v1_1_files\lab\pruebas\.keep","0","16/03/2026 07:45:30 p. m.","False"
"LAB","Laboratorio",".keep","C:\RUNEFOGE_PRO\lab_v1_1_files\lab\proyectos\.keep","0","16/03/2026 07:45:30 p. m.","False"
"LAB","Laboratorio",".keep","C:\RUNEFOGE_PRO\lab_v1_1_files\lab\data\.keep","0","16/03/2026 07:45:30 p. m.","False"
"LAB","Laboratorio",".keep","C:\RUNEFOGE_PRO\lab_v1_1_files\lab\_sorted\video\.keep","0","16/03/2026 07:45:30 p. m.","False"
"SCRIPTING_ACTIVE_OR_REVIEW","Laboratorio",".keep","C:\RUNEFOGE_PRO\lab_v1_1_files\lab\_sorted\scripts\.keep","0","16/03/2026 07:45:30 p. m.","False"
"LAB","Laboratorio",".keep","C:\RUNEFOGE_PRO\lab_v1_1_files\lab\_sorted\other\.keep","0","16/03/2026 07:45:30 p. m.","False"
"LAB","Laboratorio",".keep","C:\RUNEFOGE_PRO\lab_v1_1_files\lab\_sorted\images\.keep","0","16/03/2026 07:45:30 p. m.","False"
"DOCUMENTATION","Laboratorio",".keep","C:\RUNEFOGE_PRO\lab_v1_1_files\lab\_sorted\docs\.keep","0","16/03/2026 07:45:30 p. m.","False"
"LAB","Laboratorio",".keep","C:\RUNEFOGE_PRO\lab_v1_1_files\lab\_sorted\data\.keep","0","16/03/2026 07:45:30 p. m.","False"
"LAB","Laboratorio",".keep","C:\RUNEFOGE_PRO\lab_v1_1_files\lab\_sorted\audio\.keep","0","16/03/2026 07:45:30 p. m.","False"
"LAB","Laboratorio",".keep","C:\RUNEFOGE_PRO\lab_v1_1_files\lab\_sorted\archives\.keep","0","16/03/2026 07:45:30 p. m.","False"
"LAB","Laboratorio",".keep","C:\RUNEFOGE_PRO\lab_v1_1_files\lab\_inbox\.keep","0","16/03/2026 07:45:30 p. m.","False"
"LEGACY_PROJECT","MemoriaIA",".env","C:\RUNEFOGE_PRO\essential_only\essential_only\.env","0.001","02/03/2026 12:38:18 p. m.","False"
"LEGACY_PROJECT","MemoriaIA",".env.example","C:\RUNEFOGE_PRO\essential_only\essential_only\.env.example","0","17/03/2026 08:43:57 p. m.","False"
"LEGACY_PROJECT","MemoriaIA",".gitignore","C:\RUNEFOGE_PRO\essential_only\essential_only\.gitignore","0","17/03/2026 08:43:57 p. m.","False"
"LEGACY_PROJECT","MemoriaIA","package-lock.json","C:\RUNEFOGE_PRO\essential_only\essential_only\package-lock.json","0.053","30/03/2026 02:09:08 a. m.","False"
"LEGACY_PROJECT","MemoriaIA","package.json","C:\RUNEFOGE_PRO\essential_only\essential_only\package.json","0.001","02/03/2026 06:16:14 a. m.","False"
"DOCUMENTATION","MemoriaIA","README.md","C:\RUNEFOGE_PRO\essential_only\essential_only\README.md","0.002","18/03/2026 08:24:56 p. m.","False"
"LEGACY_PROJECT","MemoriaIA","tsconfig.json","C:\RUNEFOGE_PRO\essential_only\essential_only\tsconfig.json","0","17/03/2026 08:43:57 p. m.","False"
"LEGACY_PROJECT","MemoriaIA","desktop.ini","C:\RUNEFOGE_PRO\essential_only\essential_only\src\desktop.ini","0","29/03/2026 06:26:33 p. m.","False"
"LEGACY_PROJECT","MemoriaIA","env.ts","C:\RUNEFOGE_PRO\essential_only\essential_only\src\env.ts","0.001","17/03/2026 08:43:57 p. m.","False"
"LEGACY_PROJECT","MemoriaIA","index.ts","C:\RUNEFOGE_PRO\essential_only\essential_only\src\index.ts","0","17/03/2026 08:45:14 p. m.","False"
"BACKUP_UI_OR_SCRIPT","MemoriaIA","index.ts.bak","C:\RUNEFOGE_PRO\essential_only\essential_only\src\index.ts.bak","0.001","22/02/2026 04:16:32 p. m.","False"
"LAB","Laboratorio","test-send.ts","C:\RUNEFOGE_PRO\essential_only\essential_only\src\test-send.ts","0","17/03/2026 08:43:57 p. m.","False"
"LEGACY_PROJECT","RuneforgeCore","commandLogs.ts","C:\RUNEFOGE_PRO\essential_only\essential_only\src\trace\commandLogs.ts","0.001","17/03/2026 08:45:14 p. m.","False"
"LEGACY_PROJECT","RuneforgeCore","desktop.ini","C:\RUNEFOGE_PRO\essential_only\essential_only\src\trace\desktop.ini","0","29/03/2026 06:26:30 p. m.","False"
"LEGACY_PROJECT","RuneforgeCore","router.ts","C:\RUNEFOGE_PRO\essential_only\essential_only\src\trace\router.ts","0.001","17/03/2026 08:45:14 p. m.","False"
"SCRIPTING_ACTIVE_OR_REVIEW","MemoriaIA","desktop.ini","C:\RUNEFOGE_PRO\essential_only\essential_only\src\scripts\desktop.ini","0","29/03/2026 06:26:30 p. m.","False"
"SCRIPTING_ACTIVE_OR_REVIEW","MemoriaIA","status.ps1","C:\RUNEFOGE_PRO\essential_only\essential_only\src\scripts\status.ps1","0","10/03/2026 12:03:59 a. m.","False"
"LEGACY_PROJECT","MemoriaIA","desktop.ini","C:\RUNEFOGE_PRO\essential_only\essential_only\src\relay\desktop.ini","0","29/03/2026 06:26:30 p. m.","False"
"LEGACY_PROJECT","MemoriaIA","index.ts","C:\RUNEFOGE_PRO\essential_only\essential_only\src\relay\index.ts","0","22/02/2026 04:11:34 p. m.","False"
"LEGACY_PROJECT","MemoriaIA","desktop.ini","C:\RUNEFOGE_PRO\essential_only\essential_only\src\relay\whatsapp\desktop.ini","0","29/03/2026 06:26:30 p. m.","False"
"LEGACY_PROJECT","MemoriaIA","dispatcher.ts","C:\RUNEFOGE_PRO\essential_only\essential_only\src\relay\whatsapp\dispatcher.ts","0.002","02/03/2026 12:24:51 p. m.","False"
"LEGACY_PROJECT","MemoriaIA","normalize.ts","C:\RUNEFOGE_PRO\essential_only\essential_only\src\relay\whatsapp\normalize.ts","0","02/03/2026 12:23:26 p. m.","False"
"LEGACY_PROJECT","MemoriaIA","router.ts","C:\RUNEFOGE_PRO\essential_only\essential_only\src\relay\whatsapp\router.ts","0.001","22/02/2026 04:09:46 p. m.","False"
"LEGACY_PROJECT","MemoriaIA","service.ts","C:\RUNEFOGE_PRO\essential_only\essential_only\src\relay\whatsapp\service.ts","0.003","02/03/2026 12:25:23 p. m.","False"
"LEGACY_PROJECT","MemoriaIA","skillTypes.ts","C:\RUNEFOGE_PRO\essential_only\essential_only\src\relay\whatsapp\skillTypes.ts","0","02/03/2026 12:24:05 p. m.","False"
"LEGACY_PROJECT","RuneforgeCore","trace.ts","C:\RUNEFOGE_PRO\essential_only\essential_only\src\relay\whatsapp\trace.ts","0.001","02/03/2026 12:23:16 p. m.","False"
"LEGACY_PROJECT","MemoriaIA","types.ts","C:\RUNEFOGE_PRO\essential_only\essential_only\src\relay\whatsapp\types.ts","0","22/02/2026 04:10:38 p. m.","False"
"LEGACY_PROJECT","MemoriaIA","desktop.ini","C:\RUNEFOGE_PRO\essential_only\essential_only\src\relay\whatsapp\skills\desktop.ini","0","29/03/2026 06:26:31 p. m.","False"
"LEGACY_PROJECT","MemoriaIA","help.ts","C:\RUNEFOGE_PRO\essential_only\essential_only\src\relay\whatsapp\skills\help.ts","0","02/03/2026 12:24:18 p. m.","False"
"LEGACY_PROJECT","MemoriaIA","ping.ts","C:\RUNEFOGE_PRO\essential_only\essential_only\src\relay\whatsapp\skills\ping.ts","0","02/03/2026 12:24:24 p. m.","False"
"LEGACY_PROJECT","MemoriaIA","ticket.ts","C:\RUNEFOGE_PRO\essential_only\essential_only\src\relay\whatsapp\skills\ticket.ts","0.001","02/03/2026 12:24:31 p. m.","False"
"LEGACY_PROJECT","RuneforgeCore","catalog.ts","C:\RUNEFOGE_PRO\essential_only\essential_only\src\forge\catalog.ts","0.001","17/03/2026 08:45:14 p. m.","False"
"LEGACY_PROJECT","RuneforgeCore","desktop.ini","C:\RUNEFOGE_PRO\essential_only\essential_only\src\forge\desktop.ini","0","29/03/2026 06:26:30 p. m.","False"
"LEGACY_PROJECT","RuneforgeCore","router.ts","C:\RUNEFOGE_PRO\essential_only\essential_only\src\forge\router.ts","0.002","18/03/2026 08:24:44 p. m.","False"
"LEGACY_PROJECT","RuneforgeCore","runner.ts","C:\RUNEFOGE_PRO\essential_only\essential_only\src\forge\runner.ts","0.003","17/03/2026 08:45:14 p. m.","False"
"LEGACY_PROJECT","RuneforgeCore","types.ts","C:\RUNEFOGE_PRO\essential_only\essential_only\src\forge\types.ts","0","17/03/2026 08:45:14 p. m.","False"
"LEGACY_PROJECT","MemoriaIA","app.ts","C:\RUNEFOGE_PRO\essential_only\essential_only\src\core\app.ts","0.001","18/03/2026 08:24:50 p. m.","False"
"LEGACY_PROJECT","MemoriaIA","desktop.ini","C:\RUNEFOGE_PRO\essential_only\essential_only\src\core\desktop.ini","0","29/03/2026 06:26:30 p. m.","False"
"LEGACY_PROJECT","MemoriaIA","manifest.ts","C:\RUNEFOGE_PRO\essential_only\essential_only\src\core\manifest.ts","0.002","17/03/2026 08:45:14 p. m.","False"
"LEGACY_PROJECT","MemoriaIA","paths.ts","C:\RUNEFOGE_PRO\essential_only\essential_only\src\core\paths.ts","0","17/03/2026 08:45:14 p. m.","False"
"SCRIPTING_ACTIVE_OR_REVIEW","MemoriaIA","desktop.ini","C:\RUNEFOGE_PRO\essential_only\essential_only\scripts\desktop.ini","0","29/03/2026 06:26:06 p. m.","False"
"SCRIPTING_ACTIVE_OR_REVIEW","MemoriaIA","leer_apn.ps1","C:\RUNEFOGE_PRO\essential_only\essential_only\scripts\leer_apn.ps1","0","10/03/2026 12:43:46 a. m.","False"
"SCRIPTING_ACTIVE_OR_REVIEW","MemoriaIA","leer_inbound_ip.ps1","C:\RUNEFOGE_PRO\essential_only\essential_only\scripts\leer_inbound_ip.ps1","0","10/03/2026 12:43:46 a. m.","False"
"SCRIPTING_ACTIVE_OR_REVIEW","MemoriaIA","leer_inbound_port.ps1","C:\RUNEFOGE_PRO\essential_only\essential_only\scripts\leer_inbound_port.ps1","0","10/03/2026 12:43:46 a. m.","False"
"SCRIPTING_ACTIVE_OR_REVIEW","MemoriaIA","status.ps1","C:\RUNEFOGE_PRO\essential_only\essential_only\scripts\status.ps1","0","10/03/2026 12:17:11 a. m.","False"
"LEGACY_PROJECT","MemoriaIA","app.js","C:\RUNEFOGE_PRO\essential_only\essential_only\public\app.js","0.002","10/03/2026 12:47:39 a. m.","False"
"LEGACY_PROJECT","MemoriaIA","desktop.ini","C:\RUNEFOGE_PRO\essential_only\essential_only\public\desktop.ini","0","29/03/2026 06:26:06 p. m.","False"
"LEGACY_PROJECT","MemoriaIA","index.html","C:\RUNEFOGE_PRO\essential_only\essential_only\public\index.html","0.001","10/03/2026 12:47:15 a. m.","False"
"LEGACY_PROJECT","MemoriaIA","style.css","C:\RUNEFOGE_PRO\essential_only\essential_only\public\style.css","0.001","10/03/2026 12:49:02 a. m.","False"
"LEGACY_PROJECT","Bitacoras","commands.log","C:\RUNEFOGE_PRO\essential_only\essential_only\logs\commands.log","0.002","10/03/2026 03:03:53 a. m.","False"
"LEGACY_PROJECT","Bitacoras","desktop.ini","C:\RUNEFOGE_PRO\essential_only\essential_only\logs\desktop.ini","0","29/03/2026 06:25:35 p. m.","False"
"LEGACY_PROJECT","Bitacoras","cloudflared.log","C:\RUNEFOGE_PRO\essential_only\essential_only\data\cloudflared.log","0.001","27/02/2026 02:30:58 a. m.","False"
"LEGACY_PROJECT","MemoriaIA","desktop.ini","C:\RUNEFOGE_PRO\essential_only\essential_only\data\desktop.ini","0","29/03/2026 06:25:40 p. m.","False"
"LEGACY_PROJECT","MemoriaIA","desktop.ini","C:\RUNEFOGE_PRO\essential_only\essential_only\.vscode\desktop.ini","0","29/03/2026 06:26:33 p. m.","False"
"LEGACY_PROJECT","MemoriaIA","launch.json","C:\RUNEFOGE_PRO\essential_only\essential_only\.vscode\launch.json","0.001","23/02/2026 09:12:52 p. m.","False"
"LEGACY_PROJECT","RuneforgeCore","runeforge_estado_2026-04-13_07-47-25.json","C:\RUNEFOGE_PRO\diagnostico\runeforge_estado_2026-04-13_07-47-25.json","0.008","13/04/2026 07:47:33 a. m.","False"
"LEGACY_PROJECT","RuneforgeCore","runeforge_estado_2026-04-13_07-47-25.txt","C:\RUNEFOGE_PRO\diagnostico\runeforge_estado_2026-04-13_07-47-25.txt","0.004","13/04/2026 07:47:34 a. m.","False"
